{
"type": "FeatureCollection",
"name": "TreeRange",
"crs": { "type": "name", "properties": { "name": "urn:ogc:def:crs:OGC:1.3:CRS84" } },
"features": [
{ "type": "Feature", "properties": { "FID": 0, "layer": "2", "path": "D:/1 work/数据/树/2.shp" }, "geometry": { "type": "MultiPolygon", "coordinates": [ [ [ [ 114.257812617943458, 34.893981307210943 ], [ 114.257921272650364, 34.893964934583892 ], [ 114.258060439980468, 34.893833953567317 ], [ 114.258075324186905, 34.89367171571724 ], [ 114.25850324512173, 34.893827255674424 ], [ 114.258498779859806, 34.89383693040859 ], [ 114.258447429347626, 34.894057960874058 ], [ 114.258391613573522, 34.894127916644273 ], [ 114.258447429347626, 34.894168104001629 ], [ 114.258447429347626, 34.894195639783526 ], [ 114.258544176689426, 34.894203081886751 ], [ 114.258576177733261, 34.894157685057138 ], [ 114.258620086142216, 34.894025215619919 ], [ 114.258580642995184, 34.893990237734812 ], [ 114.258617853511254, 34.893935910381344 ], [ 114.258663250340888, 34.893944096694874 ], [ 114.258715345063393, 34.893823534622797 ], [ 114.258767439785885, 34.893835441987946 ], [ 114.258768928206536, 34.893804185154444 ], [ 114.258682599809219, 34.893751346221634 ], [ 114.258704181908541, 34.89368585571335 ], [ 114.258739159793649, 34.89367618097917 ], [ 114.258852279762522, 34.893701484130098 ], [ 114.25889469975084, 34.893659064141779 ], [ 114.257956994745811, 34.893356170540926 ], [ 114.257903411602669, 34.89335765896157 ], [ 114.257861735824662, 34.893461848406574 ], [ 114.25780815268152, 34.893442498938214 ], [ 114.257739685331956, 34.893569014692858 ], [ 114.257800710578309, 34.893588364161218 ], [ 114.257812617943458, 34.893609202050214 ], [ 114.257812617943458, 34.893652366248858 ], [ 114.257857270562738, 34.893665762034644 ], [ 114.257845363197589, 34.893705949392007 ], [ 114.25789150423752, 34.893719345177793 ], [ 114.257878108451735, 34.893762509376437 ], [ 114.25780964110217, 34.89377888200351 ], [ 114.257733731649381, 34.893835441987939 ], [ 114.257733731649381, 34.893890513551725 ], [ 114.257812617943458, 34.893981307210943 ] ] ] ] } },
{ "type": "Feature", "properties": { "FID": 1, "layer": "2", "path": "D:/1 work/数据/树/2.shp" }, "geometry": { "type": "MultiPolygon", "coordinates": [ [ [ [ 114.258738415583309, 34.893520641021972 ], [ 114.258780091361203, 34.893497570502007 ], [ 114.258227887302681, 34.89333533265193 ], [ 114.258199607310473, 34.893301098977147 ], [ 114.258300819914183, 34.893202863214711 ], [ 114.258427335668827, 34.8932370968895 ], [ 114.258470499867471, 34.893201374794067 ], [ 114.258368543053464, 34.89308825482523 ], [ 114.25840724199017, 34.89304657904723 ], [ 114.258573200891831, 34.892938668550613 ], [ 114.258719066114836, 34.892590378120175 ], [ 114.258710135590974, 34.892215296118167 ], [ 114.258656552447832, 34.89197417197402 ], [ 114.25813858206412, 34.890560172363266 ], [ 114.258471988288122, 34.891721140464718 ], [ 114.258492826177218, 34.892096222466733 ], [ 114.258354403057425, 34.892633542318805 ], [ 114.258009089468288, 34.893086022194247 ], [ 114.257982297896717, 34.89318574637732 ], [ 114.258061184190794, 34.89330779687004 ], [ 114.258738415583309, 34.893520641021972 ] ] ] ] } },
{ "type": "Feature", "properties": { "FID": 2, "layer": "2", "path": "D:/1 work/数据/树/2.shp" }, "geometry": { "type": "MultiPolygon", "coordinates": [ [ [ [ 114.25864315666206, 34.893258678988843 ], [ 114.258620830352413, 34.893301098977162 ], [ 114.258748834527708, 34.893354682120311 ], [ 114.25881506924631, 34.893280261088165 ], [ 114.258746601896732, 34.893226677945023 ], [ 114.25864315666206, 34.893258678988843 ] ] ] ] } },
{ "type": "Feature", "properties": { "FID": 3, "layer": "2", "path": "D:/1 work/数据/树/2.shp" }, "geometry": { "type": "MultiPolygon", "coordinates": [ [ [ [ 114.258908095536469, 34.893381473691875 ], [ 114.259187918617329, 34.893107604293583 ], [ 114.259241501760471, 34.893037648523354 ], [ 114.259271270173329, 34.89293048223707 ], [ 114.259256385966907, 34.892781640172778 ], [ 114.259228105974685, 34.892695311775491 ], [ 114.259146242839336, 34.892695311775483 ], [ 114.259046518656262, 34.892766755966342 ], [ 114.25899293551312, 34.89285308436363 ], [ 114.259097124958117, 34.892897736982917 ], [ 114.259061402862685, 34.89297513485635 ], [ 114.259046518656262, 34.892988530642135 ], [ 114.258978051306684, 34.892954296967346 ], [ 114.258911072377757, 34.893046579047208 ], [ 114.258948282893826, 34.893079324301354 ], [ 114.258920002901618, 34.893137372706427 ], [ 114.258967632362186, 34.893152256912856 ], [ 114.258878327123583, 34.893344263175784 ], [ 114.258878327123583, 34.893344263175784 ], [ 114.258908095536469, 34.893381473691875 ] ] ] ] } },
{ "type": "Feature", "properties": { "FID": 4, "layer": "2", "path": "D:/1 work/数据/树/2.shp" }, "geometry": { "type": "MultiPolygon", "coordinates": [ [ [ [ 114.258780091361132, 34.893010112741457 ], [ 114.25888725764743, 34.893011601162101 ], [ 114.258966143941493, 34.892752615970238 ], [ 114.259181964934712, 34.892638007580736 ], [ 114.259143265998006, 34.892414744484299 ], [ 114.259053960759431, 34.892398371857226 ], [ 114.25893191026671, 34.892451955000368 ], [ 114.258847070290059, 34.892594843382092 ], [ 114.258780091361132, 34.893010112741457 ] ] ] ] } },
{ "type": "Feature", "properties": { "FID": 5, "layer": "2", "path": "D:/1 work/数据/树/2.shp" }, "geometry": { "type": "MultiPolygon", "coordinates": [ [ [ [ 114.258925212373839, 34.892251762423918 ], [ 114.258992191302767, 34.892278553995489 ], [ 114.258941585000912, 34.891997242493979 ], [ 114.258860466075859, 34.891727094147299 ], [ 114.25874585768635, 34.891386245820065 ], [ 114.258625295614266, 34.891091538532777 ], [ 114.258573200891774, 34.891113864842424 ], [ 114.258711624011568, 34.891471085796717 ], [ 114.258872373440994, 34.891953334085031 ], [ 114.258925212373839, 34.892251762423918 ] ] ] ] } },
{ "type": "Feature", "properties": { "FID": 6, "layer": "2", "path": "D:/1 work/数据/树/2.shp" }, "geometry": { "type": "MultiPolygon", "coordinates": [ [ [ [ 114.259050239707847, 34.892219761380105 ], [ 114.259103822850989, 34.892219761380105 ], [ 114.259008563929839, 34.891734536250524 ], [ 114.258925212373839, 34.891472574217374 ], [ 114.258892467119693, 34.891255264803512 ], [ 114.258987726040814, 34.891034978548362 ], [ 114.258978795516967, 34.890752178626215 ], [ 114.258823999770073, 34.890528915529778 ], [ 114.258517385117642, 34.890374119782919 ], [ 114.258378961997806, 34.890249092448883 ], [ 114.258706414539262, 34.890906974373067 ], [ 114.258795719777837, 34.891192751136508 ], [ 114.258733206110833, 34.891219542708079 ], [ 114.259050239707847, 34.892219761380105 ] ] ] ] } },
{ "type": "Feature", "properties": { "FID": 7, "layer": "2", "path": "D:/1 work/数据/树/2.shp" }, "geometry": { "type": "MultiPolygon", "coordinates": [ [ [ [ 114.230494889673821, 34.862778801063612 ], [ 114.230575264388534, 34.862951457858188 ], [ 114.230352001292104, 34.863186628319767 ], [ 114.230741967500549, 34.863463474559339 ], [ 114.230837226421684, 34.863365238796909 ], [ 114.230658615944549, 34.863255095669338 ], [ 114.230703268563829, 34.863204489367476 ], [ 114.23086997167583, 34.863314632495054 ], [ 114.231060489518129, 34.863216396732625 ], [ 114.230655639103261, 34.862877036826042 ], [ 114.23062884753169, 34.862817500000325 ], [ 114.230557403340825, 34.862734148444325 ], [ 114.230494889673821, 34.862778801063612 ] ] ] ] } },
{ "type": "Feature", "properties": { "FID": 8, "layer": "2", "path": "D:/1 work/数据/树/2.shp" }, "geometry": { "type": "MultiPolygon", "coordinates": [ [ [ [ 114.230840203262971, 34.863031832572901 ], [ 114.231060489518129, 34.863222350415192 ], [ 114.231256961042988, 34.863052670461904 ], [ 114.231256961042988, 34.863052670461904 ], [ 114.231066443200689, 34.862847268413184 ], [ 114.230840203262971, 34.863031832572901 ] ] ] ] } },
{ "type": "Feature", "properties": { "FID": 9, "layer": "2", "path": "D:/1 work/数据/树/2.shp" }, "geometry": { "type": "MultiPolygon", "coordinates": [ [ [ [ 114.230737502238625, 34.862536188498829 ], [ 114.230814900112065, 34.862607632689688 ], [ 114.231478735718795, 34.862056917051817 ], [ 114.231556133592221, 34.862110500194966 ], [ 114.231666276719807, 34.861979519178384 ], [ 114.231731767228098, 34.862027148638958 ], [ 114.231946099800666, 34.861821746590238 ], [ 114.231821072466673, 34.861711603462666 ], [ 114.231520411496803, 34.861812816066383 ], [ 114.231291194717798, 34.862018218115104 ], [ 114.231291194717798, 34.862110500194959 ], [ 114.230737502238625, 34.862536188498829 ] ] ] ] } },
{ "type": "Feature", "properties": { "FID": 10, "layer": "2", "path": "D:/1 work/数据/树/2.shp" }, "geometry": { "type": "MultiPolygon", "coordinates": [ [ [ [ 114.231594832528941, 34.863527476646965 ], [ 114.232303320754951, 34.864164520682124 ], [ 114.23235392705682, 34.864137729110553 ], [ 114.232344996532959, 34.864081169126123 ], [ 114.231684137767516, 34.863459009297394 ], [ 114.231594832528941, 34.863527476646965 ] ] ] ] } },
{ "type": "Feature", "properties": { "FID": 11, "layer": "2", "path": "D:/1 work/数据/树/2.shp" }, "geometry": { "type": "MultiPolygon", "coordinates": [ [ [ [ 114.231356685226075, 34.863066066247669 ], [ 114.232434301771534, 34.864113914380269 ], [ 114.232461093343105, 34.864078192284836 ], [ 114.232249737611809, 34.86387874391869 ], [ 114.232199131309955, 34.863783484997548 ], [ 114.231404314686657, 34.863003552580665 ], [ 114.231356685226075, 34.863066066247669 ] ] ] ] } },
{ "type": "Feature", "properties": { "FID": 12, "layer": "2", "path": "D:/1 work/数据/树/2.shp" }, "geometry": { "type": "MultiPolygon", "coordinates": [ [ [ [ 114.232090476603005, 34.863390541947822 ], [ 114.232212527095712, 34.863353331431746 ], [ 114.232130663960362, 34.863267003034458 ], [ 114.232026474515351, 34.863308678812459 ], [ 114.232090476603005, 34.863390541947822 ] ] ] ] } },
{ "type": "Feature", "properties": { "FID": 13, "layer": "2", "path": "D:/1 work/数据/树/2.shp" }, "geometry": { "type": "MultiPolygon", "coordinates": [ [ [ [ 114.232401556517416, 34.863642085036467 ], [ 114.232504257541777, 34.863557245059823 ], [ 114.232394114414191, 34.863491754551532 ], [ 114.232312251278842, 34.863566175583678 ], [ 114.232401556517416, 34.863642085036467 ] ] ] ] } },
{ "type": "Feature", "properties": { "FID": 14, "layer": "2", "path": "D:/1 work/数据/树/2.shp" }, "geometry": { "type": "MultiPolygon", "coordinates": [ [ [ [ 114.232577190153251, 34.863101788343094 ], [ 114.232660541709265, 34.863067554668305 ], [ 114.232880827964408, 34.863222350415164 ], [ 114.232843617448339, 34.863314632495026 ], [ 114.233244002601268, 34.863673341869969 ], [ 114.233425589919705, 34.863497708234107 ], [ 114.232261644976958, 34.862592748483223 ], [ 114.232264621818246, 34.862527257974939 ], [ 114.232470023866966, 34.862399253799651 ], [ 114.232428348088959, 34.862348647497789 ], [ 114.232368811263242, 34.862393300117077 ], [ 114.2323152281201, 34.862336740132648 ], [ 114.231975868213524, 34.862643354785085 ], [ 114.232577190153251, 34.863101788343094 ] ] ] ] } },
{ "type": "Feature", "properties": { "FID": 15, "layer": "2", "path": "D:/1 work/数据/树/2.shp" }, "geometry": { "type": "MultiPolygon", "coordinates": [ [ [ [ 114.232468535446287, 34.862345670656488 ], [ 114.233718808786321, 34.863274445137655 ], [ 114.233540198309186, 34.863482824027663 ], [ 114.233453869911898, 34.863485800868951 ], [ 114.233400286768742, 34.86354236085338 ], [ 114.233492568848604, 34.863610828202958 ], [ 114.233653318278044, 34.863512592440522 ], [ 114.233727739310183, 34.863441148249663 ], [ 114.233677133008328, 34.863378634582666 ], [ 114.233802160342336, 34.863265514613801 ], [ 114.232534025954578, 34.862280180148204 ], [ 114.232468535446287, 34.862345670656488 ] ] ] ] } },
{ "type": "Feature", "properties": { "FID": 16, "layer": "2", "path": "D:/1 work/数据/树/2.shp" }, "geometry": { "type": "MultiPolygon", "coordinates": [ [ [ [ 114.233089206854359, 34.862638889523147 ], [ 114.233145766838788, 34.862598702165791 ], [ 114.232696263804641, 34.862190874909636 ], [ 114.232612912248641, 34.862247434894066 ], [ 114.233089206854359, 34.862638889523147 ] ] ] ] } },
{ "type": "Feature", "properties": { "FID": 17, "layer": "2", "path": "D:/1 work/数据/树/2.shp" }, "geometry": { "type": "MultiPolygon", "coordinates": [ [ [ [ 114.23276621957487, 34.862168548600003 ], [ 114.232819802718012, 34.862202782274792 ], [ 114.232901665853376, 34.862137291766501 ], [ 114.232854036392808, 34.862097104409145 ], [ 114.23276621957487, 34.862168548600003 ] ] ] ] } },
{ "type": "Feature", "properties": { "FID": 18, "layer": "2", "path": "D:/1 work/数据/树/2.shp" }, "geometry": { "type": "MultiPolygon", "coordinates": [ [ [ [ 114.233001390036407, 34.864140705951854 ], [ 114.234299292837008, 34.865152831989022 ], [ 114.234358829662725, 34.865108179369741 ], [ 114.233977793978141, 34.8646973752723 ], [ 114.233099625798843, 34.864048423871999 ], [ 114.233001390036407, 34.864140705951854 ] ] ] ] } },
{ "type": "Feature", "properties": { "FID": 19, "layer": "2", "path": "D:/1 work/数据/树/2.shp" }, "geometry": { "type": "MultiPolygon", "coordinates": [ [ [ [ 114.231873167189079, 34.864456251128168 ], [ 114.232030939777218, 34.86459318582731 ], [ 114.232498303859089, 34.86473012052646 ], [ 114.232941853210676, 34.865093295163327 ], [ 114.232986505829956, 34.86503375833761 ], [ 114.232760265892239, 34.864825379447602 ], [ 114.232867432178537, 34.864786680510889 ], [ 114.232578678573816, 34.86450983427131 ], [ 114.232810872194108, 34.86436992273088 ], [ 114.232760265892239, 34.864241918555585 ], [ 114.23296566794096, 34.864113914380297 ], [ 114.232888270067534, 34.863988887046297 ], [ 114.232599516462813, 34.864030562824297 ], [ 114.23238518389023, 34.864131775428014 ], [ 114.231873167189079, 34.864456251128168 ] ] ] ] } },
{ "type": "Feature", "properties": { "FID": 20, "layer": "2", "path": "D:/1 work/数据/树/2.shp" }, "geometry": { "type": "MultiPolygon", "coordinates": [ [ [ [ 114.233397309927412, 34.863780508156289 ], [ 114.234204033915873, 34.864459227969455 ], [ 114.234329061249866, 34.864291036436803 ], [ 114.233593781452285, 34.863701621862219 ], [ 114.233397309927412, 34.863780508156289 ] ] ] ] } },
{ "type": "Feature", "properties": { "FID": 21, "layer": "2", "path": "D:/1 work/数据/树/2.shp" }, "geometry": { "type": "MultiPolygon", "coordinates": [ [ [ [ 114.233406240451274, 34.863779019735652 ], [ 114.233602711976118, 34.863692691338358 ], [ 114.233730716151413, 34.863677807131928 ], [ 114.233888488739581, 34.863525988226364 ], [ 114.234010539232301, 34.863543849274073 ], [ 114.234602930648165, 34.86404395861009 ], [ 114.234672185759422, 34.8639940578717 ], [ 114.234711838308087, 34.864027060097762 ], [ 114.234629722219736, 34.864082657546803 ], [ 114.234852985316181, 34.864240430134949 ], [ 114.235138762079615, 34.864448809024957 ], [ 114.235100063142895, 34.864544067946099 ], [ 114.235135785238327, 34.864627419502106 ], [ 114.235192345222757, 34.864588720565386 ], [ 114.235242951524611, 34.864439878501095 ], [ 114.235076248412611, 34.864302943801952 ], [ 114.234739865347322, 34.86404395861009 ], [ 114.233983747660716, 34.863469428241935 ], [ 114.233983747660716, 34.863374169320785 ], [ 114.233379448879703, 34.863743297640227 ], [ 114.233406240451274, 34.863779019735652 ] ] ] ] } },
{ "type": "Feature", "properties": { "FID": 22, "layer": "2", "path": "D:/1 work/数据/树/2.shp" }, "geometry": { "type": "MultiPolygon", "coordinates": [ [ [ [ 114.237265715178239, 34.862707356872733 ], [ 114.238632085328419, 34.863683760814467 ], [ 114.239477508253572, 34.863171744113316 ], [ 114.239286990411287, 34.862826430524159 ], [ 114.239019074695562, 34.862945504175592 ], [ 114.238548733772419, 34.862016729694432 ], [ 114.238268910691545, 34.861513643517128 ], [ 114.23803969391254, 34.861617832962132 ], [ 114.237941458150104, 34.861498759310699 ], [ 114.238203420183254, 34.861370755135411 ], [ 114.238102207579544, 34.861064140482981 ], [ 114.23781643081611, 34.861192144658268 ], [ 114.237789639244539, 34.861147492038981 ], [ 114.238084346531835, 34.861016511022406 ], [ 114.238036717071253, 34.860921252101264 ], [ 114.237756893990394, 34.861058186800406 ], [ 114.237637820338961, 34.860936136307693 ], [ 114.237633355077037, 34.860876599481969 ], [ 114.237951877094616, 34.86074413004475 ], [ 114.237808988712899, 34.860531285892826 ], [ 114.237756893990394, 34.860583380615324 ], [ 114.237557445624248, 34.86063845217911 ], [ 114.237299948853021, 34.860263370177108 ], [ 114.237618470870629, 34.860105597588969 ], [ 114.237509816163666, 34.85988977659575 ], [ 114.237436883552164, 34.859871915548041 ], [ 114.237221062558945, 34.859977593413682 ], [ 114.237168967836467, 34.860272300700984 ], [ 114.236877237390473, 34.860407746979504 ], [ 114.236749233215178, 34.86022318281978 ], [ 114.237163014153907, 34.859934429215059 ], [ 114.237127292058474, 34.859880846071917 ], [ 114.236713511119746, 34.86009815548578 ], [ 114.236639090087607, 34.859990989199488 ], [ 114.236359267006748, 34.860044572342638 ], [ 114.236189587053445, 34.859675444023196 ], [ 114.235417096739766, 34.860013315509136 ], [ 114.235271231516734, 34.8600817828587 ], [ 114.2349854547533, 34.859644187189687 ], [ 114.234943778975293, 34.859670978761258 ], [ 114.235211694691017, 34.86026337017713 ], [ 114.235009269483584, 34.860352675415704 ], [ 114.234708608513728, 34.860474725908425 ], [ 114.234646094846724, 34.860391374352417 ], [ 114.234562743290724, 34.860409235400134 ], [ 114.234336503352992, 34.860510448003851 ], [ 114.234550835925575, 34.860686081639713 ], [ 114.234649071688011, 34.860757525830572 ], [ 114.235098574722173, 34.860602730083713 ], [ 114.23557784616915, 34.860230624922977 ], [ 114.235857669250024, 34.860135366001828 ], [ 114.236000557631741, 34.86040923540012 ], [ 114.236494713285182, 34.860194902827544 ], [ 114.236750721635758, 34.860700965846128 ], [ 114.236994822621199, 34.86062952165527 ], [ 114.237155572050625, 34.861147492038995 ], [ 114.237631866656358, 34.862004822329304 ], [ 114.237426464607623, 34.862097104409152 ], [ 114.237596144560911, 34.862507908506593 ], [ 114.237265715178239, 34.862707356872733 ] ] ] ] } },
{ "type": "Feature", "properties": { "FID": 23, "layer": "2", "path": "D:/1 work/数据/树/2.shp" }, "geometry": { "type": "MultiPolygon", "coordinates": [ [ [ [ 114.245965533835871, 34.860177041779835 ], [ 114.246179866408454, 34.860130900739904 ], [ 114.245834552819289, 34.859389667259741 ], [ 114.245660407604078, 34.859440273561603 ], [ 114.245965533835871, 34.860177041779835 ] ] ] ] } },
{ "type": "Feature", "properties": { "FID": 24, "layer": "2", "path": "D:/1 work/数据/树/2.shp" }, "geometry": { "type": "MultiPolygon", "coordinates": [ [ [ [ 114.243436707163568, 34.859900195540263 ], [ 114.243987422801439, 34.859730515586975 ], [ 114.243737368133438, 34.859087517869241 ], [ 114.243195583019428, 34.859248267298675 ], [ 114.243436707163568, 34.859900195540263 ] ] ] ] } },
{ "type": "Feature", "properties": { "FID": 25, "layer": "2", "path": "D:/1 work/数据/树/2.shp" }, "geometry": { "type": "MultiPolygon", "coordinates": [ [ [ [ 114.242912783097253, 34.860077317596776 ], [ 114.243141999876258, 34.859976104993059 ], [ 114.242921713621101, 34.859333107275326 ], [ 114.242638913698954, 34.859425389355188 ], [ 114.242912783097253, 34.860077317596776 ] ] ] ] } },
{ "type": "Feature", "properties": { "FID": 26, "layer": "2", "path": "D:/1 work/数据/树/2.shp" }, "geometry": { "type": "MultiPolygon", "coordinates": [ [ [ [ 114.243773090228856, 34.859030957884819 ], [ 114.243901094404151, 34.85899672421003 ], [ 114.243860907046795, 34.858821090574168 ], [ 114.243997841745937, 34.858761553748451 ], [ 114.243963608071155, 34.858645456938305 ], [ 114.243840069157784, 34.858626107469945 ], [ 114.243630201847139, 34.85879578742324 ], [ 114.243726949188925, 34.859023515781601 ], [ 114.243773090228856, 34.859030957884819 ] ] ] ] } },
{ "type": "Feature", "properties": { "FID": 27, "layer": "2", "path": "D:/1 work/数据/树/2.shp" }, "geometry": { "type": "MultiPolygon", "coordinates": [ [ [ [ 114.239833240787107, 34.858768995851648 ], [ 114.240508983758971, 34.858515964342352 ], [ 114.240249998567108, 34.857929526609055 ], [ 114.239592116642953, 34.858125998133914 ], [ 114.239833240787107, 34.858768995851648 ] ] ] ] } },
{ "type": "Feature", "properties": { "FID": 28, "layer": "2", "path": "D:/1 work/数据/树/2.shp" }, "geometry": { "type": "MultiPolygon", "coordinates": [ [ [ [ 114.24058935847367, 34.858507033818505 ], [ 114.24086918155453, 34.858402844373508 ], [ 114.240631034251663, 34.857771754020916 ], [ 114.240318465916658, 34.857864036100779 ], [ 114.24058935847367, 34.858507033818505 ] ] ] ] } },
{ "type": "Feature", "properties": { "FID": 29, "layer": "2", "path": "D:/1 work/数据/树/2.shp" }, "geometry": { "type": "MultiPolygon", "coordinates": [ [ [ [ 114.238106672841326, 34.860948043672835 ], [ 114.238684180050768, 34.860669709012612 ], [ 114.23855171061355, 34.86043751539232 ], [ 114.237980157086682, 34.860730734258972 ], [ 114.238106672841326, 34.860948043672835 ] ] ] ] } },
{ "type": "Feature", "properties": { "FID": 30, "layer": "2", "path": "D:/1 work/数据/树/2.shp" }, "geometry": { "type": "MultiPolygon", "coordinates": [ [ [ [ 114.23770479926776, 34.86009517864445 ], [ 114.238262957008843, 34.859793029253943 ], [ 114.238255514905632, 34.859700747174081 ], [ 114.237651216124618, 34.859998431302664 ], [ 114.23770479926776, 34.86009517864445 ] ] ] ] } },
{ "type": "Feature", "properties": { "FID": 31, "layer": "2", "path": "D:/1 work/数据/树/2.shp" }, "geometry": { "type": "MultiPolygon", "coordinates": [ [ [ [ 114.24515434458543, 34.860903391053533 ], [ 114.245541333952588, 34.860820039497533 ], [ 114.245371653999285, 34.860328860685378 ], [ 114.244992106735353, 34.860416677503309 ], [ 114.24515434458543, 34.860903391053533 ] ] ] ] } },
{ "type": "Feature", "properties": { "FID": 32, "layer": "2", "path": "D:/1 work/数据/树/2.shp" }, "geometry": { "type": "MultiPolygon", "coordinates": [ [ [ [ 114.244806054154964, 34.860383932249164 ], [ 114.245012944624335, 34.86031844174088 ], [ 114.245069504608765, 34.860260393335807 ], [ 114.244990618314688, 34.860107086009585 ], [ 114.24471823733704, 34.860166622835301 ], [ 114.244806054154964, 34.860383932249164 ] ] ] ] } },
{ "type": "Feature", "properties": { "FID": 33, "layer": "2", "path": "D:/1 work/数据/树/2.shp" }, "geometry": { "type": "MultiPolygon", "coordinates": [ [ [ [ 114.244554511066283, 34.861418384595979 ], [ 114.245090342497733, 34.861248704642691 ], [ 114.244822426782008, 34.860510448003815 ], [ 114.244786704686575, 34.860495563797386 ], [ 114.244727167860873, 34.860522355368957 ], [ 114.244840287829732, 34.860876599481962 ], [ 114.244902801496721, 34.860888506847111 ], [ 114.244905778338008, 34.860909344736108 ], [ 114.244417576367141, 34.861064140482966 ], [ 114.244554511066283, 34.861418384595979 ] ] ] ] } },
{ "type": "Feature", "properties": { "FID": 34, "layer": "2", "path": "D:/1 work/数据/树/2.shp" }, "geometry": { "type": "MultiPolygon", "coordinates": [ [ [ [ 114.2446274436778, 34.862037567583435 ], [ 114.24483135730587, 34.862012264432501 ], [ 114.244548557383723, 34.861448153008844 ], [ 114.24438483111301, 34.861504712993273 ], [ 114.2446274436778, 34.862037567583435 ] ] ] ] } },
{ "type": "Feature", "properties": { "FID": 35, "layer": "2", "path": "D:/1 work/数据/树/2.shp" }, "geometry": { "type": "MultiPolygon", "coordinates": [ [ [ [ 114.244404180581384, 34.862113477036218 ], [ 114.244517300550243, 34.862122407560072 ], [ 114.244560464748886, 34.862089662305927 ], [ 114.244265757461591, 34.861510666675841 ], [ 114.244145195389521, 34.861559784557059 ], [ 114.244404180581384, 34.862113477036218 ] ] ] ] } },
{ "type": "Feature", "properties": { "FID": 36, "layer": "2", "path": "D:/1 work/数据/树/2.shp" }, "geometry": { "type": "MultiPolygon", "coordinates": [ [ [ [ 114.24346796399702, 34.862374694859049 ], [ 114.243598945013602, 34.862382136962268 ], [ 114.243616806061311, 34.862346414866835 ], [ 114.243319121932728, 34.861826956062465 ], [ 114.243192606178084, 34.861882027626251 ], [ 114.24346796399702, 34.862374694859049 ] ] ] ] } },
{ "type": "Feature", "properties": { "FID": 37, "layer": "2", "path": "D:/1 work/数据/树/2.shp" }, "geometry": { "type": "MultiPolygon", "coordinates": [ [ [ [ 114.242037591759228, 34.861785280284479 ], [ 114.242485606372739, 34.861672160315614 ], [ 114.242528770571383, 34.861588808759613 ], [ 114.242368021141942, 34.861243495170463 ], [ 114.242315926419451, 34.86124647201175 ], [ 114.241875353909151, 34.861395314076034 ], [ 114.241998892822508, 34.861737650823905 ], [ 114.242037591759228, 34.861785280284479 ] ] ] ] } },
{ "type": "Feature", "properties": { "FID": 38, "layer": "2", "path": "D:/1 work/数据/树/2.shp" }, "geometry": { "type": "MultiPolygon", "coordinates": [ [ [ [ 114.249283223448842, 34.859362131477852 ], [ 114.249363598163555, 34.859394876731997 ], [ 114.249485648656275, 34.859336828326924 ], [ 114.249198383472205, 34.858601548529336 ], [ 114.249007865629906, 34.858668527458263 ], [ 114.249007865629906, 34.858668527458263 ], [ 114.249283223448842, 34.859362131477852 ] ] ] ] } },
{ "type": "Feature", "properties": { "FID": 39, "layer": "2", "path": "D:/1 work/数据/树/2.shp" }, "geometry": { "type": "MultiPolygon", "coordinates": [ [ [ [ 114.347431169061906, 34.806021600898404 ], [ 114.347603825856481, 34.806125790343408 ], [ 114.347621686904205, 34.806262725042558 ], [ 114.347666339523485, 34.806346076598558 ], [ 114.347562150078488, 34.806402636582987 ], [ 114.347550242713339, 34.806462173408704 ], [ 114.347657408999623, 34.806512779710566 ], [ 114.34775564476206, 34.80649491866285 ], [ 114.347803274222628, 34.806512779710566 ], [ 114.34787769525478, 34.806474080773846 ], [ 114.347904486826351, 34.806426451313278 ], [ 114.347993792064926, 34.806462173408704 ], [ 114.348059282573217, 34.806453242884849 ], [ 114.348109888875072, 34.806524687075708 ], [ 114.348202170954934, 34.806483011297708 ], [ 114.348223008843931, 34.806378821852704 ], [ 114.348282545669647, 34.806340122915991 ], [ 114.348303383558644, 34.806268678725125 ], [ 114.348228962526505, 34.806229979788412 ], [ 114.348273615145786, 34.806188304010412 ], [ 114.34827956882836, 34.806167466121408 ], [ 114.348214078320069, 34.80613769770855 ], [ 114.348246823574215, 34.805988855644266 ], [ 114.34824086989164, 34.805842990421262 ], [ 114.348231939367793, 34.805777499912971 ], [ 114.348190263589785, 34.805738800976258 ], [ 114.348130726764069, 34.805723916769828 ], [ 114.348065236255778, 34.805625681007399 ], [ 114.348065236255778, 34.805575074705537 ], [ 114.348032491001632, 34.805450047371536 ], [ 114.348068213097065, 34.805447070530249 ], [ 114.348071189938352, 34.805396464228394 ], [ 114.348014629953923, 34.805384556863245 ], [ 114.347999745747501, 34.805333950561391 ], [ 114.347898533143777, 34.805357765291674 ], [ 114.347752667920773, 34.805325020037536 ], [ 114.347690154253769, 34.805268460053107 ], [ 114.347594895332634, 34.805244645322816 ], [ 114.347386516442626, 34.805283344259529 ], [ 114.347312095410473, 34.805414325276104 ], [ 114.347368655394902, 34.80551553787982 ], [ 114.347377585918764, 34.805697125198257 ], [ 114.347329956458196, 34.805753685182687 ], [ 114.347350794347193, 34.805810245167116 ], [ 114.347264465949905, 34.805828106214832 ], [ 114.347201952282902, 34.805801314643261 ], [ 114.347127531250763, 34.805816198849691 ], [ 114.347145392298472, 34.805887643040549 ], [ 114.34719302175904, 34.805929318818549 ], [ 114.347246604902196, 34.805878712516687 ], [ 114.347344840664618, 34.805863828310258 ], [ 114.347380562760051, 34.805890619881836 ], [ 114.347374609077477, 34.805965040913975 ], [ 114.347431169061906, 34.806021600898404 ] ] ] ] } },
{ "type": "Feature", "properties": { "FID": 40, "layer": "2", "path": "D:/1 work/数据/树/2.shp" }, "geometry": { "type": "MultiPolygon", "coordinates": [ [ [ [ 114.347048644956701, 34.805941226183691 ], [ 114.347045668115427, 34.806030531422266 ], [ 114.347088832314071, 34.806081137724128 ], [ 114.347187068076494, 34.806090068247983 ], [ 114.347212371227428, 34.806133232446626 ], [ 114.347321025934363, 34.806075184041553 ], [ 114.347402889069713, 34.805993320906197 ], [ 114.34736121329172, 34.805948668286909 ], [ 114.347295722783429, 34.806045415628695 ], [ 114.347222790171926, 34.806091556668626 ], [ 114.347187068076494, 34.80605136931127 ], [ 114.347115623885642, 34.806052857731906 ], [ 114.347087343893421, 34.806008205112626 ], [ 114.347090320734708, 34.805944203024978 ], [ 114.347048644956701, 34.805941226183691 ] ] ] ] } },
{ "type": "Feature", "properties": { "FID": 41, "layer": "2", "path": "D:/1 work/数据/树/2.shp" }, "geometry": { "type": "MultiPolygon", "coordinates": [ [ [ [ 114.356967480120886, 34.814981893168621 ], [ 114.357089530613607, 34.81499677737505 ], [ 114.35691389697773, 34.813210672603589 ], [ 114.356765054913438, 34.813252348381589 ], [ 114.356967480120886, 34.814981893168621 ] ] ] ] } },
{ "type": "Feature", "properties": { "FID": 42, "layer": "2", "path": "D:/1 work/数据/树/2.shp" }, "geometry": { "type": "MultiPolygon", "coordinates": [ [ [ [ 114.356765054913438, 34.815008684740206 ], [ 114.356901989612595, 34.815014638422774 ], [ 114.356665330730365, 34.813259790484807 ], [ 114.356573048650503, 34.813262767326094 ], [ 114.356709983349617, 34.814201960751767 ], [ 114.35676505491341, 34.814212379696265 ], [ 114.356773985437272, 34.814362710181207 ], [ 114.356750170706988, 34.814396943856003 ], [ 114.356690633881271, 34.814401409117934 ], [ 114.356741240183098, 34.814844958469507 ], [ 114.356765054913438, 34.815008684740206 ] ] ] ] } },
{ "type": "Feature", "properties": { "FID": 43, "layer": "2", "path": "D:/1 work/数据/树/2.shp" }, "geometry": { "type": "MultiPolygon", "coordinates": [ [ [ [ 114.346881941844529, 34.819744839225905 ], [ 114.346995061813388, 34.819878797083767 ], [ 114.347182602814385, 34.819971079163622 ], [ 114.347483263784255, 34.819971079163622 ], [ 114.347754156341253, 34.819980009687484 ], [ 114.348093516247843, 34.820084199132488 ], [ 114.349689103177013, 34.820063361243491 ], [ 114.349891528384433, 34.819860936036065 ], [ 114.350058231496433, 34.819780561321352 ], [ 114.349954042051436, 34.819652557146057 ], [ 114.349049082300539, 34.819765677114937 ], [ 114.348212589899234, 34.819798422369082 ], [ 114.347911928929364, 34.819726978178224 ], [ 114.347536846927355, 34.819732931860791 ], [ 114.347298699624488, 34.819762700273643 ], [ 114.346881941844529, 34.819744839225905 ] ] ] ] } },
{ "type": "Feature", "properties": { "FID": 44, "layer": "2", "path": "D:/1 work/数据/树/2.shp" }, "geometry": { "type": "MultiPolygon", "coordinates": [ [ [ [ 114.467658346491405, 34.780885153081222 ], [ 114.467807188555682, 34.780947666748226 ], [ 114.468866944053431, 34.780989342526226 ], [ 114.468914573513999, 34.780769056271062 ], [ 114.469116998721432, 34.780745241540778 ], [ 114.469182489229723, 34.780513047920486 ], [ 114.469134859769156, 34.780447557412195 ], [ 114.468825268275424, 34.780373136380049 ], [ 114.468774661973569, 34.780456487936057 ], [ 114.468634750433139, 34.78041481215805 ], [ 114.468596051496419, 34.780456487936057 ], [ 114.468530560988142, 34.780441603729628 ], [ 114.468545445194565, 34.780262993252478 ], [ 114.46862284306799, 34.780242155363474 ], [ 114.46875680092586, 34.780251085887336 ], [ 114.46875680092586, 34.780179641696478 ], [ 114.468223946335698, 34.780063544886332 ], [ 114.468089988477814, 34.780081405934048 ], [ 114.467875655905232, 34.780018892267044 ], [ 114.467816119079515, 34.780048660679903 ], [ 114.46764346228494, 34.779947448076186 ], [ 114.467467828649077, 34.779944471234899 ], [ 114.467473782331652, 34.780215363791903 ], [ 114.46776551277766, 34.780209410109336 ], [ 114.467658346491405, 34.780885153081222 ] ] ] ] } },
{ "type": "Feature", "properties": { "FID": 45, "layer": "2", "path": "D:/1 work/数据/树/2.shp" }, "geometry": { "type": "MultiPolygon", "coordinates": [ [ [ [ 114.464800578857009, 34.778908530467426 ], [ 114.466419980516477, 34.778706105259992 ], [ 114.466515239437626, 34.778854947324277 ], [ 114.466550961533059, 34.779099048309718 ], [ 114.46664026677162, 34.779069279896859 ], [ 114.466598590993627, 34.778616800021418 ], [ 114.46653905416791, 34.778497726369984 ], [ 114.464645783110143, 34.778634661069134 ], [ 114.464598153649575, 34.778825178911418 ], [ 114.464800578857009, 34.778908530467426 ] ] ] ] } },
{ "type": "Feature", "properties": { "FID": 46, "layer": "2", "path": "D:/1 work/数据/树/2.shp" }, "geometry": { "type": "MultiPolygon", "coordinates": [ [ [ [ 114.464042972749752, 34.778942764142201 ], [ 114.464483545260052, 34.778905553626132 ], [ 114.464470149474266, 34.778758199982484 ], [ 114.463981947503399, 34.778808806284346 ], [ 114.464042972749752, 34.778942764142201 ] ] ] ] } },
{ "type": "Feature", "properties": { "FID": 47, "layer": "2", "path": "D:/1 work/数据/树/2.shp" }, "geometry": { "type": "MultiPolygon", "coordinates": [ [ [ [ 114.463155874046592, 34.779099048309718 ], [ 114.463715520208311, 34.779030580960146 ], [ 114.46372742757346, 34.778923414673855 ], [ 114.463629191811023, 34.778846016800422 ], [ 114.463167781411727, 34.778887692578429 ], [ 114.463155874046592, 34.779099048309718 ] ] ] ] } },
{ "type": "Feature", "properties": { "FID": 48, "layer": "2", "path": "D:/1 work/数据/树/2.shp" }, "geometry": { "type": "MultiPolygon", "coordinates": [ [ [ [ 114.472555250406501, 34.780198991164823 ], [ 114.473091081837936, 34.780234713260249 ], [ 114.473067267107652, 34.780014427005106 ], [ 114.472570134612923, 34.780002519639957 ], [ 114.472555250406501, 34.780198991164823 ] ] ] ] } },
{ "type": "Feature", "properties": { "FID": 49, "layer": "2", "path": "D:/1 work/数据/树/2.shp" }, "geometry": { "type": "MultiPolygon", "coordinates": [ [ [ [ 114.473704311142811, 34.780032288052816 ], [ 114.474388984638537, 34.780032288052816 ], [ 114.474391961479824, 34.779767349178385 ], [ 114.474284795193526, 34.779338684033227 ], [ 114.473704311142811, 34.779344637715802 ], [ 114.473704311142811, 34.780032288052816 ] ] ] ] } },
{ "type": "Feature", "properties": { "FID": 50, "layer": "2", "path": "D:/1 work/数据/树/2.shp" }, "geometry": { "type": "MultiPolygon", "coordinates": [ [ [ [ 114.471644336973057, 34.778255113805194 ], [ 114.472090863165931, 34.778201530662045 ], [ 114.47208193264207, 34.777981244406902 ], [ 114.472052164229211, 34.777957429676611 ], [ 114.472040256864076, 34.777790726564611 ], [ 114.472117654737502, 34.777772865516894 ], [ 114.47206407159436, 34.777385876149744 ], [ 114.47194202110164, 34.777391829832311 ], [ 114.47202537265764, 34.77810924858219 ], [ 114.471864623228214, 34.778097341217048 ], [ 114.471811040085072, 34.778005059137186 ], [ 114.471754480100643, 34.777993151772044 ], [ 114.471730665370345, 34.777722259215039 ], [ 114.471831877974068, 34.777719282373752 ], [ 114.471697920116199, 34.776763716321014 ], [ 114.471519309639049, 34.776769670003588 ], [ 114.471581823306053, 34.777332293006602 ], [ 114.471513355956475, 34.77732336248274 ], [ 114.471501448591326, 34.777001863623873 ], [ 114.471474657019755, 34.776945303639444 ], [ 114.471397259146329, 34.776951257322018 ], [ 114.471388328622467, 34.777046516243161 ], [ 114.471367490733471, 34.77678157736873 ], [ 114.47120078762147, 34.776787531051298 ], [ 114.471325814955463, 34.777516857166319 ], [ 114.471549078051908, 34.777534718214035 ], [ 114.4715074022739, 34.777546625579177 ], [ 114.471549078051908, 34.777781796040756 ], [ 114.471358560209609, 34.777790726564611 ], [ 114.471373444416045, 34.777939568628902 ], [ 114.471522286480337, 34.777903846533469 ], [ 114.471531217004184, 34.777841332866473 ], [ 114.471572892782191, 34.777841332866473 ], [ 114.471587776988585, 34.77804226965327 ], [ 114.471644336973057, 34.778255113805194 ] ] ] ] } },
{ "type": "Feature", "properties": { "FID": 51, "layer": "2", "path": "D:/1 work/数据/树/2.shp" }, "geometry": { "type": "MultiPolygon", "coordinates": [ [ [ [ 114.469182489229695, 34.777362061419424 ], [ 114.470230337362281, 34.777251918291853 ], [ 114.470212476314572, 34.777055446766987 ], [ 114.470167823695292, 34.77703460887799 ], [ 114.469265840785695, 34.777135821481707 ], [ 114.469259887103121, 34.777171543577133 ], [ 114.469185466070982, 34.777171543577133 ], [ 114.469182489229695, 34.777362061419424 ] ] ] ] } },
{ "type": "Feature", "properties": { "FID": 52, "layer": "2", "path": "D:/1 work/数据/树/2.shp" }, "geometry": { "type": "MultiPolygon", "coordinates": [ [ [ [ 114.469179512388408, 34.776778600527408 ], [ 114.470138055282433, 34.776668457399829 ], [ 114.470123171076011, 34.776525569018112 ], [ 114.469194396594844, 34.776635712145691 ], [ 114.469179512388408, 34.776778600527408 ] ] ] ] } },
{ "type": "Feature", "properties": { "FID": 53, "layer": "2", "path": "D:/1 work/数据/树/2.shp" }, "geometry": { "type": "MultiPolygon", "coordinates": [ [ [ [ 114.466627615196117, 34.778513354786703 ], [ 114.46727061291385, 34.778430003230703 ], [ 114.467255728707428, 34.778156133832404 ], [ 114.466611242569044, 34.778237996967768 ], [ 114.466627615196117, 34.778513354786703 ] ] ] ] } },
{ "type": "Feature", "properties": { "FID": 54, "layer": "2", "path": "D:/1 work/数据/树/2.shp" }, "geometry": { "type": "MultiPolygon", "coordinates": [ [ [ [ 114.467464107597422, 34.777717049742776 ], [ 114.467986543243086, 34.777648582393198 ], [ 114.467986543243086, 34.777630721345488 ], [ 114.467422431819429, 34.777337502478836 ], [ 114.467464107597422, 34.777717049742776 ] ] ] ] } },
{ "type": "Feature", "properties": { "FID": 55, "layer": "2", "path": "D:/1 work/数据/树/2.shp" }, "geometry": { "type": "MultiPolygon", "coordinates": [ [ [ [ 114.468040126386228, 34.77763667502807 ], [ 114.468647402008529, 34.777600952932637 ], [ 114.46865633253239, 34.777976034934646 ], [ 114.468843873533402, 34.778041525442937 ], [ 114.468840896692114, 34.777586068726208 ], [ 114.469138580820683, 34.777559277154637 ], [ 114.469132627138123, 34.777413411931633 ], [ 114.468117524259668, 34.777505694011495 ], [ 114.467950821147653, 34.777550346630782 ], [ 114.467998450608235, 34.777609883456499 ], [ 114.468040126386228, 34.77763667502807 ] ] ] ] } },
{ "type": "Feature", "properties": { "FID": 56, "layer": "2", "path": "D:/1 work/数据/树/2.shp" }, "geometry": { "type": "MultiPolygon", "coordinates": [ [ [ [ 114.468062452695875, 34.777446157185786 ], [ 114.468806663017332, 34.777401504566498 ], [ 114.468827500906329, 34.777365782471072 ], [ 114.468035661124304, 34.777404481407785 ], [ 114.468062452695875, 34.777446157185786 ] ] ] ] } },
{ "type": "Feature", "properties": { "FID": 57, "layer": "2", "path": "D:/1 work/数据/树/2.shp" }, "geometry": { "type": "MultiPolygon", "coordinates": [ [ [ [ 114.468681635683296, 34.77636407537841 ], [ 114.469041833478883, 34.776317934338479 ], [ 114.469029926113734, 34.776227140679261 ], [ 114.469132627138094, 34.776183976480617 ], [ 114.469114766090385, 34.776118485972333 ], [ 114.468830477747588, 34.7761244396549 ], [ 114.468823035644377, 34.776160161750333 ], [ 114.468866199843021, 34.776206302790264 ], [ 114.468626564119504, 34.776240536465046 ], [ 114.468681635683296, 34.77636407537841 ] ] ] ] } },
{ "type": "Feature", "properties": { "FID": 58, "layer": "2", "path": "D:/1 work/数据/树/2.shp" }, "geometry": { "type": "MultiPolygon", "coordinates": [ [ [ [ 114.474041438418354, 34.780905990970162 ], [ 114.474434381468086, 34.780861338350874 ], [ 114.474499871976363, 34.780956597272024 ], [ 114.47458024669109, 34.780911944652736 ], [ 114.474544524595657, 34.780742264699448 ], [ 114.474428427785512, 34.780730357334299 ], [ 114.474398659372653, 34.780078429092711 ], [ 114.474035484735779, 34.780078429092711 ], [ 114.474011670005495, 34.780804778366445 ], [ 114.474041438418354, 34.780905990970162 ] ] ] ] } },
{ "type": "Feature", "properties": { "FID": 59, "layer": "2", "path": "D:/1 work/数据/树/2.shp" }, "geometry": { "type": "MultiPolygon", "coordinates": [ [ [ [ 114.472866330320727, 34.780705054183379 ], [ 114.47326522705302, 34.780815197310957 ], [ 114.473434907006308, 34.780785428898099 ], [ 114.473421511220522, 34.780900037287601 ], [ 114.473548026975166, 34.780885153081172 ], [ 114.473542073292592, 34.780661889984735 ], [ 114.473492955411388, 34.780544304753946 ], [ 114.472867818741364, 34.780580026849378 ], [ 114.472866330320727, 34.780705054183379 ] ] ] ] } },
{ "type": "Feature", "properties": { "FID": 60, "layer": "2", "path": "D:/1 work/数据/树/2.shp" }, "geometry": { "type": "MultiPolygon", "coordinates": [ [ [ [ 114.472513574628351, 34.780868780454114 ], [ 114.472872284003287, 34.780873245716037 ], [ 114.472858888217502, 34.780696123659531 ], [ 114.472537389358635, 34.780654447881531 ], [ 114.472464456747133, 34.780760125747179 ], [ 114.472513574628351, 34.780868780454114 ] ] ] ] } },
{ "type": "Feature", "properties": { "FID": 61, "layer": "2", "path": "D:/1 work/数据/树/2.shp" }, "geometry": { "type": "MultiPolygon", "coordinates": [ [ [ [ 114.471879507434465, 34.775772428172814 ], [ 114.472582041977915, 34.775751590283811 ], [ 114.472546319882483, 34.775245527265227 ], [ 114.471754480100458, 34.775316971456085 ], [ 114.471879507434465, 34.775772428172814 ] ] ] ] } },
{ "type": "Feature", "properties": { "FID": 62, "layer": "2", "path": "D:/1 work/数据/树/2.shp" }, "geometry": { "type": "MultiPolygon", "coordinates": [ [ [ [ 114.471727688528887, 34.77673394790812 ], [ 114.471959882149179, 34.776716086860404 ], [ 114.471995604244611, 34.776561291113545 ], [ 114.471799132719752, 34.775507489298377 ], [ 114.471680059068319, 34.775537257711235 ], [ 114.471602661194893, 34.775180036756936 ], [ 114.471727688528887, 34.77516217570922 ], [ 114.47176341062432, 34.775311017773511 ], [ 114.471816993767462, 34.775311017773511 ], [ 114.471799132719752, 34.775180036756936 ], [ 114.472245658912612, 34.77518599043951 ], [ 114.472590972501777, 34.775096685200936 ], [ 114.472626694597196, 34.77413814230691 ], [ 114.471251393923168, 34.774150049672052 ], [ 114.471424050717744, 34.775191944122078 ], [ 114.471602661194893, 34.775828988157237 ], [ 114.471727688528887, 34.77673394790812 ] ] ] ] } },
{ "type": "Feature", "properties": { "FID": 63, "layer": "2", "path": "D:/1 work/数据/树/2.shp" }, "geometry": { "type": "MultiPolygon", "coordinates": [ [ [ [ 114.461793969158052, 34.78057109632546 ], [ 114.462180958525209, 34.780588957373176 ], [ 114.462115468016918, 34.77932379982672 ], [ 114.461951741746205, 34.779082675682567 ], [ 114.461674895506619, 34.779201749334 ], [ 114.461648103935048, 34.780258527990455 ], [ 114.461793969158052, 34.78057109632546 ] ] ] ] } },
{ "type": "Feature", "properties": { "FID": 64, "layer": "2", "path": "D:/1 work/数据/树/2.shp" }, "geometry": { "type": "MultiPolygon", "coordinates": [ [ [ [ 114.459504778209279, 34.779032069380719 ], [ 114.461850529142481, 34.778895134681569 ], [ 114.461820760729623, 34.778752246299852 ], [ 114.459469056113846, 34.778924903094428 ], [ 114.459504778209279, 34.779032069380719 ] ] ] ] } },
{ "type": "Feature", "properties": { "FID": 65, "layer": "2", "path": "D:/1 work/数据/树/2.shp" }, "geometry": { "type": "MultiPolygon", "coordinates": [ [ [ [ 114.458760567887836, 34.779148166190851 ], [ 114.459019553079699, 34.779317846144146 ], [ 114.459067182540267, 34.779276170366138 ], [ 114.458799266824556, 34.779097559888996 ], [ 114.458760567887836, 34.779148166190851 ] ] ] ] } },
{ "type": "Feature", "properties": { "FID": 66, "layer": "2", "path": "D:/1 work/数据/树/2.shp" }, "geometry": { "type": "MultiPolygon", "coordinates": [ [ [ [ 114.458796289983269, 34.779073745158705 ], [ 114.459528592939577, 34.779576831336009 ], [ 114.459671481321294, 34.779484549256146 ], [ 114.459623851860712, 34.779219610381709 ], [ 114.459543477145999, 34.77906481463485 ], [ 114.459338075097278, 34.779079698841279 ], [ 114.459332121414704, 34.778984439920137 ], [ 114.458986807825553, 34.778960625189846 ], [ 114.458832012078702, 34.778978486237577 ], [ 114.458876664697982, 34.778198553820694 ], [ 114.458763544729123, 34.778189623296839 ], [ 114.45873972999884, 34.778147947518839 ], [ 114.458769498411698, 34.777894916009544 ], [ 114.458885595221844, 34.777888962326976 ], [ 114.458879641539269, 34.776367796429938 ], [ 114.458915363634688, 34.775325901979905 ], [ 114.458891548904404, 34.774593599023603 ], [ 114.458647447918977, 34.774605506388745 ], [ 114.458683170014396, 34.776046297571071 ], [ 114.458766521570396, 34.776046297571071 ], [ 114.458778428935545, 34.776177278587646 ], [ 114.458659355284112, 34.776308259604221 ], [ 114.458617679506119, 34.777945522311398 ], [ 114.458616191085497, 34.778710570521859 ], [ 114.458631075291933, 34.778892157840289 ], [ 114.458796289983269, 34.779073745158705 ] ] ] ] } },
{ "type": "Feature", "properties": { "FID": 67, "layer": "2", "path": "D:/1 work/数据/树/2.shp" }, "geometry": { "type": "MultiPolygon", "coordinates": [ [ [ [ 114.457845189192483, 34.780070986989472 ], [ 114.4579880775742, 34.780151361704185 ], [ 114.458711450006646, 34.779288077731309 ], [ 114.458666797387366, 34.779124351460588 ], [ 114.458506047957925, 34.779151143032159 ], [ 114.45846734902122, 34.77925830931845 ], [ 114.45841078903679, 34.779299985096451 ], [ 114.458309576433066, 34.779285100890021 ], [ 114.457919610224636, 34.779740557606743 ], [ 114.458008915463211, 34.779740557606743 ], [ 114.458017845987058, 34.779826886004031 ], [ 114.457845189192483, 34.780070986989472 ] ] ] ] } },
{ "type": "Feature", "properties": { "FID": 68, "layer": "2", "path": "D:/1 work/数据/树/2.shp" }, "geometry": { "type": "MultiPolygon", "coordinates": [ [ [ [ 114.457479037714322, 34.781226001408349 ], [ 114.458008915463196, 34.781181348789062 ], [ 114.457999984939335, 34.780925340438479 ], [ 114.457470107190474, 34.780975946740341 ], [ 114.457479037714322, 34.781226001408349 ] ] ] ] } },
{ "type": "Feature", "properties": { "FID": 69, "layer": "2", "path": "D:/1 work/数据/树/2.shp" }, "geometry": { "type": "MultiPolygon", "coordinates": [ [ [ [ 114.458383997465191, 34.781196232995505 ], [ 114.458562607942341, 34.781312329805651 ], [ 114.459923024409946, 34.781273630868938 ], [ 114.459863487584229, 34.781035483566072 ], [ 114.458410789036762, 34.781017622518355 ], [ 114.458383997465191, 34.781196232995505 ] ] ] ] } },
{ "type": "Feature", "properties": { "FID": 70, "layer": "2", "path": "D:/1 work/数据/树/2.shp" }, "geometry": { "type": "MultiPolygon", "coordinates": [ [ [ [ 114.457071210458182, 34.778758199982462 ], [ 114.457169446220604, 34.7787075936806 ], [ 114.457127770442611, 34.778493261108025 ], [ 114.457392709317048, 34.778377164297879 ], [ 114.457315311443608, 34.7780169665023 ], [ 114.45742545457118, 34.778061619121587 ], [ 114.457532620857478, 34.77796040651787 ], [ 114.457041442045323, 34.777638907659004 ], [ 114.456758642123162, 34.777186427783569 ], [ 114.45657705480474, 34.777344200371715 ], [ 114.456886646298457, 34.777841332866437 ], [ 114.456964044171883, 34.778216414868446 ], [ 114.457071210458182, 34.778758199982462 ] ] ] ] } },
{ "type": "Feature", "properties": { "FID": 71, "layer": "2", "path": "D:/1 work/数据/树/2.shp" }, "geometry": { "type": "MultiPolygon", "coordinates": [ [ [ [ 114.458589399513883, 34.778915972570609 ], [ 114.458622144768029, 34.778865366268754 ], [ 114.457964262843859, 34.778383117980454 ], [ 114.45784518919244, 34.778174739090446 ], [ 114.457788629208011, 34.778231299074875 ], [ 114.457633833461145, 34.778219391709733 ], [ 114.458589399513883, 34.778915972570609 ] ] ] ] } },
{ "type": "Feature", "properties": { "FID": 72, "layer": "2", "path": "D:/1 work/数据/树/2.shp" }, "geometry": { "type": "MultiPolygon", "coordinates": [ [ [ [ 114.452766697958879, 34.779398220858887 ], [ 114.453207270469179, 34.779273193524887 ], [ 114.453129872595753, 34.779109467254166 ], [ 114.452695253768027, 34.77921365669917 ], [ 114.452766697958879, 34.779398220858887 ] ] ] ] } },
{ "type": "Feature", "properties": { "FID": 73, "layer": "2", "path": "D:/1 work/数据/树/2.shp" }, "geometry": { "type": "MultiPolygon", "coordinates": [ [ [ [ 114.452951262118603, 34.779829862845332 ], [ 114.453180478897607, 34.7797941407499 ], [ 114.453326344120612, 34.779591715542466 ], [ 114.453248946247186, 34.779341660874458 ], [ 114.45283218846717, 34.779478595573607 ], [ 114.452903632658035, 34.779746511289325 ], [ 114.452951262118603, 34.779829862845332 ] ] ] ] } },
{ "type": "Feature", "properties": { "FID": 74, "layer": "2", "path": "D:/1 work/数据/树/2.shp" }, "geometry": { "type": "MultiPolygon", "coordinates": [ [ [ [ 114.453982737624145, 34.778841551538477 ], [ 114.45393213132229, 34.778910018888048 ], [ 114.454098834434291, 34.77924044827077 ], [ 114.454435217499579, 34.778942764142194 ], [ 114.454301259641724, 34.778680802109044 ], [ 114.454069066021432, 34.779052907269765 ], [ 114.453982737624145, 34.778841551538477 ] ] ] ] } },
{ "type": "Feature", "properties": { "FID": 75, "layer": "2", "path": "D:/1 work/数据/树/2.shp" }, "geometry": { "type": "MultiPolygon", "coordinates": [ [ [ [ 114.459710180257972, 34.779651252368204 ], [ 114.459680411845113, 34.779692928146204 ], [ 114.460499043198695, 34.780294250085937 ], [ 114.460516904246418, 34.780219829053792 ], [ 114.460472251627124, 34.780178153275791 ], [ 114.459954281243398, 34.779874515464641 ], [ 114.460016794910402, 34.779835816527921 ], [ 114.460162660133406, 34.779859631258212 ], [ 114.460204335911399, 34.779829862845354 ], [ 114.460159683292119, 34.779624460796633 ], [ 114.459710180257972, 34.779651252368204 ] ] ] ] } },
{ "type": "Feature", "properties": { "FID": 76, "layer": "2", "path": "D:/1 work/数据/树/2.shp" }, "geometry": { "type": "MultiPolygon", "coordinates": [ [ [ [ 114.459582176082677, 34.779651252368204 ], [ 114.459555384511106, 34.779675067098488 ], [ 114.460174567498555, 34.780124570132642 ], [ 114.460207312752686, 34.780097778561071 ], [ 114.459582176082677, 34.779651252368204 ] ] ] ] } },
{ "type": "Feature", "properties": { "FID": 77, "layer": "2", "path": "D:/1 work/数据/树/2.shp" }, "geometry": { "type": "MultiPolygon", "coordinates": [ [ [ [ 114.459972142291079, 34.781017622518362 ], [ 114.460204335911371, 34.781013157256432 ], [ 114.460248988530665, 34.781220047725796 ], [ 114.46028024536416, 34.781249816138654 ], [ 114.460405272698168, 34.781281072972149 ], [ 114.460463321103248, 34.781199209836792 ], [ 114.460402295856881, 34.780911944652715 ], [ 114.460330851666029, 34.7808419888825 ], [ 114.459933443354373, 34.780847942565067 ], [ 114.457483502976146, 34.780816685731587 ], [ 114.45749689876196, 34.780886641501787 ], [ 114.459489894002758, 34.780932782541726 ], [ 114.459939397036905, 34.780920875176584 ], [ 114.459972142291079, 34.781017622518362 ] ] ] ] } },
{ "type": "Feature", "properties": { "FID": 78, "layer": "2", "path": "D:/1 work/数据/树/2.shp" }, "geometry": { "type": "MultiPolygon", "coordinates": [ [ [ [ 114.459347005621012, 34.782260453755192 ], [ 114.45979650865516, 34.782111611690901 ], [ 114.460302571673751, 34.781876441229322 ], [ 114.460332340086609, 34.781745460212747 ], [ 114.459245793017288, 34.781891325435751 ], [ 114.459186256191572, 34.782007422245897 ], [ 114.459347005621012, 34.782260453755192 ] ] ] ] } },
{ "type": "Feature", "properties": { "FID": 79, "layer": "2", "path": "D:/1 work/数据/树/2.shp" }, "geometry": { "type": "MultiPolygon", "coordinates": [ [ [ [ 114.459213047763157, 34.781793089673322 ], [ 114.460094192783743, 34.781718668641176 ], [ 114.460263872737031, 34.781635317085176 ], [ 114.460394853753613, 34.7815043360686 ], [ 114.460382946388464, 34.781364424528164 ], [ 114.460216243276463, 34.781290003496025 ], [ 114.45895406257128, 34.781361447686884 ], [ 114.458960016253855, 34.781477544497029 ], [ 114.459034437286007, 34.781513266592455 ], [ 114.460150752768172, 34.781441822401597 ], [ 114.46027578010218, 34.781477544497029 ], [ 114.460248988530608, 34.78151922027503 ], [ 114.459192209874146, 34.781650201291605 ], [ 114.45917137198515, 34.78168592338703 ], [ 114.459213047763157, 34.781793089673322 ] ] ] ] } },
{ "type": "Feature", "properties": { "FID": 80, "layer": "2", "path": "D:/1 work/数据/树/2.shp" }, "geometry": { "type": "MultiPolygon", "coordinates": [ [ [ [ 114.458876664697868, 34.782692095741645 ], [ 114.458954062571294, 34.782546230518641 ], [ 114.459119277262658, 34.782415249502066 ], [ 114.459018064658949, 34.782169660095988 ], [ 114.458605772140857, 34.78229915269192 ], [ 114.458775452094159, 34.78266381574943 ], [ 114.458876664697868, 34.782692095741645 ] ] ] ] } },
{ "type": "Feature", "properties": { "FID": 81, "layer": "2", "path": "D:/1 work/数据/树/2.shp" }, "geometry": { "type": "MultiPolygon", "coordinates": [ [ [ [ 114.452320171765948, 34.783335093459357 ], [ 114.45257915695781, 34.783900693303657 ], [ 114.452888748451528, 34.783832225954086 ], [ 114.452716091656953, 34.783177320871211 ], [ 114.452320171765948, 34.783335093459357 ] ] ] ] } },
{ "type": "Feature", "properties": { "FID": 82, "layer": "2", "path": "D:/1 work/数据/树/2.shp" }, "geometry": { "type": "MultiPolygon", "coordinates": [ [ [ [ 114.453320390437938, 34.783995952224799 ], [ 114.453638912455517, 34.783867948049512 ], [ 114.453585329312375, 34.783653615476936 ], [ 114.453162617849799, 34.783811388065082 ], [ 114.453320390437938, 34.783995952224799 ] ] ] ] } },
{ "type": "Feature", "properties": { "FID": 83, "layer": "2", "path": "D:/1 work/数据/树/2.shp" }, "geometry": { "type": "MultiPolygon", "coordinates": [ [ [ [ 114.453661238765164, 34.780527932126844 ], [ 114.45379519662302, 34.780542816333273 ], [ 114.453753520845027, 34.780099266981686 ], [ 114.453854733448736, 34.780006984901831 ], [ 114.453783289257885, 34.779908749139395 ], [ 114.453646354558742, 34.779896841774253 ], [ 114.453506443018298, 34.779533667137386 ], [ 114.453396299890727, 34.779599157645677 ], [ 114.453604678780735, 34.780015915425686 ], [ 114.453661238765164, 34.780527932126844 ] ] ] ] } },
{ "type": "Feature", "properties": { "FID": 84, "layer": "2", "path": "D:/1 work/数据/树/2.shp" }, "geometry": { "type": "MultiPolygon", "coordinates": [ [ [ [ 114.453819011353318, 34.780536862650699 ], [ 114.453958922893747, 34.780533885809412 ], [ 114.453902362909318, 34.780143919600974 ], [ 114.454006552354315, 34.780093313299119 ], [ 114.453958922893747, 34.779965309123824 ], [ 114.453878548179034, 34.780066521727541 ], [ 114.453804127146881, 34.780105220664261 ], [ 114.453810080829456, 34.780286807982691 ], [ 114.453819011353318, 34.780536862650699 ] ] ] ] } },
{ "type": "Feature", "properties": { "FID": 85, "layer": "2", "path": "D:/1 work/数据/树/2.shp" }, "geometry": { "type": "MultiPolygon", "coordinates": [ [ [ [ 114.45350048933571, 34.779514317669026 ], [ 114.453604678780721, 34.779466688208451 ], [ 114.45371779874958, 34.779883445988467 ], [ 114.453878548179006, 34.779883445988467 ], [ 114.453872594496431, 34.779678043939747 ], [ 114.453753520844998, 34.779654229209463 ], [ 114.45371779874958, 34.779508363986459 ], [ 114.453795196623005, 34.7794785955736 ], [ 114.45381004255691, 34.779663228552209 ], [ 114.453887478702867, 34.77966018289203 ], [ 114.453810080829442, 34.779386313493738 ], [ 114.453976783941442, 34.779362498763454 ], [ 114.453848779766147, 34.779091606206443 ], [ 114.453542165113717, 34.779425012430451 ], [ 114.45350048933571, 34.779514317669026 ] ] ] ] } },
{ "type": "Feature", "properties": { "FID": 86, "layer": "2", "path": "D:/1 work/数据/树/2.shp" }, "geometry": { "type": "MultiPolygon", "coordinates": [ [ [ [ 114.453198339945203, 34.77994447123482 ], [ 114.453338251485633, 34.77995935544125 ], [ 114.453330809382422, 34.779989123854108 ], [ 114.453242992564483, 34.780017403846323 ], [ 114.453262342032843, 34.78012308171197 ], [ 114.4533858809462, 34.780091824878468 ], [ 114.453420114620997, 34.779920656504537 ], [ 114.453326344120484, 34.779791163908605 ], [ 114.453296575707625, 34.779752464971885 ], [ 114.453403741993924, 34.779628926058528 ], [ 114.4533858809462, 34.779600646066314 ], [ 114.453213224151625, 34.779801582853104 ], [ 114.453183455738767, 34.77990279545682 ], [ 114.453198339945203, 34.77994447123482 ] ] ] ] } },
{ "type": "Feature", "properties": { "FID": 87, "layer": "2", "path": "D:/1 work/数据/树/2.shp" }, "geometry": { "type": "MultiPolygon", "coordinates": [ [ [ [ 114.453990179727199, 34.779850700734343 ], [ 114.454130091267629, 34.77982986284534 ], [ 114.453957434473054, 34.779460734525905 ], [ 114.45388896712349, 34.779472641891047 ], [ 114.453990179727199, 34.779850700734343 ] ] ] ] } },
{ "type": "Feature", "properties": { "FID": 88, "layer": "2", "path": "D:/1 work/数据/树/2.shp" }, "geometry": { "type": "MultiPolygon", "coordinates": [ [ [ [ 114.454433729078787, 34.780068010148192 ], [ 114.454658480595853, 34.780021869108261 ], [ 114.454627223762358, 34.779928098607762 ], [ 114.454432240658136, 34.779966797544475 ], [ 114.454372703832419, 34.780048660679839 ], [ 114.454270002808059, 34.780062056465624 ], [ 114.454305724903492, 34.780151361704192 ], [ 114.454447124864572, 34.780142431180337 ], [ 114.454433729078787, 34.780068010148192 ] ] ] ] } },
{ "type": "Feature", "properties": { "FID": 89, "layer": "2", "path": "D:/1 work/数据/树/2.shp" }, "geometry": { "type": "MultiPolygon", "coordinates": [ [ [ [ 114.454256607022288, 34.779753953392543 ], [ 114.454314655427353, 34.779740557606758 ], [ 114.454219396506204, 34.779597669225041 ], [ 114.454191116513996, 34.779621483955324 ], [ 114.454256607022288, 34.779753953392543 ] ] ] ] } },
{ "type": "Feature", "properties": { "FID": 90, "layer": "2", "path": "D:/1 work/数据/树/2.shp" }, "geometry": { "type": "MultiPolygon", "coordinates": [ [ [ [ 114.46651672785768, 34.777396295094221 ], [ 114.467022790876257, 34.777390341411646 ], [ 114.467040651923966, 34.777589789777792 ], [ 114.467159725575399, 34.777565975047509 ], [ 114.467091258225835, 34.777295082490504 ], [ 114.467112096114832, 34.7772742446015 ], [ 114.467231169766265, 34.777268290918926 ], [ 114.467201401353407, 34.777137309902358 ], [ 114.46691860143126, 34.776803903678349 ], [ 114.466948369844118, 34.776616362677345 ], [ 114.466576264683383, 34.776681853185629 ], [ 114.466504820492531, 34.776994421520634 ], [ 114.46651672785768, 34.777396295094221 ] ] ] ] } },
{ "type": "Feature", "properties": { "FID": 91, "layer": "2", "path": "D:/1 work/数据/树/2.shp" }, "geometry": { "type": "MultiPolygon", "coordinates": [ [ [ [ 114.466963254050569, 34.77675329737648 ], [ 114.46721330871857, 34.777089680441776 ], [ 114.467424664449865, 34.777006328885768 ], [ 114.467278799226861, 34.776780088948051 ], [ 114.467174609781864, 34.776806880519622 ], [ 114.467103165590999, 34.776699714233338 ], [ 114.466963254050569, 34.77675329737648 ] ] ] ] } },
{ "type": "Feature", "properties": { "FID": 92, "layer": "2", "path": "D:/1 work/数据/树/2.shp" }, "geometry": { "type": "MultiPolygon", "coordinates": [ [ [ [ 114.466025549045511, 34.77496719260499 ], [ 114.466224997411672, 34.775044590478416 ], [ 114.466665569921958, 34.774645693746123 ], [ 114.466632824667812, 34.774431361173548 ], [ 114.46617736795109, 34.774714161095694 ], [ 114.466102946918951, 34.774818350540698 ], [ 114.466031502728086, 34.774761790556269 ], [ 114.466025549045511, 34.77496719260499 ] ] ] ] } },
{ "type": "Feature", "properties": { "FID": 93, "layer": "2", "path": "D:/1 work/数据/树/2.shp" }, "geometry": { "type": "MultiPolygon", "coordinates": [ [ [ [ 114.458681681593461, 34.773972927615532 ], [ 114.45897936572203, 34.773913390789815 ], [ 114.458949597309172, 34.772829820561789 ], [ 114.458604283720021, 34.772901264752647 ], [ 114.458651913180603, 34.773181087833514 ], [ 114.458729311054029, 34.773204902563798 ], [ 114.458681681593461, 34.773972927615532 ] ] ] ] } },
{ "type": "Feature", "properties": { "FID": 94, "layer": "2", "path": "D:/1 work/数据/树/2.shp" }, "geometry": { "type": "MultiPolygon", "coordinates": [ [ [ [ 114.458574515307163, 34.772811959514073 ], [ 114.458949597309172, 34.772770283736072 ], [ 114.458884106800895, 34.771853416620054 ], [ 114.458866245753157, 34.771284839934445 ], [ 114.458672751069571, 34.771362237807871 ], [ 114.458726334212713, 34.771746250333742 ], [ 114.458303622750137, 34.771850439778746 ], [ 114.458392927988712, 34.772073702875161 ], [ 114.458759079466859, 34.77192486081087 ], [ 114.458800755244866, 34.772014166049445 ], [ 114.458479256385999, 34.772165984955024 ], [ 114.458470325862137, 34.772552974322174 ], [ 114.458574515307163, 34.772811959514073 ] ] ] ] } },
{ "type": "Feature", "properties": { "FID": 95, "layer": "2", "path": "D:/1 work/数据/树/2.shp" }, "geometry": { "type": "MultiPolygon", "coordinates": [ [ [ [ 114.459991491759141, 34.768948019525091 ], [ 114.460682118937441, 34.768965880572807 ], [ 114.460682118937441, 34.769061139493957 ], [ 114.462093141706902, 34.769031371081098 ], [ 114.462140771167483, 34.768977787937949 ], [ 114.462313427962059, 34.769174259462815 ], [ 114.462724232059486, 34.769156398415099 ], [ 114.462700417329202, 34.768912297429665 ], [ 114.4622003079932, 34.768906343747091 ], [ 114.462111002754625, 34.768852760603949 ], [ 114.459973630711417, 34.768846806921374 ], [ 114.459991491759141, 34.768948019525091 ] ] ] ] } },
{ "type": "Feature", "properties": { "FID": 96, "layer": "2", "path": "D:/1 work/数据/树/2.shp" }, "geometry": { "type": "MultiPolygon", "coordinates": [ [ [ [ 114.371948433890566, 34.761648804692292 ], [ 114.373026050436025, 34.761678573105151 ], [ 114.373109401992025, 34.761032598546137 ], [ 114.371984155985999, 34.761005806974566 ], [ 114.371948433890566, 34.761648804692292 ] ] ] ] } },
{ "type": "Feature", "properties": { "FID": 97, "layer": "2", "path": "D:/1 work/数据/树/2.shp" }, "geometry": { "type": "MultiPolygon", "coordinates": [ [ [ [ 114.349306579070856, 34.73396120389318 ], [ 114.349601286358151, 34.733967157575755 ], [ 114.350032928344589, 34.733916551273893 ], [ 114.350062696757448, 34.733815338670176 ], [ 114.349985298884008, 34.733785570257318 ], [ 114.349684637914152, 34.733821292352751 ], [ 114.349577471627853, 34.733916551273893 ], [ 114.349446490611285, 34.733854037606896 ], [ 114.349339324325001, 34.733904643908751 ], [ 114.349306579070856, 34.73396120389318 ] ] ] ] } },
{ "type": "Feature", "properties": { "FID": 98, "layer": "2", "path": "D:/1 work/数据/树/2.shp" }, "geometry": { "type": "MultiPolygon", "coordinates": [ [ [ [ 114.349199412784586, 34.73344025666816 ], [ 114.349705475803162, 34.733288437762582 ], [ 114.349842410502305, 34.733312252492873 ], [ 114.350038882027178, 34.73321997041301 ], [ 114.349904924169309, 34.733130665174436 ], [ 114.349378023261721, 34.733231877778152 ], [ 114.349172621213015, 34.733368812477302 ], [ 114.349199412784586, 34.73344025666816 ] ] ] ] } },
{ "type": "Feature", "properties": { "FID": 99, "layer": "2", "path": "D:/1 work/数据/树/2.shp" }, "geometry": { "type": "MultiPolygon", "coordinates": [ [ [ [ 114.350714624999029, 34.734124930163894 ], [ 114.351059938588179, 34.734065393338177 ], [ 114.351077799635888, 34.733705195542598 ], [ 114.350833698650462, 34.733678403971027 ], [ 114.35064615764945, 34.733749848161885 ], [ 114.350714624999029, 34.734124930163894 ] ] ] ] } },
{ "type": "Feature", "properties": { "FID": 100, "layer": "2", "path": "D:/1 work/数据/树/2.shp" }, "geometry": { "type": "MultiPolygon", "coordinates": [ [ [ [ 114.349839433661003, 34.733312252492873 ], [ 114.34989897048672, 34.733434302985593 ], [ 114.350041858868437, 34.733452164033309 ], [ 114.350104372535441, 34.733901667067464 ], [ 114.350434801918155, 34.733851060765602 ], [ 114.350357404044729, 34.733767709209602 ], [ 114.350455639807166, 34.733734963955456 ], [ 114.350402056664009, 34.733383696683731 ], [ 114.350041858868437, 34.733222947254305 ], [ 114.349839433661003, 34.733312252492873 ] ] ] ] } },
{ "type": "Feature", "properties": { "FID": 101, "layer": "2", "path": "D:/1 work/数据/树/2.shp" }, "geometry": { "type": "MultiPolygon", "coordinates": [ [ [ [ 114.349122014911117, 34.733858502868799 ], [ 114.349257461189609, 34.733851060765581 ], [ 114.349266391713471, 34.733609936621434 ], [ 114.349130945434965, 34.73356677242279 ], [ 114.349122014911117, 34.733858502868799 ] ] ] ] } },
{ "type": "Feature", "properties": { "FID": 102, "layer": "2", "path": "D:/1 work/数据/树/2.shp" }, "geometry": { "type": "MultiPolygon", "coordinates": [ [ [ [ 114.3456986474324, 34.732508505345692 ], [ 114.345869815806338, 34.732508505345692 ], [ 114.346032053656401, 34.733029452570712 ], [ 114.345856420020539, 34.733109827285425 ], [ 114.345850466337964, 34.733157456746 ], [ 114.346023123132539, 34.733133642015709 ], [ 114.346210664133551, 34.733047313618421 ], [ 114.346320807261122, 34.733077082031279 ], [ 114.346460718801552, 34.732874656823846 ], [ 114.346419043023545, 34.73249659798055 ], [ 114.346302946213399, 34.732332871709836 ], [ 114.345624226400247, 34.73243706115484 ], [ 114.3456986474324, 34.732508505345692 ] ] ] ] } },
{ "type": "Feature", "properties": { "FID": 103, "layer": "2", "path": "D:/1 work/数据/树/2.shp" }, "geometry": { "type": "MultiPolygon", "coordinates": [ [ [ [ 114.345018439198583, 34.733263134611626 ], [ 114.345171746524798, 34.733285460921266 ], [ 114.345444127502461, 34.733240808301986 ], [ 114.345395009621242, 34.733096431499618 ], [ 114.34507946444495, 34.733145549380836 ], [ 114.345031834984368, 34.73318871357948 ], [ 114.345018439198583, 34.733263134611626 ] ] ] ] } },
{ "type": "Feature", "properties": { "FID": 104, "layer": "2", "path": "D:/1 work/数据/树/2.shp" }, "geometry": { "type": "MultiPolygon", "coordinates": [ [ [ [ 114.345424778034058, 34.733923993377083 ], [ 114.345765626361285, 34.73390762075001 ], [ 114.345811767401216, 34.733867433392653 ], [ 114.345968051568718, 34.73386594497201 ], [ 114.346054379966006, 34.734065393338156 ], [ 114.346256805173439, 34.734025205980799 ], [ 114.346186849403225, 34.73378557025729 ], [ 114.345701624273644, 34.733815338670148 ], [ 114.345421801192771, 34.73388827128165 ], [ 114.345424778034058, 34.733923993377083 ] ] ] ] } },
{ "type": "Feature", "properties": { "FID": 105, "layer": "2", "path": "D:/1 work/数据/树/2.shp" }, "geometry": { "type": "MultiPolygon", "coordinates": [ [ [ [ 114.343355873340428, 34.735006075184465 ], [ 114.345335472795469, 34.734925700469745 ], [ 114.345424778034044, 34.734782812088028 ], [ 114.345341426478043, 34.734610155293453 ], [ 114.344460281457458, 34.734663738436602 ], [ 114.343790492168154, 34.73469648369074 ], [ 114.343466016468, 34.734821511024748 ], [ 114.343355873340428, 34.735006075184465 ] ] ] ] } },
{ "type": "Feature", "properties": { "FID": 106, "layer": "2", "path": "D:/1 work/数据/树/2.shp" }, "geometry": { "type": "MultiPolygon", "coordinates": [ [ [ [ 114.343346942816567, 34.734881047850465 ], [ 114.343501738563432, 34.734747089992602 ], [ 114.34376667743787, 34.734666715277882 ], [ 114.344382883584018, 34.734601224769598 ], [ 114.34437395306017, 34.734255911180448 ], [ 114.3444305130446, 34.734005856512439 ], [ 114.34433525412345, 34.733344997746997 ], [ 114.343501738563418, 34.733475978763572 ], [ 114.343585090119433, 34.734607178452165 ], [ 114.343311220721134, 34.734625039499882 ], [ 114.343346942816567, 34.734881047850465 ] ] ] ] } },
{ "type": "Feature", "properties": { "FID": 107, "layer": "2", "path": "D:/1 work/数据/树/2.shp" }, "geometry": { "type": "MultiPolygon", "coordinates": [ [ [ [ 114.335607155473511, 34.746937255057894 ], [ 114.336369226842677, 34.746800320358744 ], [ 114.336339458429819, 34.746615756199027 ], [ 114.336116195333375, 34.746630640405456 ], [ 114.336107264809527, 34.746380585737448 ], [ 114.335806603839657, 34.746219836308015 ], [ 114.335651808092791, 34.746234720514444 ], [ 114.335654784934079, 34.74616923000616 ], [ 114.335598224949649, 34.746050156354727 ], [ 114.335806603839657, 34.746023364783156 ], [ 114.335785765950661, 34.74594894375101 ], [ 114.335627993362507, 34.745910244814297 ], [ 114.335568456536791, 34.745832846940864 ], [ 114.335437475520223, 34.74586856903629 ], [ 114.335523803917511, 34.746115646863011 ], [ 114.335571433378078, 34.746312118387877 ], [ 114.335642877568944, 34.746585987786169 ], [ 114.335488081822078, 34.746687200389886 ], [ 114.335607155473511, 34.746937255057894 ] ] ] ] } },
{ "type": "Feature", "properties": { "FID": 108, "layer": "2", "path": "D:/1 work/数据/树/2.shp" }, "geometry": { "type": "MultiPolygon", "coordinates": [ [ [ [ 114.336562721526207, 34.745591722796718 ], [ 114.337321816054086, 34.745484556510426 ], [ 114.337426005499083, 34.745410135478288 ], [ 114.337265256069657, 34.745130312397421 ], [ 114.336911011956644, 34.74516008081028 ], [ 114.336937803528215, 34.745451811256288 ], [ 114.336577605732629, 34.745529209129714 ], [ 114.336562721526207, 34.745591722796718 ] ] ] ] } },
{ "type": "Feature", "properties": { "FID": 109, "layer": "2", "path": "D:/1 work/数据/树/2.shp" }, "geometry": { "type": "MultiPolygon", "coordinates": [ [ [ [ 114.304522978767068, 34.815973181316622 ], [ 114.306059028870536, 34.817735471357807 ], [ 114.306761563413986, 34.817324667260365 ], [ 114.307237858019718, 34.817229408339223 ], [ 114.307339070623428, 34.816657854812348 ], [ 114.307279533797711, 34.816080347602906 ], [ 114.307077108590278, 34.815889829760614 ], [ 114.304862338673658, 34.815919598173473 ], [ 114.304522978767068, 34.815973181316622 ] ] ] ] } },
{ "type": "Feature", "properties": { "FID": 110, "layer": "2", "path": "D:/1 work/数据/树/2.shp" }, "geometry": { "type": "MultiPolygon", "coordinates": [ [ [ [ 114.302713059265301, 34.817598536658636 ], [ 114.3030702802196, 34.817497324054919 ], [ 114.303409640126176, 34.817515185102636 ], [ 114.303469176951893, 34.817402065133777 ], [ 114.303504899047326, 34.817146056783194 ], [ 114.303802583175894, 34.816985307353761 ], [ 114.304153850447619, 34.816973399988619 ], [ 114.304386044067911, 34.817253223069486 ], [ 114.304415812480769, 34.817461601959494 ], [ 114.304588469275345, 34.817574721928352 ], [ 114.30483852394336, 34.81756281456321 ], [ 114.305088578611361, 34.817396111451203 ], [ 114.305243374358227, 34.817384204086061 ], [ 114.30536244800966, 34.817604490341211 ], [ 114.305612502677661, 34.817604490341211 ], [ 114.305689900551087, 34.817741425040353 ], [ 114.305791113154811, 34.817681888214636 ], [ 114.304796848165353, 34.816443522239751 ], [ 114.302076015230142, 34.816884094750044 ], [ 114.302713059265301, 34.817598536658636 ] ] ] ] } },
{ "type": "Feature", "properties": { "FID": 111, "layer": "2", "path": "D:/1 work/数据/树/2.shp" }, "geometry": { "type": "MultiPolygon", "coordinates": [ [ [ [ 114.301182962844337, 34.814716954293942 ], [ 114.302838086599237, 34.814746722706801 ], [ 114.302826179234088, 34.813234487333617 ], [ 114.301230592304904, 34.813276163111624 ], [ 114.301177009161762, 34.813347607302482 ], [ 114.301182962844337, 34.814716954293942 ] ] ] ] } },
{ "type": "Feature", "properties": { "FID": 0, "layer": "3", "path": "D:/1 work/数据/树/3.shp" }, "geometry": { "type": "MultiPolygon", "coordinates": [ [ [ [ 114.312614033381763, 34.830208436345096 ], [ 114.31380476989608, 34.83023225107538 ], [ 114.314156037167805, 34.830196528979954 ], [ 114.314316786597232, 34.830089362693663 ], [ 114.314138176120082, 34.829214171355645 ], [ 114.31382263094379, 34.829107005069353 ], [ 114.313149864813198, 34.829160588212495 ], [ 114.312709292302912, 34.829505901801653 ], [ 114.31265570915977, 34.829976242724804 ], [ 114.312614033381763, 34.830208436345096 ] ] ] ] } },
{ "type": "Feature", "properties": { "FID": 1, "layer": "3", "path": "D:/1 work/数据/树/3.shp" }, "geometry": { "type": "MultiPolygon", "coordinates": [ [ [ [ 114.31442990656609, 34.830047686915663 ], [ 114.314804988568099, 34.829880983803662 ], [ 114.315126487426966, 34.829583299675079 ], [ 114.314233435041231, 34.829261800816212 ], [ 114.314400138153232, 34.830053640598237 ], [ 114.31442990656609, 34.830047686915663 ] ] ] ] } },
{ "type": "Feature", "properties": { "FID": 2, "layer": "3", "path": "D:/1 work/数据/树/3.shp" }, "geometry": { "type": "MultiPolygon", "coordinates": [ [ [ [ 114.311036307500302, 34.829672604913647 ], [ 114.310833882292869, 34.82965474386593 ], [ 114.310798160197436, 34.829857169073364 ], [ 114.311292315850878, 34.830279880535947 ], [ 114.312286580840336, 34.830279880535947 ], [ 114.312250858744903, 34.830148899519372 ], [ 114.311857915695171, 34.830148899519372 ], [ 114.311875776742895, 34.82991670589908 ], [ 114.311780517821745, 34.82991670589908 ], [ 114.311720980996029, 34.829684512278789 ], [ 114.31169121258317, 34.829690465961356 ], [ 114.311625722074879, 34.830119131106514 ], [ 114.311268501120594, 34.830119131106514 ], [ 114.311018446452579, 34.82989289116879 ], [ 114.311036307500302, 34.829672604913647 ] ] ] ] } },
{ "type": "Feature", "properties": { "FID": 3, "layer": "3", "path": "D:/1 work/数据/树/3.shp" }, "geometry": { "type": "MultiPolygon", "coordinates": [ [ [ [ 114.310881511753436, 34.829660697548498 ], [ 114.311917452520888, 34.829624975453072 ], [ 114.312167507188903, 34.829470179706206 ], [ 114.312179414554038, 34.829065329291339 ], [ 114.312078201950328, 34.829101051386772 ], [ 114.312072248267754, 34.829422550245638 ], [ 114.311917452520888, 34.829529716531923 ], [ 114.311000585404869, 34.829482087071355 ], [ 114.31098272435716, 34.829237986085921 ], [ 114.310827928610294, 34.829255847133631 ], [ 114.310881511753436, 34.829660697548498 ] ] ] ] } },
{ "type": "Feature", "properties": { "FID": 4, "layer": "3", "path": "D:/1 work/数据/树/3.shp" }, "geometry": { "type": "MultiPolygon", "coordinates": [ [ [ [ 114.310851743340578, 34.829124866117056 ], [ 114.311024400135153, 34.829112958751914 ], [ 114.310994631722295, 34.828184184270746 ], [ 114.311464972645453, 34.828172276905605 ], [ 114.311453065280304, 34.828094879032172 ], [ 114.31082197492772, 34.828130601127604 ], [ 114.310851743340578, 34.829124866117056 ] ] ] ] } },
{ "type": "Feature", "properties": { "FID": 5, "layer": "3", "path": "D:/1 work/数据/树/3.shp" }, "geometry": { "type": "MultiPolygon", "coordinates": [ [ [ [ 114.31152450947117, 34.828172276905605 ], [ 114.31213178509347, 34.828190137953321 ], [ 114.312096062998037, 34.829017699830771 ], [ 114.312256812427478, 34.829017699830771 ], [ 114.312429469222053, 34.828856950401338 ], [ 114.31239374712662, 34.82908914402163 ], [ 114.312435422904613, 34.829363013419922 ], [ 114.312471145000046, 34.829809539612789 ], [ 114.312340163983478, 34.829952427994506 ], [ 114.312173460871463, 34.829904798533931 ], [ 114.312125831410896, 34.829738095421931 ], [ 114.312250858744903, 34.829422550245638 ], [ 114.312173460871463, 34.829404689197922 ], [ 114.31197103566403, 34.829636882818214 ], [ 114.311875776742895, 34.830119131106514 ], [ 114.31248900604777, 34.830107223741365 ], [ 114.312691431255203, 34.829886937486222 ], [ 114.312536635508337, 34.829237986085921 ], [ 114.312828365954346, 34.829118912434488 ], [ 114.313012930114056, 34.82878550621048 ], [ 114.312733107033196, 34.82864857151133 ], [ 114.312685477572629, 34.828934348274764 ], [ 114.312596172334054, 34.828964116687622 ], [ 114.312602126016628, 34.828577127320472 ], [ 114.312536635508337, 34.828130601127604 ], [ 114.311536416836304, 34.828106786397321 ], [ 114.31152450947117, 34.828172276905605 ] ] ] ] } },
{ "type": "Feature", "properties": { "FID": 6, "layer": "3", "path": "D:/1 work/数据/树/3.shp" }, "geometry": { "type": "MultiPolygon", "coordinates": [ [ [ [ 114.313852399356662, 34.828575638899821 ], [ 114.314184317160027, 34.82867387466225 ], [ 114.314289995025675, 34.828401493684602 ], [ 114.314279576081162, 34.828139531651452 ], [ 114.313770536221298, 34.828121670603736 ], [ 114.313852399356662, 34.828575638899821 ] ] ] ] } },
{ "type": "Feature", "properties": { "FID": 7, "layer": "3", "path": "D:/1 work/数据/树/3.shp" }, "geometry": { "type": "MultiPolygon", "coordinates": [ [ [ [ 114.313822630943804, 34.827998131690386 ], [ 114.314248319247667, 34.82800408537296 ], [ 114.314147106643944, 34.827566489703948 ], [ 114.313715464657506, 34.827012797224789 ], [ 114.313328475290362, 34.827185454019364 ], [ 114.313304660560064, 34.827453369735089 ], [ 114.313703557292371, 34.827804637006807 ], [ 114.313822630943804, 34.827998131690386 ] ] ] ] } },
{ "type": "Feature", "properties": { "FID": 8, "layer": "3", "path": "D:/1 work/数据/树/3.shp" }, "geometry": { "type": "MultiPolygon", "coordinates": [ [ [ [ 114.311536416836319, 34.827908826451811 ], [ 114.310985701198447, 34.827935618023382 ], [ 114.310991654881008, 34.827718308609526 ], [ 114.310833882292869, 34.827718308609526 ], [ 114.310857697023152, 34.828066599039957 ], [ 114.311503671582173, 34.828057668516102 ], [ 114.311536416836319, 34.827908826451811 ] ] ] ] } },
{ "type": "Feature", "properties": { "FID": 9, "layer": "3", "path": "D:/1 work/数据/树/3.shp" }, "geometry": { "type": "MultiPolygon", "coordinates": [ [ [ [ 114.310854720181851, 34.82754267497365 ], [ 114.310964863309422, 34.827548628656224 ], [ 114.31096784015071, 34.827271782416645 ], [ 114.312241928221027, 34.827286666623074 ], [ 114.312069271426452, 34.827149731923924 ], [ 114.310997608563568, 34.827143778241357 ], [ 114.310988678039706, 34.826994936177066 ], [ 114.310905326483706, 34.826974098288062 ], [ 114.310917233848841, 34.826914561462345 ], [ 114.311075006436994, 34.826890746732062 ], [ 114.31101249276999, 34.82678358044577 ], [ 114.310842812816702, 34.826795487810919 ], [ 114.310854720181851, 34.82754267497365 ] ] ] ] } },
{ "type": "Feature", "properties": { "FID": 10, "layer": "3", "path": "D:/1 work/数据/树/3.shp" }, "geometry": { "type": "MultiPolygon", "coordinates": [ [ [ [ 114.310860673864397, 34.826741904667784 ], [ 114.31099909698419, 34.826738927826497 ], [ 114.310951467523608, 34.826436778435991 ], [ 114.310832393872175, 34.826445708959845 ], [ 114.310860673864397, 34.826741904667784 ] ] ] ] } },
{ "type": "Feature", "properties": { "FID": 11, "layer": "3", "path": "D:/1 work/数据/树/3.shp" }, "geometry": { "type": "MultiPolygon", "coordinates": [ [ [ [ 114.310862162285034, 34.825816107027912 ], [ 114.310990166460329, 34.825801222821482 ], [ 114.310957421206183, 34.825652380757198 ], [ 114.310903838063041, 34.825634519709482 ], [ 114.310918722269463, 34.825554144994761 ], [ 114.312130296672777, 34.82554223762962 ], [ 114.31210945878378, 34.825399349247903 ], [ 114.310969328571318, 34.825420187136906 ], [ 114.310835370713463, 34.825506515534194 ], [ 114.310862162285034, 34.825816107027912 ] ] ] ] } },
{ "type": "Feature", "properties": { "FID": 12, "layer": "3", "path": "D:/1 work/数据/树/3.shp" }, "geometry": { "type": "MultiPolygon", "coordinates": [ [ [ [ 114.31161827997164, 34.828057668516109 ], [ 114.312493471309665, 34.828045761150968 ], [ 114.312689942834524, 34.827923710658247 ], [ 114.312919159613529, 34.827572443386522 ], [ 114.312698873358386, 34.827533744449809 ], [ 114.312689942834524, 34.827375971861663 ], [ 114.312707803882248, 34.827259875051517 ], [ 114.312880460676823, 34.82725689821023 ], [ 114.312892368041958, 34.827102102463371 ], [ 114.312776271231812, 34.826858001477937 ], [ 114.312770317549237, 34.826643668905362 ], [ 114.312689942834524, 34.826688321524649 ], [ 114.31268398915195, 34.827087218256942 ], [ 114.312773294390524, 34.827054473002796 ], [ 114.312749479660241, 34.827200338225801 ], [ 114.312615521802385, 34.827203315067088 ], [ 114.312558961817956, 34.827203315067088 ], [ 114.312535147087672, 34.8270336351138 ], [ 114.312609568119811, 34.8270753108918 ], [ 114.312624452326247, 34.826738927826504 ], [ 114.31253812392896, 34.826694275207217 ], [ 114.312535147087644, 34.826402544761223 ], [ 114.312466679738066, 34.826417428967652 ], [ 114.31247263342064, 34.826881816208235 ], [ 114.312538123928931, 34.826902654097239 ], [ 114.312579799706938, 34.826953260399094 ], [ 114.312496448150924, 34.827048519320243 ], [ 114.312419050277498, 34.827048519320243 ], [ 114.31247263342064, 34.82767365599026 ], [ 114.312466679738066, 34.82789691908669 ], [ 114.311642094701909, 34.827905849610538 ], [ 114.31161827997164, 34.828057668516109 ] ] ] ] } },
{ "type": "Feature", "properties": { "FID": 13, "layer": "3", "path": "D:/1 work/数据/树/3.shp" }, "geometry": { "type": "MultiPolygon", "coordinates": [ [ [ [ 114.312502401833527, 34.826301332157492 ], [ 114.312937020661252, 34.826182258506059 ], [ 114.31296678907411, 34.825432094502041 ], [ 114.312317837673817, 34.825444001867183 ], [ 114.312305930308668, 34.825548191312187 ], [ 114.312779248073113, 34.825536283947045 ], [ 114.312773294390539, 34.82580419966277 ], [ 114.312874506994248, 34.825863736488479 ], [ 114.312871530152961, 34.825979833298625 ], [ 114.312740549136393, 34.826009601711483 ], [ 114.312499424992239, 34.826131652204204 ], [ 114.312323791356377, 34.826095930108771 ], [ 114.312323791356377, 34.825810153345337 ], [ 114.312237462959089, 34.825819083869199 ], [ 114.312237462959089, 34.826033416441774 ], [ 114.312282115578384, 34.826075092219774 ], [ 114.312276161895809, 34.826176304823491 ], [ 114.312192810339809, 34.826229887966633 ], [ 114.312291046102231, 34.826259656379492 ], [ 114.312502401833527, 34.826301332157492 ] ] ] ] } },
{ "type": "Feature", "properties": { "FID": 14, "layer": "3", "path": "D:/1 work/数据/树/3.shp" }, "geometry": { "type": "MultiPolygon", "coordinates": [ [ [ [ 114.315375053674344, 34.826533525777783 ], [ 114.316143078726071, 34.826512687888787 ], [ 114.316134148202224, 34.82558391340762 ], [ 114.315166674784336, 34.825640473392049 ], [ 114.31524704949905, 34.826182258506059 ], [ 114.315375053674344, 34.826533525777783 ] ] ] ] } },
{ "type": "Feature", "properties": { "FID": 15, "layer": "3", "path": "D:/1 work/数据/树/3.shp" }, "geometry": { "type": "MultiPolygon", "coordinates": [ [ [ [ 114.31550008100831, 34.826962190922927 ], [ 114.315610224135881, 34.82692051514492 ], [ 114.315363146309167, 34.82655734050806 ], [ 114.315232165292585, 34.826015555394044 ], [ 114.315157744260446, 34.825598797614035 ], [ 114.315270864229305, 34.825589867090173 ], [ 114.315291702118301, 34.825286229279023 ], [ 114.315190489514592, 34.825301113485452 ], [ 114.315184535832017, 34.825241576659735 ], [ 114.315824556708449, 34.825211808246891 ], [ 114.315800741978151, 34.8250629661826 ], [ 114.315196443197138, 34.82500640619817 ], [ 114.315193466355851, 34.824827795721028 ], [ 114.315023786402563, 34.824851610451312 ], [ 114.315029740085137, 34.825783361773766 ], [ 114.315220257927422, 34.826527572095216 ], [ 114.31550008100831, 34.826962190922927 ] ] ] ] } },
{ "type": "Feature", "properties": { "FID": 16, "layer": "3", "path": "D:/1 work/数据/树/3.shp" }, "geometry": { "type": "MultiPolygon", "coordinates": [ [ [ [ 114.315336354737568, 34.827250944527655 ], [ 114.315479243119285, 34.827170569812942 ], [ 114.315193466355851, 34.826819302541217 ], [ 114.315113091641138, 34.826884793049508 ], [ 114.315336354737568, 34.827250944527655 ] ] ] ] } },
{ "type": "Feature", "properties": { "FID": 17, "layer": "3", "path": "D:/1 work/数据/树/3.shp" }, "geometry": { "type": "MultiPolygon", "coordinates": [ [ [ [ 114.313725883601961, 34.825789315456326 ], [ 114.313681230982681, 34.825810153345337 ], [ 114.313648485728535, 34.826072115378473 ], [ 114.313809235157962, 34.826149513251906 ], [ 114.313901517237824, 34.826212026918903 ], [ 114.314151571905839, 34.826715113096206 ], [ 114.314258738192123, 34.826866932001778 ], [ 114.314205155048981, 34.827015774066069 ], [ 114.314059289825977, 34.827114009828499 ], [ 114.314095011921395, 34.827298573988216 ], [ 114.31417836347741, 34.827405740274507 ], [ 114.314294460287556, 34.82736108765522 ], [ 114.314342089748123, 34.827399786591933 ], [ 114.314535584431695, 34.82731941187722 ], [ 114.314526653907848, 34.827274759257932 ], [ 114.314860060131849, 34.827069357209211 ], [ 114.314928527481428, 34.827170569812928 ], [ 114.315127975847574, 34.827063403526644 ], [ 114.315023786402563, 34.82692051514492 ], [ 114.314880898020846, 34.826587108920918 ], [ 114.314449256034408, 34.826426359491485 ], [ 114.314353997113258, 34.826462081586911 ], [ 114.314187294001258, 34.826363845824481 ], [ 114.314145618223264, 34.826280494268481 ], [ 114.314068220349824, 34.82625370269691 ], [ 114.314071197191112, 34.826179281664764 ], [ 114.31391640144426, 34.826072115378473 ], [ 114.313898540396536, 34.825866713329759 ], [ 114.313725883601961, 34.825789315456326 ] ] ] ] } },
{ "type": "Feature", "properties": { "FID": 18, "layer": "3", "path": "D:/1 work/数据/树/3.shp" }, "geometry": { "type": "MultiPolygon", "coordinates": [ [ [ [ 114.31369313834783, 34.825723824948049 ], [ 114.313910447761685, 34.82580717650405 ], [ 114.313940216174544, 34.825881597536195 ], [ 114.313946169857118, 34.826003648028916 ], [ 114.314086081397548, 34.826143559569346 ], [ 114.314502839177564, 34.826340031094205 ], [ 114.314901735909856, 34.826554363666787 ], [ 114.315047601132861, 34.826878839366934 ], [ 114.315130952688861, 34.826741904667792 ], [ 114.31494341168785, 34.826122721680342 ], [ 114.314871967496998, 34.825479723962616 ], [ 114.313684207823968, 34.825441025025896 ], [ 114.31369313834783, 34.825723824948049 ] ] ] ] } },
{ "type": "Feature", "properties": { "FID": 19, "layer": "3", "path": "D:/1 work/数据/树/3.shp" }, "geometry": { "type": "MultiPolygon", "coordinates": [ [ [ [ 114.314111384548468, 34.826222445863408 ], [ 114.314200689787043, 34.826271563744626 ], [ 114.314214085572829, 34.826365334245132 ], [ 114.314356973954546, 34.826423382650205 ], [ 114.314471582344055, 34.826347473197416 ], [ 114.314102454024621, 34.826173327982197 ], [ 114.314111384548468, 34.826222445863408 ] ] ] ] } },
{ "type": "Feature", "properties": { "FID": 20, "layer": "3", "path": "D:/1 work/数据/树/3.shp" }, "geometry": { "type": "MultiPolygon", "coordinates": [ [ [ [ 114.315503057849554, 34.829522274428719 ], [ 114.315785857771715, 34.82962944071501 ], [ 114.315809672501999, 34.829444876555293 ], [ 114.315711436739562, 34.829221613458856 ], [ 114.315503057849554, 34.829522274428719 ] ] ] ] } },
{ "type": "Feature", "properties": { "FID": 21, "layer": "3", "path": "D:/1 work/数据/树/3.shp" }, "geometry": { "type": "MultiPolygon", "coordinates": [ [ [ [ 114.315806695660712, 34.829632417556297 ], [ 114.315988282979148, 34.829706838588443 ], [ 114.315988282979148, 34.829644324921439 ], [ 114.315916838788283, 34.829602649143439 ], [ 114.31591981562957, 34.82954608915901 ], [ 114.315827533549708, 34.829471668126864 ], [ 114.315806695660712, 34.829632417556297 ] ] ] ] } },
{ "type": "Feature", "properties": { "FID": 22, "layer": "3", "path": "D:/1 work/数据/树/3.shp" }, "geometry": { "type": "MultiPolygon", "coordinates": [ [ [ [ 114.316062704011287, 34.829739583842581 ], [ 114.316294897631579, 34.829825912239876 ], [ 114.316419924965587, 34.82972767647744 ], [ 114.316702724887733, 34.829617533349868 ], [ 114.316955756397022, 34.829572880730581 ], [ 114.316955756397022, 34.829391293412151 ], [ 114.316652118585878, 34.829328779745147 ], [ 114.316568767029878, 34.829334733427714 ], [ 114.316634257538155, 34.829566927048006 ], [ 114.316440762854583, 34.82967111649301 ], [ 114.316229407123288, 34.829730653318727 ], [ 114.316137125043426, 34.829653255445294 ], [ 114.316062704011287, 34.829739583842581 ] ] ] ] } },
{ "type": "Feature", "properties": { "FID": 23, "layer": "3", "path": "D:/1 work/数据/树/3.shp" }, "geometry": { "type": "MultiPolygon", "coordinates": [ [ [ [ 114.316152009249862, 34.829656232286581 ], [ 114.31627703658387, 34.829691954382014 ], [ 114.316390156552728, 34.829668139651723 ], [ 114.316556859664729, 34.829575857571868 ], [ 114.316580674395013, 34.829480598650719 ], [ 114.316536021775732, 34.829310918697431 ], [ 114.316437786013296, 34.82926924291943 ], [ 114.316330619727012, 34.829316872380005 ], [ 114.316229407123288, 34.829364501840573 ], [ 114.316169870297571, 34.829331756586434 ], [ 114.316044842963578, 34.829307941856143 ], [ 114.315848371438705, 34.829352594475431 ], [ 114.315898977740574, 34.82948952917458 ], [ 114.316029958757142, 34.829480598650719 ], [ 114.316143078726, 34.829510367063577 ], [ 114.316152009249862, 34.829656232286581 ] ] ] ] } },
{ "type": "Feature", "properties": { "FID": 24, "layer": "3", "path": "D:/1 work/数据/树/3.shp" }, "geometry": { "type": "MultiPolygon", "coordinates": [ [ [ [ 114.315839440914857, 34.829340687110289 ], [ 114.316086518741571, 34.829278173443285 ], [ 114.316152009249862, 34.829290080808434 ], [ 114.316229407123288, 34.829328779745147 ], [ 114.316268106060008, 34.829328779745147 ], [ 114.316357411298583, 34.829266266078143 ], [ 114.316452670219732, 34.829233520823998 ], [ 114.316586628077587, 34.829331756586434 ], [ 114.316649141744591, 34.829319849221285 ], [ 114.316643188062017, 34.82928412712586 ], [ 114.316464577584867, 34.829182914522143 ], [ 114.316223453440713, 34.829072771394571 ], [ 114.316012097709432, 34.828834624091705 ], [ 114.316113310313142, 34.82848335681998 ], [ 114.315967445090138, 34.828492287343842 ], [ 114.315869209327715, 34.828941790377996 ], [ 114.315732274628559, 34.829194821887285 ], [ 114.315839440914857, 34.829340687110289 ] ] ] ] } },
{ "type": "Feature", "properties": { "FID": 25, "layer": "3", "path": "D:/1 work/数据/树/3.shp" }, "geometry": { "type": "MultiPolygon", "coordinates": [ [ [ [ 114.316949802714447, 34.829361524999278 ], [ 114.316967663762171, 34.828769133583407 ], [ 114.317140320556746, 34.828757226218265 ], [ 114.317119482667735, 34.82848633366126 ], [ 114.316113310313142, 34.828477403137406 ], [ 114.316000190344283, 34.828816763043982 ], [ 114.316235360805862, 34.829060864029415 ], [ 114.316455647061005, 34.829123377696419 ], [ 114.31670570172902, 34.829307941856136 ], [ 114.316949802714447, 34.829361524999278 ] ] ] ] } },
{ "type": "Feature", "properties": { "FID": 26, "layer": "3", "path": "D:/1 work/数据/树/3.shp" }, "geometry": { "type": "MultiPolygon", "coordinates": [ [ [ [ 114.317193903699888, 34.828760203059552 ], [ 114.31733083839903, 34.828742342011836 ], [ 114.317318931033881, 34.82858456942369 ], [ 114.317497541511031, 34.828587546264977 ], [ 114.317488610987184, 34.828492287343828 ], [ 114.317199857382462, 34.828495264185115 ], [ 114.317193903699888, 34.828760203059552 ] ] ] ] } },
{ "type": "Feature", "properties": { "FID": 27, "layer": "3", "path": "D:/1 work/数据/树/3.shp" }, "geometry": { "type": "MultiPolygon", "coordinates": [ [ [ [ 114.316012097709375, 34.828173765326255 ], [ 114.317449912050421, 34.828167811643688 ], [ 114.317426097320123, 34.828072552722546 ], [ 114.316128194519521, 34.828066599039971 ], [ 114.316050796646095, 34.82791775697568 ], [ 114.315961491407521, 34.827887988562821 ], [ 114.316012097709375, 34.828173765326255 ] ] ] ] } },
{ "type": "Feature", "properties": { "FID": 28, "layer": "3", "path": "D:/1 work/数据/树/3.shp" }, "geometry": { "type": "MultiPolygon", "coordinates": [ [ [ [ 114.31597339877267, 34.827846312784821 ], [ 114.316080565058954, 34.827822498054537 ], [ 114.315675714644087, 34.82703065827252 ], [ 114.315550687310079, 34.827048519320229 ], [ 114.31597339877267, 34.827846312784821 ] ] ] ] } },
{ "type": "Feature", "properties": { "FID": 29, "layer": "3", "path": "D:/1 work/数据/树/3.shp" }, "geometry": { "type": "MultiPolygon", "coordinates": [ [ [ [ 114.346131777838934, 34.811991656096694 ], [ 114.346608072444653, 34.811902350858126 ], [ 114.34656639666666, 34.811682064602977 ], [ 114.346113916791211, 34.811753508793835 ], [ 114.346131777838934, 34.811991656096694 ] ] ] ] } },
{ "type": "Feature", "properties": { "FID": 30, "layer": "3", "path": "D:/1 work/数据/树/3.shp" }, "geometry": { "type": "MultiPolygon", "coordinates": [ [ [ [ 114.344905319229184, 34.811741601428693 ], [ 114.345286354913767, 34.811896397175552 ], [ 114.345589992724911, 34.811789230889261 ], [ 114.345351845422059, 34.811503454125827 ], [ 114.344869597133751, 34.811509407808401 ], [ 114.344905319229184, 34.811741601428693 ] ] ] ] } },
{ "type": "Feature", "properties": { "FID": 31, "layer": "3", "path": "D:/1 work/数据/树/3.shp" }, "geometry": { "type": "MultiPolygon", "coordinates": [ [ [ [ 114.344780291895177, 34.811437963617543 ], [ 114.345405428565201, 34.811420102569826 ], [ 114.345411382247775, 34.811128372123818 ], [ 114.345560224312067, 34.81087831745581 ], [ 114.345679297963486, 34.810800919582384 ], [ 114.345554270629492, 34.810544911231801 ], [ 114.345286354913767, 34.810604448057518 ], [ 114.345226818088051, 34.810818780630093 ], [ 114.345203003357767, 34.811009298472385 ], [ 114.34516132757976, 34.81109860371096 ], [ 114.34506011497605, 34.811134325806393 ], [ 114.345012485515468, 34.811211723679818 ], [ 114.344845782403468, 34.811205769997251 ], [ 114.344732662434609, 34.811330797331252 ], [ 114.344780291895177, 34.811437963617543 ] ] ] ] } },
{ "type": "Feature", "properties": { "FID": 32, "layer": "3", "path": "D:/1 work/数据/树/3.shp" }, "geometry": { "type": "MultiPolygon", "coordinates": [ [ [ [ 114.35287730019256, 34.814644021682312 ], [ 114.353901333594848, 34.815334648860599 ], [ 114.354520516582284, 34.815930017117758 ], [ 114.354961089092583, 34.816668273756633 ], [ 114.355074209061442, 34.816632551661201 ], [ 114.354466933439141, 34.815691869814891 ], [ 114.353812028356273, 34.815078640510016 ], [ 114.353020188574249, 34.814644021682291 ], [ 114.35287730019256, 34.814644021682312 ] ] ] ] } },
{ "type": "Feature", "properties": { "FID": 33, "layer": "3", "path": "D:/1 work/数据/树/3.shp" }, "geometry": { "type": "MultiPolygon", "coordinates": [ [ [ [ 114.353044003304561, 34.814626160634575 ], [ 114.353931102007721, 34.815126269970584 ], [ 114.354788432298022, 34.815108408922868 ], [ 114.355645762588338, 34.815084594192584 ], [ 114.35606252036834, 34.815031011049442 ], [ 114.355973215129765, 34.814108190250842 ], [ 114.355550503667189, 34.813536636723974 ], [ 114.354776524932888, 34.813465192533116 ], [ 114.35447288712173, 34.813697386153407 ], [ 114.354193064040871, 34.813393748342257 ], [ 114.35341908530657, 34.813512821993683 ], [ 114.353377409528562, 34.813369933611966 ], [ 114.353270243242278, 34.813381840977115 ], [ 114.353466714767137, 34.814620206952 ], [ 114.353044003304561, 34.814626160634575 ] ] ] ] } },
{ "type": "Feature", "properties": { "FID": 34, "layer": "3", "path": "D:/1 work/数据/树/3.shp" }, "geometry": { "type": "MultiPolygon", "coordinates": [ [ [ [ 114.351534744772621, 34.814024838694813 ], [ 114.352659990778648, 34.814596392221688 ], [ 114.352749296017222, 34.814542809078546 ], [ 114.351600235280912, 34.813887903995671 ], [ 114.351534744772621, 34.814024838694813 ] ] ] ] } },
{ "type": "Feature", "properties": { "FID": 35, "layer": "3", "path": "D:/1 work/数据/树/3.shp" }, "geometry": { "type": "MultiPolygon", "coordinates": [ [ [ [ 114.333724303359745, 34.869879311740064 ], [ 114.334700707301479, 34.869426831864629 ], [ 114.335700925973512, 34.868652853130321 ], [ 114.340904444541067, 34.867223969313144 ], [ 114.340904444541067, 34.86691437781942 ], [ 114.341273572860501, 34.866700045246844 ], [ 114.341249758130218, 34.866533342134836 ], [ 114.340690111968485, 34.866819118898277 ], [ 114.3404995941262, 34.867081080931428 ], [ 114.337879973794699, 34.867724078649154 ], [ 114.336284386865515, 34.868164651159454 ], [ 114.335843814355229, 34.868343261636596 ], [ 114.33504602089063, 34.868974351989188 ], [ 114.333724303359745, 34.869879311740064 ] ] ] ] } },
{ "type": "Feature", "properties": { "FID": 36, "layer": "3", "path": "D:/1 work/数据/树/3.shp" }, "geometry": { "type": "MultiPolygon", "coordinates": [ [ [ [ 114.49241375862249, 34.693269271936764 ], [ 114.49319964472194, 34.69368602971678 ], [ 114.495735913497427, 34.693138290920189 ], [ 114.495724006132292, 34.693031124633904 ], [ 114.493342533103657, 34.693495511874488 ], [ 114.492485202813356, 34.693114476189905 ], [ 114.49241375862249, 34.693269271936764 ] ] ] ] } },
{ "type": "Feature", "properties": { "FID": 37, "layer": "3", "path": "D:/1 work/数据/树/3.shp" }, "geometry": { "type": "MultiPolygon", "coordinates": [ [ [ [ 114.49215179658934, 34.692590552123605 ], [ 114.492497110178491, 34.692507200567604 ], [ 114.492175611319624, 34.691399815609287 ], [ 114.491961278747056, 34.69151888926072 ], [ 114.49215179658934, 34.692590552123605 ] ] ] ] } },
{ "type": "Feature", "properties": { "FID": 38, "layer": "3", "path": "D:/1 work/数据/树/3.shp" }, "geometry": { "type": "MultiPolygon", "coordinates": [ [ [ [ 114.487025675895211, 34.695882938585697 ], [ 114.487930635646094, 34.69547808817083 ], [ 114.488192597679244, 34.695013700930254 ], [ 114.488002079836946, 34.694704109436529 ], [ 114.487632951517512, 34.694638618928238 ], [ 114.48740075789722, 34.694716016801671 ], [ 114.487210240054935, 34.694906534643962 ], [ 114.48712093481636, 34.695251848233113 ], [ 114.487025675895211, 34.695882938585697 ] ] ] ] } },
{ "type": "Feature", "properties": { "FID": 39, "layer": "3", "path": "D:/1 work/数据/树/3.shp" }, "geometry": { "type": "MultiPolygon", "coordinates": [ [ [ [ 114.485695027840478, 34.696448538429983 ], [ 114.48662975600422, 34.696058572221546 ], [ 114.486480913939928, 34.695192311407375 ], [ 114.486224905589353, 34.695826378601254 ], [ 114.485706935205627, 34.696362210032696 ], [ 114.485695027840478, 34.696448538429983 ] ] ] ] } },
{ "type": "Feature", "properties": { "FID": 40, "layer": "3", "path": "D:/1 work/数据/树/3.shp" }, "geometry": { "type": "MultiPolygon", "coordinates": [ [ [ [ 114.484974632249319, 34.697871468564578 ], [ 114.485474741585335, 34.69771667281772 ], [ 114.485552139458761, 34.698169152693161 ], [ 114.485623583649627, 34.698187013740871 ], [ 114.485528324728477, 34.697692858087429 ], [ 114.485933175143344, 34.697561877070854 ], [ 114.485718842570762, 34.696883157257695 ], [ 114.485242547965044, 34.697067721417419 ], [ 114.484909141741028, 34.697407081323995 ], [ 114.484974632249319, 34.697871468564578 ] ] ] ] } },
{ "type": "Feature", "properties": { "FID": 41, "layer": "3", "path": "D:/1 work/数据/树/3.shp" }, "geometry": { "type": "MultiPolygon", "coordinates": [ [ [ [ 114.486064156159912, 34.697502340245144 ], [ 114.486534497083071, 34.697305868720278 ], [ 114.486236812954502, 34.69701413827427 ], [ 114.485808147809337, 34.696906971987985 ], [ 114.486064156159912, 34.697502340245144 ] ] ] ] } },
{ "type": "Feature", "properties": { "FID": 42, "layer": "3", "path": "D:/1 work/数据/树/3.shp" }, "geometry": { "type": "MultiPolygon", "coordinates": [ [ [ [ 114.48741266526234, 34.697686904404847 ], [ 114.48759127573949, 34.697597599166272 ], [ 114.487251915832914, 34.696138946936237 ], [ 114.487823469359782, 34.695960336459088 ], [ 114.488448606029806, 34.695942475411371 ], [ 114.488930854318099, 34.695757911251654 ], [ 114.488537911268367, 34.694650526293344 ], [ 114.488436698664657, 34.695228033502787 ], [ 114.488073524027797, 34.695567393409362 ], [ 114.48706735167319, 34.69601391960223 ], [ 114.48741266526234, 34.697686904404847 ] ] ] ] } },
{ "type": "Feature", "properties": { "FID": 43, "layer": "3", "path": "D:/1 work/数据/树/3.shp" }, "geometry": { "type": "MultiPolygon", "coordinates": [ [ [ [ 114.4890975574301, 34.693501465556992 ], [ 114.489945957196554, 34.693293086666991 ], [ 114.4897881846084, 34.692935865712691 ], [ 114.489782230925826, 34.692650088949257 ], [ 114.489636365702822, 34.692346451138107 ], [ 114.489433940495388, 34.692405987963824 ], [ 114.489332727891679, 34.692578644758399 ], [ 114.489416079447679, 34.693299040349558 ], [ 114.489294028954959, 34.693409183477137 ], [ 114.489094580588812, 34.693441928731282 ], [ 114.4890975574301, 34.693501465556992 ] ] ] ] } },
{ "type": "Feature", "properties": { "FID": 44, "layer": "3", "path": "D:/1 work/数据/树/3.shp" }, "geometry": { "type": "MultiPolygon", "coordinates": [ [ [ [ 114.488383115521486, 34.692508688988163 ], [ 114.488578098625709, 34.692437244797304 ], [ 114.488457536553625, 34.69216932908158 ], [ 114.488280414497126, 34.692209516438943 ], [ 114.488383115521486, 34.692508688988163 ] ] ] ] } },
{ "type": "Feature", "properties": { "FID": 45, "layer": "3", "path": "D:/1 work/数据/树/3.shp" }, "geometry": { "type": "MultiPolygon", "coordinates": [ [ [ [ 114.48913625636682, 34.691105108321914 ], [ 114.489491988900468, 34.691018779924626 ], [ 114.48942352155089, 34.690676443176756 ], [ 114.489018671136023, 34.690810401034618 ], [ 114.48913625636682, 34.691105108321914 ] ] ] ] } },
{ "type": "Feature", "properties": { "FID": 46, "layer": "3", "path": "D:/1 work/数据/树/3.shp" }, "geometry": { "type": "MultiPolygon", "coordinates": [ [ [ [ 114.48751387786605, 34.692236308010507 ], [ 114.487924681963491, 34.692144025930645 ], [ 114.487769886216626, 34.691664754483639 ], [ 114.487132842181467, 34.691730244991923 ], [ 114.487171541118187, 34.691876110214928 ], [ 114.487344197912762, 34.691902901786499 ], [ 114.48751387786605, 34.692236308010507 ] ] ] ] } },
{ "type": "Feature", "properties": { "FID": 47, "layer": "3", "path": "D:/1 work/数据/树/3.shp" }, "geometry": { "type": "MultiPolygon", "coordinates": [ [ [ [ 114.487082235879612, 34.692075558581074 ], [ 114.487245962150325, 34.692030905961786 ], [ 114.487171541118187, 34.691879087056215 ], [ 114.487034606419044, 34.691932670199357 ], [ 114.487082235879612, 34.692075558581074 ] ] ] ] } },
{ "type": "Feature", "properties": { "FID": 48, "layer": "3", "path": "D:/1 work/数据/树/3.shp" }, "geometry": { "type": "MultiPolygon", "coordinates": [ [ [ [ 114.487734164121193, 34.691643916594636 ], [ 114.488127107170925, 34.691575449245065 ], [ 114.488109246123216, 34.691426607180773 ], [ 114.487683557819338, 34.69148614400649 ], [ 114.487734164121193, 34.691643916594636 ] ] ] ] } },
{ "type": "Feature", "properties": { "FID": 49, "layer": "3", "path": "D:/1 work/数据/树/3.shp" }, "geometry": { "type": "MultiPolygon", "coordinates": [ [ [ [ 114.486986976958462, 34.692772139441949 ], [ 114.487305498976042, 34.692679857362087 ], [ 114.486924463291473, 34.691768943928636 ], [ 114.486460076050889, 34.691768943928636 ], [ 114.486650593893174, 34.692828699426379 ], [ 114.486760737020759, 34.693322855079828 ], [ 114.486924463291473, 34.693590770795545 ], [ 114.487028652736484, 34.693507419239545 ], [ 114.486799435957479, 34.692926935188815 ], [ 114.48682622752905, 34.692804884696095 ], [ 114.486986976958462, 34.692772139441949 ] ] ] ] } },
{ "type": "Feature", "properties": { "FID": 50, "layer": "3", "path": "D:/1 work/数据/树/3.shp" }, "geometry": { "type": "MultiPolygon", "coordinates": [ [ [ [ 114.488204505044337, 34.693272248777959 ], [ 114.488442652347203, 34.693224619317384 ], [ 114.488499212331632, 34.693075777253092 ], [ 114.488124130329624, 34.693182943539384 ], [ 114.488204505044337, 34.693272248777959 ] ] ] ] } },
{ "type": "Feature", "properties": { "FID": 51, "layer": "3", "path": "D:/1 work/数据/树/3.shp" }, "geometry": { "type": "MultiPolygon", "coordinates": [ [ [ [ 114.509959261160887, 34.694501684228968 ], [ 114.510977340880615, 34.694090880131526 ], [ 114.510840406181472, 34.693543141334942 ], [ 114.510447463131754, 34.693644353938659 ], [ 114.510197408463739, 34.693108522507217 ], [ 114.509792558048872, 34.693215688793508 ], [ 114.509929492748029, 34.693822964415808 ], [ 114.509756835953439, 34.693942038067235 ], [ 114.509959261160887, 34.694501684228968 ] ] ] ] } },
{ "type": "Feature", "properties": { "FID": 52, "layer": "3", "path": "D:/1 work/数据/树/3.shp" }, "geometry": { "type": "MultiPolygon", "coordinates": [ [ [ [ 114.50965562334973, 34.692977541490635 ], [ 114.509840187509454, 34.692953726760351 ], [ 114.50973897490573, 34.692644135266626 ], [ 114.510143825320597, 34.692542922662909 ], [ 114.509887816970021, 34.691858249167176 ], [ 114.510167640050881, 34.691566518721167 ], [ 114.510667749386897, 34.691471259800025 ], [ 114.510560583100613, 34.691221205132017 ], [ 114.509923539065454, 34.691364093513734 ], [ 114.509989029573745, 34.6915188892606 ], [ 114.50965562334973, 34.691590333451458 ], [ 114.50955441074602, 34.691483167165167 ], [ 114.509179328743997, 34.691554611356025 ], [ 114.50929840239543, 34.6921261648829 ], [ 114.509524642333162, 34.692673903679484 ], [ 114.50965562334973, 34.692977541490635 ] ] ] ] } },
{ "type": "Feature", "properties": { "FID": 53, "layer": "3", "path": "D:/1 work/数据/树/3.shp" }, "geometry": { "type": "MultiPolygon", "coordinates": [ [ [ [ 114.510852313546621, 34.691399815609159 ], [ 114.512965870859531, 34.690917567320859 ], [ 114.512805121430105, 34.690292430650842 ], [ 114.512644372000665, 34.690298384333417 ], [ 114.512751538286949, 34.69082230839971 ], [ 114.510745147260337, 34.691185483036577 ], [ 114.510852313546621, 34.691399815609159 ] ] ] ] } },
{ "type": "Feature", "properties": { "FID": 54, "layer": "3", "path": "D:/1 work/数据/树/3.shp" }, "geometry": { "type": "MultiPolygon", "coordinates": [ [ [ [ 114.513117689765082, 34.690980080987849 ], [ 114.513647567513956, 34.690884822066707 ], [ 114.513468957036807, 34.69021800961869 ], [ 114.51296289401823, 34.690307314857264 ], [ 114.513117689765082, 34.690980080987849 ] ] ] ] } },
{ "type": "Feature", "properties": { "FID": 55, "layer": "3", "path": "D:/1 work/数据/树/3.shp" }, "geometry": { "type": "MultiPolygon", "coordinates": [ [ [ [ 114.512837866684222, 34.693635423414776 ], [ 114.513165319225664, 34.693552071858775 ], [ 114.513076013987089, 34.69320080458705 ], [ 114.513278439194522, 34.693141267761334 ], [ 114.513260578146799, 34.693022194109901 ], [ 114.51270093198508, 34.693105545665908 ], [ 114.512837866684222, 34.693635423414776 ] ] ] ] } },
{ "type": "Feature", "properties": { "FID": 56, "layer": "3", "path": "D:/1 work/数据/树/3.shp" }, "geometry": { "type": "MultiPolygon", "coordinates": [ [ [ [ 114.511801925916743, 34.696156807983819 ], [ 114.512483622571196, 34.696016896443382 ], [ 114.512578881492331, 34.696219321650815 ], [ 114.512888472986063, 34.69614192377739 ], [ 114.512665209889619, 34.695475111329372 ], [ 114.511617361757033, 34.695635860758799 ], [ 114.511801925916743, 34.696156807983819 ] ] ] ] } },
{ "type": "Feature", "properties": { "FID": 57, "layer": "3", "path": "D:/1 work/数据/树/3.shp" }, "geometry": { "type": "MultiPolygon", "coordinates": [ [ [ [ 114.511519125994596, 34.696386024762823 ], [ 114.511795972234168, 34.696350302667391 ], [ 114.511700713313033, 34.696130016412241 ], [ 114.511474473375316, 34.696156807983819 ], [ 114.511519125994596, 34.696386024762823 ] ] ] ] } },
{ "type": "Feature", "properties": { "FID": 58, "layer": "3", "path": "D:/1 work/数据/树/3.shp" }, "geometry": { "type": "MultiPolygon", "coordinates": [ [ [ [ 114.510155732685703, 34.698654377822606 ], [ 114.510435555766577, 34.698559118901464 ], [ 114.510501046274854, 34.698827034617182 ], [ 114.510629050450149, 34.698785358839181 ], [ 114.510527837846425, 34.69841325367846 ], [ 114.510328389480279, 34.698466836821602 ], [ 114.510209315828845, 34.698163199010452 ], [ 114.510420671560141, 34.698064963248022 ], [ 114.510346250528002, 34.697871468564443 ], [ 114.509971168525993, 34.697981611692022 ], [ 114.5100932190187, 34.698600794679464 ], [ 114.510155732685703, 34.698654377822606 ] ] ] ] } },
{ "type": "Feature", "properties": { "FID": 59, "layer": "3", "path": "D:/1 work/数据/树/3.shp" }, "geometry": { "type": "MultiPolygon", "coordinates": [ [ [ [ 114.510789799879575, 34.698734752537327 ], [ 114.511021993499867, 34.698684146235465 ], [ 114.510938641943866, 34.698303110550881 ], [ 114.510623096767574, 34.698386462106889 ], [ 114.510632027291436, 34.698469813662889 ], [ 114.510742170419007, 34.698460883139028 ], [ 114.510789799879575, 34.698734752537327 ] ] ] ] } },
{ "type": "Feature", "properties": { "FID": 60, "layer": "3", "path": "D:/1 work/数据/树/3.shp" }, "geometry": { "type": "MultiPolygon", "coordinates": [ [ [ [ 114.511027947182441, 34.698344786328875 ], [ 114.51184360169475, 34.69807389377187 ], [ 114.511775134345172, 34.697990542215869 ], [ 114.511590570185447, 34.697984588533295 ], [ 114.511513172312021, 34.697761325436865 ], [ 114.511072599801722, 34.697835746469003 ], [ 114.511042831388863, 34.697758348595578 ], [ 114.51117976608802, 34.697725603341432 ], [ 114.511135113468725, 34.697582714959715 ], [ 114.510911850372295, 34.69763332126157 ], [ 114.510980317721859, 34.698175106375587 ], [ 114.511027947182441, 34.698344786328875 ] ] ] ] } },
{ "type": "Feature", "properties": { "FID": 61, "layer": "3", "path": "D:/1 work/数据/树/3.shp" }, "geometry": { "type": "MultiPolygon", "coordinates": [ [ [ [ 114.514111954754526, 34.692507200567455 ], [ 114.51461504093183, 34.692405987963738 ], [ 114.514409638883109, 34.691899924945155 ], [ 114.513924413753514, 34.692036859644304 ], [ 114.514111954754526, 34.692507200567455 ] ] ] ] } },
{ "type": "Feature", "properties": { "FID": 62, "layer": "3", "path": "D:/1 work/数据/树/3.shp" }, "geometry": { "type": "MultiPolygon", "coordinates": [ [ [ [ 114.522381619846414, 34.685496739339406 ], [ 114.523000802833863, 34.685446133037544 ], [ 114.522848983928284, 34.684651316414239 ], [ 114.522220870416987, 34.684666200620669 ], [ 114.522381619846414, 34.685496739339406 ] ] ] ] } },
{ "type": "Feature", "properties": { "FID": 63, "layer": "3", "path": "D:/1 work/数据/树/3.shp" }, "geometry": { "type": "MultiPolygon", "coordinates": [ [ [ [ 114.522316129338094, 34.680400387058135 ], [ 114.522843030245667, 34.680471831248994 ], [ 114.522846007086955, 34.68014437870756 ], [ 114.522292314607796, 34.680156286072702 ], [ 114.522316129338094, 34.680400387058135 ] ] ] ] } },
{ "type": "Feature", "properties": { "FID": 64, "layer": "3", "path": "D:/1 work/数据/树/3.shp" }, "geometry": { "type": "MultiPolygon", "coordinates": [ [ [ [ 114.522932335484242, 34.680287267089277 ], [ 114.523509842693684, 34.680305128136993 ], [ 114.523480074280826, 34.680549229122427 ], [ 114.523634870027692, 34.680528391233423 ], [ 114.523617008979983, 34.679968745071676 ], [ 114.52344137534412, 34.678914943256508 ], [ 114.523328255375262, 34.678941734828079 ], [ 114.523465190074404, 34.680064003992825 ], [ 114.522911497595246, 34.680129494501109 ], [ 114.522932335484242, 34.680287267089277 ] ] ] ] } },
{ "type": "Feature", "properties": { "FID": 65, "layer": "3", "path": "D:/1 work/数据/树/3.shp" }, "geometry": { "type": "MultiPolygon", "coordinates": [ [ [ [ 114.521289119094519, 34.67954305676782 ], [ 114.521935093653539, 34.679483519942103 ], [ 114.521893417875532, 34.679340631560386 ], [ 114.521274234888082, 34.679403145227383 ], [ 114.521289119094519, 34.67954305676782 ] ] ] ] } },
{ "type": "Feature", "properties": { "FID": 66, "layer": "3", "path": "D:/1 work/数据/树/3.shp" }, "geometry": { "type": "MultiPolygon", "coordinates": [ [ [ [ 114.522030352574674, 34.679465658894387 ], [ 114.522435202989541, 34.679423983116386 ], [ 114.522744794483273, 34.679423983116386 ], [ 114.522729910276837, 34.679346585242953 ], [ 114.522423295624407, 34.679343608401666 ], [ 114.522399480894123, 34.679162021083236 ], [ 114.522536415593265, 34.679126298987804 ], [ 114.52232505986197, 34.679096530574952 ], [ 114.522348874592254, 34.679319793671382 ], [ 114.521964862066397, 34.679316816830095 ], [ 114.521970815748958, 34.679450774687957 ], [ 114.522030352574674, 34.679465658894387 ] ] ] ] } },
{ "type": "Feature", "properties": { "FID": 67, "layer": "3", "path": "D:/1 work/数据/树/3.shp" }, "geometry": { "type": "MultiPolygon", "coordinates": [ [ [ [ 114.521241489633951, 34.679147136876807 ], [ 114.52244711035469, 34.679025086384087 ], [ 114.522432226148268, 34.678992341129948 ], [ 114.521247443316511, 34.679078669527236 ], [ 114.521241489633951, 34.679147136876807 ] ] ] ] } },
{ "type": "Feature", "properties": { "FID": 68, "layer": "3", "path": "D:/1 work/数据/树/3.shp" }, "geometry": { "type": "MultiPolygon", "coordinates": [ [ [ [ 114.520083498373722, 34.680787376425272 ], [ 114.520244247803163, 34.680796306949127 ], [ 114.520190664660007, 34.68041527126455 ], [ 114.52008647521501, 34.680418248105838 ], [ 114.520083498373722, 34.680787376425272 ] ] ] ] } },
{ "type": "Feature", "properties": { "FID": 69, "layer": "3", "path": "D:/1 work/数据/树/3.shp" }, "geometry": { "type": "MultiPolygon", "coordinates": [ [ [ [ 114.519425616449539, 34.681266647872292 ], [ 114.519607203767976, 34.68125771734843 ], [ 114.519550643783546, 34.680709978551846 ], [ 114.519407755401829, 34.680721885916988 ], [ 114.519425616449539, 34.681266647872292 ] ] ] ] } },
{ "type": "Feature", "properties": { "FID": 70, "layer": "3", "path": "D:/1 work/数据/树/3.shp" }, "geometry": { "type": "MultiPolygon", "coordinates": [ [ [ [ 114.519687578482703, 34.681248786824561 ], [ 114.519872142642413, 34.681251763665848 ], [ 114.519764976356129, 34.68069807118669 ], [ 114.519636972180834, 34.680712955393119 ], [ 114.519687578482703, 34.681248786824561 ] ] ] ] } },
{ "type": "Feature", "properties": { "FID": 71, "layer": "3", "path": "D:/1 work/数据/树/3.shp" }, "geometry": { "type": "MultiPolygon", "coordinates": [ [ [ [ 114.519494828009414, 34.680546252281125 ], [ 114.519671950065927, 34.680543275439845 ], [ 114.519677903748487, 34.680596858582987 ], [ 114.519770185828349, 34.680601323844918 ], [ 114.519721067947131, 34.680241126049332 ], [ 114.519636227970494, 34.680247079731906 ], [ 114.519655577438854, 34.680384014431056 ], [ 114.519476966961705, 34.680398898637485 ], [ 114.519494828009414, 34.680546252281125 ] ] ] ] } },
{ "type": "Feature", "properties": { "FID": 72, "layer": "3", "path": "D:/1 work/数据/树/3.shp" }, "geometry": { "type": "MultiPolygon", "coordinates": [ [ [ [ 114.518210320994598, 34.681546470953123 ], [ 114.518454421980039, 34.681486934127413 ], [ 114.51840381567817, 34.681168412109834 ], [ 114.518237112566169, 34.681192226840118 ], [ 114.51822520520102, 34.680796306949105 ], [ 114.518368093582751, 34.680790353266538 ], [ 114.518356186217602, 34.680945149013397 ], [ 114.51848716723417, 34.680945149013397 ], [ 114.518478236710322, 34.680790353266538 ], [ 114.518588379837894, 34.680796306949105 ], [ 114.518585402996607, 34.680668302773817 ], [ 114.518418699884606, 34.680677233297672 ], [ 114.518183529423027, 34.68070402486925 ], [ 114.518159714692743, 34.680266429200238 ], [ 114.517975150533019, 34.680305128136951 ], [ 114.518118038914736, 34.681311300491551 ], [ 114.518210320994598, 34.681546470953123 ] ] ] ] } },
{ "type": "Feature", "properties": { "FID": 73, "layer": "3", "path": "D:/1 work/数据/树/3.shp" }, "geometry": { "type": "MultiPolygon", "coordinates": [ [ [ [ 114.518427630408453, 34.68058197437653 ], [ 114.518621125092039, 34.680534344915955 ], [ 114.518573495631458, 34.680331919708522 ], [ 114.518513958805741, 34.680260475517663 ], [ 114.518391908313035, 34.680382526010384 ], [ 114.518427630408453, 34.68058197437653 ] ] ] ] } },
{ "type": "Feature", "properties": { "FID": 74, "layer": "3", "path": "D:/1 work/数据/树/3.shp" }, "geometry": { "type": "MultiPolygon", "coordinates": [ [ [ [ 114.518725314537008, 34.680626626995824 ], [ 114.518829503982019, 34.68061769647197 ], [ 114.518832480823306, 34.680328942867249 ], [ 114.518680661917728, 34.680349780756252 ], [ 114.518725314537008, 34.680626626995824 ] ] ] ] } },
{ "type": "Feature", "properties": { "FID": 75, "layer": "3", "path": "D:/1 work/数据/树/3.shp" }, "geometry": { "type": "MultiPolygon", "coordinates": [ [ [ [ 114.51867768507644, 34.68074272380597 ], [ 114.518761036632441, 34.68073974696469 ], [ 114.518740198743444, 34.680665325932544 ], [ 114.518671731393866, 34.680665325932544 ], [ 114.51867768507644, 34.68074272380597 ] ] ] ] } },
{ "type": "Feature", "properties": { "FID": 76, "layer": "3", "path": "D:/1 work/数据/树/3.shp" }, "geometry": { "type": "MultiPolygon", "coordinates": [ [ [ [ 114.518966438681161, 34.680855843774836 ], [ 114.519052767078449, 34.680867751139978 ], [ 114.519037882872027, 34.680677233297686 ], [ 114.518936670268303, 34.680695094345403 ], [ 114.518966438681161, 34.680855843774836 ] ] ] ] } },
{ "type": "Feature", "properties": { "FID": 77, "layer": "3", "path": "D:/1 work/数据/树/3.shp" }, "geometry": { "type": "MultiPolygon", "coordinates": [ [ [ [ 114.517873937929281, 34.681647683556847 ], [ 114.518162691534002, 34.681620891985276 ], [ 114.518112085232147, 34.681320231015413 ], [ 114.517993011580714, 34.681317254174125 ], [ 114.517998965263274, 34.681486934127413 ], [ 114.517933474754997, 34.681495864651275 ], [ 114.51793049791371, 34.681338092063129 ], [ 114.517737003230124, 34.681355953110838 ], [ 114.51780844742099, 34.681629822509137 ], [ 114.517873937929281, 34.681647683556847 ] ] ] ] } },
{ "type": "Feature", "properties": { "FID": 78, "layer": "3", "path": "D:/1 work/数据/树/3.shp" }, "geometry": { "type": "MultiPolygon", "coordinates": [ [ [ [ 114.519234354396914, 34.681126736331819 ], [ 114.519365335413482, 34.681123759490532 ], [ 114.519338543841911, 34.680811191155527 ], [ 114.519290914381344, 34.680817144838102 ], [ 114.519284960698769, 34.680965986902386 ], [ 114.519240308079475, 34.680992778473964 ], [ 114.519234354396914, 34.681126736331819 ] ] ] ] } },
{ "type": "Feature", "properties": { "FID": 79, "layer": "3", "path": "D:/1 work/数据/树/3.shp" }, "geometry": { "type": "MultiPolygon", "coordinates": [ [ [ [ 114.517665559039301, 34.681710197223815 ], [ 114.517772725325585, 34.681692336176106 ], [ 114.517448249625431, 34.680462900725068 ], [ 114.517409550688726, 34.680474808090217 ], [ 114.517534578022719, 34.681192226840089 ], [ 114.517665559039301, 34.681710197223815 ] ] ] ] } },
{ "type": "Feature", "properties": { "FID": 80, "layer": "3", "path": "D:/1 work/数据/树/3.shp" }, "geometry": { "type": "MultiPolygon", "coordinates": [ [ [ [ 114.51660282670025, 34.681214553149729 ], [ 114.516963024495823, 34.681165435268518 ], [ 114.516933256082964, 34.681083572133154 ], [ 114.516599849858963, 34.681137155276303 ], [ 114.51660282670025, 34.681214553149729 ] ] ] ] } },
{ "type": "Feature", "properties": { "FID": 81, "layer": "3", "path": "D:/1 work/数据/树/3.shp" }, "geometry": { "type": "MultiPolygon", "coordinates": [ [ [ [ 114.516452496215308, 34.681153527903383 ], [ 114.516568593025454, 34.68113269001438 ], [ 114.516535847771308, 34.681025523728096 ], [ 114.516943675027463, 34.680957056378517 ], [ 114.516919860297179, 34.680879658505091 ], [ 114.516384028865744, 34.680974917426234 ], [ 114.516452496215308, 34.681153527903383 ] ] ] ] } },
{ "type": "Feature", "properties": { "FID": 82, "layer": "3", "path": "D:/1 work/数据/树/3.shp" }, "geometry": { "type": "MultiPolygon", "coordinates": [ [ [ [ 114.516586454073177, 34.681549447794403 ], [ 114.51672338877232, 34.681549447794403 ], [ 114.51690199924947, 34.681442281508112 ], [ 114.516872230836611, 34.681320231015398 ], [ 114.516693620359462, 34.681344045745682 ], [ 114.516660875105316, 34.681483957286112 ], [ 114.516586454073177, 34.681549447794403 ] ] ] ] } },
{ "type": "Feature", "properties": { "FID": 83, "layer": "3", "path": "D:/1 work/数据/树/3.shp" }, "geometry": { "type": "MultiPolygon", "coordinates": [ [ [ [ 114.516101228943597, 34.681659590921974 ], [ 114.516229233118878, 34.681638753032978 ], [ 114.516160765769314, 34.681367860475966 ], [ 114.516011923705022, 34.681382744682395 ], [ 114.516101228943597, 34.681659590921974 ] ] ] ] } },
{ "type": "Feature", "properties": { "FID": 84, "layer": "3", "path": "D:/1 work/数据/树/3.shp" }, "geometry": { "type": "MultiPolygon", "coordinates": [ [ [ [ 114.516251559428554, 34.681259205769031 ], [ 114.516337887825841, 34.68127408997546 ], [ 114.516194999444124, 34.680827563782593 ], [ 114.516117601570684, 34.680839471147735 ], [ 114.516251559428554, 34.681259205769031 ] ] ] ] } },
{ "type": "Feature", "properties": { "FID": 85, "layer": "3", "path": "D:/1 work/数据/树/3.shp" }, "geometry": { "type": "MultiPolygon", "coordinates": [ [ [ [ 114.515641306964966, 34.681175854213031 ], [ 114.515816940600828, 34.681163946847889 ], [ 114.515733589044828, 34.680979382688164 ], [ 114.515614515393395, 34.680982359529452 ], [ 114.515641306964966, 34.681175854213031 ] ] ] ] } },
{ "type": "Feature", "properties": { "FID": 86, "layer": "3", "path": "D:/1 work/数据/树/3.shp" }, "geometry": { "type": "MultiPolygon", "coordinates": [ [ [ [ 114.516022342649549, 34.681038919513881 ], [ 114.516174161555114, 34.681024035307452 ], [ 114.516108671046837, 34.680845424830309 ], [ 114.515989597395404, 34.680857332195451 ], [ 114.516022342649549, 34.681038919513881 ] ] ] ] } },
{ "type": "Feature", "properties": { "FID": 87, "layer": "3", "path": "D:/1 work/数据/树/3.shp" }, "geometry": { "type": "MultiPolygon", "coordinates": [ [ [ [ 114.515709774314544, 34.680907938497306 ], [ 114.5160104352844, 34.680824586941306 ], [ 114.515980666871542, 34.680702536448592 ], [ 114.515709774314544, 34.680762073274309 ], [ 114.515709774314544, 34.680907938497306 ] ] ] ] } },
{ "type": "Feature", "properties": { "FID": 88, "layer": "3", "path": "D:/1 work/数据/树/3.shp" }, "geometry": { "type": "MultiPolygon", "coordinates": [ [ [ [ 114.51533171547122, 34.681425908881032 ], [ 114.515468650170362, 34.681422932039752 ], [ 114.515391252296936, 34.681062734244165 ], [ 114.515297481796424, 34.681096967918954 ], [ 114.51533171547122, 34.681425908881032 ] ] ] ] } },
{ "type": "Feature", "properties": { "FID": 89, "layer": "3", "path": "D:/1 work/数据/树/3.shp" }, "geometry": { "type": "MultiPolygon", "coordinates": [ [ [ [ 114.515557955408909, 34.68230110021905 ], [ 114.516144393142213, 34.682198399194689 ], [ 114.516101228943569, 34.681976624518896 ], [ 114.515956852141201, 34.681966205574398 ], [ 114.515983643712772, 34.682140350789616 ], [ 114.515843732172343, 34.682138862368973 ], [ 114.515819917442059, 34.681992997145969 ], [ 114.515514791210265, 34.682065929757471 ], [ 114.515557955408909, 34.68230110021905 ] ] ] ] } },
{ "type": "Feature", "properties": { "FID": 90, "layer": "3", "path": "D:/1 work/数据/树/3.shp" }, "geometry": { "type": "MultiPolygon", "coordinates": [ [ [ [ 114.515680005901629, 34.681914110851906 ], [ 114.515760380616342, 34.681906668748688 ], [ 114.515761869036993, 34.682003416090481 ], [ 114.51590475741871, 34.681958763471194 ], [ 114.515855639537492, 34.6817786645734 ], [ 114.515672563798418, 34.681815875089477 ], [ 114.515680005901629, 34.681914110851906 ] ] ] ] } },
{ "type": "Feature", "properties": { "FID": 91, "layer": "3", "path": "D:/1 work/数据/树/3.shp" }, "geometry": { "type": "MultiPolygon", "coordinates": [ [ [ [ 114.515267713383551, 34.679327235774551 ], [ 114.515877965847139, 34.679217092646979 ], [ 114.515836290069146, 34.679106949519408 ], [ 114.515217107081696, 34.679240907377263 ], [ 114.515267713383551, 34.679327235774551 ] ] ] ] } },
{ "type": "Feature", "properties": { "FID": 92, "layer": "3", "path": "D:/1 work/数据/树/3.shp" }, "geometry": { "type": "MultiPolygon", "coordinates": [ [ [ [ 114.51601787738754, 34.678728890676112 ], [ 114.516110159467402, 34.678731867517399 ], [ 114.516083367895831, 34.678410368658533 ], [ 114.515994062657256, 34.678443113912678 ], [ 114.51601787738754, 34.678728890676112 ] ] ] ] } },
{ "type": "Feature", "properties": { "FID": 93, "layer": "3", "path": "D:/1 work/数据/树/3.shp" }, "geometry": { "type": "MultiPolygon", "coordinates": [ [ [ [ 114.515800567973685, 34.678434183388823 ], [ 114.515925595307678, 34.678428229706249 ], [ 114.51591666478383, 34.67831510973739 ], [ 114.515764845878252, 34.678312132896103 ], [ 114.515800567973685, 34.678434183388823 ] ] ] ] } },
{ "type": "Feature", "properties": { "FID": 94, "layer": "3", "path": "D:/1 work/数据/树/3.shp" }, "geometry": { "type": "MultiPolygon", "coordinates": [ [ [ [ 114.513466724405546, 34.67903104006664 ], [ 114.513588774898267, 34.679007225336356 ], [ 114.513442909675263, 34.67863512017562 ], [ 114.513410164421117, 34.678527953889329 ], [ 114.513341697071539, 34.678563675984755 ], [ 114.513386349690819, 34.678783962239912 ], [ 114.513466724405546, 34.67903104006664 ] ] ] ] } },
{ "type": "Feature", "properties": { "FID": 95, "layer": "3", "path": "D:/1 work/数据/树/3.shp" }, "geometry": { "type": "MultiPolygon", "coordinates": [ [ [ [ 114.51862856719525, 34.679421006275092 ], [ 114.518738710322836, 34.679444821005376 ], [ 114.518625590353963, 34.678861360113345 ], [ 114.518539261956676, 34.678873267478487 ], [ 114.51862856719525, 34.679421006275092 ] ] ] ] } },
{ "type": "Feature", "properties": { "FID": 96, "layer": "3", "path": "D:/1 work/数据/树/3.shp" }, "geometry": { "type": "MultiPolygon", "coordinates": [ [ [ [ 114.515974713188839, 34.677812023560058 ], [ 114.516084856316411, 34.677809046718771 ], [ 114.516132485776993, 34.67736252052589 ], [ 114.515938991093407, 34.677341682636886 ], [ 114.515974713188839, 34.677812023560058 ] ] ] ] } },
{ "type": "Feature", "properties": { "FID": 97, "layer": "3", "path": "D:/1 work/数据/树/3.shp" }, "geometry": { "type": "MultiPolygon", "coordinates": [ [ [ [ 114.51040801998424, 34.677249400557017 ], [ 114.510726542001834, 34.677267261604733 ], [ 114.510812870399121, 34.676722499649415 ], [ 114.510297876856669, 34.676713569125553 ], [ 114.51040801998424, 34.677249400557017 ] ] ] ] } },
{ "type": "Feature", "properties": { "FID": 98, "layer": "3", "path": "D:/1 work/数据/树/3.shp" }, "geometry": { "type": "MultiPolygon", "coordinates": [ [ [ [ 114.507693140731519, 34.678648515961399 ], [ 114.507967010129818, 34.678624701231108 ], [ 114.507353780824928, 34.676582588108992 ], [ 114.507062050378906, 34.676606402839276 ], [ 114.507693140731519, 34.678648515961399 ] ] ] ] } },
{ "type": "Feature", "properties": { "FID": 99, "layer": "3", "path": "D:/1 work/数据/树/3.shp" }, "geometry": { "type": "MultiPolygon", "coordinates": [ [ [ [ 114.497607602454892, 34.683161407350788 ], [ 114.498613774809513, 34.682941121095631 ], [ 114.498476840110371, 34.682577946458757 ], [ 114.498840014747245, 34.682530316998182 ], [ 114.498810246334386, 34.682256447599876 ], [ 114.497405177247444, 34.682149281313585 ], [ 114.497607602454892, 34.683161407350788 ] ] ] ] } },
{ "type": "Feature", "properties": { "FID": 100, "layer": "3", "path": "D:/1 work/数据/树/3.shp" }, "geometry": { "type": "MultiPolygon", "coordinates": [ [ [ [ 114.498973972605114, 34.682263889703094 ], [ 114.499310355670417, 34.682263889703094 ], [ 114.499292494622708, 34.681978112939646 ], [ 114.499155559923551, 34.681888807701071 ], [ 114.499075185208838, 34.682052533971792 ], [ 114.498935273668394, 34.682085279225937 ], [ 114.498973972605114, 34.682263889703094 ] ] ] ] } },
{ "type": "Feature", "properties": { "FID": 101, "layer": "3", "path": "D:/1 work/数据/树/3.shp" }, "geometry": { "type": "MultiPolygon", "coordinates": [ [ [ [ 114.499724136609132, 34.681966205574504 ], [ 114.500161732278158, 34.682118024480083 ], [ 114.500149824913009, 34.681826294034067 ], [ 114.499691391354986, 34.681814386668925 ], [ 114.499724136609132, 34.681966205574504 ] ] ] ] } },
{ "type": "Feature", "properties": { "FID": 102, "layer": "3", "path": "D:/1 work/数据/树/3.shp" }, "geometry": { "type": "MultiPolygon", "coordinates": [ [ [ [ 114.499340124083247, 34.682531805418819 ], [ 114.499480035623691, 34.682525851736251 ], [ 114.499465151417255, 34.682390405457738 ], [ 114.499587201909975, 34.682369567568742 ], [ 114.499593155592549, 34.682256447599876 ], [ 114.499289517781392, 34.682278773909516 ], [ 114.499273145154319, 34.682397847560956 ], [ 114.499353519869032, 34.682418685449953 ], [ 114.499340124083247, 34.682531805418819 ] ] ] ] } },
{ "type": "Feature", "properties": { "FID": 103, "layer": "3", "path": "D:/1 work/数据/树/3.shp" }, "geometry": { "type": "MultiPolygon", "coordinates": [ [ [ [ 114.498850433691715, 34.683868407156183 ], [ 114.498987368390857, 34.683844592425899 ], [ 114.498993322073432, 34.683189687343003 ], [ 114.498784943183423, 34.683198617866857 ], [ 114.498850433691715, 34.683868407156183 ] ] ] ] } },
{ "type": "Feature", "properties": { "FID": 104, "layer": "3", "path": "D:/1 work/数据/树/3.shp" }, "geometry": { "type": "MultiPolygon", "coordinates": [ [ [ [ 114.499316309352949, 34.685380642529417 ], [ 114.49946515141724, 34.685353850957846 ], [ 114.499500873512673, 34.685252638354122 ], [ 114.499664599783401, 34.685222869941263 ], [ 114.499670553465975, 34.685079981559539 ], [ 114.499828326054129, 34.685077004718252 ], [ 114.499831302895416, 34.684937093177815 ], [ 114.499715206085256, 34.684937093177815 ], [ 114.499483012464964, 34.684946023701677 ], [ 114.499459197734666, 34.685157379432972 ], [ 114.499307378829087, 34.685175240480689 ], [ 114.499316309352949, 34.685380642529417 ] ] ] ] } },
{ "type": "Feature", "properties": { "FID": 105, "layer": "3", "path": "D:/1 work/数据/树/3.shp" }, "geometry": { "type": "MultiPolygon", "coordinates": [ [ [ [ 114.499477058782389, 34.684916255288819 ], [ 114.499822372371554, 34.684874579510819 ], [ 114.499831302895416, 34.684648339573087 ], [ 114.49968246083111, 34.684642385890513 ], [ 114.499673530307263, 34.684758482700666 ], [ 114.499483012464964, 34.684782297430949 ], [ 114.499477058782389, 34.684916255288819 ] ] ] ] } },
{ "type": "Feature", "properties": { "FID": 106, "layer": "3", "path": "D:/1 work/数据/树/3.shp" }, "geometry": { "type": "MultiPolygon", "coordinates": [ [ [ [ 114.500641003725136, 34.684856718463095 ], [ 114.500914873123449, 34.68486267214567 ], [ 114.50086426682158, 34.684559034334512 ], [ 114.500655887931572, 34.684582849064796 ], [ 114.500641003725136, 34.684856718463095 ] ] ] ] } },
{ "type": "Feature", "properties": { "FID": 107, "layer": "3", "path": "D:/1 work/数据/树/3.shp" }, "geometry": { "type": "MultiPolygon", "coordinates": [ [ [ [ 114.501138136219879, 34.684990676320965 ], [ 114.501510241380615, 34.684910301606244 ], [ 114.501566801365044, 34.685026398416397 ], [ 114.501679921333917, 34.68498472263839 ], [ 114.501614430825626, 34.684713830081378 ], [ 114.501284001442897, 34.684743598494236 ], [ 114.501266140395174, 34.684633455366658 ], [ 114.500956548901442, 34.684657270096942 ], [ 114.501138136219879, 34.684990676320965 ] ] ] ] } },
{ "type": "Feature", "properties": { "FID": 108, "layer": "3", "path": "D:/1 work/数据/树/3.shp" }, "geometry": { "type": "MultiPolygon", "coordinates": [ [ [ [ 114.502961451507474, 34.681775687732213 ], [ 114.503151969349773, 34.681754849843209 ], [ 114.503184714603918, 34.681859039288213 ], [ 114.50329485773149, 34.681844155081784 ], [ 114.503229367223199, 34.681355953110902 ], [ 114.502875123110186, 34.681436327825615 ], [ 114.502961451507474, 34.681775687732213 ] ] ] ] } },
{ "type": "Feature", "properties": { "FID": 109, "layer": "3", "path": "D:/1 work/数据/树/3.shp" }, "geometry": { "type": "MultiPolygon", "coordinates": [ [ [ [ 114.502764979982601, 34.68138572152376 ], [ 114.503059687269911, 34.681373814158611 ], [ 114.503000150444194, 34.681213064729178 ], [ 114.503208529334202, 34.681195203681462 ], [ 114.503196621969053, 34.681117805808029 ], [ 114.502747118934892, 34.681189249998887 ], [ 114.502764979982601, 34.68138572152376 ] ] ] ] } },
{ "type": "Feature", "properties": { "FID": 110, "layer": "3", "path": "D:/1 work/数据/树/3.shp" }, "geometry": { "type": "MultiPolygon", "coordinates": [ [ [ [ 114.503561285026606, 34.681668521445928 ], [ 114.503867899679051, 34.681626845667928 ], [ 114.503891714409335, 34.681507772016495 ], [ 114.503969112282775, 34.681463119397201 ], [ 114.504055440680062, 34.68171912774779 ], [ 114.504174514331496, 34.681725081430365 ], [ 114.50392445966348, 34.680891565870311 ], [ 114.503817293377196, 34.680924311124457 ], [ 114.503811339694622, 34.681016593204319 ], [ 114.503412442962315, 34.681091014236465 ], [ 114.503436257692599, 34.681189249998901 ], [ 114.503891714409335, 34.681096967919039 ], [ 114.5039631586002, 34.681388698365055 ], [ 114.503710127090898, 34.681483957286204 ], [ 114.503549377661457, 34.681552424635782 ], [ 114.503561285026606, 34.681668521445928 ] ] ] ] } },
{ "type": "Feature", "properties": { "FID": 111, "layer": "3", "path": "D:/1 work/数据/树/3.shp" }, "geometry": { "type": "MultiPolygon", "coordinates": [ [ [ [ 114.502909356784997, 34.682064441336927 ], [ 114.503007592547434, 34.682049557130497 ], [ 114.503055222008001, 34.682118024480069 ], [ 114.50294507888043, 34.68214481605164 ], [ 114.502962939928139, 34.682210306559931 ], [ 114.503210017754867, 34.68214481605164 ], [ 114.503177272500722, 34.68184415508177 ], [ 114.502870657848277, 34.681891784542344 ], [ 114.502909356784997, 34.682064441336927 ] ] ] ] } },
{ "type": "Feature", "properties": { "FID": 112, "layer": "3", "path": "D:/1 work/数据/树/3.shp" }, "geometry": { "type": "MultiPolygon", "coordinates": [ [ [ [ 114.503483887153195, 34.682246028655364 ], [ 114.503713103932199, 34.682246028655364 ], [ 114.503632729217486, 34.681990020304774 ], [ 114.503388628232045, 34.682019788717639 ], [ 114.503483887153195, 34.682246028655364 ] ] ] ] } },
{ "type": "Feature", "properties": { "FID": 113, "layer": "3", "path": "D:/1 work/数据/树/3.shp" }, "geometry": { "type": "MultiPolygon", "coordinates": [ [ [ [ 114.503257647215449, 34.682892003214398 ], [ 114.503415419803602, 34.682892003214398 ], [ 114.50336779034302, 34.682716369578529 ], [ 114.503233832485165, 34.682749114832674 ], [ 114.503257647215449, 34.682892003214398 ] ] ] ] } },
{ "type": "Feature", "properties": { "FID": 114, "layer": "3", "path": "D:/1 work/数据/树/3.shp" }, "geometry": { "type": "MultiPolygon", "coordinates": [ [ [ [ 114.503391605073304, 34.682585388561954 ], [ 114.503534493455035, 34.682555620149095 ], [ 114.503483887153166, 34.682338310735226 ], [ 114.503355882977885, 34.682391893878368 ], [ 114.503391605073304, 34.682585388561954 ] ] ] ] } },
{ "type": "Feature", "properties": { "FID": 115, "layer": "3", "path": "D:/1 work/数据/树/3.shp" }, "geometry": { "type": "MultiPolygon", "coordinates": [ [ [ [ 114.500245083834116, 34.681963228733203 ], [ 114.501846624445932, 34.681829270875333 ], [ 114.501816856033074, 34.681731035112904 ], [ 114.500215315421258, 34.681856062446911 ], [ 114.500245083834116, 34.681963228733203 ] ] ] ] } },
{ "type": "Feature", "properties": { "FID": 116, "layer": "3", "path": "D:/1 work/数据/树/3.shp" }, "geometry": { "type": "MultiPolygon", "coordinates": [ [ [ [ 114.502623580021591, 34.683165872612697 ], [ 114.502811121022603, 34.683150988406268 ], [ 114.502766468403308, 34.682829489547387 ], [ 114.502555112672013, 34.682906887420828 ], [ 114.502623580021591, 34.683165872612697 ] ] ] ] } },
{ "type": "Feature", "properties": { "FID": 117, "layer": "3", "path": "D:/1 work/数据/树/3.shp" }, "geometry": { "type": "MultiPolygon", "coordinates": [ [ [ [ 114.501483449809101, 34.6827431611501 ], [ 114.501751365524825, 34.682725300102383 ], [ 114.501733504477116, 34.682528828577517 ], [ 114.50205798017727, 34.682478222275655 ], [ 114.502046072812135, 34.682412731767364 ], [ 114.501453681396242, 34.682513944371088 ], [ 114.501412005618235, 34.682552643307801 ], [ 114.501260186712656, 34.682558596990376 ], [ 114.501269117236518, 34.682609203292238 ], [ 114.50146261192009, 34.682582411720666 ], [ 114.501483449809101, 34.6827431611501 ] ] ] ] } },
{ "type": "Feature", "properties": { "FID": 118, "layer": "3", "path": "D:/1 work/数据/树/3.shp" }, "geometry": { "type": "MultiPolygon", "coordinates": [ [ [ [ 114.500670772138022, 34.683020007389679 ], [ 114.501007155203325, 34.682981308452966 ], [ 114.501004178362038, 34.682823535864813 ], [ 114.500715424757317, 34.682877119007962 ], [ 114.500685656344459, 34.682728276943664 ], [ 114.500605281629731, 34.682737207467525 ], [ 114.500670772138022, 34.683020007389679 ] ] ] ] } },
{ "type": "Feature", "properties": { "FID": 119, "layer": "3", "path": "D:/1 work/数据/树/3.shp" }, "geometry": { "type": "MultiPolygon", "coordinates": [ [ [ [ 114.50027782908829, 34.682710415895947 ], [ 114.50119171936305, 34.682618133816085 ], [ 114.501206603569486, 34.682564550672943 ], [ 114.500274852247003, 34.682668740117947 ], [ 114.50027782908829, 34.682710415895947 ] ] ] ] } },
{ "type": "Feature", "properties": { "FID": 120, "layer": "3", "path": "D:/1 work/数据/树/3.shp" }, "geometry": { "type": "MultiPolygon", "coordinates": [ [ [ [ 114.500474300613178, 34.682141839210345 ], [ 114.501114321489638, 34.682073371860774 ], [ 114.501093483600641, 34.681960251891908 ], [ 114.500477277454465, 34.68201085819377 ], [ 114.500474300613178, 34.682141839210345 ] ] ] ] } },
{ "type": "Feature", "properties": { "FID": 121, "layer": "3", "path": "D:/1 work/数据/树/3.shp" }, "geometry": { "type": "MultiPolygon", "coordinates": [ [ [ [ 114.501886811803303, 34.681790571938599 ], [ 114.502029700185034, 34.681781641414737 ], [ 114.502008862296023, 34.681677451969733 ], [ 114.501860020231732, 34.681683405652308 ], [ 114.501886811803303, 34.681790571938599 ] ] ] ] } },
{ "type": "Feature", "properties": { "FID": 122, "layer": "3", "path": "D:/1 work/数据/树/3.shp" }, "geometry": { "type": "MultiPolygon", "coordinates": [ [ [ [ 114.502172588566751, 34.681873923494607 ], [ 114.502389897980621, 34.68185606244689 ], [ 114.502360129567762, 34.681739965636737 ], [ 114.502148773836467, 34.68173698879545 ], [ 114.502172588566751, 34.681873923494607 ] ] ] ] } },
{ "type": "Feature", "properties": { "FID": 123, "layer": "3", "path": "D:/1 work/数据/树/3.shp" }, "geometry": { "type": "MultiPolygon", "coordinates": [ [ [ [ 114.50206988754239, 34.682088256067189 ], [ 114.502191938035111, 34.682074860281404 ], [ 114.502154727519041, 34.681937925582254 ], [ 114.502043095970819, 34.681963228733181 ], [ 114.50206988754239, 34.682088256067189 ] ] ] ] } },
{ "type": "Feature", "properties": { "FID": 124, "layer": "3", "path": "D:/1 work/数据/树/3.shp" }, "geometry": { "type": "MultiPolygon", "coordinates": [ [ [ [ 114.501864485493655, 34.68302744949289 ], [ 114.502200868558958, 34.683018518969035 ], [ 114.502180030669948, 34.682801209555166 ], [ 114.50187639285879, 34.682804186396453 ], [ 114.501864485493655, 34.68302744949289 ] ] ] ] } },
{ "type": "Feature", "properties": { "FID": 125, "layer": "3", "path": "D:/1 work/数据/树/3.shp" }, "geometry": { "type": "MultiPolygon", "coordinates": [ [ [ [ 114.502188961193809, 34.682753580094591 ], [ 114.50239436324253, 34.6827297653643 ], [ 114.502412224290254, 34.682574969617434 ], [ 114.502188961193809, 34.682574969617434 ], [ 114.502188961193809, 34.682753580094591 ] ] ] ] } },
{ "type": "Feature", "properties": { "FID": 126, "layer": "3", "path": "D:/1 work/数据/树/3.shp" }, "geometry": { "type": "MultiPolygon", "coordinates": [ [ [ [ 114.499905723927526, 34.683569234606928 ], [ 114.500164709119403, 34.683569234606928 ], [ 114.500173639643251, 34.683214990493902 ], [ 114.499989075483526, 34.683206059970047 ], [ 114.499992052324814, 34.683274527319625 ], [ 114.499905723927526, 34.683277504160905 ], [ 114.499905723927526, 34.683569234606928 ] ] ] ] } },
{ "type": "Feature", "properties": { "FID": 127, "layer": "3", "path": "D:/1 work/数据/树/3.shp" }, "geometry": { "type": "MultiPolygon", "coordinates": [ [ [ [ 114.499292494622637, 34.683342994669204 ], [ 114.499840233419235, 34.683298342049909 ], [ 114.499861071308246, 34.683006611603894 ], [ 114.499700321878805, 34.683030426334184 ], [ 114.499685437672369, 34.683232851541625 ], [ 114.49931630935292, 34.683247735748054 ], [ 114.499292494622637, 34.683342994669204 ] ] ] ] } },
{ "type": "Feature", "properties": { "FID": 128, "layer": "3", "path": "D:/1 work/数据/树/3.shp" }, "geometry": { "type": "MultiPolygon", "coordinates": [ [ [ [ 114.499524688242943, 34.683857988211656 ], [ 114.499926561816537, 34.683834173481372 ], [ 114.499917631292675, 34.683753798766652 ], [ 114.499733067132951, 34.683750821925365 ], [ 114.499694368196231, 34.683676400893219 ], [ 114.499566364020936, 34.683667470369365 ], [ 114.499447290369503, 34.683649609321648 ], [ 114.499524688242943, 34.683857988211656 ] ] ] ] } },
{ "type": "Feature", "properties": { "FID": 129, "layer": "3", "path": "D:/1 work/数据/树/3.shp" }, "geometry": { "type": "MultiPolygon", "coordinates": [ [ [ [ 114.499518734560382, 34.685959638159495 ], [ 114.499875955514682, 34.685900101333779 ], [ 114.49978367343482, 34.685527996173043 ], [ 114.499622924005394, 34.685584556157472 ], [ 114.499658646100812, 34.685775073999771 ], [ 114.499563387179677, 34.685784004523626 ], [ 114.499471105099815, 34.685608370887763 ], [ 114.499393707226375, 34.685614324570331 ], [ 114.499518734560382, 34.685959638159495 ] ] ] ] } },
{ "type": "Feature", "properties": { "FID": 130, "layer": "3", "path": "D:/1 work/数据/树/3.shp" }, "geometry": { "type": "MultiPolygon", "coordinates": [ [ [ [ 114.500233176468996, 34.688680471094798 ], [ 114.501906161271663, 34.688341111188208 ], [ 114.501846624445946, 34.688245852267059 ], [ 114.500227222786421, 34.688537582713074 ], [ 114.500233176468996, 34.688680471094798 ] ] ] ] } },
{ "type": "Feature", "properties": { "FID": 131, "layer": "3", "path": "D:/1 work/数据/树/3.shp" }, "geometry": { "type": "MultiPolygon", "coordinates": [ [ [ [ 114.50011707965885, 34.688498883776354 ], [ 114.500218292262574, 34.688483999569925 ], [ 114.499902747086267, 34.68725754096014 ], [ 114.499798557641256, 34.687248610436285 ], [ 114.50011707965885, 34.688498883776354 ] ] ] ] } },
{ "type": "Feature", "properties": { "FID": 132, "layer": "3", "path": "D:/1 work/数据/树/3.shp" }, "geometry": { "type": "MultiPolygon", "coordinates": [ [ [ [ 114.500492161660873, 34.686959856831557 ], [ 114.501688851857807, 34.686757431624116 ], [ 114.501837693922099, 34.68728135569043 ], [ 114.501915091795524, 34.687275402007856 ], [ 114.501772203413807, 34.686656219020392 ], [ 114.500483231137025, 34.686900320005833 ], [ 114.500492161660873, 34.686959856831557 ] ] ] ] } },
{ "type": "Feature", "properties": { "FID": 133, "layer": "3", "path": "D:/1 work/数据/树/3.shp" }, "geometry": { "type": "MultiPolygon", "coordinates": [ [ [ [ 114.502108586479139, 34.687736812407167 ], [ 114.50218003066999, 34.68771895135945 ], [ 114.501995466510266, 34.686915204212262 ], [ 114.501909138112978, 34.686953903148982 ], [ 114.502108586479139, 34.687736812407167 ] ] ] ] } },
{ "type": "Feature", "properties": { "FID": 134, "layer": "3", "path": "D:/1 work/数据/树/3.shp" }, "geometry": { "type": "MultiPolygon", "coordinates": [ [ [ [ 114.503564261867908, 34.687328985150998 ], [ 114.503781571281777, 34.687120606260983 ], [ 114.503748826027632, 34.686968787355404 ], [ 114.503457095581624, 34.68720395781699 ], [ 114.503564261867908, 34.687328985150998 ] ] ] ] } },
{ "type": "Feature", "properties": { "FID": 135, "layer": "3", "path": "D:/1 work/数据/树/3.shp" }, "geometry": { "type": "MultiPolygon", "coordinates": [ [ [ [ 114.499741997656855, 34.690401085358033 ], [ 114.50051002270861, 34.68988609181558 ], [ 114.500337365914021, 34.689421704574983 ], [ 114.499471105099829, 34.689844416037573 ], [ 114.499566364020978, 34.690249266452454 ], [ 114.499741997656855, 34.690401085358033 ] ] ] ] } },
{ "type": "Feature", "properties": { "FID": 136, "layer": "3", "path": "D:/1 work/数据/树/3.shp" }, "geometry": { "type": "MultiPolygon", "coordinates": [ [ [ [ 114.498457490641954, 34.69329457508794 ], [ 114.498778989500821, 34.69325587615122 ], [ 114.498847456850399, 34.693071311991496 ], [ 114.499433894583717, 34.693062381467641 ], [ 114.499448778790153, 34.692967122546492 ], [ 114.499576782965448, 34.69295819202263 ], [ 114.499588690330583, 34.692690276306905 ], [ 114.499737532394875, 34.692612878433465 ], [ 114.499913166030751, 34.692422360591173 ], [ 114.499782185014169, 34.692383661654453 ], [ 114.499597620854445, 34.69244022163889 ], [ 114.499395195646997, 34.692612878433465 ], [ 114.49934756618643, 34.692502735305894 ], [ 114.49916895570928, 34.692550364766468 ], [ 114.499076673629418, 34.692803396275764 ], [ 114.498826618961402, 34.692851025736338 ], [ 114.498457490641954, 34.69329457508794 ] ] ] ] } },
{ "type": "Feature", "properties": { "FID": 137, "layer": "3", "path": "D:/1 work/数据/树/3.shp" }, "geometry": { "type": "MultiPolygon", "coordinates": [ [ [ [ 114.499612505060838, 34.693056427785052 ], [ 114.49980004606185, 34.693056427785052 ], [ 114.499788138696715, 34.693240991944784 ], [ 114.49999949442801, 34.693243968786064 ], [ 114.499957818650003, 34.692776604704179 ], [ 114.499651203997558, 34.692800419434469 ], [ 114.499612505060838, 34.693056427785052 ] ] ] ] } },
{ "type": "Feature", "properties": { "FID": 138, "layer": "3", "path": "D:/1 work/数据/树/3.shp" }, "geometry": { "type": "MultiPolygon", "coordinates": [ [ [ [ 114.499749439759995, 34.69270516051332 ], [ 114.499928050237145, 34.692717067878462 ], [ 114.499931027078432, 34.692568225814171 ], [ 114.499850652363705, 34.692499758464592 ], [ 114.499734555553559, 34.692639670005029 ], [ 114.499749439759995, 34.69270516051332 ] ] ] ] } },
{ "type": "Feature", "properties": { "FID": 139, "layer": "3", "path": "D:/1 work/数据/树/3.shp" }, "geometry": { "type": "MultiPolygon", "coordinates": [ [ [ [ 114.498540842197926, 34.693910781234102 ], [ 114.498811734754938, 34.693916734916669 ], [ 114.498710522151214, 34.693508907660508 ], [ 114.498499166419919, 34.693523791866937 ], [ 114.498540842197926, 34.693910781234102 ] ] ] ] } },
{ "type": "Feature", "properties": { "FID": 140, "layer": "3", "path": "D:/1 work/数据/树/3.shp" }, "geometry": { "type": "MultiPolygon", "coordinates": [ [ [ [ 114.498466421165773, 34.69348211608893 ], [ 114.498776012659505, 34.69344044031093 ], [ 114.498758151611796, 34.6933838803265 ], [ 114.498457490641925, 34.693434486628355 ], [ 114.498466421165773, 34.69348211608893 ] ] ] ] } },
{ "type": "Feature", "properties": { "FID": 141, "layer": "3", "path": "D:/1 work/数据/树/3.shp" }, "geometry": { "type": "MultiPolygon", "coordinates": [ [ [ [ 114.497052421554983, 34.695815959657061 ], [ 114.497963334988469, 34.695884427006639 ], [ 114.497942497099459, 34.695738561783628 ], [ 114.497808539241603, 34.695741538624915 ], [ 114.497799608717742, 34.695634372338624 ], [ 114.497585276145159, 34.69567009443405 ], [ 114.497558484573588, 34.695762376513912 ], [ 114.497353082524853, 34.695765353355199 ], [ 114.497341175159718, 34.695679024957911 ], [ 114.497040514189834, 34.695661163910195 ], [ 114.497052421554983, 34.695815959657061 ] ] ] ] } },
{ "type": "Feature", "properties": { "FID": 142, "layer": "3", "path": "D:/1 work/数据/树/3.shp" }, "geometry": { "type": "MultiPolygon", "coordinates": [ [ [ [ 114.498302694895074, 34.695842751228639 ], [ 114.499612505060867, 34.695884427006639 ], [ 114.501380748784683, 34.695848704911207 ], [ 114.5013569340544, 34.69574749230749 ], [ 114.498773035818246, 34.695777260720348 ], [ 114.498296741212513, 34.69574749230749 ], [ 114.498302694895074, 34.695842751228639 ] ] ] ] } },
{ "type": "Feature", "properties": { "FID": 143, "layer": "3", "path": "D:/1 work/数据/树/3.shp" }, "geometry": { "type": "MultiPolygon", "coordinates": [ [ [ [ 114.501464100340684, 34.695854658593788 ], [ 114.504774347850599, 34.695926102784647 ], [ 114.506393749510138, 34.695878473324072 ], [ 114.506423517922997, 34.695753445990064 ], [ 114.504893421502061, 34.695848704911207 ], [ 114.501458146658152, 34.695812982815781 ], [ 114.501464100340684, 34.695854658593788 ] ] ] ] } },
{ "type": "Feature", "properties": { "FID": 144, "layer": "3", "path": "D:/1 work/数据/树/3.shp" }, "geometry": { "type": "MultiPolygon", "coordinates": [ [ [ [ 114.501416470880145, 34.69574749230749 ], [ 114.503476445049984, 34.69578916808549 ], [ 114.505881732808973, 34.695771307037774 ], [ 114.505887686491548, 34.695711770212057 ], [ 114.50289298415791, 34.695729631259773 ], [ 114.501434331927825, 34.695717723894624 ], [ 114.501416470880145, 34.69574749230749 ] ] ] ] } },
{ "type": "Feature", "properties": { "FID": 145, "layer": "3", "path": "D:/1 work/数据/树/3.shp" }, "geometry": { "type": "MultiPolygon", "coordinates": [ [ [ [ 114.501946348629005, 34.69567009443405 ], [ 114.502380967456745, 34.695682001799199 ], [ 114.502386921139305, 34.695414086083467 ], [ 114.502631022124746, 34.695461715544042 ], [ 114.502613161077036, 34.695699862846908 ], [ 114.502821539967044, 34.695699862846908 ], [ 114.503023965174492, 34.694026878044241 ], [ 114.502887030475335, 34.694038785409383 ], [ 114.502851308379903, 34.69451508001513 ], [ 114.502702466315611, 34.694669875761996 ], [ 114.502380967456745, 34.694681783127137 ], [ 114.502452411647596, 34.694306701125115 ], [ 114.502190449614446, 34.694312654807689 ], [ 114.50213686647129, 34.69503305039887 ], [ 114.50186299707299, 34.695050911446586 ], [ 114.501999931772147, 34.69535454925775 ], [ 114.501946348629005, 34.69567009443405 ] ] ] ] } },
{ "type": "Feature", "properties": { "FID": 146, "layer": "3", "path": "D:/1 work/数据/树/3.shp" }, "geometry": { "type": "MultiPolygon", "coordinates": [ [ [ [ 114.502258916964095, 34.693062381467605 ], [ 114.50247027269539, 34.693065358308893 ], [ 114.502497064266962, 34.69294926149874 ], [ 114.50274414209369, 34.69293437729231 ], [ 114.502800702078119, 34.692782558386732 ], [ 114.502949544142425, 34.692794465751874 ], [ 114.502940613618563, 34.692952238340027 ], [ 114.503023965174563, 34.692958192022601 ], [ 114.503193645127865, 34.692940330974885 ], [ 114.503312718779299, 34.692166352240555 ], [ 114.502875123110272, 34.692172305923123 ], [ 114.50282153996713, 34.692300310098418 ], [ 114.50230952326595, 34.692249703796556 ], [ 114.502258916964095, 34.693062381467605 ] ] ] ] } },
{ "type": "Feature", "properties": { "FID": 147, "layer": "3", "path": "D:/1 work/数据/树/3.shp" }, "geometry": { "type": "MultiPolygon", "coordinates": [ [ [ [ 114.492024536623205, 34.695425993448602 ], [ 114.49240854914909, 34.695354549257743 ], [ 114.49229245233893, 34.694922907271284 ], [ 114.491768528272615, 34.694964583049291 ], [ 114.492024536623205, 34.695425993448602 ] ] ] ] } },
{ "type": "Feature", "properties": { "FID": 148, "layer": "3", "path": "D:/1 work/数据/树/3.shp" }, "geometry": { "type": "MultiPolygon", "coordinates": [ [ [ [ 114.493780872981887, 34.694446612665544 ], [ 114.494263121270194, 34.694345400061827 ], [ 114.494212514968339, 34.694276932712249 ], [ 114.494019020284753, 34.694270979029682 ], [ 114.493989251871895, 34.694205488521391 ], [ 114.49411725604719, 34.694160835902103 ], [ 114.494075580269183, 34.694059623298379 ], [ 114.493679660378163, 34.694199534838816 ], [ 114.493780872981887, 34.694446612665544 ] ] ] ] } },
{ "type": "Feature", "properties": { "FID": 149, "layer": "3", "path": "D:/1 work/数据/树/3.shp" }, "geometry": { "type": "MultiPolygon", "coordinates": [ [ [ [ 114.492107888179262, 34.697328195030281 ], [ 114.493822548759923, 34.696548262613376 ], [ 114.494221445492244, 34.696435142644511 ], [ 114.4948823042577, 34.696060060642495 ], [ 114.494852535844842, 34.695982662769062 ], [ 114.494388148604244, 34.69609578273792 ], [ 114.494007112919661, 34.696042199594778 ], [ 114.49394757609393, 34.696185087976502 ], [ 114.49368561406078, 34.696202949024212 ], [ 114.493649891965347, 34.695506368163315 ], [ 114.493280763645899, 34.695571858671606 ], [ 114.493352207836764, 34.695792144926763 ], [ 114.492893774278727, 34.695899311213054 ], [ 114.492917589009025, 34.695958848038771 ], [ 114.493417698345056, 34.695976709086487 ], [ 114.493435559392765, 34.69609578273792 ], [ 114.493000940565025, 34.696208902706786 ], [ 114.492875913231018, 34.696292254262794 ], [ 114.492828283770436, 34.696083875372778 ], [ 114.492637765928151, 34.69614936588107 ], [ 114.492649673293286, 34.696339883723368 ], [ 114.492351989164703, 34.696375605818794 ], [ 114.492375803894987, 34.696536355248234 ], [ 114.492971172152167, 34.696441096327085 ], [ 114.49292949637416, 34.696589938391377 ], [ 114.49326885628075, 34.696542308930809 ], [ 114.493233134185317, 34.6966911509951 ], [ 114.492744932214435, 34.696810224646534 ], [ 114.492381757577562, 34.696679243629958 ], [ 114.492346035482129, 34.697090047727407 ], [ 114.492095980814113, 34.697107908775124 ], [ 114.492107888179262, 34.697328195030281 ] ] ] ] } },
{ "type": "Feature", "properties": { "FID": 150, "layer": "3", "path": "D:/1 work/数据/树/3.shp" }, "geometry": { "type": "MultiPolygon", "coordinates": [ [ [ [ 114.491369631540337, 34.697676485460725 ], [ 114.49208407344895, 34.697539550761576 ], [ 114.492021559781946, 34.696941205663109 ], [ 114.491973930321379, 34.696941205663109 ], [ 114.491953092432368, 34.697292472934848 ], [ 114.491634570414789, 34.697477037094572 ], [ 114.49132795576233, 34.697599087587292 ], [ 114.491369631540337, 34.697676485460725 ] ] ] ] } },
{ "type": "Feature", "properties": { "FID": 151, "layer": "3", "path": "D:/1 work/数据/树/3.shp" }, "geometry": { "type": "MultiPolygon", "coordinates": [ [ [ [ 114.491914393495634, 34.696813201487821 ], [ 114.49201262925807, 34.696819155170388 ], [ 114.491845926146055, 34.696149365881062 ], [ 114.491741736701044, 34.696155319563637 ], [ 114.491914393495634, 34.696813201487821 ] ] ] ] } },
{ "type": "Feature", "properties": { "FID": 152, "layer": "3", "path": "D:/1 work/数据/树/3.shp" }, "geometry": { "type": "MultiPolygon", "coordinates": [ [ [ [ 114.492042397670943, 34.696646498375806 ], [ 114.492247799719678, 34.696601845756518 ], [ 114.492194216576522, 34.696512540517944 ], [ 114.492051328194805, 34.696557193137231 ], [ 114.492042397670943, 34.696646498375806 ] ] ] ] } },
{ "type": "Feature", "properties": { "FID": 153, "layer": "3", "path": "D:/1 work/数据/树/3.shp" }, "geometry": { "type": "MultiPolygon", "coordinates": [ [ [ [ 114.494956725289825, 34.695955871197476 ], [ 114.495617584055296, 34.695717723894603 ], [ 114.495534232499281, 34.695229521923721 ], [ 114.495260363100982, 34.695324780844871 ], [ 114.495218687322989, 34.695169985098005 ], [ 114.494730485352093, 34.695306919797154 ], [ 114.494956725289825, 34.695955871197476 ] ] ] ] } },
{ "type": "Feature", "properties": { "FID": 154, "layer": "3", "path": "D:/1 work/数据/树/3.shp" }, "geometry": { "type": "MultiPolygon", "coordinates": [ [ [ [ 114.495575908277317, 34.69530096611458 ], [ 114.496635663775095, 34.694985420938274 ], [ 114.496540404853945, 34.69486634728684 ], [ 114.49620699862993, 34.694943745160273 ], [ 114.496153415486773, 34.694735366270258 ], [ 114.495629491420459, 34.695009235668564 ], [ 114.495575908277317, 34.69530096611458 ] ] ] ] } },
{ "type": "Feature", "properties": { "FID": 155, "layer": "3", "path": "D:/1 work/数据/树/3.shp" }, "geometry": { "type": "MultiPolygon", "coordinates": [ [ [ [ 114.496599941679662, 34.694157859060795 ], [ 114.497153634158835, 34.694050692774503 ], [ 114.497153634158835, 34.693919711757928 ], [ 114.496552312219094, 34.693967341218503 ], [ 114.496403470154789, 34.693360065596181 ], [ 114.496218905995065, 34.693342204548465 ], [ 114.49646896066308, 34.694128090647936 ], [ 114.496599941679662, 34.694157859060795 ] ] ] ] } },
{ "type": "Feature", "properties": { "FID": 156, "layer": "3", "path": "D:/1 work/数据/树/3.shp" }, "geometry": { "type": "MultiPolygon", "coordinates": [ [ [ [ 114.495677120881041, 34.694321585331522 ], [ 114.4960670870895, 34.694202511680089 ], [ 114.496013503946344, 34.694074507504794 ], [ 114.495834893469194, 34.694119160124082 ], [ 114.495822986104045, 34.694041762250649 ], [ 114.495998619739922, 34.693985202266219 ], [ 114.495909314501347, 34.693782777058779 ], [ 114.495605676690175, 34.693919711757928 ], [ 114.495668190357179, 34.694095345393798 ], [ 114.495540186181898, 34.694125113806656 ], [ 114.495677120881041, 34.694321585331522 ] ] ] ] } },
{ "type": "Feature", "properties": { "FID": 157, "layer": "3", "path": "D:/1 work/数据/树/3.shp" }, "geometry": { "type": "MultiPolygon", "coordinates": [ [ [ [ 114.496156392328075, 34.694175720108518 ], [ 114.496439192250236, 34.694089391711223 ], [ 114.496278442820795, 34.693589282375193 ], [ 114.495953967120627, 34.693705379185346 ], [ 114.496078994454635, 34.693928642281783 ], [ 114.496299280709792, 34.693857198090924 ], [ 114.496311188074941, 34.693934595964357 ], [ 114.496105786026206, 34.693997109631361 ], [ 114.496156392328075, 34.694175720108518 ] ] ] ] } },
{ "type": "Feature", "properties": { "FID": 158, "layer": "3", "path": "D:/1 work/数据/树/3.shp" }, "geometry": { "type": "MultiPolygon", "coordinates": [ [ [ [ 114.496766644791649, 34.694884208334557 ], [ 114.496885718443082, 34.694851463080411 ], [ 114.49679343636322, 34.694521033697676 ], [ 114.496656501664063, 34.694538894745392 ], [ 114.496766644791649, 34.694884208334557 ] ] ] ] } },
{ "type": "Feature", "properties": { "FID": 159, "layer": "3", "path": "D:/1 work/数据/树/3.shp" }, "geometry": { "type": "MultiPolygon", "coordinates": [ [ [ [ 114.496599941679634, 34.694351353744381 ], [ 114.496906556332078, 34.694294793759951 ], [ 114.496894648966943, 34.694160835902082 ], [ 114.49657612694935, 34.694202511680089 ], [ 114.496599941679634, 34.694351353744381 ] ] ] ] } },
{ "type": "Feature", "properties": { "FID": 160, "layer": "3", "path": "D:/1 work/数据/树/3.shp" }, "geometry": { "type": "MultiPolygon", "coordinates": [ [ [ [ 114.492003698734223, 34.704076694225378 ], [ 114.493134898422852, 34.703957620573945 ], [ 114.493039639501717, 34.703397974412198 ], [ 114.491991791369074, 34.703552770159064 ], [ 114.492003698734223, 34.704076694225378 ] ] ] ] } },
{ "type": "Feature", "properties": { "FID": 161, "layer": "3", "path": "D:/1 work/数据/树/3.shp" }, "geometry": { "type": "MultiPolygon", "coordinates": [ [ [ [ 114.492652650134531, 34.704904256102864 ], [ 114.493331369947725, 34.704761367721147 ], [ 114.493152759470561, 34.703975481621669 ], [ 114.492634789086821, 34.704064786860243 ], [ 114.492652650134531, 34.704904256102864 ] ] ] ] } },
{ "type": "Feature", "properties": { "FID": 162, "layer": "3", "path": "D:/1 work/数据/树/3.shp" }, "geometry": { "type": "MultiPolygon", "coordinates": [ [ [ [ 114.492098957655358, 34.704392239401692 ], [ 114.492509761752814, 34.704374378353975 ], [ 114.492509761752814, 34.704046925812534 ], [ 114.4920691892425, 34.704112416320818 ], [ 114.492098957655358, 34.704392239401692 ] ] ] ] } },
{ "type": "Feature", "properties": { "FID": 163, "layer": "3", "path": "D:/1 work/数据/树/3.shp" }, "geometry": { "type": "MultiPolygon", "coordinates": [ [ [ [ 114.491902486130499, 34.704445822544841 ], [ 114.492063235559925, 34.704433915179699 ], [ 114.491872717717641, 34.70360635330222 ], [ 114.491795319844201, 34.703695658540795 ], [ 114.491902486130499, 34.704445822544841 ] ] ] ] } },
{ "type": "Feature", "properties": { "FID": 164, "layer": "3", "path": "D:/1 work/数据/树/3.shp" }, "geometry": { "type": "MultiPolygon", "coordinates": [ [ [ [ 114.490851661156597, 34.704642294069707 ], [ 114.490949896919034, 34.704651224593562 ], [ 114.490884406410743, 34.703957620573952 ], [ 114.490687934885869, 34.703972504780381 ], [ 114.490738541187724, 34.704466660433837 ], [ 114.490815939061164, 34.70446070675127 ], [ 114.490851661156597, 34.704642294069707 ] ] ] ] } },
{ "type": "Feature", "properties": { "FID": 165, "layer": "3", "path": "D:/1 work/数据/树/3.shp" }, "geometry": { "type": "MultiPolygon", "coordinates": [ [ [ [ 114.490199732914974, 34.703847477446367 ], [ 114.490908221141012, 34.703790917461937 ], [ 114.490881429569441, 34.703639098556351 ], [ 114.490196756073686, 34.703689704858213 ], [ 114.490199732914974, 34.703847477446367 ] ] ] ] } },
{ "type": "Feature", "properties": { "FID": 166, "layer": "3", "path": "D:/1 work/数据/树/3.shp" }, "geometry": { "type": "MultiPolygon", "coordinates": [ [ [ [ 114.489029834289667, 34.704794112975279 ], [ 114.489872280373575, 34.704686946688987 ], [ 114.489785951976287, 34.704037995288665 ], [ 114.488895876431798, 34.704136231051095 ], [ 114.489029834289667, 34.704794112975279 ] ] ] ] } },
{ "type": "Feature", "properties": { "FID": 167, "layer": "3", "path": "D:/1 work/数据/树/3.shp" }, "geometry": { "type": "MultiPolygon", "coordinates": [ [ [ [ 114.488878015384088, 34.70408562474924 ], [ 114.489756183563429, 34.704008226875807 ], [ 114.489711530944149, 34.703743288001363 ], [ 114.488833362764808, 34.703835570081225 ], [ 114.488878015384088, 34.70408562474924 ] ] ] ] } },
{ "type": "Feature", "properties": { "FID": 168, "layer": "3", "path": "D:/1 work/数据/树/3.shp" }, "geometry": { "type": "MultiPolygon", "coordinates": [ [ [ [ 114.489107232163107, 34.703758172207792 ], [ 114.489714507785422, 34.703716496429784 ], [ 114.489568642562418, 34.7028919113936 ], [ 114.488928621685943, 34.7029752629496 ], [ 114.489107232163107, 34.703758172207792 ] ] ] ] } },
{ "type": "Feature", "properties": { "FID": 169, "layer": "3", "path": "D:/1 work/数据/树/3.shp" }, "geometry": { "type": "MultiPolygon", "coordinates": [ [ [ [ 114.488979227987812, 34.702915726123884 ], [ 114.489550781514694, 34.702844281933018 ], [ 114.489122116369529, 34.70058783623832 ], [ 114.488395767095781, 34.700659280429178 ], [ 114.488788710145514, 34.702409663105279 ], [ 114.488979227987812, 34.702915726123884 ] ] ] ] } },
{ "type": "Feature", "properties": { "FID": 170, "layer": "3", "path": "D:/1 work/数据/树/3.shp" }, "geometry": { "type": "MultiPolygon", "coordinates": [ [ [ [ 114.488473164969264, 34.703368205999332 ], [ 114.488663682811548, 34.703302715491041 ], [ 114.488246925031532, 34.701308231829493 ], [ 114.488080221919517, 34.701373722337784 ], [ 114.488473164969264, 34.703368205999332 ] ] ] ] } },
{ "type": "Feature", "properties": { "FID": 171, "layer": "3", "path": "D:/1 work/数据/树/3.shp" }, "geometry": { "type": "MultiPolygon", "coordinates": [ [ [ [ 114.489038764813529, 34.705827076901471 ], [ 114.489211421608118, 34.705779447440896 ], [ 114.488711312272088, 34.703648029080199 ], [ 114.488633914398648, 34.703832593239923 ], [ 114.489038764813529, 34.705827076901471 ] ] ] ] } },
{ "type": "Feature", "properties": { "FID": 172, "layer": "3", "path": "D:/1 work/数据/树/3.shp" }, "geometry": { "type": "MultiPolygon", "coordinates": [ [ [ [ 114.488252878714064, 34.705767540075747 ], [ 114.48858033125552, 34.705776470599609 ], [ 114.488389813413221, 34.704803043499126 ], [ 114.48828562396821, 34.704844719277126 ], [ 114.488377906048072, 34.705663350630743 ], [ 114.488226087142493, 34.705657396948176 ], [ 114.488252878714064, 34.705767540075747 ] ] ] ] } },
{ "type": "Feature", "properties": { "FID": 173, "layer": "3", "path": "D:/1 work/数据/树/3.shp" }, "geometry": { "type": "MultiPolygon", "coordinates": [ [ [ [ 114.489297750005406, 34.706830272414813 ], [ 114.489643063594571, 34.706770735589096 ], [ 114.489625202546847, 34.705853868473042 ], [ 114.489107232163107, 34.705830053742751 ], [ 114.489297750005406, 34.706830272414813 ] ] ] ] } },
{ "type": "Feature", "properties": { "FID": 174, "layer": "3", "path": "D:/1 work/数据/树/3.shp" }, "geometry": { "type": "MultiPolygon", "coordinates": [ [ [ [ 114.489476360482527, 34.707574482736298 ], [ 114.489887164579983, 34.707571505895011 ], [ 114.48989014142127, 34.707187493369133 ], [ 114.489378124720105, 34.707211308099417 ], [ 114.489476360482527, 34.707574482736298 ] ] ] ] } },
{ "type": "Feature", "properties": { "FID": 175, "layer": "3", "path": "D:/1 work/数据/树/3.shp" }, "geometry": { "type": "MultiPolygon", "coordinates": [ [ [ [ 114.489375147878818, 34.707172609162704 ], [ 114.490232478169148, 34.707116049178268 ], [ 114.490208663438864, 34.706937438701118 ], [ 114.489330495259523, 34.706955299748834 ], [ 114.489375147878818, 34.707172609162704 ] ] ] ] } },
{ "type": "Feature", "properties": { "FID": 176, "layer": "3", "path": "D:/1 work/数据/树/3.shp" }, "geometry": { "type": "MultiPolygon", "coordinates": [ [ [ [ 114.490452764424319, 34.707458385926145 ], [ 114.49238771126015, 34.707220238623272 ], [ 114.492363896529866, 34.706988045002973 ], [ 114.492923542691614, 34.706839202938681 ], [ 114.492923542691614, 34.706422445158658 ], [ 114.492447248085867, 34.7064343525238 ], [ 114.492411525990434, 34.706630824048666 ], [ 114.49181020405068, 34.706726082969816 ], [ 114.491804250368119, 34.706833249256107 ], [ 114.490333690772886, 34.706946369224973 ], [ 114.490452764424319, 34.707458385926145 ] ] ] ] } },
{ "type": "Feature", "properties": { "FID": 177, "layer": "3", "path": "D:/1 work/数据/树/3.shp" }, "geometry": { "type": "MultiPolygon", "coordinates": [ [ [ [ 114.491101715824669, 34.709193884395816 ], [ 114.491488705191841, 34.709158162300383 ], [ 114.491372608381681, 34.708342507788046 ], [ 114.491009433744807, 34.708351438311908 ], [ 114.491101715824669, 34.709193884395816 ] ] ] ] } },
{ "type": "Feature", "properties": { "FID": 178, "layer": "3", "path": "D:/1 work/数据/树/3.shp" }, "geometry": { "type": "MultiPolygon", "coordinates": [ [ [ [ 114.490750448552916, 34.708271063597202 ], [ 114.491104692665942, 34.708253202549486 ], [ 114.491063016887935, 34.707860259499753 ], [ 114.490932035871353, 34.707884074230037 ], [ 114.490985619014495, 34.708169850993485 ], [ 114.490747471711629, 34.708163897310911 ], [ 114.490750448552916, 34.708271063597202 ] ] ] ] } },
{ "type": "Feature", "properties": { "FID": 179, "layer": "3", "path": "D:/1 work/数据/树/3.shp" }, "geometry": { "type": "MultiPolygon", "coordinates": [ [ [ [ 114.490899290617207, 34.707589366942734 ], [ 114.49166433882769, 34.707520899593156 ], [ 114.491637547256104, 34.707303590179286 ], [ 114.490854637997927, 34.707419686989439 ], [ 114.490899290617207, 34.707589366942734 ] ] ] ] } },
{ "type": "Feature", "properties": { "FID": 180, "layer": "3", "path": "D:/1 work/数据/树/3.shp" }, "geometry": { "type": "MultiPolygon", "coordinates": [ [ [ [ 114.494447685429989, 34.709056949696695 ], [ 114.494935887400871, 34.709033134966404 ], [ 114.494912072670587, 34.708925968680113 ], [ 114.495078775782602, 34.708830709758963 ], [ 114.495072822100028, 34.708169850993499 ], [ 114.494286936000549, 34.708223434136642 ], [ 114.494447685429989, 34.709056949696695 ] ] ] ] } },
{ "type": "Feature", "properties": { "FID": 181, "layer": "3", "path": "D:/1 work/数据/树/3.shp" }, "geometry": { "type": "MultiPolygon", "coordinates": [ [ [ [ 114.494721554828288, 34.707931703690626 ], [ 114.495138312608319, 34.707937657373201 ], [ 114.495114497878035, 34.706532588286258 ], [ 114.49401306660225, 34.706580217746833 ], [ 114.494024973967399, 34.706240857840243 ], [ 114.49367370669566, 34.706300394665959 ], [ 114.493727289838802, 34.706723106128557 ], [ 114.494709647463154, 34.706669522985408 ], [ 114.494721554828288, 34.707931703690626 ] ] ] ] } },
{ "type": "Feature", "properties": { "FID": 182, "layer": "3", "path": "D:/1 work/数据/树/3.shp" }, "geometry": { "type": "MultiPolygon", "coordinates": [ [ [ [ 114.495519348292888, 34.706642731413837 ], [ 114.497376897255279, 34.706392676745821 ], [ 114.497376897255279, 34.706261695729246 ], [ 114.495453857784597, 34.70649984303212 ], [ 114.495519348292888, 34.706642731413837 ] ] ] ] } },
{ "type": "Feature", "properties": { "FID": 183, "layer": "3", "path": "D:/1 work/数据/树/3.shp" }, "geometry": { "type": "MultiPolygon", "coordinates": [ [ [ [ 114.495346691498298, 34.707845375293338 ], [ 114.495903360818758, 34.707788815308909 ], [ 114.495900383977471, 34.707595320625323 ], [ 114.495683074563601, 34.707580436418894 ], [ 114.495689028246176, 34.70743457119589 ], [ 114.495382413593731, 34.707467316450035 ], [ 114.495346691498298, 34.707845375293338 ] ] ] ] } },
{ "type": "Feature", "properties": { "FID": 184, "layer": "3", "path": "D:/1 work/数据/树/3.shp" }, "geometry": { "type": "MultiPolygon", "coordinates": [ [ [ [ 114.497055398396398, 34.708559817201952 ], [ 114.497290568857991, 34.708586608773523 ], [ 114.497302476223126, 34.708318693057798 ], [ 114.497418573033272, 34.708315716216511 ], [ 114.497427503557134, 34.708092453120067 ], [ 114.497046467872536, 34.708214503612787 ], [ 114.497055398396398, 34.708559817201952 ] ] ] ] } },
{ "type": "Feature", "properties": { "FID": 185, "layer": "3", "path": "D:/1 work/数据/树/3.shp" }, "geometry": { "type": "MultiPolygon", "coordinates": [ [ [ [ 114.498010964449179, 34.707779884785054 ], [ 114.498778989500934, 34.707666764816189 ], [ 114.498740290564214, 34.707589366942756 ], [ 114.498007987607892, 34.707690579546473 ], [ 114.498010964449179, 34.707779884785054 ] ] ] ] } },
{ "type": "Feature", "properties": { "FID": 186, "layer": "3", "path": "D:/1 work/数据/树/3.shp" }, "geometry": { "type": "MultiPolygon", "coordinates": [ [ [ [ 114.497787701352735, 34.70765188060976 ], [ 114.498746244246789, 34.707559598529897 ], [ 114.498737313722927, 34.707467316450035 ], [ 114.497769840305025, 34.707601274307898 ], [ 114.497787701352735, 34.70765188060976 ] ] ] ] } },
{ "type": "Feature", "properties": { "FID": 187, "layer": "3", "path": "D:/1 work/数据/树/3.shp" }, "geometry": { "type": "MultiPolygon", "coordinates": [ [ [ [ 114.498103246529041, 34.708378229883515 ], [ 114.498308648577762, 34.708339530946802 ], [ 114.49829376437134, 34.708199619406365 ], [ 114.498055617068459, 34.70824724886694 ], [ 114.498103246529041, 34.708378229883515 ] ] ] ] } },
{ "type": "Feature", "properties": { "FID": 188, "layer": "3", "path": "D:/1 work/数据/树/3.shp" }, "geometry": { "type": "MultiPolygon", "coordinates": [ [ [ [ 114.49703753734866, 34.708869408695683 ], [ 114.497275684651527, 34.708863455013116 ], [ 114.497239962556094, 34.708652099281814 ], [ 114.497088143650515, 34.708643168757959 ], [ 114.496936324744937, 34.708678890853385 ], [ 114.496942278427511, 34.708759265568105 ], [ 114.497064328920231, 34.708794987663538 ], [ 114.49703753734866, 34.708869408695683 ] ] ] ] } },
{ "type": "Feature", "properties": { "FID": 189, "layer": "3", "path": "D:/1 work/数据/树/3.shp" }, "geometry": { "type": "MultiPolygon", "coordinates": [ [ [ [ 114.498731360040352, 34.708604469821239 ], [ 114.498984391549655, 34.708601492979952 ], [ 114.498996298914804, 34.708339530946795 ], [ 114.49885638737436, 34.708351438311936 ], [ 114.498826618961502, 34.708467535122089 ], [ 114.498689684262359, 34.708482419328519 ], [ 114.498731360040352, 34.708604469821239 ] ] ] ] } },
{ "type": "Feature", "properties": { "FID": 190, "layer": "3", "path": "D:/1 work/数据/树/3.shp" }, "geometry": { "type": "MultiPolygon", "coordinates": [ [ [ [ 114.498228273863049, 34.709074810744411 ], [ 114.498436652753057, 34.709074810744411 ], [ 114.498528934832919, 34.708952760251691 ], [ 114.498499166420061, 34.7089289455214 ], [ 114.498219343339187, 34.708943829727829 ], [ 114.498228273863049, 34.709074810744411 ] ] ] ] } },
{ "type": "Feature", "properties": { "FID": 191, "layer": "3", "path": "D:/1 work/数据/树/3.shp" }, "geometry": { "type": "MultiPolygon", "coordinates": [ [ [ [ 114.497546577208567, 34.706249788364111 ], [ 114.501148555164491, 34.705755632710655 ], [ 114.501106879386484, 34.705660373789506 ], [ 114.497564438256276, 34.706178344173253 ], [ 114.497546577208567, 34.706249788364111 ] ] ] ] } },
{ "type": "Feature", "properties": { "FID": 192, "layer": "3", "path": "D:/1 work/数据/树/3.shp" }, "geometry": { "type": "MultiPolygon", "coordinates": [ [ [ [ 114.503333556668338, 34.70568418851979 ], [ 114.503860457575939, 34.705541300138066 ], [ 114.50380389759151, 34.705395434915062 ], [ 114.503946785973227, 34.705380550708632 ], [ 114.503866411258514, 34.70512751919933 ], [ 114.503312718779327, 34.705660373789506 ], [ 114.503333556668338, 34.70568418851979 ] ] ] ] } },
{ "type": "Feature", "properties": { "FID": 193, "layer": "3", "path": "D:/1 work/数据/树/3.shp" }, "geometry": { "type": "MultiPolygon", "coordinates": [ [ [ [ 114.504067348045297, 34.706005687378664 ], [ 114.504213213268301, 34.706005687378664 ], [ 114.504192375379304, 34.705663350630786 ], [ 114.504034602791151, 34.705669304313354 ], [ 114.504067348045297, 34.706005687378664 ] ] ] ] } },
{ "type": "Feature", "properties": { "FID": 194, "layer": "3", "path": "D:/1 work/数据/树/3.shp" }, "geometry": { "type": "MultiPolygon", "coordinates": [ [ [ [ 114.504382893221589, 34.706086062093384 ], [ 114.504466244777603, 34.706080108410809 ], [ 114.504439453206032, 34.705648466424357 ], [ 114.504320379554585, 34.70564548958307 ], [ 114.504382893221589, 34.706086062093384 ] ] ] ] } },
{ "type": "Feature", "properties": { "FID": 195, "layer": "3", "path": "D:/1 work/数据/树/3.shp" }, "geometry": { "type": "MultiPolygon", "coordinates": [ [ [ [ 114.504555550016178, 34.706035455791522 ], [ 114.50468653103276, 34.706035455791522 ], [ 114.504641878413466, 34.705633582217928 ], [ 114.504472198460164, 34.70564548958307 ], [ 114.504555550016178, 34.706035455791522 ] ] ] ] } },
{ "type": "Feature", "properties": { "FID": 196, "layer": "3", "path": "D:/1 work/数据/树/3.shp" }, "geometry": { "type": "MultiPolygon", "coordinates": [ [ [ [ 114.504763928906186, 34.705990803172234 ], [ 114.505040775145773, 34.706086062093384 ], [ 114.505281899289926, 34.706032478950235 ], [ 114.505246177194508, 34.705958057918089 ], [ 114.505070543558631, 34.705978895807085 ], [ 114.505040775145773, 34.70560679064635 ], [ 114.505207478257788, 34.705568091709637 ], [ 114.505174733003642, 34.705312083359047 ], [ 114.504835373097052, 34.7053865043912 ], [ 114.504862164668623, 34.705585952757353 ], [ 114.504674623667611, 34.705618698011499 ], [ 114.504763928906186, 34.705990803172234 ] ] ] ] } },
{ "type": "Feature", "properties": { "FID": 197, "layer": "3", "path": "D:/1 work/数据/树/3.shp" }, "geometry": { "type": "MultiPolygon", "coordinates": [ [ [ [ 114.50572247180024, 34.70606522420438 ], [ 114.506124345373834, 34.70598187264838 ], [ 114.506853671488884, 34.705865775838227 ], [ 114.507017397759597, 34.705761586393223 ], [ 114.506990606188026, 34.705708003250074 ], [ 114.506734597837436, 34.705791354806081 ], [ 114.506692922059443, 34.70560381380507 ], [ 114.50645775159785, 34.705713956932648 ], [ 114.505716518117666, 34.705734794821645 ], [ 114.50572247180024, 34.70606522420438 ] ] ] ] } },
{ "type": "Feature", "properties": { "FID": 198, "layer": "3", "path": "D:/1 work/数据/树/3.shp" }, "geometry": { "type": "MultiPolygon", "coordinates": [ [ [ [ 114.505740332847964, 34.705594883281208 ], [ 114.506148160104132, 34.705460925423345 ], [ 114.506157090627994, 34.705359712819622 ], [ 114.505886198070968, 34.705413295962771 ], [ 114.505871313864546, 34.70525254653333 ], [ 114.505636143402953, 34.705294222311338 ], [ 114.505740332847964, 34.705594883281208 ] ] ] ] } },
{ "type": "Feature", "properties": { "FID": 199, "layer": "3", "path": "D:/1 work/数据/树/3.shp" }, "geometry": { "type": "MultiPolygon", "coordinates": [ [ [ [ 114.505436695036792, 34.705475809629775 ], [ 114.50563912024424, 34.705410319121491 ], [ 114.505566187632738, 34.705198963390188 ], [ 114.505409903465221, 34.705227243382403 ], [ 114.505450090822578, 34.705365666502196 ], [ 114.505403949782647, 34.705408830700847 ], [ 114.505436695036792, 34.705475809629775 ] ] ] ] } },
{ "type": "Feature", "properties": { "FID": 200, "layer": "3", "path": "D:/1 work/数据/树/3.shp" }, "geometry": { "type": "MultiPolygon", "coordinates": [ [ [ [ 114.506078204333903, 34.70375966062845 ], [ 114.506292536906486, 34.703717984850449 ], [ 114.506224069556907, 34.703560212262296 ], [ 114.506405656875344, 34.70350067543658 ], [ 114.506384818986348, 34.703417323880572 ], [ 114.50629849058906, 34.703432208087001 ], [ 114.506295513747773, 34.703208944990564 ], [ 114.506614035765367, 34.703131547117131 ], [ 114.506697387321367, 34.702991635576694 ], [ 114.506548545257075, 34.702833862988541 ], [ 114.505932339110899, 34.703339926007139 ], [ 114.505929362269612, 34.703399462832856 ], [ 114.506116903270623, 34.703372671261285 ], [ 114.506140718000907, 34.703548304897154 ], [ 114.506063320127467, 34.703598911199016 ], [ 114.506078204333903, 34.70375966062845 ] ] ] ] } },
{ "type": "Feature", "properties": { "FID": 201, "layer": "3", "path": "D:/1 work/数据/树/3.shp" }, "geometry": { "type": "MultiPolygon", "coordinates": [ [ [ [ 114.508176877440448, 34.70285172403625 ], [ 114.50838525633047, 34.70281004825825 ], [ 114.508278090044172, 34.702479618875515 ], [ 114.508084595360586, 34.702542132542519 ], [ 114.508176877440448, 34.70285172403625 ] ] ] ] } },
{ "type": "Feature", "properties": { "FID": 202, "layer": "3", "path": "D:/1 work/数据/树/3.shp" }, "geometry": { "type": "MultiPolygon", "coordinates": [ [ [ [ 114.509430127621826, 34.704286561536051 ], [ 114.509948098005566, 34.704241908916764 ], [ 114.509855815925704, 34.703691193278871 ], [ 114.509656367559543, 34.703732869056878 ], [ 114.509662321242118, 34.704015668979039 ], [ 114.509456919193397, 34.704021622661607 ], [ 114.509385475002532, 34.704101997376327 ], [ 114.509430127621826, 34.704286561536051 ] ] ] ] } },
{ "type": "Feature", "properties": { "FID": 203, "layer": "3", "path": "D:/1 work/数据/树/3.shp" }, "geometry": { "type": "MultiPolygon", "coordinates": [ [ [ [ 114.509074395088135, 34.703302715491063 ], [ 114.509315519232288, 34.70328634286399 ], [ 114.509281285557506, 34.703173222895131 ], [ 114.509052068778487, 34.703216387093775 ], [ 114.509074395088135, 34.703302715491063 ] ] ] ] } },
{ "type": "Feature", "properties": { "FID": 204, "layer": "3", "path": "D:/1 work/数据/树/3.shp" }, "geometry": { "type": "MultiPolygon", "coordinates": [ [ [ [ 114.509376544478656, 34.703289319705277 ], [ 114.509620645464096, 34.703241690244703 ], [ 114.509589388630587, 34.703124105013913 ], [ 114.509361660272219, 34.703165780791913 ], [ 114.509376544478656, 34.703289319705277 ] ] ] ] } },
{ "type": "Feature", "properties": { "FID": 205, "layer": "3", "path": "D:/1 work/数据/树/3.shp" }, "geometry": { "type": "MultiPolygon", "coordinates": [ [ [ [ 114.509002950897269, 34.702996100838618 ], [ 114.509211329787291, 34.702954425060618 ], [ 114.509174119271208, 34.702833862988541 ], [ 114.508979136166985, 34.702884469290396 ], [ 114.509002950897269, 34.702996100838618 ] ] ] ] } },
{ "type": "Feature", "properties": { "FID": 206, "layer": "3", "path": "D:/1 work/数据/树/3.shp" }, "geometry": { "type": "MultiPolygon", "coordinates": [ [ [ [ 114.508871969880701, 34.703070521870764 ], [ 114.508964251960563, 34.703057126084978 ], [ 114.508868993039414, 34.702784745107323 ], [ 114.508799037269185, 34.702780279845392 ], [ 114.508860062515552, 34.702991635576687 ], [ 114.508871969880701, 34.703070521870764 ] ] ] ] } },
{ "type": "Feature", "properties": { "FID": 207, "layer": "3", "path": "D:/1 work/数据/树/3.shp" }, "geometry": { "type": "MultiPolygon", "coordinates": [ [ [ [ 114.508998485635345, 34.703895106906963 ], [ 114.509212818207928, 34.703865338494104 ], [ 114.509159235064786, 34.703594445937085 ], [ 114.509075883508771, 34.703615283826089 ], [ 114.509090767715207, 34.703676309072449 ], [ 114.508967228801836, 34.703689704858235 ], [ 114.508998485635345, 34.703895106906963 ] ] ] ] } },
{ "type": "Feature", "properties": { "FID": 208, "layer": "3", "path": "D:/1 work/数据/树/3.shp" }, "geometry": { "type": "MultiPolygon", "coordinates": [ [ [ [ 114.509379521319872, 34.704749460356012 ], [ 114.509820093830172, 34.704707784578012 ], [ 114.509829024354033, 34.70461550249815 ], [ 114.5097099507026, 34.704624433022005 ], [ 114.509724834909036, 34.70445475306871 ], [ 114.509507525495152, 34.704484521481568 ], [ 114.509516456019014, 34.704558942513714 ], [ 114.509346776065726, 34.704564896196288 ], [ 114.509379521319872, 34.704749460356012 ] ] ] ] } },
{ "type": "Feature", "properties": { "FID": 209, "layer": "3", "path": "D:/1 work/数据/树/3.shp" }, "geometry": { "type": "MultiPolygon", "coordinates": [ [ [ [ 114.508718662554386, 34.705428180169193 ], [ 114.50899848563526, 34.705443064375622 ], [ 114.509311053970279, 34.705398411756335 ], [ 114.509296169763843, 34.705225754961752 ], [ 114.509162211905988, 34.705231708644327 ], [ 114.509162211905988, 34.705094773945177 ], [ 114.509046115095828, 34.705136449723177 ], [ 114.509025277206831, 34.705285291787469 ], [ 114.508873458301252, 34.705273384422327 ], [ 114.508763315173667, 34.705318037041614 ], [ 114.508718662554386, 34.705428180169193 ] ] ] ] } },
{ "type": "Feature", "properties": { "FID": 210, "layer": "3", "path": "D:/1 work/数据/树/3.shp" }, "geometry": { "type": "MultiPolygon", "coordinates": [ [ [ [ 114.50869782466539, 34.705085843421308 ], [ 114.508868993039329, 34.705065005532305 ], [ 114.508851131991619, 34.70491467504737 ], [ 114.508671033093819, 34.704932536095086 ], [ 114.50869782466539, 34.705085843421308 ] ] ] ] } },
{ "type": "Feature", "properties": { "FID": 211, "layer": "3", "path": "D:/1 work/数据/树/3.shp" }, "geometry": { "type": "MultiPolygon", "coordinates": [ [ [ [ 114.508886854087052, 34.704937001357017 ], [ 114.509004439317835, 34.704928070833155 ], [ 114.508994020373336, 34.704823881388151 ], [ 114.508855597253543, 34.704832811912006 ], [ 114.508886854087052, 34.704937001357017 ] ] ] ] } },
{ "type": "Feature", "properties": { "FID": 212, "layer": "3", "path": "D:/1 work/数据/树/3.shp" }, "geometry": { "type": "MultiPolygon", "coordinates": [ [ [ [ 114.50753536814328, 34.704069252122174 ], [ 114.507779469128721, 34.704045437391891 ], [ 114.507725885985579, 34.703825151136733 ], [ 114.507556206032277, 34.703863850073454 ], [ 114.50753536814328, 34.704069252122174 ] ] ] ] } },
{ "type": "Feature", "properties": { "FID": 213, "layer": "3", "path": "D:/1 work/数据/树/3.shp" }, "geometry": { "type": "MultiPolygon", "coordinates": [ [ [ [ 114.507111168259996, 34.705361201240251 ], [ 114.507300197681658, 34.705349293875109 ], [ 114.507262987165589, 34.705207893914029 ], [ 114.507364199769299, 34.705185567604381 ], [ 114.507326989253229, 34.70507542447681 ], [ 114.507197496657298, 34.705079889738734 ], [ 114.507206427181146, 34.705155799191523 ], [ 114.507018886180134, 34.705160264453454 ], [ 114.507039724069145, 34.705323990724182 ], [ 114.507111168259996, 34.705361201240251 ] ] ] ] } },
{ "type": "Feature", "properties": { "FID": 214, "layer": "3", "path": "D:/1 work/数据/树/3.shp" }, "geometry": { "type": "MultiPolygon", "coordinates": [ [ [ [ 114.507727374406187, 34.705100727627737 ], [ 114.507868774367267, 34.705073936056166 ], [ 114.507813702803475, 34.704954862404726 ], [ 114.507694629152041, 34.704980165555661 ], [ 114.507727374406187, 34.705100727627737 ] ] ] ] } },
{ "type": "Feature", "properties": { "FID": 215, "layer": "3", "path": "D:/1 work/数据/树/3.shp" }, "geometry": { "type": "MultiPolygon", "coordinates": [ [ [ [ 114.506801576766279, 34.704389262560412 ], [ 114.506941488306708, 34.704374378353982 ], [ 114.506972745140217, 34.704486009902205 ], [ 114.507160286141215, 34.704459218330626 ], [ 114.507079911426501, 34.704225536289684 ], [ 114.506794134663053, 34.704279119432833 ], [ 114.506801576766279, 34.704389262560412 ] ] ] ] } },
{ "type": "Feature", "properties": { "FID": 216, "layer": "3", "path": "D:/1 work/数据/树/3.shp" }, "geometry": { "type": "MultiPolygon", "coordinates": [ [ [ [ 114.507221311387568, 34.704206186821324 ], [ 114.507326989253215, 34.704198744718113 ], [ 114.507268940848149, 34.703918921637239 ], [ 114.507166239823775, 34.703951666891385 ], [ 114.507221311387568, 34.704206186821324 ] ] ] ] } },
{ "type": "Feature", "properties": { "FID": 217, "layer": "3", "path": "D:/1 work/数据/树/3.shp" }, "geometry": { "type": "MultiPolygon", "coordinates": [ [ [ [ 114.507185589292149, 34.703493233333369 ], [ 114.507398433444095, 34.703456022817292 ], [ 114.507361222928012, 34.703252109189215 ], [ 114.507157309299927, 34.703284854443353 ], [ 114.507185589292149, 34.703493233333369 ] ] ] ] } },
{ "type": "Feature", "properties": { "FID": 218, "layer": "3", "path": "D:/1 work/数据/树/3.shp" }, "geometry": { "type": "MultiPolygon", "coordinates": [ [ [ [ 114.516194999443869, 34.701914019031193 ], [ 114.51648375304859, 34.701887227459622 ], [ 114.516442077270597, 34.70175326960176 ], [ 114.516156300507149, 34.701788991697185 ], [ 114.516194999443869, 34.701914019031193 ] ] ] ] } },
{ "type": "Feature", "properties": { "FID": 219, "layer": "3", "path": "D:/1 work/数据/树/3.shp" }, "geometry": { "type": "MultiPolygon", "coordinates": [ [ [ [ 114.515922618466192, 34.702713300916464 ], [ 114.516096763681418, 34.702682044082962 ], [ 114.516029784752476, 34.702402221002089 ], [ 114.515848197434039, 34.702434966256234 ], [ 114.515922618466192, 34.702713300916464 ] ] ] ] } },
{ "type": "Feature", "properties": { "FID": 220, "layer": "3", "path": "D:/1 work/数据/树/3.shp" }, "geometry": { "type": "MultiPolygon", "coordinates": [ [ [ [ 114.51435828837046, 34.703286342863997 ], [ 114.514782488253687, 34.703219363935062 ], [ 114.514727416689908, 34.702997589259262 ], [ 114.514652995657755, 34.702969309267047 ], [ 114.514325543116314, 34.702993123997338 ], [ 114.51435828837046, 34.703286342863997 ] ] ] ] } },
{ "type": "Feature", "properties": { "FID": 221, "layer": "3", "path": "D:/1 work/数据/树/3.shp" }, "geometry": { "type": "MultiPolygon", "coordinates": [ [ [ [ 114.514542852530198, 34.704280607853484 ], [ 114.514667879864206, 34.70427614259156 ], [ 114.514658949340344, 34.703865338494104 ], [ 114.514487780966405, 34.703877245859246 ], [ 114.514542852530198, 34.704280607853484 ] ] ] ] } },
{ "type": "Feature", "properties": { "FID": 222, "layer": "3", "path": "D:/1 work/数据/树/3.shp" }, "geometry": { "type": "MultiPolygon", "coordinates": [ [ [ [ 114.51462620408617, 34.704514289894426 ], [ 114.514754208261465, 34.704524708838932 ], [ 114.514730393531181, 34.704288049956702 ], [ 114.514627692506821, 34.704291026797989 ], [ 114.51462620408617, 34.704514289894426 ] ] ] ] } },
{ "type": "Feature", "properties": { "FID": 223, "layer": "3", "path": "D:/1 work/数据/树/3.shp" }, "geometry": { "type": "MultiPolygon", "coordinates": [ [ [ [ 114.51486881665096, 34.704225536289698 ], [ 114.515220083922699, 34.704183860511691 ], [ 114.515223060763972, 34.704606571974288 ], [ 114.515741031147726, 34.704645270911008 ], [ 114.515684471163297, 34.704035018447399 ], [ 114.515374879669565, 34.704064786860258 ], [ 114.515395717558562, 34.703984412145537 ], [ 114.515270690224554, 34.703999296351967 ], [ 114.515252829176845, 34.704070740542832 ], [ 114.515178408144692, 34.704067763701545 ], [ 114.515172454462117, 34.703823662716097 ], [ 114.515112917636401, 34.703826639557384 ], [ 114.515112917636401, 34.703770079572955 ], [ 114.514856909285811, 34.703767102731668 ], [ 114.51486881665096, 34.704225536289698 ] ] ] ] } },
{ "type": "Feature", "properties": { "FID": 224, "layer": "3", "path": "D:/1 work/数据/树/3.shp" }, "geometry": { "type": "MultiPolygon", "coordinates": [ [ [ [ 114.516561150922016, 34.703252109189215 ], [ 114.516876696098322, 34.703234248141499 ], [ 114.516843950844176, 34.703103267124916 ], [ 114.516643014057379, 34.703153873426778 ], [ 114.516559662501365, 34.703171734474495 ], [ 114.516561150922016, 34.703252109189215 ] ] ] ] } },
{ "type": "Feature", "properties": { "FID": 225, "layer": "3", "path": "D:/1 work/数据/树/3.shp" }, "geometry": { "type": "MultiPolygon", "coordinates": [ [ [ [ 114.516129508935535, 34.70171903592697 ], [ 114.516442077270554, 34.701693732776043 ], [ 114.516389982548048, 34.701623777005821 ], [ 114.516120578411673, 34.701655033839323 ], [ 114.516129508935535, 34.70171903592697 ] ] ] ] } },
{ "type": "Feature", "properties": { "FID": 226, "layer": "3", "path": "D:/1 work/数据/树/3.shp" }, "geometry": { "type": "MultiPolygon", "coordinates": [ [ [ [ 114.516579011969725, 34.704063298439614 ], [ 114.516858835050598, 34.704054367915759 ], [ 114.516863300312522, 34.704002273193254 ], [ 114.517038933948399, 34.703999296351967 ], [ 114.517043399210323, 34.703921898478534 ], [ 114.516577523549074, 34.703933805843683 ], [ 114.516579011969725, 34.704063298439614 ] ] ] ] } },
{ "type": "Feature", "properties": { "FID": 227, "layer": "3", "path": "D:/1 work/数据/树/3.shp" }, "geometry": { "type": "MultiPolygon", "coordinates": [ [ [ [ 114.516556685660078, 34.703798359565177 ], [ 114.516709992986293, 34.703804313247744 ], [ 114.516714458248231, 34.703691193278878 ], [ 114.516556685660078, 34.703686728016955 ], [ 114.516556685660078, 34.703798359565177 ] ] ] ] } },
{ "type": "Feature", "properties": { "FID": 228, "layer": "3", "path": "D:/1 work/数据/树/3.shp" }, "geometry": { "type": "MultiPolygon", "coordinates": [ [ [ [ 114.516205418388296, 34.705408830700847 ], [ 114.516556685660035, 34.705376085446701 ], [ 114.516422727802166, 34.704685458268379 ], [ 114.516130997356143, 34.704721180363805 ], [ 114.516205418388296, 34.705408830700847 ] ] ] ] } },
{ "type": "Feature", "properties": { "FID": 229, "layer": "3", "path": "D:/1 work/数据/树/3.shp" }, "geometry": { "type": "MultiPolygon", "coordinates": [ [ [ [ 114.51691390661432, 34.705292733890701 ], [ 114.517202660219056, 34.705251058112694 ], [ 114.517134192869477, 34.704786670872096 ], [ 114.516836508740894, 34.704834300332671 ], [ 114.51691390661432, 34.705292733890701 ] ] ] ] } },
{ "type": "Feature", "properties": { "FID": 230, "layer": "3", "path": "D:/1 work/数据/树/3.shp" }, "geometry": { "type": "MultiPolygon", "coordinates": [ [ [ [ 114.51880717767213, 34.697883375930125 ], [ 114.519078070229156, 34.697838723310838 ], [ 114.519021510244713, 34.69716000349765 ], [ 114.518729779798704, 34.697195725593083 ], [ 114.51880717767213, 34.697883375930125 ] ] ] ] } },
{ "type": "Feature", "properties": { "FID": 231, "layer": "3", "path": "D:/1 work/数据/树/3.shp" }, "geometry": { "type": "MultiPolygon", "coordinates": [ [ [ [ 114.519122722848437, 34.697642251785965 ], [ 114.519468036437601, 34.69759164548411 ], [ 114.519351939627455, 34.697088559306792 ], [ 114.519030440768574, 34.697168934021512 ], [ 114.519122722848437, 34.697642251785965 ] ] ] ] } },
{ "type": "Feature", "properties": { "FID": 232, "layer": "3", "path": "D:/1 work/数据/树/3.shp" }, "geometry": { "type": "MultiPolygon", "coordinates": [ [ [ [ 114.51939212698484, 34.697182329807298 ], [ 114.51973148689143, 34.697136188767367 ], [ 114.519689811113437, 34.696970974076002 ], [ 114.519633251129008, 34.696991811965006 ], [ 114.519599017454212, 34.697036464584293 ], [ 114.519393615405491, 34.697093024568723 ], [ 114.51939212698484, 34.697182329807298 ] ] ] ] } },
{ "type": "Feature", "properties": { "FID": 233, "layer": "3", "path": "D:/1 work/数据/树/3.shp" }, "geometry": { "type": "MultiPolygon", "coordinates": [ [ [ [ 114.51969278795471, 34.696883157258078 ], [ 114.520042566805799, 34.696799805702071 ], [ 114.520114010996664, 34.697137677188017 ], [ 114.520198850973316, 34.697124281402232 ], [ 114.52010805731409, 34.696647986796492 ], [ 114.519652600597354, 34.69677599097178 ], [ 114.51969278795471, 34.696883157258078 ] ] ] ] } },
{ "type": "Feature", "properties": { "FID": 234, "layer": "3", "path": "D:/1 work/数据/树/3.shp" }, "geometry": { "type": "MultiPolygon", "coordinates": [ [ [ [ 114.520255410957716, 34.697063256155857 ], [ 114.520377461450437, 34.697054325632003 ], [ 114.520378949871088, 34.697134700346723 ], [ 114.520268806743502, 34.697168934021505 ], [ 114.520285179370575, 34.697289496093589 ], [ 114.520539699300514, 34.697252285577513 ], [ 114.520468255109662, 34.696921856194777 ], [ 114.520219688862284, 34.696930786718639 ], [ 114.520255410957716, 34.697063256155857 ] ] ] ] } },
{ "type": "Feature", "properties": { "FID": 235, "layer": "3", "path": "D:/1 work/数据/树/3.shp" }, "geometry": { "type": "MultiPolygon", "coordinates": [ [ [ [ 114.521385122225709, 34.697624390738248 ], [ 114.521813787370888, 34.697535085499666 ], [ 114.521798903164452, 34.697466618150095 ], [ 114.521656014782735, 34.697478525515237 ], [ 114.521599454798306, 34.697249308736225 ], [ 114.521292840145847, 34.697293961355513 ], [ 114.521385122225709, 34.697624390738248 ] ] ] ] } },
{ "type": "Feature", "properties": { "FID": 236, "layer": "3", "path": "D:/1 work/数据/树/3.shp" }, "geometry": { "type": "MultiPolygon", "coordinates": [ [ [ [ 114.521554802179026, 34.698615678886448 ], [ 114.522063842038904, 34.69853232733044 ], [ 114.522037050467333, 34.698383485266149 ], [ 114.521554802179026, 34.698475767346011 ], [ 114.521554802179026, 34.698615678886448 ] ] ] ] } },
{ "type": "Feature", "properties": { "FID": 237, "layer": "3", "path": "D:/1 work/数据/树/3.shp" }, "geometry": { "type": "MultiPolygon", "coordinates": [ [ [ [ 114.521760204227746, 34.698350740012003 ], [ 114.522045980991194, 34.69831501791657 ], [ 114.521971559959042, 34.697868491723689 ], [ 114.52160540848088, 34.697931005390693 ], [ 114.521656014782735, 34.698097708502701 ], [ 114.521551825337738, 34.69811259270913 ], [ 114.521548848496451, 34.698178083217421 ], [ 114.521760204227746, 34.698350740012003 ] ] ] ] } },
{ "type": "Feature", "properties": { "FID": 238, "layer": "3", "path": "D:/1 work/数据/树/3.shp" }, "geometry": { "type": "MultiPolygon", "coordinates": [ [ [ [ 114.518869691339134, 34.698677448343119 ], [ 114.519270076492091, 34.698606004152253 ], [ 114.519216493348949, 34.698460138929242 ], [ 114.518835457664352, 34.698501814707249 ], [ 114.518869691339134, 34.698677448343119 ] ] ] ] } },
{ "type": "Feature", "properties": { "FID": 239, "layer": "3", "path": "D:/1 work/数据/树/3.shp" }, "geometry": { "type": "MultiPolygon", "coordinates": [ [ [ [ 114.518792293465708, 34.698411021048024 ], [ 114.518932205006138, 34.698385717897096 ], [ 114.518917320799716, 34.698309808444307 ], [ 114.518778897679923, 34.69832915791266 ], [ 114.518792293465708, 34.698411021048024 ] ] ] ] } },
{ "type": "Feature", "properties": { "FID": 240, "layer": "3", "path": "D:/1 work/数据/树/3.shp" }, "geometry": { "type": "MultiPolygon", "coordinates": [ [ [ [ 114.52313550490183, 34.697513503400337 ], [ 114.524525689782351, 34.697278332938744 ], [ 114.524510805575929, 34.697114606668023 ], [ 114.524606064497078, 34.697099722461594 ], [ 114.524591180290642, 34.697019347746874 ], [ 114.524350056146488, 34.69705209300102 ], [ 114.52436494035291, 34.697209865589173 ], [ 114.524332195098779, 34.697233680319457 ], [ 114.523590961618581, 34.697302147669035 ], [ 114.523590961618581, 34.697394429748897 ], [ 114.523477841649708, 34.697385499225042 ], [ 114.523462957443286, 34.697308101351609 ], [ 114.523123597536681, 34.697427175003043 ], [ 114.52313550490183, 34.697513503400337 ] ] ] ] } },
{ "type": "Feature", "properties": { "FID": 241, "layer": "3", "path": "D:/1 work/数据/树/3.shp" }, "geometry": { "type": "MultiPolygon", "coordinates": [ [ [ [ 114.523186111203685, 34.697614716004054 ], [ 114.523516540586428, 34.697549225495763 ], [ 114.523501656379992, 34.697474804463617 ], [ 114.523159319632114, 34.69755220233705 ], [ 114.523186111203685, 34.697614716004054 ] ] ] ] } },
{ "type": "Feature", "properties": { "FID": 242, "layer": "3", "path": "D:/1 work/数据/树/3.shp" }, "geometry": { "type": "MultiPolygon", "coordinates": [ [ [ [ 114.52477574445038, 34.696812457277488 ], [ 114.52519101380976, 34.696773758340768 ], [ 114.525173152762051, 34.696672545737052 ], [ 114.524783186553591, 34.696711244673764 ], [ 114.52477574445038, 34.696812457277488 ] ] ] ] } },
{ "type": "Feature", "properties": { "FID": 243, "layer": "3", "path": "D:/1 work/数据/树/3.shp" }, "geometry": { "type": "MultiPolygon", "coordinates": [ [ [ [ 114.507737793350259, 34.730581744825059 ], [ 114.508452235258872, 34.730531138523197 ], [ 114.50843735105245, 34.730334666998324 ], [ 114.508288508988144, 34.730322759633182 ], [ 114.50823790268629, 34.730019121822018 ], [ 114.508011662748558, 34.730016144980731 ], [ 114.508023570113707, 34.729846465027435 ], [ 114.507690163889677, 34.729861349233865 ], [ 114.507737793350259, 34.730581744825059 ] ] ] ] } },
{ "type": "Feature", "properties": { "FID": 244, "layer": "3", "path": "D:/1 work/数据/树/3.shp" }, "geometry": { "type": "MultiPolygon", "coordinates": [ [ [ [ 114.508557913124562, 34.729925351321505 ], [ 114.508790106744854, 34.729926839742149 ], [ 114.508772245697145, 34.729685715597988 ], [ 114.508425443687329, 34.72967827349477 ], [ 114.508420978425406, 34.729764601892064 ], [ 114.508492422616271, 34.72975864820949 ], [ 114.508489445774984, 34.729916420797643 ], [ 114.508557913124562, 34.729925351321505 ] ] ] ] } },
{ "type": "Feature", "properties": { "FID": 245, "layer": "3", "path": "D:/1 work/数据/树/3.shp" }, "geometry": { "type": "MultiPolygon", "coordinates": [ [ [ [ 114.506706317844717, 34.730114380743167 ], [ 114.507304662943184, 34.7301084270606 ], [ 114.507286801895461, 34.729864326075152 ], [ 114.507054608275169, 34.729891117646723 ], [ 114.507027816703598, 34.729956608155014 ], [ 114.506724178892426, 34.730004237615589 ], [ 114.506706317844717, 34.730114380743167 ] ] ] ] } },
{ "type": "Feature", "properties": { "FID": 246, "layer": "3", "path": "D:/1 work/数据/树/3.shp" }, "geometry": { "type": "MultiPolygon", "coordinates": [ [ [ [ 114.506643804177713, 34.730001260774301 ], [ 114.506736086257575, 34.729998283933021 ], [ 114.506640827336426, 34.729533896692416 ], [ 114.506590221034557, 34.729539850374984 ], [ 114.506643804177713, 34.730001260774301 ] ] ] ] } },
{ "type": "Feature", "properties": { "FID": 247, "layer": "3", "path": "D:/1 work/数据/树/3.shp" }, "geometry": { "type": "MultiPolygon", "coordinates": [ [ [ [ 114.50469099629413, 34.7293225409611 ], [ 114.505048217248444, 34.729263004135383 ], [ 114.505036309883295, 34.729176675738088 ], [ 114.504952958327294, 34.729182629420663 ], [ 114.504911282549287, 34.729090347340794 ], [ 114.504747556278559, 34.72910820838851 ], [ 114.504637413150988, 34.728667635878196 ], [ 114.504497501610544, 34.728706334814909 ], [ 114.50469099629413, 34.7293225409611 ] ] ] ] } },
{ "type": "Feature", "properties": { "FID": 248, "layer": "3", "path": "D:/1 work/数据/树/3.shp" }, "geometry": { "type": "MultiPolygon", "coordinates": [ [ [ [ 114.504970819375032, 34.728890898974647 ], [ 114.505345901377055, 34.728825408466356 ], [ 114.505348878218342, 34.728494979083621 ], [ 114.505336970853207, 34.728477118035904 ], [ 114.50517324458248, 34.728545585385483 ], [ 114.505188128788902, 34.728608099052487 ], [ 114.504938074120886, 34.728637867465345 ], [ 114.504970819375032, 34.728890898974647 ] ] ] ] } },
{ "type": "Feature", "properties": { "FID": 249, "layer": "3", "path": "D:/1 work/数据/树/3.shp" }, "geometry": { "type": "MultiPolygon", "coordinates": [ [ [ [ 114.505539396060669, 34.728777779005789 ], [ 114.505905547538831, 34.728750987434211 ], [ 114.505840057030539, 34.728634890624065 ], [ 114.506009736983842, 34.728605122211206 ], [ 114.505950200158125, 34.7283729285909 ], [ 114.505655492870815, 34.728399720162471 ], [ 114.505712052855245, 34.728646797989207 ], [ 114.505515581330386, 34.728700381132356 ], [ 114.505539396060669, 34.728777779005789 ] ] ] ] } },
{ "type": "Feature", "properties": { "FID": 250, "layer": "3", "path": "D:/1 work/数据/树/3.shp" }, "geometry": { "type": "MultiPolygon", "coordinates": [ [ [ [ 114.505149429852239, 34.730298944902891 ], [ 114.505575118156116, 34.730224523870746 ], [ 114.505557257108407, 34.730025075504585 ], [ 114.505128591963228, 34.730120334425735 ], [ 114.505149429852239, 34.730298944902891 ] ] ] ] } },
{ "type": "Feature", "properties": { "FID": 251, "layer": "3", "path": "D:/1 work/数据/树/3.shp" }, "geometry": { "type": "MultiPolygon", "coordinates": [ [ [ [ 114.505119661439366, 34.730036982869727 ], [ 114.505387577155105, 34.730004237615582 ], [ 114.505384600313818, 34.729846465027428 ], [ 114.505125615121941, 34.729911955535719 ], [ 114.505119661439366, 34.730036982869727 ] ] ] ] } },
{ "type": "Feature", "properties": { "FID": 252, "layer": "3", "path": "D:/1 work/数据/树/3.shp" }, "geometry": { "type": "MultiPolygon", "coordinates": [ [ [ [ 114.505747774950706, 34.730260245966186 ], [ 114.506146671683027, 34.730453740649764 ], [ 114.506655711542919, 34.730278107013895 ], [ 114.506608082082337, 34.729953631313734 ], [ 114.506438402129049, 34.730016144980738 ], [ 114.506411610557464, 34.730191778616607 ], [ 114.506146671683027, 34.730200709140462 ], [ 114.50613178747659, 34.730090566012883 ], [ 114.505729913902996, 34.730114380743174 ], [ 114.505747774950706, 34.730260245966186 ] ] ] ] } },
{ "type": "Feature", "properties": { "FID": 253, "layer": "3", "path": "D:/1 work/数据/树/3.shp" }, "geometry": { "type": "MultiPolygon", "coordinates": [ [ [ [ 114.509296169763502, 34.731058039430806 ], [ 114.509852839083976, 34.731031247859235 ], [ 114.509802232782107, 34.730900266842653 ], [ 114.509846885401402, 34.730879428953656 ], [ 114.510144569529999, 34.731388468813549 ], [ 114.510346994737432, 34.731474797210836 ], [ 114.510126708482275, 34.730694864793925 ], [ 114.510174337942857, 34.730548999570914 ], [ 114.510501790484312, 34.730534115364485 ], [ 114.510540489421018, 34.730456717491052 ], [ 114.510436299976021, 34.73044481012591 ], [ 114.509861769607838, 34.730513277475481 ], [ 114.509867723290398, 34.730638304809496 ], [ 114.509632552828819, 34.730668073222354 ], [ 114.509564085479241, 34.730846683699511 ], [ 114.509254493985509, 34.73090324368394 ], [ 114.509296169763502, 34.731058039430806 ] ] ] ] } },
{ "type": "Feature", "properties": { "FID": 254, "layer": "3", "path": "D:/1 work/数据/树/3.shp" }, "geometry": { "type": "MultiPolygon", "coordinates": [ [ [ [ 114.512514135193527, 34.723017591117497 ], [ 114.513198808689296, 34.722833026957773 ], [ 114.513240484467303, 34.722600833337466 ], [ 114.513544122278461, 34.722600833337466 ], [ 114.513407187579318, 34.721803039872839 ], [ 114.513627473834475, 34.721761364094839 ], [ 114.513550075961035, 34.721344606314808 ], [ 114.512395061542094, 34.721558938887391 ], [ 114.512442691002676, 34.721660151491115 ], [ 114.512657023575258, 34.721660151491115 ], [ 114.512692745670691, 34.722112631366578 ], [ 114.512484366780669, 34.722118585049145 ], [ 114.512484366780669, 34.722231705018011 ], [ 114.5127106067184, 34.722207890287727 ], [ 114.512704653035826, 34.722338871304309 ], [ 114.512460552050385, 34.72232696393916 ], [ 114.512514135193527, 34.723017591117497 ] ] ] ] } },
{ "type": "Feature", "properties": { "FID": 255, "layer": "3", "path": "D:/1 work/数据/树/3.shp" }, "geometry": { "type": "MultiPolygon", "coordinates": [ [ [ [ 114.512353385764115, 34.721326745267092 ], [ 114.512782050909294, 34.721296976854234 ], [ 114.512823726687287, 34.720653979136472 ], [ 114.512353385764115, 34.720707562279621 ], [ 114.512353385764115, 34.721326745267092 ] ] ] ] } },
{ "type": "Feature", "properties": { "FID": 256, "layer": "3", "path": "D:/1 work/数据/树/3.shp" }, "geometry": { "type": "MultiPolygon", "coordinates": [ [ [ [ 114.511382935504898, 34.721594660982824 ], [ 114.511585360712346, 34.721588707300256 ], [ 114.511793739602354, 34.721517263109391 ], [ 114.511704434363779, 34.720999292725644 ], [ 114.510739937787136, 34.720915941169636 ], [ 114.510775659882569, 34.72110050532936 ], [ 114.511120973471733, 34.721189810567942 ], [ 114.511180510297464, 34.721350559997383 ], [ 114.511311491314032, 34.721308884219376 ], [ 114.511382935504898, 34.721594660982824 ] ] ] ] } },
{ "type": "Feature", "properties": { "FID": 257, "layer": "3", "path": "D:/1 work/数据/树/3.shp" }, "geometry": { "type": "MultiPolygon", "coordinates": [ [ [ [ 114.511787785919779, 34.721365444203805 ], [ 114.511921743777648, 34.721362467362518 ], [ 114.51193067430151, 34.721267208441368 ], [ 114.512106307937373, 34.721255301076226 ], [ 114.512079516365802, 34.721037991662357 ], [ 114.51222538158882, 34.721008223249491 ], [ 114.512142030032805, 34.720731377009905 ], [ 114.511716341728913, 34.720787936994334 ], [ 114.511758017506921, 34.72102310745592 ], [ 114.511888998523503, 34.72102310745592 ], [ 114.511900905888652, 34.721189810567935 ], [ 114.511755040665633, 34.721183856885361 ], [ 114.511787785919779, 34.721365444203805 ] ] ] ] } },
{ "type": "Feature", "properties": { "FID": 258, "layer": "3", "path": "D:/1 work/数据/树/3.shp" }, "geometry": { "type": "MultiPolygon", "coordinates": [ [ [ [ 114.511984257444652, 34.721529170474533 ], [ 114.512287895255824, 34.721484517855245 ], [ 114.51223133527138, 34.721353536838663 ], [ 114.511939604825372, 34.72137437472766 ], [ 114.511984257444652, 34.721529170474533 ] ] ] ] } },
{ "type": "Feature", "properties": { "FID": 259, "layer": "3", "path": "D:/1 work/数据/树/3.shp" }, "geometry": { "type": "MultiPolygon", "coordinates": [ [ [ [ 114.511317444996607, 34.722261473430876 ], [ 114.5116359670142, 34.72224063554188 ], [ 114.511573453347197, 34.721758387253558 ], [ 114.511284699742461, 34.721806016714133 ], [ 114.511317444996607, 34.722261473430876 ] ] ] ] } },
{ "type": "Feature", "properties": { "FID": 260, "layer": "3", "path": "D:/1 work/数据/树/3.shp" }, "geometry": { "type": "MultiPolygon", "coordinates": [ [ [ [ 114.51171336488764, 34.72245794495575 ], [ 114.511868160634506, 34.722419246019037 ], [ 114.511835415380361, 34.721764340936126 ], [ 114.511662758585771, 34.721743503047129 ], [ 114.51171336488764, 34.72245794495575 ] ] ] ] } },
{ "type": "Feature", "properties": { "FID": 261, "layer": "3", "path": "D:/1 work/数据/树/3.shp" }, "geometry": { "type": "MultiPolygon", "coordinates": [ [ [ [ 114.510733984104562, 34.722181098716142 ], [ 114.5109185482643, 34.722175145033567 ], [ 114.510912594581725, 34.721826854603115 ], [ 114.510766729358707, 34.721829831444403 ], [ 114.510733984104562, 34.722181098716142 ] ] ] ] } },
{ "type": "Feature", "properties": { "FID": 262, "layer": "3", "path": "D:/1 work/数据/树/3.shp" }, "geometry": { "type": "MultiPolygon", "coordinates": [ [ [ [ 114.510168384260254, 34.722719906988907 ], [ 114.510344017896131, 34.72270204594119 ], [ 114.510344017896131, 34.722568088083321 ], [ 114.510489883119135, 34.722556180718179 ], [ 114.510474998912713, 34.722779443814623 ], [ 114.510588118881572, 34.722746698560478 ], [ 114.510579188357724, 34.722577018607183 ], [ 114.510757798834874, 34.72254129651175 ], [ 114.510719099898154, 34.722303149208877 ], [ 114.510513697849433, 34.722312079732731 ], [ 114.510528582055855, 34.722484736527321 ], [ 114.510174337942829, 34.722496643892462 ], [ 114.510168384260254, 34.722719906988907 ] ] ] ] } },
{ "type": "Feature", "properties": { "FID": 263, "layer": "3", "path": "D:/1 work/数据/树/3.shp" }, "geometry": { "type": "MultiPolygon", "coordinates": [ [ [ [ 114.509528363383765, 34.722681208052173 ], [ 114.509760557004071, 34.722678231210892 ], [ 114.509757580162784, 34.722755629084325 ], [ 114.509891538020653, 34.722749675401751 ], [ 114.509888561179366, 34.722633578591598 ], [ 114.509933213798647, 34.72262762490903 ], [ 114.509962982211505, 34.722675254369605 ], [ 114.510061217973941, 34.722654416480601 ], [ 114.510061217973941, 34.722550227035597 ], [ 114.509855815925221, 34.722562134400739 ], [ 114.509858792766508, 34.722457944955728 ], [ 114.509668274924209, 34.722490690209874 ], [ 114.509644460193911, 34.722633578591598 ], [ 114.509522409701191, 34.722639532274172 ], [ 114.509528363383765, 34.722681208052173 ] ] ] ] } },
{ "type": "Feature", "properties": { "FID": 264, "layer": "3", "path": "D:/1 work/数据/树/3.shp" }, "geometry": { "type": "MultiPolygon", "coordinates": [ [ [ [ 114.510135639006094, 34.723023544800057 ], [ 114.510388670515397, 34.723029498482624 ], [ 114.510358902102539, 34.723234900531359 ], [ 114.510573234675135, 34.72322299316621 ], [ 114.510579188357696, 34.722868749053184 ], [ 114.510352948419964, 34.722880656418333 ], [ 114.510370809467688, 34.722946146926624 ], [ 114.510177314784102, 34.722937216402762 ], [ 114.510135639006094, 34.723023544800057 ] ] ] ] } },
{ "type": "Feature", "properties": { "FID": 265, "layer": "3", "path": "D:/1 work/数据/树/3.shp" }, "geometry": { "type": "MultiPolygon", "coordinates": [ [ [ [ 114.511085251376301, 34.722940193244057 ], [ 114.511409727076469, 34.72291935535506 ], [ 114.511445449171902, 34.72309796583221 ], [ 114.511656804903197, 34.723068197419352 ], [ 114.511647874379349, 34.722853864846769 ], [ 114.511350190250752, 34.722871725894485 ], [ 114.511344236568178, 34.722678231210899 ], [ 114.511248977647028, 34.722693115417329 ], [ 114.511251954488316, 34.722779443814616 ], [ 114.511046552439581, 34.722767536449474 ], [ 114.511085251376301, 34.722940193244057 ] ] ] ] } },
{ "type": "Feature", "properties": { "FID": 266, "layer": "3", "path": "D:/1 work/数据/树/3.shp" }, "geometry": { "type": "MultiPolygon", "coordinates": [ [ [ [ 114.509558131796624, 34.723087546887719 ], [ 114.509898980123864, 34.723093500570293 ], [ 114.509898980123864, 34.723032475323926 ], [ 114.510025495878509, 34.72303396374457 ], [ 114.510037403243658, 34.722972938498209 ], [ 114.510108847434523, 34.722981869022064 ], [ 114.510096940069374, 34.722819631171987 ], [ 114.509840931718784, 34.722807723806838 ], [ 114.509837954877497, 34.722952100609206 ], [ 114.509489664447045, 34.722993776387213 ], [ 114.509558131796624, 34.723087546887719 ] ] ] ] } },
{ "type": "Feature", "properties": { "FID": 267, "layer": "3", "path": "D:/1 work/数据/树/3.shp" }, "geometry": { "type": "MultiPolygon", "coordinates": [ [ [ [ 114.509732277011807, 34.724245538147954 ], [ 114.510991480875745, 34.724007390845081 ], [ 114.511003388240894, 34.723754359335778 ], [ 114.510878360906887, 34.723754359335778 ], [ 114.510887291430748, 34.723662077255916 ], [ 114.510613422032435, 34.723650169890767 ], [ 114.510598537826013, 34.723757336177066 ], [ 114.510384205253416, 34.723775197224782 ], [ 114.510372297888281, 34.723894270876215 ], [ 114.510291923173554, 34.723897247717503 ], [ 114.509916841171531, 34.72390022455879 ], [ 114.509907910647669, 34.723662077255916 ], [ 114.509625110725509, 34.723694822510062 ], [ 114.509666786503516, 34.723825803526637 ], [ 114.509500083391501, 34.723837710891786 ], [ 114.509580458106214, 34.723953807701932 ], [ 114.509732277011807, 34.723962738225794 ], [ 114.509732277011807, 34.724245538147954 ] ] ] ] } },
{ "type": "Feature", "properties": { "FID": 268, "layer": "3", "path": "D:/1 work/数据/树/3.shp" }, "geometry": { "type": "MultiPolygon", "coordinates": [ [ [ [ 114.50672864415435, 34.722643997536096 ], [ 114.507082888267377, 34.722536831249805 ], [ 114.50744010922169, 34.722554692297521 ], [ 114.507321035570257, 34.721926578786189 ], [ 114.506335701104604, 34.722120073469775 ], [ 114.506383330565185, 34.722307614470786 ], [ 114.506722690471776, 34.722254031327644 ], [ 114.506737574678212, 34.722423711280939 ], [ 114.50664529259835, 34.72244752601123 ], [ 114.50672864415435, 34.722643997536096 ] ] ] ] } },
{ "type": "Feature", "properties": { "FID": 269, "layer": "3", "path": "D:/1 work/数据/树/3.shp" }, "geometry": { "type": "MultiPolygon", "coordinates": [ [ [ [ 114.505918943324559, 34.722489201789237 ], [ 114.506326770580728, 34.722429664963521 ], [ 114.506294025326582, 34.72226891553408 ], [ 114.505874290705265, 34.7223492902488 ], [ 114.505918943324559, 34.722489201789237 ] ] ] ] } },
{ "type": "Feature", "properties": { "FID": 270, "layer": "3", "path": "D:/1 work/数据/树/3.shp" }, "geometry": { "type": "MultiPolygon", "coordinates": [ [ [ [ 114.506538126312037, 34.722923820616984 ], [ 114.507059073537079, 34.722804746965544 ], [ 114.506972745139777, 34.722602321758103 ], [ 114.506707806265339, 34.722652928059965 ], [ 114.506746505202045, 34.722834515378409 ], [ 114.506541103153324, 34.722873214315122 ], [ 114.506538126312037, 34.722923820616984 ] ] ] ] } },
{ "type": "Feature", "properties": { "FID": 271, "layer": "3", "path": "D:/1 work/数据/树/3.shp" }, "geometry": { "type": "MultiPolygon", "coordinates": [ [ [ [ 114.50598443383285, 34.722986334283988 ], [ 114.506484543168895, 34.722953589029842 ], [ 114.50645775159731, 34.722834515378409 ], [ 114.506017179086996, 34.722888098521551 ], [ 114.50598443383285, 34.722986334283988 ] ] ] ] } },
{ "type": "Feature", "properties": { "FID": 272, "layer": "3", "path": "D:/1 work/数据/树/3.shp" }, "geometry": { "type": "MultiPolygon", "coordinates": [ [ [ [ 114.506645292598293, 34.723331647873152 ], [ 114.507219822966491, 34.723286995253865 ], [ 114.507187077712345, 34.723033963744562 ], [ 114.506868555694751, 34.723057778474846 ], [ 114.506889393583748, 34.723185782650141 ], [ 114.506636362074445, 34.723221504745574 ], [ 114.506645292598293, 34.723331647873152 ] ] ] ] } },
{ "type": "Feature", "properties": { "FID": 273, "layer": "3", "path": "D:/1 work/数据/树/3.shp" }, "geometry": { "type": "MultiPolygon", "coordinates": [ [ [ [ 114.506935534623679, 34.723641239366899 ], [ 114.507453505007433, 34.723571283596684 ], [ 114.507435643959724, 34.723419464691098 ], [ 114.50737313029272, 34.723422441532385 ], [ 114.507371641872069, 34.723377788913098 ], [ 114.507120098783417, 34.7234090457466 ], [ 114.507112656680192, 34.723490908881963 ], [ 114.507216846125203, 34.723476024675534 ], [ 114.507264475585785, 34.723544492025106 ], [ 114.507084376687985, 34.723553422548967 ], [ 114.507073957743486, 34.723577237279251 ], [ 114.506938511464966, 34.723581702541182 ], [ 114.506935534623679, 34.723641239366899 ] ] ] ] } },
{ "type": "Feature", "properties": { "FID": 274, "layer": "3", "path": "D:/1 work/数据/树/3.shp" }, "geometry": { "type": "MultiPolygon", "coordinates": [ [ [ [ 114.507062050378323, 34.723982087694125 ], [ 114.50747434289643, 34.724083300297849 ], [ 114.507599370230437, 34.724093719242347 ], [ 114.507602347071725, 34.723845152994969 ], [ 114.507027816703541, 34.723877898249114 ], [ 114.507062050378323, 34.723982087694125 ] ] ] ] } },
{ "type": "Feature", "properties": { "FID": 275, "layer": "3", "path": "D:/1 work/数据/树/3.shp" }, "geometry": { "type": "MultiPolygon", "coordinates": [ [ [ [ 114.508260228995866, 34.722112631366556 ], [ 114.508727593077765, 34.722066490326625 ], [ 114.508718662553903, 34.72193848615133 ], [ 114.508239391106869, 34.721960812460971 ], [ 114.508260228995866, 34.722112631366556 ] ] ] ] } },
{ "type": "Feature", "properties": { "FID": 276, "layer": "3", "path": "D:/1 work/数据/树/3.shp" }, "geometry": { "type": "MultiPolygon", "coordinates": [ [ [ [ 114.508252786892626, 34.721612522030519 ], [ 114.508633822577224, 34.721573823093806 ], [ 114.508636799418511, 34.72150237890294 ], [ 114.508258740575201, 34.721523216791944 ], [ 114.508252786892626, 34.721612522030519 ] ] ] ] } },
{ "type": "Feature", "properties": { "FID": 277, "layer": "3", "path": "D:/1 work/数据/树/3.shp" }, "geometry": { "type": "MultiPolygon", "coordinates": [ [ [ [ 114.508825828840187, 34.723903201400049 ], [ 114.508898761451704, 34.723898736138125 ], [ 114.5089195993407, 34.723694822510033 ], [ 114.508755873069973, 34.723717148819681 ], [ 114.508743965704824, 34.723787104589903 ], [ 114.508812433054402, 34.723809430899543 ], [ 114.508825828840187, 34.723903201400049 ] ] ] ] } },
{ "type": "Feature", "properties": { "FID": 278, "layer": "3", "path": "D:/1 work/数据/树/3.shp" }, "geometry": { "type": "MultiPolygon", "coordinates": [ [ [ [ 114.508068222732931, 34.722733302774685 ], [ 114.5082855321468, 34.722721395409543 ], [ 114.508266182678454, 34.722597856496172 ], [ 114.508081618518716, 34.722626136488394 ], [ 114.508068222732931, 34.722733302774685 ] ] ] ] } },
{ "type": "Feature", "properties": { "FID": 279, "layer": "3", "path": "D:/1 work/数据/树/3.shp" }, "geometry": { "type": "MultiPolygon", "coordinates": [ [ [ [ 114.508703778347453, 34.723141130030861 ], [ 114.508848155149821, 34.723135176348286 ], [ 114.508842201467246, 34.722929774299558 ], [ 114.508675498355231, 34.722956565871137 ], [ 114.508703778347453, 34.723141130030861 ] ] ] ] } },
{ "type": "Feature", "properties": { "FID": 280, "layer": "3", "path": "D:/1 work/数据/树/3.shp" }, "geometry": { "type": "MultiPolygon", "coordinates": [ [ [ [ 114.515693401686789, 34.721255301076241 ], [ 114.515973224767677, 34.721216602139528 ], [ 114.515925595307095, 34.720924871693505 ], [ 114.515663633273931, 34.720987385360509 ], [ 114.515693401686789, 34.721255301076241 ] ] ] ] } },
{ "type": "Feature", "properties": { "FID": 281, "layer": "3", "path": "D:/1 work/数据/树/3.shp" }, "geometry": { "type": "MultiPolygon", "coordinates": [ [ [ [ 114.514687229332154, 34.7210945516468 ], [ 114.515068265016751, 34.721035014821076 ], [ 114.515038496603893, 34.720865334867781 ], [ 114.514678298808292, 34.720930825376072 ], [ 114.514687229332154, 34.7210945516468 ] ] ] ] } },
{ "type": "Feature", "properties": { "FID": 282, "layer": "3", "path": "D:/1 work/数据/树/3.shp" }, "geometry": { "type": "MultiPolygon", "coordinates": [ [ [ [ 114.521394052749301, 34.726417143866044 ], [ 114.521980490482633, 34.726387375453186 ], [ 114.521938814704626, 34.726184950245738 ], [ 114.5213107011933, 34.726226626023745 ], [ 114.521394052749301, 34.726417143866044 ] ] ] ] } },
{ "type": "Feature", "properties": { "FID": 283, "layer": "3", "path": "D:/1 work/数据/树/3.shp" }, "geometry": { "type": "MultiPolygon", "coordinates": [ [ [ [ 114.52225733672222, 34.726327838627462 ], [ 114.523067037551996, 34.726208764976029 ], [ 114.523070014393284, 34.725794984037286 ], [ 114.522254359880932, 34.72589917348229 ], [ 114.52225733672222, 34.726327838627462 ] ] ] ] } },
{ "type": "Feature", "properties": { "FID": 284, "layer": "3", "path": "D:/1 work/数据/树/3.shp" }, "geometry": { "type": "MultiPolygon", "coordinates": [ [ [ [ 114.526936931223659, 34.734799928927224 ], [ 114.527332851114679, 34.734793975244656 ], [ 114.527282244812824, 34.734273028019615 ], [ 114.526898232286939, 34.73432065748019 ], [ 114.526936931223659, 34.734799928927224 ] ] ] ] } },
{ "type": "Feature", "properties": { "FID": 285, "layer": "3", "path": "D:/1 work/数据/树/3.shp" }, "geometry": { "type": "MultiPolygon", "coordinates": [ [ [ [ 114.527413225829406, 34.733463327189853 ], [ 114.527966918308579, 34.733421651411852 ], [ 114.527895474117727, 34.733091222029117 ], [ 114.527785330990142, 34.733091222029117 ], [ 114.527770446783705, 34.733231133569554 ], [ 114.527541230004701, 34.733240064093408 ], [ 114.527538253163414, 34.733165643061263 ], [ 114.527416202670679, 34.733156712537408 ], [ 114.527451924766112, 34.733022754679538 ], [ 114.527300105860533, 34.733019777838251 ], [ 114.527353689003675, 34.73342462825314 ], [ 114.527413225829406, 34.733463327189853 ] ] ] ] } },
{ "type": "Feature", "properties": { "FID": 286, "layer": "3", "path": "D:/1 work/数据/树/3.shp" }, "geometry": { "type": "MultiPolygon", "coordinates": [ [ [ [ 114.526591617634466, 34.734079533336036 ], [ 114.526883348080489, 34.734055718605745 ], [ 114.526856556508918, 34.733963436525883 ], [ 114.527231638510941, 34.73392771443045 ], [ 114.527195916415508, 34.73372528922301 ], [ 114.526990514366773, 34.733719335540435 ], [ 114.526990514366773, 34.733558586110995 ], [ 114.526535057650037, 34.733603238730282 ], [ 114.526383238744444, 34.733633007143148 ], [ 114.526383238744444, 34.733695520810151 ], [ 114.526371331379295, 34.733865200763454 ], [ 114.526579710269317, 34.733829478668028 ], [ 114.526591617634466, 34.734079533336036 ] ] ] ] } },
{ "type": "Feature", "properties": { "FID": 287, "layer": "3", "path": "D:/1 work/数据/树/3.shp" }, "geometry": { "type": "MultiPolygon", "coordinates": [ [ [ [ 114.525079382261211, 34.733871154446028 ], [ 114.525311575881517, 34.733850316557024 ], [ 114.525305622198943, 34.733752080794588 ], [ 114.525424695850376, 34.733740173429446 ], [ 114.525335390611801, 34.733388906157707 ], [ 114.525243108531939, 34.733394859840281 ], [ 114.5252520390558, 34.733478211396282 ], [ 114.525115104356644, 34.733507979809147 ], [ 114.525189525388782, 34.733656821873439 ], [ 114.525019845435494, 34.733695520810159 ], [ 114.525079382261211, 34.733871154446028 ] ] ] ] } },
{ "type": "Feature", "properties": { "FID": 288, "layer": "3", "path": "D:/1 work/数据/树/3.shp" }, "geometry": { "type": "MultiPolygon", "coordinates": [ [ [ [ 114.525534838977947, 34.733829478668007 ], [ 114.526353470331586, 34.733781849207432 ], [ 114.52636537769672, 34.733707428175286 ], [ 114.525921828345119, 34.733740173429432 ], [ 114.525918851503832, 34.733692543968857 ], [ 114.525704518931249, 34.733701474492712 ], [ 114.525701542089962, 34.733638960825708 ], [ 114.525534838977947, 34.733644914508282 ], [ 114.525534838977947, 34.733829478668007 ] ] ] ] } },
{ "type": "Feature", "properties": { "FID": 289, "layer": "3", "path": "D:/1 work/数据/树/3.shp" }, "geometry": { "type": "MultiPolygon", "coordinates": [ [ [ [ 114.527975848832412, 34.730304898585445 ], [ 114.528160412992136, 34.730292991220303 ], [ 114.52812171405543, 34.730013168139429 ], [ 114.527699002592826, 34.730066751282571 ], [ 114.52780616887911, 34.730310852268019 ], [ 114.527975848832412, 34.730304898585445 ] ] ] ] } },
{ "type": "Feature", "properties": { "FID": 290, "layer": "3", "path": "D:/1 work/数据/树/3.shp" }, "geometry": { "type": "MultiPolygon", "coordinates": [ [ [ [ 114.528587589716679, 34.730315317529957 ], [ 114.528819783336985, 34.730291502799666 ], [ 114.528766200193843, 34.730087589171582 ], [ 114.528571217089606, 34.7301367070528 ], [ 114.528587589716679, 34.730315317529957 ] ] ] ] } },
{ "type": "Feature", "properties": { "FID": 291, "layer": "3", "path": "D:/1 work/数据/树/3.shp" }, "geometry": { "type": "MultiPolygon", "coordinates": [ [ [ [ 114.528998393814149, 34.730248338601022 ], [ 114.529136816933942, 34.730223035450088 ], [ 114.529178492711949, 34.730188801775299 ], [ 114.529163608505527, 34.730115869163797 ], [ 114.529054953798578, 34.730118846005084 ], [ 114.528987974869651, 34.730164987045015 ], [ 114.528998393814149, 34.730248338601022 ] ] ] ] } },
{ "type": "Feature", "properties": { "FID": 292, "layer": "3", "path": "D:/1 work/数据/树/3.shp" }, "geometry": { "type": "MultiPolygon", "coordinates": [ [ [ [ 114.526304352450367, 34.732433340104883 ], [ 114.526529103967462, 34.73243482852552 ], [ 114.52646212503852, 34.732180308595574 ], [ 114.526097461980996, 34.732207100167152 ], [ 114.526116811449356, 34.732385710644309 ], [ 114.526264165093011, 34.732370826437872 ], [ 114.526304352450367, 34.732433340104883 ] ] ] ] } },
{ "type": "Feature", "properties": { "FID": 293, "layer": "3", "path": "D:/1 work/数据/树/3.shp" }, "geometry": { "type": "MultiPolygon", "coordinates": [ [ [ [ 114.526456171355932, 34.73196597602297 ], [ 114.526658596563379, 34.731954068657828 ], [ 114.52660203657895, 34.731718898196235 ], [ 114.526435333466935, 34.731762062394886 ], [ 114.526456171355932, 34.73196597602297 ] ] ] ] } },
{ "type": "Feature", "properties": { "FID": 294, "layer": "3", "path": "D:/1 work/数据/树/3.shp" }, "geometry": { "type": "MultiPolygon", "coordinates": [ [ [ [ 114.526767251270286, 34.730810961604014 ], [ 114.527121495383312, 34.730822868969156 ], [ 114.527121495383312, 34.730679980587432 ], [ 114.527192939574178, 34.730659142698435 ], [ 114.527195916415465, 34.730840730016872 ], [ 114.527356665844906, 34.730846683699447 ], [ 114.527216754304462, 34.730397180665271 ], [ 114.526749390222577, 34.7304120648717 ], [ 114.526832741778577, 34.730742494254436 ], [ 114.526767251270286, 34.730810961604014 ] ] ] ] } },
{ "type": "Feature", "properties": { "FID": 295, "layer": "3", "path": "D:/1 work/数据/树/3.shp" }, "geometry": { "type": "MultiPolygon", "coordinates": [ [ [ [ 114.525799777852342, 34.73108185416104 ], [ 114.526073647250641, 34.731075900478466 ], [ 114.526037925155208, 34.730766308984734 ], [ 114.525850384154197, 34.730769285826021 ], [ 114.525799777852342, 34.73108185416104 ] ] ] ] } },
{ "type": "Feature", "properties": { "FID": 296, "layer": "3", "path": "D:/1 work/数据/树/3.shp" }, "geometry": { "type": "MultiPolygon", "coordinates": [ [ [ [ 114.526213558791099, 34.73148075089334 ], [ 114.526497847133911, 34.731468843528191 ], [ 114.526514219760983, 34.731314047781325 ], [ 114.526268630354892, 34.7313616772419 ], [ 114.526249280886532, 34.730985106819233 ], [ 114.526070670409382, 34.731022317335302 ], [ 114.526130207235099, 34.731294698312965 ], [ 114.526213558791099, 34.73148075089334 ] ] ] ] } },
{ "type": "Feature", "properties": { "FID": 297, "layer": "3", "path": "D:/1 work/数据/树/3.shp" }, "geometry": { "type": "MultiPolygon", "coordinates": [ [ [ [ 114.52376510683338, 34.732451201152557 ], [ 114.523952647834406, 34.732430363263553 ], [ 114.523857388913243, 34.731983837070665 ], [ 114.523693662642529, 34.731977883388097 ], [ 114.52376510683338, 34.732451201152557 ] ] ] ] } },
{ "type": "Feature", "properties": { "FID": 298, "layer": "3", "path": "D:/1 work/数据/树/3.shp" }, "geometry": { "type": "MultiPolygon", "coordinates": [ [ [ [ 114.525042171745071, 34.732640230574212 ], [ 114.525205898015798, 34.732620881105859 ], [ 114.525174641182304, 34.73246757377963 ], [ 114.525037706483147, 34.732494365351201 ], [ 114.525042171745071, 34.732640230574212 ] ] ] ] } },
{ "type": "Feature", "properties": { "FID": 299, "layer": "3", "path": "D:/1 work/数据/树/3.shp" }, "geometry": { "type": "MultiPolygon", "coordinates": [ [ [ [ 114.523375140624921, 34.732973636798235 ], [ 114.523705570007664, 34.732921542075736 ], [ 114.523654963705809, 34.73270869792379 ], [ 114.523294765910208, 34.732768234749507 ], [ 114.523375140624921, 34.732973636798235 ] ] ] ] } },
{ "type": "Feature", "properties": { "FID": 300, "layer": "3", "path": "D:/1 work/数据/树/3.shp" }, "geometry": { "type": "MultiPolygon", "coordinates": [ [ [ [ 114.523394490093267, 34.733204341997904 ], [ 114.523509098482776, 34.733298112498417 ], [ 114.523925856262807, 34.733238575672694 ], [ 114.523887157326087, 34.733128432545115 ], [ 114.523384071148769, 34.733152247275406 ], [ 114.523394490093267, 34.733204341997904 ] ] ] ] } },
{ "type": "Feature", "properties": { "FID": 301, "layer": "3", "path": "D:/1 work/数据/树/3.shp" }, "geometry": { "type": "MultiPolygon", "coordinates": [ [ [ [ 114.523964555199527, 34.73323411041077 ], [ 114.524117862525756, 34.733216249363053 ], [ 114.524016649922032, 34.732750373701805 ], [ 114.523863342595803, 34.732781630535307 ], [ 114.523964555199527, 34.73323411041077 ] ] ] ] } },
{ "type": "Feature", "properties": { "FID": 302, "layer": "3", "path": "D:/1 work/数据/树/3.shp" }, "geometry": { "type": "MultiPolygon", "coordinates": [ [ [ [ 114.530239736630207, 34.731498611941035 ], [ 114.530995854316828, 34.731236649907878 ], [ 114.531001807999402, 34.731159252034445 ], [ 114.530180199804491, 34.731349769876743 ], [ 114.530239736630207, 34.731498611941035 ] ] ] ] } },
{ "type": "Feature", "properties": { "FID": 303, "layer": "3", "path": "D:/1 work/数据/树/3.shp" }, "geometry": { "type": "MultiPolygon", "coordinates": [ [ [ [ 114.532204451878926, 34.732183285436797 ], [ 114.534651415415965, 34.7318439255302 ], [ 114.535609958310033, 34.731570056131901 ], [ 114.535723078278892, 34.731397399337318 ], [ 114.535330135229145, 34.730117357584369 ], [ 114.53521999210156, 34.730251315442239 ], [ 114.535306320498862, 34.730668073222269 ], [ 114.535056265830846, 34.730700818476414 ], [ 114.535062219513406, 34.730822868969135 ], [ 114.535324181546571, 34.730805007921425 ], [ 114.535350973118142, 34.730864544747142 ], [ 114.53508008056113, 34.730879428953571 ], [ 114.535068173195981, 34.730924081572859 ], [ 114.535440278356731, 34.730944919461862 ], [ 114.535455162563153, 34.73115032151059 ], [ 114.53516343211713, 34.73118902044731 ], [ 114.535214038418999, 34.731251534114314 ], [ 114.535359903642004, 34.731269395162023 ], [ 114.535404556261298, 34.731465866686897 ], [ 114.535178316323567, 34.7314867045759 ], [ 114.535172362640992, 34.73132595514646 ], [ 114.535053288989559, 34.731352746718031 ], [ 114.534990775322555, 34.73128725620974 ], [ 114.534627600685667, 34.731361677241892 ], [ 114.534389453382801, 34.731397399337297 ], [ 114.534374569176364, 34.731492658258446 ], [ 114.533993533491753, 34.731495635099741 ], [ 114.533941438769219, 34.731473308790093 ], [ 114.533631847275487, 34.731455447742377 ], [ 114.533622916751625, 34.731366142503802 ], [ 114.533268672638599, 34.731392934075373 ], [ 114.533235927384453, 34.731035713121067 ], [ 114.533036479018293, 34.731056551010063 ], [ 114.533045409542154, 34.731267906741365 ], [ 114.532503624428116, 34.731297675154231 ], [ 114.532333944474829, 34.731297675154231 ], [ 114.53232203710968, 34.731059527851357 ], [ 114.532244639236239, 34.731154786772507 ], [ 114.531982677203089, 34.731178601502798 ], [ 114.532204451878926, 34.732183285436797 ] ] ] ] } },
{ "type": "Feature", "properties": { "FID": 304, "layer": "3", "path": "D:/1 work/数据/树/3.shp" }, "geometry": { "type": "MultiPolygon", "coordinates": [ [ [ [ 114.531839788821358, 34.731247068852369 ], [ 114.532000538250799, 34.731235161487227 ], [ 114.531958862472791, 34.730961292088921 ], [ 114.531839788821358, 34.730991060501779 ], [ 114.531839788821358, 34.731247068852369 ] ] ] ] } },
{ "type": "Feature", "properties": { "FID": 305, "layer": "3", "path": "D:/1 work/数据/树/3.shp" }, "geometry": { "type": "MultiPolygon", "coordinates": [ [ [ [ 114.531866580392929, 34.730922593152208 ], [ 114.532211893982094, 34.730818403707197 ], [ 114.532202963458246, 34.730779704770484 ], [ 114.531836811980071, 34.730827334231059 ], [ 114.531866580392929, 34.730922593152208 ] ] ] ] } },
{ "type": "Feature", "properties": { "FID": 306, "layer": "3", "path": "D:/1 work/数据/树/3.shp" }, "geometry": { "type": "MultiPolygon", "coordinates": [ [ [ [ 114.534405826009831, 34.730252803862861 ], [ 114.534706486979701, 34.730181359672002 ], [ 114.534670764884268, 34.729791393463543 ], [ 114.534396895485969, 34.729767578733252 ], [ 114.534268891310674, 34.729901536591122 ], [ 114.534405826009831, 34.730252803862861 ] ] ] ] } },
{ "type": "Feature", "properties": { "FID": 307, "layer": "3", "path": "D:/1 work/数据/树/3.shp" }, "geometry": { "type": "MultiPolygon", "coordinates": [ [ [ [ 114.532973965351289, 34.730819892127833 ], [ 114.533286533686308, 34.730831799492975 ], [ 114.533261230535388, 34.730669561642891 ], [ 114.532984384295787, 34.730712725841535 ], [ 114.532973965351289, 34.730819892127833 ] ] ] ] } },
{ "type": "Feature", "properties": { "FID": 308, "layer": "3", "path": "D:/1 work/数据/树/3.shp" }, "geometry": { "type": "MultiPolygon", "coordinates": [ [ [ [ 114.529872096731296, 34.732440782208002 ], [ 114.530163827177319, 34.732366361175856 ], [ 114.53015191981217, 34.732241333841841 ], [ 114.529958425128584, 34.732277055937274 ], [ 114.529952471446009, 34.732157982285841 ], [ 114.529806606223005, 34.732169889650983 ], [ 114.529872096731296, 34.732440782208002 ] ] ] ] } },
{ "type": "Feature", "properties": { "FID": 309, "layer": "3", "path": "D:/1 work/数据/树/3.shp" }, "geometry": { "type": "MultiPolygon", "coordinates": [ [ [ [ 114.534075396626946, 34.733369556689198 ], [ 114.53443857126382, 34.733321927228623 ], [ 114.534384988120678, 34.733042104147749 ], [ 114.534111118722365, 34.733101640973466 ], [ 114.534075396626946, 34.733369556689198 ] ] ] ] } },
{ "type": "Feature", "properties": { "FID": 310, "layer": "3", "path": "D:/1 work/数据/树/3.shp" }, "geometry": { "type": "MultiPolygon", "coordinates": [ [ [ [ 114.534611228058409, 34.73340527878463 ], [ 114.534914865869567, 34.733351695641481 ], [ 114.534914865869567, 34.733167131481757 ], [ 114.534998217425581, 34.733083779925749 ], [ 114.534998217425581, 34.732958752591742 ], [ 114.535147059489873, 34.732934937861451 ], [ 114.535593585682761, 34.732565809542002 ], [ 114.535492373079038, 34.732428874842846 ], [ 114.535093476346731, 34.732655114780577 ], [ 114.534998217425581, 34.732893262083451 ], [ 114.534510015454686, 34.732994474687175 ], [ 114.534611228058409, 34.73340527878463 ] ] ] ] } },
{ "type": "Feature", "properties": { "FID": 311, "layer": "3", "path": "D:/1 work/数据/树/3.shp" }, "geometry": { "type": "MultiPolygon", "coordinates": [ [ [ [ 114.535298878395452, 34.733071872560615 ], [ 114.535620377254347, 34.733030196782614 ], [ 114.535650145667205, 34.733256436720339 ], [ 114.535409021523051, 34.733310019863488 ], [ 114.535423905729473, 34.733387417736921 ], [ 114.535516187809336, 34.733420162991067 ], [ 114.535614423571772, 34.733756546056377 ], [ 114.535676937238776, 34.73391134180325 ], [ 114.53589424665266, 34.733836920771097 ], [ 114.536120486590391, 34.733792268151809 ], [ 114.536132393955526, 34.733685101865518 ], [ 114.536400309671265, 34.733637472404943 ], [ 114.536370541258407, 34.733539236642507 ], [ 114.536263374972108, 34.733560074531503 ], [ 114.536168116050959, 34.733342765117634 ], [ 114.535992482415097, 34.733429093514928 ], [ 114.535950806637089, 34.733098664132186 ], [ 114.536075833971097, 34.733080803084469 ], [ 114.536302073908828, 34.732961729433036 ], [ 114.536388402306116, 34.732931961020178 ], [ 114.536474730703404, 34.73298256732204 ], [ 114.536992701087158, 34.732842655781596 ], [ 114.537034376865165, 34.732928984178891 ], [ 114.537165357881747, 34.732931961020178 ], [ 114.537144519992751, 34.73272953581273 ], [ 114.536796229562285, 34.732741443177879 ], [ 114.536748600101717, 34.732411013795137 ], [ 114.536275282337257, 34.732446735890569 ], [ 114.536313981273977, 34.732669998987014 ], [ 114.536150255003221, 34.73276823474945 ], [ 114.535861501398486, 34.732839678940309 ], [ 114.535742427747053, 34.732479481144715 ], [ 114.535313762601874, 34.732928984178891 ], [ 114.535298878395452, 34.733071872560615 ] ] ] ] } },
{ "type": "Feature", "properties": { "FID": 312, "layer": "3", "path": "D:/1 work/数据/树/3.shp" }, "geometry": { "type": "MultiPolygon", "coordinates": [ [ [ [ 114.537320153628599, 34.73282479473388 ], [ 114.537576161979189, 34.732780142114592 ], [ 114.537549370407618, 34.732583670589719 ], [ 114.537236802072584, 34.732622369526439 ], [ 114.537320153628599, 34.73282479473388 ] ] ] ] } },
{ "type": "Feature", "properties": { "FID": 313, "layer": "3", "path": "D:/1 work/数据/树/3.shp" }, "geometry": { "type": "MultiPolygon", "coordinates": [ [ [ [ 114.528228880341302, 34.712126817272818 ], [ 114.528818294915922, 34.712114909907669 ], [ 114.52882722543977, 34.711647545825784 ], [ 114.52819315824587, 34.711698152127646 ], [ 114.528228880341302, 34.712126817272818 ] ] ] ] } },
{ "type": "Feature", "properties": { "FID": 314, "layer": "3", "path": "D:/1 work/数据/树/3.shp" }, "geometry": { "type": "MultiPolygon", "coordinates": [ [ [ [ 114.527243545875663, 34.711957137319516 ], [ 114.527389411098667, 34.711957137319516 ], [ 114.527413225828951, 34.712076210970956 ], [ 114.527707933116261, 34.71201965098652 ], [ 114.527684118385977, 34.711861878398366 ], [ 114.527627558401548, 34.71180234157265 ], [ 114.527323920590376, 34.711870808922228 ], [ 114.527243545875663, 34.711957137319516 ] ] ] ] } },
{ "type": "Feature", "properties": { "FID": 315, "layer": "3", "path": "D:/1 work/数据/树/3.shp" }, "geometry": { "type": "MultiPolygon", "coordinates": [ [ [ [ 114.527413225828951, 34.711778526842359 ], [ 114.527865705704414, 34.711739827905646 ], [ 114.527767469941978, 34.711388560633907 ], [ 114.527389411098667, 34.711400467999049 ], [ 114.527413225828951, 34.711778526842359 ] ] ] ] } },
{ "type": "Feature", "properties": { "FID": 316, "layer": "3", "path": "D:/1 work/数据/树/3.shp" }, "geometry": { "type": "MultiPolygon", "coordinates": [ [ [ [ 114.527963941466851, 34.712013697303952 ], [ 114.528103853007295, 34.712007743621378 ], [ 114.528100876166008, 34.711823179461653 ], [ 114.527931196212705, 34.711832109985508 ], [ 114.527963941466851, 34.712013697303952 ] ] ] ] } },
{ "type": "Feature", "properties": { "FID": 317, "layer": "3", "path": "D:/1 work/数据/树/3.shp" }, "geometry": { "type": "MultiPolygon", "coordinates": [ [ [ [ 114.528931414884752, 34.711796387890075 ], [ 114.529145747457349, 34.71180531841393 ], [ 114.529136816933487, 34.711555263745915 ], [ 114.528904623313181, 34.711567171111056 ], [ 114.528931414884752, 34.711796387890075 ] ] ] ] } },
{ "type": "Feature", "properties": { "FID": 318, "layer": "3", "path": "D:/1 work/数据/树/3.shp" }, "geometry": { "type": "MultiPolygon", "coordinates": [ [ [ [ 114.5267776702144, 34.711839552088712 ], [ 114.527237592193089, 34.711814248937785 ], [ 114.527216754304078, 34.71141088694354 ], [ 114.526980095421848, 34.711440655356398 ], [ 114.526974141739274, 34.711638615301908 ], [ 114.526890790183273, 34.711641592143195 ], [ 114.526874417556201, 34.711470423769256 ], [ 114.526728552333182, 34.711492750078904 ], [ 114.5267776702144, 34.711839552088712 ] ] ] ] } },
{ "type": "Feature", "properties": { "FID": 319, "layer": "3", "path": "D:/1 work/数据/树/3.shp" }, "geometry": { "type": "MultiPolygon", "coordinates": [ [ [ [ 114.525902478876304, 34.711732385802399 ], [ 114.526500823974786, 34.711729408961112 ], [ 114.526554407117928, 34.711827644723549 ], [ 114.526637758673928, 34.711827644723549 ], [ 114.526596082895935, 34.711669872135396 ], [ 114.526447240831629, 34.711643080563825 ], [ 114.52589652519373, 34.711666895294108 ], [ 114.525902478876304, 34.711732385802399 ] ] ] ] } },
{ "type": "Feature", "properties": { "FID": 320, "layer": "3", "path": "D:/1 work/数据/树/3.shp" }, "geometry": { "type": "MultiPolygon", "coordinates": [ [ [ [ 114.524664112901334, 34.713522955835863 ], [ 114.525283295888798, 34.713454488486292 ], [ 114.525286272730085, 34.713359229565143 ], [ 114.525500605302682, 34.713332437993564 ], [ 114.525461906365962, 34.713159781198982 ], [ 114.524673043425182, 34.713263970643993 ], [ 114.524664112901334, 34.713522955835863 ] ] ] ] } },
{ "type": "Feature", "properties": { "FID": 321, "layer": "3", "path": "D:/1 work/数据/树/3.shp" }, "geometry": { "type": "MultiPolygon", "coordinates": [ [ [ [ 114.526206116687433, 34.713841477853478 ], [ 114.526750878642758, 34.713805755758045 ], [ 114.526724087071173, 34.7137313347259 ], [ 114.526223977735143, 34.713778964186474 ], [ 114.526206116687433, 34.713841477853478 ] ] ] ] } },
{ "type": "Feature", "properties": { "FID": 322, "layer": "3", "path": "D:/1 work/数据/树/3.shp" }, "geometry": { "type": "MultiPolygon", "coordinates": [ [ [ [ 114.525926293606531, 34.712967774936054 ], [ 114.526660084983519, 34.712894842324552 ], [ 114.526637758673871, 34.712856143387832 ], [ 114.525924805185895, 34.712911214951625 ], [ 114.525926293606531, 34.712967774936054 ] ] ] ] } },
{ "type": "Feature", "properties": { "FID": 323, "layer": "3", "path": "D:/1 work/数据/树/3.shp" }, "geometry": { "type": "MultiPolygon", "coordinates": [ [ [ [ 114.526468078720555, 34.712577808727616 ], [ 114.526607990260985, 34.712568878203761 ], [ 114.526771716531712, 34.712409617194957 ], [ 114.526429379783835, 34.712434920345892 ], [ 114.526468078720555, 34.712577808727616 ] ] ] ] } },
{ "type": "Feature", "properties": { "FID": 324, "layer": "3", "path": "D:/1 work/数据/树/3.shp" }, "geometry": { "type": "MultiPolygon", "coordinates": [ [ [ [ 114.527486158440311, 34.713054103333377 ], [ 114.527623093139468, 34.713049638071446 ], [ 114.527624581560104, 34.712969263356726 ], [ 114.527885055172632, 34.712973728618657 ], [ 114.527864217283621, 34.71281744445114 ], [ 114.527474251075162, 34.712868050753002 ], [ 114.527486158440311, 34.713054103333377 ] ] ] ] } },
{ "type": "Feature", "properties": { "FID": 325, "layer": "3", "path": "D:/1 work/数据/树/3.shp" }, "geometry": { "type": "MultiPolygon", "coordinates": [ [ [ [ 114.527469785813238, 34.712808513927286 ], [ 114.527862728862985, 34.712781722355714 ], [ 114.527832960450127, 34.712650741339132 ], [ 114.527742166790901, 34.712606088719845 ], [ 114.527605232091744, 34.71263436871206 ], [ 114.527603743671108, 34.712762372887354 ], [ 114.527469785813238, 34.712796606562144 ], [ 114.527469785813238, 34.712808513927286 ] ] ] ] } },
{ "type": "Feature", "properties": { "FID": 326, "layer": "3", "path": "D:/1 work/数据/树/3.shp" }, "geometry": { "type": "MultiPolygon", "coordinates": [ [ [ [ 114.526862510190881, 34.713973947290725 ], [ 114.528416421342143, 34.713872734687001 ], [ 114.528410467659569, 34.713759614718143 ], [ 114.527160194319478, 34.713863804163147 ], [ 114.527118518541471, 34.71360481897127 ], [ 114.527008375413899, 34.713613749495131 ], [ 114.526993491207463, 34.713679240003422 ], [ 114.526785112317455, 34.713706031574993 ], [ 114.526862510190881, 34.713973947290725 ] ] ] ] } },
{ "type": "Feature", "properties": { "FID": 327, "layer": "3", "path": "D:/1 work/数据/树/3.shp" }, "geometry": { "type": "MultiPolygon", "coordinates": [ [ [ [ 114.526990514366176, 34.714066229370587 ], [ 114.528467027643998, 34.713959063084296 ], [ 114.52847595816786, 34.713887618893438 ], [ 114.526990514366176, 34.713985854655867 ], [ 114.526990514366176, 34.714066229370587 ] ] ] ] } },
{ "type": "Feature", "properties": { "FID": 328, "layer": "3", "path": "D:/1 work/数据/树/3.shp" }, "geometry": { "type": "MultiPolygon", "coordinates": [ [ [ [ 114.528292882428772, 34.714430892428098 ], [ 114.528727501256512, 34.714398147173952 ], [ 114.528718570732664, 34.71426418931609 ], [ 114.528283951904911, 34.714273119839945 ], [ 114.528292882428772, 34.714430892428098 ] ] ] ] } },
{ "type": "Feature", "properties": { "FID": 329, "layer": "3", "path": "D:/1 work/数据/树/3.shp" }, "geometry": { "type": "MultiPolygon", "coordinates": [ [ [ [ 114.526084066194599, 34.717276752697423 ], [ 114.52645021767276, 34.717217215871706 ], [ 114.526346028227763, 34.716779620202672 ], [ 114.525976899908301, 34.716859994917392 ], [ 114.526084066194599, 34.717276752697423 ] ] ] ] } },
{ "type": "Feature", "properties": { "FID": 330, "layer": "3", "path": "D:/1 work/数据/树/3.shp" }, "geometry": { "type": "MultiPolygon", "coordinates": [ [ [ [ 114.526584175530601, 34.685888938178586 ], [ 114.528024966712991, 34.685740096114287 ], [ 114.527983290934984, 34.685311430969115 ], [ 114.527393876360378, 34.685382875159981 ], [ 114.527381968995229, 34.685573393002279 ], [ 114.526667527086602, 34.685716281384003 ], [ 114.526584175530601, 34.685888938178586 ] ] ] ] } },
{ "type": "Feature", "properties": { "FID": 331, "layer": "3", "path": "D:/1 work/数据/树/3.shp" }, "geometry": { "type": "MultiPolygon", "coordinates": [ [ [ [ 114.528316697159013, 34.685710327701429 ], [ 114.528691779161036, 34.685674605606003 ], [ 114.528644149700469, 34.685311430969115 ], [ 114.528447678175596, 34.685329292016831 ], [ 114.528483400271028, 34.68547813408113 ], [ 114.528352419254446, 34.685460273033414 ], [ 114.528316697159013, 34.685710327701429 ] ] ] ] } },
{ "type": "Feature", "properties": { "FID": 332, "layer": "3", "path": "D:/1 work/数据/树/3.shp" }, "geometry": { "type": "MultiPolygon", "coordinates": [ [ [ [ 114.525842942050403, 34.685296546762693 ], [ 114.526268630354295, 34.685272732032402 ], [ 114.526256722989146, 34.685091144713965 ], [ 114.525839965209116, 34.685117936285536 ], [ 114.525842942050403, 34.685296546762693 ] ] ] ] } },
{ "type": "Feature", "properties": { "FID": 333, "layer": "3", "path": "D:/1 work/数据/树/3.shp" }, "geometry": { "type": "MultiPolygon", "coordinates": [ [ [ [ 114.524875468632501, 34.685650790875719 ], [ 114.525324971666677, 34.685623999304148 ], [ 114.525313064301528, 34.685507902493995 ], [ 114.524902260204072, 34.685540647748141 ], [ 114.524875468632501, 34.685650790875719 ] ] ] ] } },
{ "type": "Feature", "properties": { "FID": 334, "layer": "3", "path": "D:/1 work/数据/树/3.shp" }, "geometry": { "type": "MultiPolygon", "coordinates": [ [ [ [ 114.524620948702562, 34.685888938178586 ], [ 114.524774256028778, 34.685859169765727 ], [ 114.524760860242992, 34.685720746645927 ], [ 114.524601599234202, 34.685710327701429 ], [ 114.524620948702562, 34.685888938178586 ] ] ] ] } },
{ "type": "Feature", "properties": { "FID": 335, "layer": "3", "path": "D:/1 work/数据/树/3.shp" }, "geometry": { "type": "MultiPolygon", "coordinates": [ [ [ [ 114.52336174483861, 34.684833647942725 ], [ 114.523613287927262, 34.684818763736295 ], [ 114.523604357403414, 34.684623780632066 ], [ 114.52338109430697, 34.684632711155928 ], [ 114.52336174483861, 34.684833647942725 ] ] ] ] } },
{ "type": "Feature", "properties": { "FID": 336, "layer": "3", "path": "D:/1 work/数据/树/3.shp" }, "geometry": { "type": "MultiPolygon", "coordinates": [ [ [ [ 114.523384071148257, 34.685387340421904 ], [ 114.523717477372273, 34.685372456215475 ], [ 114.523646033181421, 34.684879788982656 ], [ 114.523364721679897, 34.684931883705161 ], [ 114.523384071148257, 34.685387340421904 ] ] ] ] } },
{ "type": "Feature", "properties": { "FID": 337, "layer": "3", "path": "D:/1 work/数据/树/3.shp" }, "geometry": { "type": "MultiPolygon", "coordinates": [ [ [ [ 114.522552044008862, 34.686043733925445 ], [ 114.523061083868754, 34.686002058147437 ], [ 114.523058107027467, 34.68585768134507 ], [ 114.522577347159796, 34.68593507921851 ], [ 114.522552044008862, 34.686043733925445 ] ] ] ] } },
{ "type": "Feature", "properties": { "FID": 338, "layer": "3", "path": "D:/1 work/数据/树/3.shp" }, "geometry": { "type": "MultiPolygon", "coordinates": [ [ [ [ 114.521922442076857, 34.6851864036351 ], [ 114.522101052554021, 34.68514770469838 ], [ 114.522038538887017, 34.684988443689583 ], [ 114.521873324195653, 34.685019700523085 ], [ 114.521922442076857, 34.6851864036351 ] ] ] ] } },
{ "type": "Feature", "properties": { "FID": 339, "layer": "3", "path": "D:/1 work/数据/树/3.shp" }, "geometry": { "type": "MultiPolygon", "coordinates": [ [ [ [ 114.521903092608511, 34.684979513165729 ], [ 114.52217696200681, 34.684943791070296 ], [ 114.522163566221053, 34.684720527973838 ], [ 114.522022166259973, 34.684727970077049 ], [ 114.522044492569606, 34.684867881617492 ], [ 114.521880766298892, 34.684900626871638 ], [ 114.521903092608511, 34.684979513165729 ] ] ] ] } },
{ "type": "Feature", "properties": { "FID": 340, "layer": "3", "path": "D:/1 work/数据/树/3.shp" }, "geometry": { "type": "MultiPolygon", "coordinates": [ [ [ [ 114.525321994825418, 34.681441537297395 ], [ 114.52574619470866, 34.681422187829035 ], [ 114.5257268452403, 34.681224227883526 ], [ 114.525317529563495, 34.681237623669311 ], [ 114.525321994825418, 34.681441537297395 ] ] ] ] } },
{ "type": "Feature", "properties": { "FID": 341, "layer": "3", "path": "D:/1 work/数据/树/3.shp" }, "geometry": { "type": "MultiPolygon", "coordinates": [ [ [ [ 114.523836551023706, 34.680886356397579 ], [ 114.524321776153315, 34.680911659548507 ], [ 114.524388755082256, 34.680803004841572 ], [ 114.523866319436564, 34.680712211182346 ], [ 114.523836551023706, 34.680886356397579 ] ] ] ] } },
{ "type": "Feature", "properties": { "FID": 342, "layer": "3", "path": "D:/1 work/数据/树/3.shp" }, "geometry": { "type": "MultiPolygon", "coordinates": [ [ [ [ 114.52384250470628, 34.681898482434768 ], [ 114.523952647833866, 34.681880621387059 ], [ 114.523830597341146, 34.681225716304148 ], [ 114.52372045421356, 34.681243577351864 ], [ 114.52384250470628, 34.681898482434768 ] ] ] ] } },
{ "type": "Feature", "properties": { "FID": 343, "layer": "3", "path": "D:/1 work/数据/树/3.shp" }, "geometry": { "type": "MultiPolygon", "coordinates": [ [ [ [ 114.524250331962435, 34.682556364358959 ], [ 114.525313064301514, 34.682434313866239 ], [ 114.525310087460227, 34.681892528752201 ], [ 114.524226517232151, 34.682130676055074 ], [ 114.524250331962435, 34.682556364358959 ] ] ] ] } },
{ "type": "Feature", "properties": { "FID": 344, "layer": "3", "path": "D:/1 work/数据/树/3.shp" }, "geometry": { "type": "MultiPolygon", "coordinates": [ [ [ [ 114.523651986863968, 34.682181282356929 ], [ 114.524172934088995, 34.682151513944071 ], [ 114.524149119358711, 34.68206816238807 ], [ 114.524033022548565, 34.682062208705496 ], [ 114.524000277294419, 34.681940158212775 ], [ 114.523634125816244, 34.68190741295863 ], [ 114.523523982688673, 34.681481724654738 ], [ 114.523333464846374, 34.681496608861167 ], [ 114.523485283751953, 34.682100907642216 ], [ 114.523646033181393, 34.682089000277067 ], [ 114.523651986863968, 34.682181282356929 ] ] ] ] } },
{ "type": "Feature", "properties": { "FID": 345, "layer": "3", "path": "D:/1 work/数据/树/3.shp" }, "geometry": { "type": "MultiPolygon", "coordinates": [ [ [ [ 114.525250550634553, 34.681060501612755 ], [ 114.525708984192576, 34.68098905742189 ], [ 114.525682192621005, 34.680816400627307 ], [ 114.525226735904269, 34.680865518508526 ], [ 114.525250550634553, 34.681060501612755 ] ] ] ] } },
{ "type": "Feature", "properties": { "FID": 346, "layer": "3", "path": "D:/1 work/数据/树/3.shp" }, "geometry": { "type": "MultiPolygon", "coordinates": [ [ [ [ 114.524817420227464, 34.680981615318686 ], [ 114.525025799117472, 34.680996499525115 ], [ 114.525063009633541, 34.681120038438486 ], [ 114.525180594864338, 34.681088781604984 ], [ 114.525103196990912, 34.680813423786034 ], [ 114.524815931806813, 34.680822354309889 ], [ 114.524817420227464, 34.680981615318686 ] ] ] ] } },
{ "type": "Feature", "properties": { "FID": 347, "layer": "3", "path": "D:/1 work/数据/树/3.shp" }, "geometry": { "type": "MultiPolygon", "coordinates": [ [ [ [ 114.526156998806115, 34.680605044895998 ], [ 114.527014329096474, 34.680191263957248 ], [ 114.526978607001041, 34.68010493555996 ], [ 114.526335609283279, 34.680411550212412 ], [ 114.526154021964828, 34.680518716498703 ], [ 114.526156998806115, 34.680605044895998 ] ] ] ] } },
{ "type": "Feature", "properties": { "FID": 348, "layer": "3", "path": "D:/1 work/数据/树/3.shp" }, "geometry": { "type": "MultiPolygon", "coordinates": [ [ [ [ 114.525622655795317, 34.681989276093951 ], [ 114.525801266272467, 34.681959507681093 ], [ 114.525764055756397, 34.681661823552503 ], [ 114.525640516843026, 34.681670754076357 ], [ 114.525622655795317, 34.681989276093951 ] ] ] ] } },
{ "type": "Feature", "properties": { "FID": 349, "layer": "3", "path": "D:/1 work/数据/树/3.shp" }, "geometry": { "type": "MultiPolygon", "coordinates": [ [ [ [ 114.5273254090108, 34.683288667315267 ], [ 114.527539741583396, 34.683288667315267 ], [ 114.52756355631368, 34.682955261091237 ], [ 114.527763004679841, 34.68286893269395 ], [ 114.52774216679083, 34.682749859042509 ], [ 114.527316478486952, 34.682824280074662 ], [ 114.5273254090108, 34.683288667315267 ] ] ] ] } },
{ "type": "Feature", "properties": { "FID": 350, "layer": "3", "path": "D:/1 work/数据/树/3.shp" }, "geometry": { "type": "MultiPolygon", "coordinates": [ [ [ [ 114.528054735125863, 34.684023947112891 ], [ 114.528286928746155, 34.683994178700026 ], [ 114.528361349778308, 34.683726262984294 ], [ 114.528096410903856, 34.683717332460439 ], [ 114.528054735125863, 34.684023947112891 ] ] ] ] } },
{ "type": "Feature", "properties": { "FID": 351, "layer": "3", "path": "D:/1 work/数据/树/3.shp" }, "geometry": { "type": "MultiPolygon", "coordinates": [ [ [ [ 114.527637977345833, 34.683297597839122 ], [ 114.527789796251412, 34.683270806267551 ], [ 114.527727282584408, 34.683053496853674 ], [ 114.527569509996255, 34.683062427377536 ], [ 114.527637977345833, 34.683297597839122 ] ] ] ] } },
{ "type": "Feature", "properties": { "FID": 352, "layer": "3", "path": "D:/1 work/数据/树/3.shp" }, "geometry": { "type": "MultiPolygon", "coordinates": [ [ [ [ 114.527239080613498, 34.684532986972783 ], [ 114.527608208932961, 34.684515125925067 ], [ 114.527585882623313, 34.68429483966991 ], [ 114.527383457415866, 34.684302281773121 ], [ 114.527378992153942, 34.684141532343688 ], [ 114.527228661669, 34.68415790497076 ], [ 114.527239080613498, 34.684532986972783 ] ] ] ] } },
{ "type": "Feature", "properties": { "FID": 353, "layer": "3", "path": "D:/1 work/数据/树/3.shp" }, "geometry": { "type": "MultiPolygon", "coordinates": [ [ [ [ 114.526444263990157, 34.683595281967712 ], [ 114.526587152371889, 34.683595281967712 ], [ 114.526587152371889, 34.683383926236409 ], [ 114.526423426101161, 34.683374995712555 ], [ 114.526444263990157, 34.683595281967712 ] ] ] ] } },
{ "type": "Feature", "properties": { "FID": 354, "layer": "3", "path": "D:/1 work/数据/树/3.shp" }, "geometry": { "type": "MultiPolygon", "coordinates": [ [ [ [ 114.526313282973589, 34.683318435728118 ], [ 114.526572268165452, 34.683321412569406 ], [ 114.526560360800318, 34.683086242107819 ], [ 114.52617932511572, 34.683107079996823 ], [ 114.526182301957007, 34.683187454711543 ], [ 114.526313282973589, 34.683175547346394 ], [ 114.526313282973589, 34.683318435728118 ] ] ] ] } },
{ "type": "Feature", "properties": { "FID": 355, "layer": "3", "path": "D:/1 work/数据/树/3.shp" }, "geometry": { "type": "MultiPolygon", "coordinates": [ [ [ [ 114.525351763238191, 34.684303770193765 ], [ 114.525801266272367, 34.684309723876339 ], [ 114.525792335748505, 34.684217441796477 ], [ 114.525601817906207, 34.684226372320332 ], [ 114.525616702112643, 34.684163858653328 ], [ 114.525363670603326, 34.684169812335895 ], [ 114.525351763238191, 34.684303770193765 ] ] ] ] } },
{ "type": "Feature", "properties": { "FID": 356, "layer": "3", "path": "D:/1 work/数据/树/3.shp" }, "geometry": { "type": "MultiPolygon", "coordinates": [ [ [ [ 114.52586229151872, 34.684187673383597 ], [ 114.526088531456452, 34.68418171970103 ], [ 114.526087043035801, 34.683922734509153 ], [ 114.52586229151872, 34.683903385040793 ], [ 114.525851872574222, 34.683702448253996 ], [ 114.525636051580989, 34.683717332460425 ], [ 114.525618190533265, 34.683878081889866 ], [ 114.525817638899426, 34.683897431358218 ], [ 114.525817638899426, 34.684050738684448 ], [ 114.525896525193502, 34.684038831319306 ], [ 114.52586229151872, 34.684187673383597 ] ] ] ] } },
{ "type": "Feature", "properties": { "FID": 357, "layer": "3", "path": "D:/1 work/数据/树/3.shp" }, "geometry": { "type": "MultiPolygon", "coordinates": [ [ [ [ 114.52404790675493, 34.684442193313544 ], [ 114.524283077216523, 34.684427309107114 ], [ 114.524293496161022, 34.684528521710838 ], [ 114.524527178201964, 34.684468984885122 ], [ 114.524528666622601, 34.684375214384616 ], [ 114.524402150867957, 34.684404982797474 ], [ 114.524378336137673, 34.684250187050601 ], [ 114.524037487810432, 34.684271024939605 ], [ 114.52404790675493, 34.684442193313544 ] ] ] ] } },
{ "type": "Feature", "properties": { "FID": 358, "layer": "3", "path": "D:/1 work/数据/树/3.shp" }, "geometry": { "type": "MultiPolygon", "coordinates": [ [ [ [ 114.524670066583667, 34.684376702805245 ], [ 114.525091289625621, 34.684345445971744 ], [ 114.525086824363697, 34.684250187050594 ], [ 114.525308599039491, 34.684220418637736 ], [ 114.52528329588857, 34.684174277597805 ], [ 114.525012403331544, 34.684169812335874 ], [ 114.52500644964897, 34.684306747035023 ], [ 114.524778721290602, 34.684317165979529 ], [ 114.524774256028678, 34.68424423336802 ], [ 114.52492309809297, 34.684227860740947 ], [ 114.52492309809297, 34.68414897444687 ], [ 114.524850165481467, 34.684150462867514 ], [ 114.524859096005315, 34.684084972359223 ], [ 114.524676020266241, 34.684104321827583 ], [ 114.524670066583667, 34.684376702805245 ] ] ] ] } },
{ "type": "Feature", "properties": { "FID": 359, "layer": "3", "path": "D:/1 work/数据/树/3.shp" }, "geometry": { "type": "MultiPolygon", "coordinates": [ [ [ [ 114.524550992932248, 34.684047761843154 ], [ 114.524689416052041, 34.684028412374794 ], [ 114.52466262448047, 34.683898919778855 ], [ 114.524381312978946, 34.683945060818786 ], [ 114.524397685606019, 34.684009062906433 ], [ 114.524548016090961, 34.68398822501743 ], [ 114.524550992932248, 34.684047761843154 ] ] ] ] } },
{ "type": "Feature", "properties": { "FID": 360, "layer": "3", "path": "D:/1 work/数据/树/3.shp" }, "geometry": { "type": "MultiPolygon", "coordinates": [ [ [ [ 114.524254797224273, 34.68336755360933 ], [ 114.524507828733576, 34.68336755360933 ], [ 114.524473595058794, 34.683057962115591 ], [ 114.524254797224273, 34.68311154525874 ], [ 114.524254797224273, 34.68336755360933 ] ] ] ] } },
{ "type": "Feature", "properties": { "FID": 361, "layer": "3", "path": "D:/1 work/数据/树/3.shp" }, "geometry": { "type": "MultiPolygon", "coordinates": [ [ [ [ 114.46913858081524, 34.710669653463206 ], [ 114.470281687869033, 34.709818276855437 ], [ 114.469942327962443, 34.709401519075406 ], [ 114.469710134342137, 34.709556314822272 ], [ 114.469722041707286, 34.709830184220579 ], [ 114.46972799538986, 34.709925443141728 ], [ 114.469049275576666, 34.7103957840649 ], [ 114.46913858081524, 34.710669653463206 ] ] ] ] } },
{ "type": "Feature", "properties": { "FID": 362, "layer": "3", "path": "D:/1 work/数据/树/3.shp" }, "geometry": { "type": "MultiPolygon", "coordinates": [ [ [ [ 114.472276171530609, 34.712437897187044 ], [ 114.473377602806409, 34.712247379344745 ], [ 114.473353788076111, 34.712062815185014 ], [ 114.4722583104829, 34.712342638265895 ], [ 114.472276171530609, 34.712437897187044 ] ] ] ] } },
{ "type": "Feature", "properties": { "FID": 363, "layer": "3", "path": "D:/1 work/数据/树/3.shp" }, "geometry": { "type": "MultiPolygon", "coordinates": [ [ [ [ 114.471960626354303, 34.711330512228692 ], [ 114.472782234549229, 34.711116179656109 ], [ 114.472782234549229, 34.710967337591811 ], [ 114.471895135846012, 34.711265021720401 ], [ 114.471960626354303, 34.711330512228692 ] ] ] ] } },
{ "type": "Feature", "properties": { "FID": 364, "layer": "3", "path": "D:/1 work/数据/树/3.shp" }, "geometry": { "type": "MultiPolygon", "coordinates": [ [ [ [ 114.474601084574971, 34.713319042207694 ], [ 114.475136916006434, 34.713208899080115 ], [ 114.475119054958711, 34.712863585490943 ], [ 114.475047610767859, 34.712890377062521 ], [ 114.475032726561423, 34.71270581290279 ], [ 114.474892815020993, 34.712726650791794 ], [ 114.474880907655844, 34.71262246134679 ], [ 114.474583223527247, 34.712679021331219 ], [ 114.474601084574971, 34.713319042207694 ] ] ] ] } },
{ "type": "Feature", "properties": { "FID": 365, "layer": "3", "path": "D:/1 work/数据/树/3.shp" }, "geometry": { "type": "MultiPolygon", "coordinates": [ [ [ [ 114.474743972956674, 34.714542523976199 ], [ 114.475232174927569, 34.714477033467908 ], [ 114.475202406514711, 34.7143520061339 ], [ 114.474726111908964, 34.714399635594475 ], [ 114.474743972956674, 34.714542523976199 ] ] ] ] } },
{ "type": "Feature", "properties": { "FID": 366, "layer": "3", "path": "D:/1 work/数据/树/3.shp" }, "geometry": { "type": "MultiPolygon", "coordinates": [ [ [ [ 114.474047392095756, 34.713479791637127 ], [ 114.474610015098804, 34.713396440081119 ], [ 114.474589177209793, 34.713250574858108 ], [ 114.474038461571894, 34.713369648509548 ], [ 114.474047392095756, 34.713479791637127 ] ] ] ] } },
{ "type": "Feature", "properties": { "FID": 367, "layer": "3", "path": "D:/1 work/数据/树/3.shp" }, "geometry": { "type": "MultiPolygon", "coordinates": [ [ [ [ 114.475360179102879, 34.713837012591455 ], [ 114.475491160119461, 34.713816174702458 ], [ 114.47533041069002, 34.712378360361349 ], [ 114.475270873864304, 34.712375383520069 ], [ 114.475360179102879, 34.713837012591455 ] ] ] ] } },
{ "type": "Feature", "properties": { "FID": 368, "layer": "3", "path": "D:/1 work/数据/树/3.shp" }, "geometry": { "type": "MultiPolygon", "coordinates": [ [ [ [ 114.475133939165161, 34.712978193880467 ], [ 114.4752083601973, 34.712948425467609 ], [ 114.475086309704579, 34.712361987734283 ], [ 114.475053564450434, 34.712391756147142 ], [ 114.475133939165161, 34.712978193880467 ] ] ] ] } },
{ "type": "Feature", "properties": { "FID": 369, "layer": "3", "path": "D:/1 work/数据/树/3.shp" }, "geometry": { "type": "MultiPolygon", "coordinates": [ [ [ [ 114.473530910132681, 34.711774061580314 ], [ 114.473907480555354, 34.711675825817878 ], [ 114.473818175316779, 34.711454051142077 ], [ 114.473520491188182, 34.711524006912299 ], [ 114.473530910132681, 34.711774061580314 ] ] ] ] } },
{ "type": "Feature", "properties": { "FID": 370, "layer": "3", "path": "D:/1 work/数据/树/3.shp" }, "geometry": { "type": "MultiPolygon", "coordinates": [ [ [ [ 114.473551748021649, 34.711104272290989 ], [ 114.473795849007104, 34.711020920734981 ], [ 114.47375268480846, 34.710761935543104 ], [ 114.473539840656514, 34.710827426051395 ], [ 114.473551748021649, 34.711104272290989 ] ] ] ] } },
{ "type": "Feature", "properties": { "FID": 371, "layer": "3", "path": "D:/1 work/数据/树/3.shp" }, "geometry": { "type": "MultiPolygon", "coordinates": [ [ [ [ 114.466928276160431, 34.711250137514014 ], [ 114.467312288686315, 34.710964360750566 ], [ 114.467258705543173, 34.710866124988129 ], [ 114.466913391954009, 34.71111022597357 ], [ 114.466928276160431, 34.711250137514014 ] ] ] ] } },
{ "type": "Feature", "properties": { "FID": 372, "layer": "3", "path": "D:/1 work/数据/树/3.shp" }, "geometry": { "type": "MultiPolygon", "coordinates": [ [ [ [ 114.467630810703923, 34.71073216713026 ], [ 114.468044591642666, 34.710562487176965 ], [ 114.467996962182085, 34.71047615877967 ], [ 114.467746907514069, 34.710577371383394 ], [ 114.467711185418636, 34.710625000843969 ], [ 114.467636764386484, 34.710675607145831 ], [ 114.467630810703923, 34.71073216713026 ] ] ] ] } },
{ "type": "Feature", "properties": { "FID": 373, "layer": "3", "path": "D:/1 work/数据/树/3.shp" }, "geometry": { "type": "MultiPolygon", "coordinates": [ [ [ [ 114.465981640631512, 34.71133348907 ], [ 114.466118575330668, 34.71125609119656 ], [ 114.465969733266377, 34.711003059687258 ], [ 114.465695863868063, 34.711187623846989 ], [ 114.465981640631512, 34.71133348907 ] ] ] ] } },
{ "type": "Feature", "properties": { "FID": 374, "layer": "3", "path": "D:/1 work/数据/树/3.shp" }, "geometry": { "type": "MultiPolygon", "coordinates": [ [ [ [ 114.46926211972854, 34.716099411968763 ], [ 114.470080751082179, 34.715959500428326 ], [ 114.470116473177612, 34.715840426776886 ], [ 114.469914047970164, 34.715182544852695 ], [ 114.469065648203667, 34.715319479551852 ], [ 114.46926211972854, 34.716099411968763 ] ] ] ] } },
{ "type": "Feature", "properties": { "FID": 375, "layer": "3", "path": "D:/1 work/数据/树/3.shp" }, "geometry": { "type": "MultiPolygon", "coordinates": [ [ [ [ 114.468878107202656, 34.716141087746763 ], [ 114.469059694521107, 34.716114296175192 ], [ 114.468887037726518, 34.715381993218855 ], [ 114.468717357773215, 34.715393900583997 ], [ 114.468878107202656, 34.716141087746763 ] ] ] ] } },
{ "type": "Feature", "properties": { "FID": 376, "layer": "3", "path": "D:/1 work/数据/树/3.shp" }, "geometry": { "type": "MultiPolygon", "coordinates": [ [ [ [ 114.469065648203667, 34.715259942726128 ], [ 114.469839626938011, 34.715131938550833 ], [ 114.469860464827022, 34.715033702788404 ], [ 114.4690180187431, 34.715143845915982 ], [ 114.469065648203667, 34.715259942726128 ] ] ] ] } },
{ "type": "Feature", "properties": { "FID": 377, "layer": "3", "path": "D:/1 work/数据/树/3.shp" }, "geometry": { "type": "MultiPolygon", "coordinates": [ [ [ [ 114.471741828519725, 34.714244839847602 ], [ 114.47272120930279, 34.714054322005303 ], [ 114.472709301937655, 34.714006692544729 ], [ 114.471756712726147, 34.714167441974169 ], [ 114.471741828519725, 34.714244839847602 ] ] ] ] } },
{ "type": "Feature", "properties": { "FID": 378, "layer": "3", "path": "D:/1 work/数据/树/3.shp" }, "geometry": { "type": "MultiPolygon", "coordinates": [ [ [ [ 114.472944472399192, 34.715538277386358 ], [ 114.473306158615429, 34.715521904759285 ], [ 114.473306158615429, 34.714966723859455 ], [ 114.472822421906471, 34.715066448042535 ], [ 114.472944472399192, 34.715538277386358 ] ] ] ] } },
{ "type": "Feature", "properties": { "FID": 379, "layer": "3", "path": "D:/1 work/数据/树/3.shp" }, "geometry": { "type": "MultiPolygon", "coordinates": [ [ [ [ 114.478747824486064, 34.712586739251336 ], [ 114.480042750445449, 34.71259566977519 ], [ 114.479896885222431, 34.712155097264876 ], [ 114.479753996840714, 34.712059838343727 ], [ 114.479548594791979, 34.712074722550156 ], [ 114.479533710585557, 34.711836575247283 ], [ 114.479426544299258, 34.711869320501428 ], [ 114.479426544299258, 34.71200327835929 ], [ 114.478670426612638, 34.712155097264876 ], [ 114.478747824486064, 34.712586739251336 ] ] ] ] } },
{ "type": "Feature", "properties": { "FID": 380, "layer": "3", "path": "D:/1 work/数据/树/3.shp" }, "geometry": { "type": "MultiPolygon", "coordinates": [ [ [ [ 114.480126102001435, 34.712548040314608 ], [ 114.48122753327722, 34.712512318219176 ], [ 114.481039992276195, 34.711616288992118 ], [ 114.480209453557407, 34.711756200532555 ], [ 114.480266013541851, 34.71200327835929 ], [ 114.480004051508686, 34.712068768867582 ], [ 114.480126102001435, 34.712548040314608 ] ] ] ] } },
{ "type": "Feature", "properties": { "FID": 381, "layer": "3", "path": "D:/1 work/数据/树/3.shp" }, "geometry": { "type": "MultiPolygon", "coordinates": [ [ [ [ 114.481432935325955, 34.712935029681788 ], [ 114.481903276249128, 34.712863585490922 ], [ 114.481870530994982, 34.712485526647612 ], [ 114.481557962659963, 34.712500410854041 ], [ 114.481578800548959, 34.712735581315627 ], [ 114.481715735248116, 34.712717720267911 ], [ 114.481742526819687, 34.712815956030347 ], [ 114.481435912167242, 34.712878469697351 ], [ 114.481432935325955, 34.712935029681788 ] ] ] ] } },
{ "type": "Feature", "properties": { "FID": 382, "layer": "3", "path": "D:/1 work/数据/树/3.shp" }, "geometry": { "type": "MultiPolygon", "coordinates": [ [ [ [ 114.481325769039657, 34.712500410854041 ], [ 114.481584754231534, 34.712467665599895 ], [ 114.481358514293774, 34.711488284816838 ], [ 114.48146865742136, 34.711470423769121 ], [ 114.481498425834218, 34.711372188006685 ], [ 114.481054876482617, 34.711455539562692 ], [ 114.481325769039657, 34.712500410854041 ] ] ] ] } },
{ "type": "Feature", "properties": { "FID": 383, "layer": "3", "path": "D:/1 work/数据/树/3.shp" }, "geometry": { "type": "MultiPolygon", "coordinates": [ [ [ [ 114.481656198422243, 34.711300743815819 ], [ 114.482436130839162, 34.711235253307528 ], [ 114.483347044272662, 34.71111022597352 ], [ 114.484234142975865, 34.710937569178938 ], [ 114.484159721943684, 34.710705375558611 ], [ 114.483966227260098, 34.710735143971469 ], [ 114.483951343053675, 34.710836356575186 ], [ 114.48380250098937, 34.710863148146764 ], [ 114.483793570465522, 34.710750028177898 ], [ 114.483442303193783, 34.710833379733906 ], [ 114.483475048447929, 34.710931615496335 ], [ 114.483373835844205, 34.710931615496335 ], [ 114.483355974796481, 34.710863148146764 ], [ 114.483162480112895, 34.710901847083477 ], [ 114.483219040097339, 34.71101794389363 ], [ 114.482966008588036, 34.711050689147775 ], [ 114.481656198422243, 34.711300743815819 ] ] ] ] } },
{ "type": "Feature", "properties": { "FID": 384, "layer": "3", "path": "D:/1 work/数据/树/3.shp" }, "geometry": { "type": "MultiPolygon", "coordinates": [ [ [ [ 114.484433591342011, 34.710815518686189 ], [ 114.48495751540834, 34.710705375558611 ], [ 114.484921793312907, 34.710604162954887 ], [ 114.484487174485153, 34.710687514510894 ], [ 114.484403822929153, 34.710416621953875 ], [ 114.484356193468585, 34.710431506160305 ], [ 114.484433591342011, 34.710815518686189 ] ] ] ] } },
{ "type": "Feature", "properties": { "FID": 385, "layer": "3", "path": "D:/1 work/数据/树/3.shp" }, "geometry": { "type": "MultiPolygon", "coordinates": [ [ [ [ 114.484359170309858, 34.710214196746435 ], [ 114.484936677519329, 34.710160613603286 ], [ 114.484933700678056, 34.709842091585692 ], [ 114.484573502882455, 34.709943304189409 ], [ 114.484198420880418, 34.710026655745416 ], [ 114.484115069324417, 34.71008619257114 ], [ 114.484290702960294, 34.710068331523424 ], [ 114.484359170309858, 34.710214196746435 ] ] ] ] } },
{ "type": "Feature", "properties": { "FID": 386, "layer": "3", "path": "D:/1 work/数据/树/3.shp" }, "geometry": { "type": "MultiPolygon", "coordinates": [ [ [ [ 114.482686185507163, 34.709109788629341 ], [ 114.483120804334916, 34.709023460232046 ], [ 114.483236901145062, 34.709213978074345 ], [ 114.48343932635251, 34.709148487566054 ], [ 114.483108896969767, 34.708335809894997 ], [ 114.482462922410718, 34.708487628800576 ], [ 114.482686185507163, 34.709109788629341 ] ] ] ] } },
{ "type": "Feature", "properties": { "FID": 387, "layer": "3", "path": "D:/1 work/数据/树/3.shp" }, "geometry": { "type": "MultiPolygon", "coordinates": [ [ [ [ 114.48349290949561, 34.709094904422898 ], [ 114.483876922021494, 34.709056205486178 ], [ 114.483707242068206, 34.708344740418845 ], [ 114.484418707135532, 34.708133384687542 ], [ 114.484359170309816, 34.707978588940669 ], [ 114.483320252701034, 34.708288180434408 ], [ 114.48349290949561, 34.709094904422898 ] ] ] ] } },
{ "type": "Feature", "properties": { "FID": 388, "layer": "3", "path": "D:/1 work/数据/树/3.shp" }, "geometry": { "type": "MultiPolygon", "coordinates": [ [ [ [ 114.484097208276637, 34.709642643219517 ], [ 114.484290702960223, 34.709609897965372 ], [ 114.484284749277649, 34.70951761588551 ], [ 114.484412753452943, 34.709496777996506 ], [ 114.484490151326369, 34.709595013758943 ], [ 114.484755090200821, 34.709481893790077 ], [ 114.484832488074261, 34.709377704345073 ], [ 114.484579456564958, 34.708505489848292 ], [ 114.483820362037036, 34.708719822420882 ], [ 114.484052555657343, 34.70934198224964 ], [ 114.484097208276637, 34.709642643219517 ] ] ] ] } },
{ "type": "Feature", "properties": { "FID": 389, "layer": "3", "path": "D:/1 work/数据/树/3.shp" }, "geometry": { "type": "MultiPolygon", "coordinates": [ [ [ [ 114.481501402675335, 34.708922247628315 ], [ 114.481560939501051, 34.709062159168752 ], [ 114.481623453168055, 34.709059182327465 ], [ 114.481656198422201, 34.709196117026615 ], [ 114.481757411025924, 34.709318167519342 ], [ 114.481897322566368, 34.709276491741335 ], [ 114.482043187789372, 34.70930923699548 ], [ 114.482218821425249, 34.709237792804622 ], [ 114.482192029853678, 34.709124672835756 ], [ 114.482275381409679, 34.709112765470614 ], [ 114.482296219298675, 34.709082997057749 ], [ 114.482177145647242, 34.709074066533894 ], [ 114.482090817249954, 34.709032390755894 ], [ 114.482093794091242, 34.708978807612745 ], [ 114.482257520361955, 34.70893117815217 ], [ 114.482239659314246, 34.708835919231021 ], [ 114.482067002519656, 34.708865687643879 ], [ 114.48204616463066, 34.708803173976875 ], [ 114.481742526819502, 34.708841872913595 ], [ 114.481501402675335, 34.708922247628315 ] ] ] ] } },
{ "type": "Feature", "properties": { "FID": 390, "layer": "3", "path": "D:/1 work/数据/树/3.shp" }, "geometry": { "type": "MultiPolygon", "coordinates": [ [ [ [ 114.481465680579902, 34.708868664485166 ], [ 114.481590707913909, 34.708844849754875 ], [ 114.48166810578735, 34.708791266611733 ], [ 114.481834808899364, 34.708776382405304 ], [ 114.48204616463066, 34.708773405564017 ], [ 114.481977697281081, 34.708621586658431 ], [ 114.481709781565357, 34.708687077166722 ], [ 114.481516286881771, 34.708681123484155 ], [ 114.481397213230323, 34.708701961373151 ], [ 114.481465680579902, 34.708868664485166 ] ] ] ] } },
{ "type": "Feature", "properties": { "FID": 391, "layer": "3", "path": "D:/1 work/数据/树/3.shp" }, "geometry": { "type": "MultiPolygon", "coordinates": [ [ [ [ 114.478917504439096, 34.710455320890546 ], [ 114.479075277027249, 34.710458297731826 ], [ 114.479337239060413, 34.710398760906109 ], [ 114.479259841186973, 34.710211219905098 ], [ 114.479045508614391, 34.710235034635382 ], [ 114.478908573915234, 34.709883767363642 ], [ 114.478747824485794, 34.709892697887504 ], [ 114.478917504439096, 34.710455320890546 ] ] ] ] } },
{ "type": "Feature", "properties": { "FID": 392, "layer": "3", "path": "D:/1 work/数据/树/3.shp" }, "geometry": { "type": "MultiPolygon", "coordinates": [ [ [ [ 114.479259841186988, 34.709728971616762 ], [ 114.47959622425229, 34.709645620060755 ], [ 114.47951287269629, 34.70939556539274 ], [ 114.479631946347723, 34.709416403281736 ], [ 114.479810556824887, 34.709389611710165 ], [ 114.479813533666174, 34.709252677011015 ], [ 114.479989167302037, 34.709225885439437 ], [ 114.480012982032321, 34.709324121201874 ], [ 114.480081449381899, 34.709321144360587 ], [ 114.480069542016764, 34.709160394931146 ], [ 114.480292805113208, 34.70910085810543 ], [ 114.480248152493914, 34.70900559918428 ], [ 114.47917946647226, 34.709356866456019 ], [ 114.479259841186988, 34.709728971616762 ] ] ] ] } },
{ "type": "Feature", "properties": { "FID": 393, "layer": "3", "path": "D:/1 work/数据/树/3.shp" }, "geometry": { "type": "MultiPolygon", "coordinates": [ [ [ [ 114.480382110351755, 34.709371750662449 ], [ 114.480932825989655, 34.709276491741299 ], [ 114.480995339656658, 34.708788289770411 ], [ 114.480289828271893, 34.709032390755851 ], [ 114.480382110351755, 34.709371750662449 ] ] ] ] } },
{ "type": "Feature", "properties": { "FID": 394, "layer": "3", "path": "D:/1 work/数据/树/3.shp" }, "geometry": { "type": "MultiPolygon", "coordinates": [ [ [ [ 114.480798868131714, 34.708776382405247 ], [ 114.481022131228158, 34.708785312929109 ], [ 114.481004270180435, 34.708073847861769 ], [ 114.480578581876557, 34.708172083624206 ], [ 114.480798868131714, 34.708776382405247 ] ] ] ] } },
{ "type": "Feature", "properties": { "FID": 395, "layer": "3", "path": "D:/1 work/数据/树/3.shp" }, "geometry": { "type": "MultiPolygon", "coordinates": [ [ [ [ 114.482534366601413, 34.706784875584987 ], [ 114.483147595906317, 34.706615195631692 ], [ 114.483079128556739, 34.706365140963669 ], [ 114.482442084521551, 34.706508029345393 ], [ 114.482534366601413, 34.706784875584987 ] ] ] ] } },
{ "type": "Feature", "properties": { "FID": 396, "layer": "3", "path": "D:/1 work/数据/树/3.shp" }, "geometry": { "type": "MultiPolygon", "coordinates": [ [ [ [ 114.485347481616643, 34.706725338759242 ], [ 114.487883750392257, 34.706487191456368 ], [ 114.487973055630832, 34.707671974288168 ], [ 114.488068314551981, 34.707671974288168 ], [ 114.48808617559969, 34.707296892286138 ], [ 114.48875894173031, 34.707249262825563 ], [ 114.488741080682601, 34.707023022887832 ], [ 114.488092129282265, 34.707124235491555 ], [ 114.488044499821697, 34.705879915834039 ], [ 114.487865889344533, 34.705897776881756 ], [ 114.487895657757392, 34.706409793582935 ], [ 114.485341527934068, 34.706594357742659 ], [ 114.485347481616643, 34.706725338759242 ] ] ] ] } },
{ "type": "Feature", "properties": { "FID": 397, "layer": "3", "path": "D:/1 work/数据/树/3.shp" }, "geometry": { "type": "MultiPolygon", "coordinates": [ [ [ [ 114.485264130060642, 34.703677053282469 ], [ 114.485674934158098, 34.703638354345749 ], [ 114.485618374173654, 34.703382345995159 ], [ 114.485201616393624, 34.70344783650345 ], [ 114.485264130060642, 34.703677053282469 ] ] ] ] } },
{ "type": "Feature", "properties": { "FID": 398, "layer": "3", "path": "D:/1 work/数据/树/3.shp" }, "geometry": { "type": "MultiPolygon", "coordinates": [ [ [ [ 114.484400846087695, 34.704022366871619 ], [ 114.484609224977703, 34.70396580688719 ], [ 114.48449015132627, 34.703486535440156 ], [ 114.484284749277549, 34.703528211218156 ], [ 114.484400846087695, 34.704022366871619 ] ] ] ] } },
{ "type": "Feature", "properties": { "FID": 399, "layer": "3", "path": "D:/1 work/数据/树/3.shp" }, "geometry": { "type": "MultiPolygon", "coordinates": [ [ [ [ 114.489729391989528, 34.734898164689291 ], [ 114.490556953867014, 34.734883280482862 ], [ 114.49036048234214, 34.734469499544119 ], [ 114.490006238229114, 34.73453796689369 ], [ 114.489908002466677, 34.73441591640097 ], [ 114.48957161940136, 34.734520105845981 ], [ 114.489729391989528, 34.734898164689291 ] ] ] ] } },
{ "type": "Feature", "properties": { "FID": 400, "layer": "3", "path": "D:/1 work/数据/树/3.shp" }, "geometry": { "type": "MultiPolygon", "coordinates": [ [ [ [ 114.489964562451107, 34.73436233325782 ], [ 114.490149126610831, 34.734448661655115 ], [ 114.49041704232657, 34.73435935641654 ], [ 114.490211640277835, 34.734153954367805 ], [ 114.489922886673099, 34.734255166971529 ], [ 114.489964562451107, 34.73436233325782 ] ] ] ] } },
{ "type": "Feature", "properties": { "FID": 401, "layer": "3", "path": "D:/1 work/数据/树/3.shp" }, "geometry": { "type": "MultiPolygon", "coordinates": [ [ [ [ 114.49101836426631, 34.73439805535326 ], [ 114.491247581045329, 34.734326611162395 ], [ 114.491048132679168, 34.733945575477797 ], [ 114.490655189629422, 34.734070602811805 ], [ 114.490705795931277, 34.734174792256816 ], [ 114.490923105345161, 34.734127162796241 ], [ 114.49101836426631, 34.73439805535326 ] ] ] ] } },
{ "type": "Feature", "properties": { "FID": 402, "layer": "3", "path": "D:/1 work/数据/树/3.shp" }, "geometry": { "type": "MultiPolygon", "coordinates": [ [ [ [ 114.490628398057865, 34.733918783906233 ], [ 114.490905244297451, 34.733886038652088 ], [ 114.491152322124179, 34.733877108128226 ], [ 114.491527404126217, 34.733725289222647 ], [ 114.491149345282892, 34.733031685203024 ], [ 114.491071947409466, 34.73301084731402 ], [ 114.491000503218601, 34.733019777837882 ], [ 114.491220789473758, 34.733481188237199 ], [ 114.49097371164703, 34.733510956650058 ], [ 114.490884406408455, 34.733326392490333 ], [ 114.490223547642969, 34.733409744046334 ], [ 114.490292014992548, 34.73376398815936 ], [ 114.490446810739414, 34.733731242905215 ], [ 114.490476579152272, 34.733835432350226 ], [ 114.490628398057865, 34.733918783906233 ] ] ] ] } },
{ "type": "Feature", "properties": { "FID": 403, "layer": "3", "path": "D:/1 work/数据/树/3.shp" }, "geometry": { "type": "MultiPolygon", "coordinates": [ [ [ [ 114.489991354022635, 34.732358919072396 ], [ 114.49063137489911, 34.732293428564105 ], [ 114.490640305422971, 34.732195192801669 ], [ 114.489976469816213, 34.732272590675102 ], [ 114.489991354022635, 34.732358919072396 ] ] ] ] } },
{ "type": "Feature", "properties": { "FID": 404, "layer": "3", "path": "D:/1 work/数据/树/3.shp" }, "geometry": { "type": "MultiPolygon", "coordinates": [ [ [ [ 114.490905244297423, 34.732963217853438 ], [ 114.49104217899658, 34.732945356805722 ], [ 114.490807008534986, 34.732504784295408 ], [ 114.490726633820259, 34.732549436914695 ], [ 114.490905244297423, 34.732963217853438 ] ] ] ] } },
{ "type": "Feature", "properties": { "FID": 405, "layer": "3", "path": "D:/1 work/数据/树/3.shp" }, "geometry": { "type": "MultiPolygon", "coordinates": [ [ [ [ 114.490745983288619, 34.731448005638896 ], [ 114.491316048394879, 34.731370607765456 ], [ 114.491253534727875, 34.731258976217234 ], [ 114.490826358003346, 34.731403353019601 ], [ 114.490745983288619, 34.731448005638896 ] ] ] ] } },
{ "type": "Feature", "properties": { "FID": 406, "layer": "3", "path": "D:/1 work/数据/树/3.shp" }, "geometry": { "type": "MultiPolygon", "coordinates": [ [ [ [ 114.49007172873732, 34.731220277280507 ], [ 114.490723656978943, 34.731074412057495 ], [ 114.490702819089947, 34.73098510681892 ], [ 114.490038983483174, 34.731110134152928 ], [ 114.49007172873732, 34.731220277280507 ] ] ] ] } },
{ "type": "Feature", "properties": { "FID": 407, "layer": "3", "path": "D:/1 work/数据/树/3.shp" }, "geometry": { "type": "MultiPolygon", "coordinates": [ [ [ [ 114.48921142160566, 34.730776727928905 ], [ 114.489830604593138, 34.730520719578315 ], [ 114.48980678986284, 34.730401645926882 ], [ 114.48958948044897, 34.730425460657166 ], [ 114.489580549925108, 34.730383784879166 ], [ 114.489265004748802, 34.730461182752599 ], [ 114.48921142160566, 34.730776727928905 ] ] ] ] } },
{ "type": "Feature", "properties": { "FID": 408, "layer": "3", "path": "D:/1 work/数据/树/3.shp" }, "geometry": { "type": "MultiPolygon", "coordinates": [ [ [ [ 114.489287331058492, 34.729972980781703 ], [ 114.489659436219242, 34.729919397638561 ], [ 114.489626690965096, 34.72973483347883 ], [ 114.489446592067296, 34.729788416621979 ], [ 114.48943914996407, 34.729685715597611 ], [ 114.489241190018561, 34.72973483347883 ], [ 114.489211421605702, 34.729885163963772 ], [ 114.489287331058492, 34.729972980781703 ] ] ] ] } },
{ "type": "Feature", "properties": { "FID": 409, "layer": "3", "path": "D:/1 work/数据/树/3.shp" }, "geometry": { "type": "MultiPolygon", "coordinates": [ [ [ [ 114.487880773550856, 34.730102473377649 ], [ 114.48816059663173, 34.730057820758361 ], [ 114.488056407186718, 34.729466917763105 ], [ 114.48778849147098, 34.729505616699825 ], [ 114.487880773550856, 34.730102473377649 ] ] ] ] } },
{ "type": "Feature", "properties": { "FID": 410, "layer": "3", "path": "D:/1 work/数据/树/3.shp" }, "geometry": { "type": "MultiPolygon", "coordinates": [ [ [ [ 114.48533110898947, 34.731264929899801 ], [ 114.486125925612811, 34.731098226787793 ], [ 114.485986014072381, 34.730461182752606 ], [ 114.485182266925179, 34.730621932182046 ], [ 114.485006633289302, 34.730624909023327 ], [ 114.485191197449041, 34.731202416232797 ], [ 114.48533110898947, 34.731264929899801 ] ] ] ] } },
{ "type": "Feature", "properties": { "FID": 411, "layer": "3", "path": "D:/1 work/数据/树/3.shp" }, "geometry": { "type": "MultiPolygon", "coordinates": [ [ [ [ 114.485021517495738, 34.730502858530606 ], [ 114.48520905849675, 34.730550487991181 ], [ 114.485366831084903, 34.730520719578323 ], [ 114.485197151131601, 34.73010693863958 ], [ 114.484899467003018, 34.730196243878154 ], [ 114.485021517495738, 34.730502858530606 ] ] ] ] } },
{ "type": "Feature", "properties": { "FID": 412, "layer": "3", "path": "D:/1 work/数据/树/3.shp" }, "geometry": { "type": "MultiPolygon", "coordinates": [ [ [ [ 114.484920304892015, 34.730097263905392 ], [ 114.48515770798457, 34.730063030230603 ], [ 114.485124218520113, 34.729971492361059 ], [ 114.485024494337026, 34.729953631313343 ], [ 114.4848570470147, 34.729987120777814 ], [ 114.484920304892015, 34.730097263905392 ] ] ] ] } },
{ "type": "Feature", "properties": { "FID": 413, "layer": "3", "path": "D:/1 work/数据/树/3.shp" }, "geometry": { "type": "MultiPolygon", "coordinates": [ [ [ [ 114.486754039124079, 34.728327531760911 ], [ 114.487337500016125, 34.72830371703062 ], [ 114.48729284739683, 34.728083430775463 ], [ 114.486721293869934, 34.728175712855325 ], [ 114.486754039124079, 34.728327531760911 ] ] ] ] } },
{ "type": "Feature", "properties": { "FID": 414, "layer": "3", "path": "D:/1 work/数据/树/3.shp" }, "geometry": { "type": "MultiPolygon", "coordinates": [ [ [ [ 114.487627742041511, 34.728139990759885 ], [ 114.487989428257748, 34.728120641291532 ], [ 114.487895657757235, 34.727796165591364 ], [ 114.487770630423228, 34.727806584535863 ], [ 114.487776584105802, 34.727882493988659 ], [ 114.487868866185664, 34.727872075044154 ], [ 114.48788226197145, 34.727961380282736 ], [ 114.487720024121373, 34.728001567640092 ], [ 114.487632207303434, 34.728090872878674 ], [ 114.487627742041511, 34.728139990759885 ] ] ] ] } },
{ "type": "Feature", "properties": { "FID": 415, "layer": "3", "path": "D:/1 work/数据/树/3.shp" }, "geometry": { "type": "MultiPolygon", "coordinates": [ [ [ [ 114.489448080487804, 34.728571632746323 ], [ 114.489760648822823, 34.728524003285749 ], [ 114.489638598330103, 34.728205481268155 ], [ 114.489388543662088, 34.728220365474584 ], [ 114.489448080487804, 34.728571632746323 ] ] ] ] } },
{ "type": "Feature", "properties": { "FID": 416, "layer": "3", "path": "D:/1 work/数据/树/3.shp" }, "geometry": { "type": "MultiPolygon", "coordinates": [ [ [ [ 114.488584796514857, 34.729353053583878 ], [ 114.489071510065102, 34.7292845862343 ], [ 114.489065556382542, 34.729199746257649 ], [ 114.488970297461393, 34.729217607305365 ], [ 114.488955413254956, 34.729132767328721 ], [ 114.488738103841087, 34.72918486205122 ], [ 114.488748522785585, 34.729272678869158 ], [ 114.488565447046497, 34.729314354647158 ], [ 114.488584796514857, 34.729353053583878 ] ] ] ] } },
{ "type": "Feature", "properties": { "FID": 417, "layer": "3", "path": "D:/1 work/数据/树/3.shp" }, "geometry": { "type": "MultiPolygon", "coordinates": [ [ [ [ 114.488629449134166, 34.730247594390292 ], [ 114.488947971151759, 34.730217825977434 ], [ 114.488867596437046, 34.730068983913135 ], [ 114.488608611245169, 34.730122567056284 ], [ 114.488629449134166, 34.730247594390292 ] ] ] ] } },
{ "type": "Feature", "properties": { "FID": 418, "layer": "3", "path": "D:/1 work/数据/树/3.shp" }, "geometry": { "type": "MultiPolygon", "coordinates": [ [ [ [ 114.487903099860432, 34.732891029452183 ], [ 114.488450838657045, 34.732810654737463 ], [ 114.488415116561612, 34.732584414799732 ], [ 114.487801887256708, 34.732670743197019 ], [ 114.487888215653996, 34.732783863165885 ], [ 114.487903099860432, 34.732891029452183 ] ] ] ] } },
{ "type": "Feature", "properties": { "FID": 419, "layer": "3", "path": "D:/1 work/数据/树/3.shp" }, "geometry": { "type": "MultiPolygon", "coordinates": [ [ [ [ 114.490113404515228, 34.731520194040002 ], [ 114.490446810739243, 34.731480006682645 ], [ 114.490411088643825, 34.731326699356423 ], [ 114.490100008729442, 34.731375817237641 ], [ 114.490113404515228, 34.731520194040002 ] ] ] ] } },
{ "type": "Feature", "properties": { "FID": 420, "layer": "3", "path": "D:/1 work/数据/树/3.shp" }, "geometry": { "type": "MultiPolygon", "coordinates": [ [ [ [ 114.490671562256338, 34.732131934924261 ], [ 114.490847195892215, 34.732087282304974 ], [ 114.490799566431633, 34.731920579192966 ], [ 114.491034736893226, 34.731878903414959 ], [ 114.490966269543648, 34.731700292937802 ], [ 114.490451276001181, 34.731819366589242 ], [ 114.490534627557196, 34.732078351781119 ], [ 114.490671562256338, 34.732131934924261 ] ] ] ] } },
{ "type": "Feature", "properties": { "FID": 421, "layer": "3", "path": "D:/1 work/数据/树/3.shp" }, "geometry": { "type": "MultiPolygon", "coordinates": [ [ [ [ 114.488540143895619, 34.728184643379116 ], [ 114.48870089332506, 34.728175712855261 ], [ 114.488653263864478, 34.727940542393675 ], [ 114.488465722863467, 34.727991148695537 ], [ 114.488540143895619, 34.728184643379116 ] ] ] ] } },
{ "type": "Feature", "properties": { "FID": 422, "layer": "3", "path": "D:/1 work/数据/树/3.shp" }, "geometry": { "type": "MultiPolygon", "coordinates": [ [ [ [ 114.488864619595773, 34.728038778156112 ], [ 114.489195048978516, 34.728035801314824 ], [ 114.489108720581228, 34.72781551505966 ], [ 114.488811036452631, 34.727898866615668 ], [ 114.488864619595773, 34.728038778156112 ] ] ] ] } },
{ "type": "Feature", "properties": { "FID": 423, "layer": "3", "path": "D:/1 work/数据/树/3.shp" }, "geometry": { "type": "MultiPolygon", "coordinates": [ [ [ [ 114.489439149963971, 34.72818762022041 ], [ 114.48962966780627, 34.728199527585552 ], [ 114.490379831810316, 34.727675603519231 ], [ 114.490367924445181, 34.72755355302651 ], [ 114.490162522396446, 34.727678580360518 ], [ 114.490034518221151, 34.727693464566947 ], [ 114.489858884585274, 34.727708348773376 ], [ 114.489844000378852, 34.727779792964242 ], [ 114.48975171829899, 34.7278512371551 ], [ 114.489498686789688, 34.727907797139537 ], [ 114.489519524678684, 34.728056639203828 ], [ 114.489424265757535, 34.728089384457974 ], [ 114.489439149963971, 34.72818762022041 ] ] ] ] } },
{ "type": "Feature", "properties": { "FID": 424, "layer": "3", "path": "D:/1 work/数据/树/3.shp" }, "geometry": { "type": "MultiPolygon", "coordinates": [ [ [ [ 114.490751936971066, 34.72743150253379 ], [ 114.491076412671219, 34.727193355230916 ], [ 114.490912686400506, 34.727154656294196 ], [ 114.490814450638069, 34.727238007850204 ], [ 114.490799566431633, 34.727321359406211 ], [ 114.490707284351771, 34.727377919390641 ], [ 114.490751936971066, 34.72743150253379 ] ] ] ] } },
{ "type": "Feature", "properties": { "FID": 425, "layer": "3", "path": "D:/1 work/数据/树/3.shp" }, "geometry": { "type": "MultiPolygon", "coordinates": [ [ [ [ 114.491257999989642, 34.727157633135484 ], [ 114.491665827245811, 34.726693245894879 ], [ 114.491633081991665, 34.726615848021446 ], [ 114.491362189434653, 34.726725991149024 ], [ 114.491415772577795, 34.726898647943607 ], [ 114.491237162100646, 34.726928416356465 ], [ 114.491257999989642, 34.727157633135484 ] ] ] ] } },
{ "type": "Feature", "properties": { "FID": 426, "layer": "3", "path": "D:/1 work/数据/树/3.shp" }, "geometry": { "type": "MultiPolygon", "coordinates": [ [ [ [ 114.491707503023832, 34.726541426989286 ], [ 114.491865275611985, 34.726437237544282 ], [ 114.492276079709441, 34.726193136558834 ], [ 114.492255241820445, 34.725990711351393 ], [ 114.492183797629579, 34.72591629031924 ], [ 114.492037932406575, 34.725940105049531 ], [ 114.492037932406575, 34.72609192395511 ], [ 114.492139145010285, 34.726077039748681 ], [ 114.492112353438714, 34.726175275511117 ], [ 114.491719410388981, 34.726228858654267 ], [ 114.491677734610974, 34.726264580749692 ], [ 114.491642012515541, 34.72642830702042 ], [ 114.491707503023832, 34.726541426989286 ] ] ] ] } },
{ "type": "Feature", "properties": { "FID": 427, "layer": "3", "path": "D:/1 work/数据/树/3.shp" }, "geometry": { "type": "MultiPolygon", "coordinates": [ [ [ [ 114.491796808262393, 34.726553334354435 ], [ 114.491871229294546, 34.726632220648511 ], [ 114.492188262891503, 34.726355374408918 ], [ 114.492145098692859, 34.726307744948343 ], [ 114.491796808262393, 34.726553334354435 ] ] ] ] } },
{ "type": "Feature", "properties": { "FID": 428, "layer": "3", "path": "D:/1 work/数据/树/3.shp" }, "geometry": { "type": "MultiPolygon", "coordinates": [ [ [ [ 114.491121065290471, 34.726725991149024 ], [ 114.491618197785229, 34.726553334354442 ], [ 114.49156759148336, 34.72628541863871 ], [ 114.491347305228203, 34.726321140734136 ], [ 114.491383027323636, 34.726603940656304 ], [ 114.491121065290471, 34.72663966275173 ], [ 114.491121065290471, 34.726725991149024 ] ] ] ] } },
{ "type": "Feature", "properties": { "FID": 429, "layer": "3", "path": "D:/1 work/数据/树/3.shp" }, "geometry": { "type": "MultiPolygon", "coordinates": [ [ [ [ 114.490766821177445, 34.726609894338871 ], [ 114.49097222322618, 34.726589056449875 ], [ 114.4910109221629, 34.726723014307737 ], [ 114.491138926338195, 34.726687292212311 ], [ 114.491052597940893, 34.726362816512143 ], [ 114.490796589590303, 34.726356862829569 ], [ 114.490805520114165, 34.726487843846151 ], [ 114.490751936971023, 34.726487843846151 ], [ 114.490766821177445, 34.726609894338871 ] ] ] ] } },
{ "type": "Feature", "properties": { "FID": 430, "layer": "3", "path": "D:/1 work/数据/树/3.shp" }, "geometry": { "type": "MultiPolygon", "coordinates": [ [ [ [ 114.490743006447161, 34.726219928130412 ], [ 114.490984130591315, 34.726190159717554 ], [ 114.490981153750027, 34.726157414463408 ], [ 114.491061528464755, 34.726148483939546 ], [ 114.491058551623468, 34.726100854478972 ], [ 114.490865056939882, 34.726124669209263 ], [ 114.490754913812296, 34.72613062289183 ], [ 114.490743006447161, 34.726219928130412 ] ] ] ] } },
{ "type": "Feature", "properties": { "FID": 431, "layer": "3", "path": "D:/1 work/数据/树/3.shp" }, "geometry": { "type": "MultiPolygon", "coordinates": [ [ [ [ 114.490427461270798, 34.758411489796423 ], [ 114.490838265368254, 34.758149527763258 ], [ 114.490534627557082, 34.756982605979175 ], [ 114.490373878127642, 34.756964744931459 ], [ 114.490457229683656, 34.757173123821474 ], [ 114.490040471903626, 34.757292197472914 ], [ 114.490427461270798, 34.758411489796423 ] ] ] ] } },
{ "type": "Feature", "properties": { "FID": 432, "layer": "3", "path": "D:/1 work/数据/树/3.shp" }, "geometry": { "type": "MultiPolygon", "coordinates": [ [ [ [ 114.489992842442987, 34.759173561165611 ], [ 114.490856126415906, 34.758482933987274 ], [ 114.490844219050771, 34.758334091922976 ], [ 114.490266711841301, 34.758709173925006 ], [ 114.489909490886987, 34.759006858053596 ], [ 114.489992842442987, 34.759173561165611 ] ] ] ] } },
{ "type": "Feature", "properties": { "FID": 433, "layer": "3", "path": "D:/1 work/数据/树/3.shp" }, "geometry": { "type": "MultiPolygon", "coordinates": [ [ [ [ 114.491475309403384, 34.757828028904356 ], [ 114.491594383054831, 34.757738723665781 ], [ 114.491457448355675, 34.757024281757161 ], [ 114.491374096799674, 34.757071911217736 ], [ 114.491475309403384, 34.757828028904356 ] ] ] ] } },
{ "type": "Feature", "properties": { "FID": 434, "layer": "3", "path": "D:/1 work/数据/树/3.shp" }, "geometry": { "type": "MultiPolygon", "coordinates": [ [ [ [ 114.491671780928257, 34.757065957535161 ], [ 114.492136168168869, 34.757071911217736 ], [ 114.492088538708288, 34.756815902867146 ], [ 114.491713456706265, 34.756857578645146 ], [ 114.491671780928257, 34.757065957535161 ] ] ] ] } },
{ "type": "Feature", "properties": { "FID": 435, "layer": "3", "path": "D:/1 work/数据/树/3.shp" }, "geometry": { "type": "MultiPolygon", "coordinates": [ [ [ [ 114.491683688293392, 34.758149527763237 ], [ 114.492481481758034, 34.757881612047505 ], [ 114.49239813020202, 34.757619650014341 ], [ 114.491606290419966, 34.757994732016371 ], [ 114.491683688293392, 34.758149527763237 ] ] ] ] } },
{ "type": "Feature", "properties": { "FID": 436, "layer": "3", "path": "D:/1 work/数据/树/3.shp" }, "geometry": { "type": "MultiPolygon", "coordinates": [ [ [ [ 114.49435689176812, 34.756405098769683 ], [ 114.494660529579292, 34.756291978800817 ], [ 114.494493826467277, 34.756107414641086 ], [ 114.494148512878112, 34.755005983365294 ], [ 114.493952041353239, 34.755113149651592 ], [ 114.49435689176812, 34.756405098769683 ] ] ] ] } },
{ "type": "Feature", "properties": { "FID": 437, "layer": "3", "path": "D:/1 work/数据/树/3.shp" }, "geometry": { "type": "MultiPolygon", "coordinates": [ [ [ [ 114.493779384558664, 34.754761882379853 ], [ 114.494088976052396, 34.754720206601846 ], [ 114.494035392909254, 34.754482059298972 ], [ 114.493773430876089, 34.754488012981547 ], [ 114.493779384558664, 34.754761882379853 ] ] ] ] } },
{ "type": "Feature", "properties": { "FID": 438, "layer": "3", "path": "D:/1 work/数据/树/3.shp" }, "geometry": { "type": "MultiPolygon", "coordinates": [ [ [ [ 114.495291619931905, 34.756083599910802 ], [ 114.495690516664226, 34.75595261889422 ], [ 114.496017969205681, 34.755726378956489 ], [ 114.495928663967092, 34.755589444257339 ], [ 114.495589304060502, 34.755774008417063 ], [ 114.495243990471337, 34.755833545242787 ], [ 114.495291619931905, 34.756083599910802 ] ] ] ] } },
{ "type": "Feature", "properties": { "FID": 439, "layer": "3", "path": "D:/1 work/数据/树/3.shp" }, "geometry": { "type": "MultiPolygon", "coordinates": [ [ [ [ 114.496431750144396, 34.755556699003193 ], [ 114.497170006783307, 34.754919654967999 ], [ 114.497125354164012, 34.754869048666144 ], [ 114.496401981731537, 34.755443579034328 ], [ 114.496431750144396, 34.755556699003193 ] ] ] ] } },
{ "type": "Feature", "properties": { "FID": 440, "layer": "3", "path": "D:/1 work/数据/树/3.shp" }, "geometry": { "type": "MultiPolygon", "coordinates": [ [ [ [ 114.49788444869192, 34.754389777219103 ], [ 114.498444094853681, 34.753967065756498 ], [ 114.497976730771782, 34.753946227867495 ], [ 114.4980392444388, 34.754127815185939 ], [ 114.497753467675338, 34.75415162991623 ], [ 114.49788444869192, 34.754389777219103 ] ] ] ] } },
{ "type": "Feature", "properties": { "FID": 441, "layer": "3", "path": "D:/1 work/数据/树/3.shp" }, "geometry": { "type": "MultiPolygon", "coordinates": [ [ [ [ 114.498292275948103, 34.753591983754475 ], [ 114.498453025377543, 34.753571145865479 ], [ 114.498286322265528, 34.753160341768016 ], [ 114.499426452478048, 34.752826935543993 ], [ 114.499402637747764, 34.752818005020139 ], [ 114.498220831757237, 34.7531424807203 ], [ 114.498191063344379, 34.753365743816744 ], [ 114.498292275948103, 34.753591983754475 ] ] ] ] } },
{ "type": "Feature", "properties": { "FID": 442, "layer": "3", "path": "D:/1 work/数据/树/3.shp" }, "geometry": { "type": "MultiPolygon", "coordinates": [ [ [ [ 114.497804073977179, 34.753499701674599 ], [ 114.497958869724059, 34.753532446928745 ], [ 114.497896356057055, 34.753196063863435 ], [ 114.497756444516611, 34.753216901752438 ], [ 114.497804073977179, 34.753499701674599 ] ] ] ] } },
{ "type": "Feature", "properties": { "FID": 443, "layer": "3", "path": "D:/1 work/数据/树/3.shp" }, "geometry": { "type": "MultiPolygon", "coordinates": [ [ [ [ 114.499024578904411, 34.753833107898622 ], [ 114.499819395527751, 34.753264531213006 ], [ 114.499765812384609, 34.753184156498286 ], [ 114.4988370379034, 34.753839061581189 ], [ 114.4988370379034, 34.753839061581189 ], [ 114.499024578904411, 34.753833107898622 ] ] ] ] } },
{ "type": "Feature", "properties": { "FID": 444, "layer": "3", "path": "D:/1 work/数据/树/3.shp" }, "geometry": { "type": "MultiPolygon", "coordinates": [ [ [ [ 114.501382237202861, 34.752130354683068 ], [ 114.502686093686108, 34.751523079060739 ], [ 114.502584881082385, 34.751475449600164 ], [ 114.501281024599152, 34.752017234714202 ], [ 114.501382237202861, 34.752130354683068 ] ] ] ] } },
{ "type": "Feature", "properties": { "FID": 445, "layer": "3", "path": "D:/1 work/数据/树/3.shp" }, "geometry": { "type": "MultiPolygon", "coordinates": [ [ [ [ 114.502769445242137, 34.751487356965313 ], [ 114.503722034453631, 34.751106321280709 ], [ 114.504704392077983, 34.750903896073268 ], [ 114.504722253125706, 34.750731239278686 ], [ 114.503978042804221, 34.750951525533843 ], [ 114.502763491559563, 34.751398051726731 ], [ 114.502769445242137, 34.751487356965313 ] ] ] ] } },
{ "type": "Feature", "properties": { "FID": 446, "layer": "3", "path": "D:/1 work/数据/树/3.shp" }, "geometry": { "type": "MultiPolygon", "coordinates": [ [ [ [ 114.504871095189998, 34.750838405564977 ], [ 114.505293806652602, 34.750725285596111 ], [ 114.506246395864096, 34.75020136152979 ], [ 114.506163044308096, 34.750088241560924 ], [ 114.505264038239744, 34.750570489849245 ], [ 114.504954446745998, 34.750528814071245 ], [ 114.504871095189998, 34.750838405564977 ] ] ] ] } },
{ "type": "Feature", "properties": { "FID": 447, "layer": "3", "path": "D:/1 work/数据/树/3.shp" }, "geometry": { "type": "MultiPolygon", "coordinates": [ [ [ [ 114.507898542777724, 34.749019555539277 ], [ 114.50800868590531, 34.749010625015437 ], [ 114.508022081691095, 34.748840945062135 ], [ 114.507886635412575, 34.748852852427277 ], [ 114.507898542777724, 34.749019555539277 ] ] ] ] } },
{ "type": "Feature", "properties": { "FID": 448, "layer": "3", "path": "D:/1 work/数据/树/3.shp" }, "geometry": { "type": "MultiPolygon", "coordinates": [ [ [ [ 114.507914915404811, 34.748742709299691 ], [ 114.508042919580106, 34.748729313513905 ], [ 114.508047384842001, 34.748570052505087 ], [ 114.507907473301557, 34.748574517767018 ], [ 114.507914915404811, 34.748742709299691 ] ] ] ] } },
{ "type": "Feature", "properties": { "FID": 449, "layer": "3", "path": "D:/1 work/数据/树/3.shp" }, "geometry": { "type": "MultiPolygon", "coordinates": [ [ [ [ 114.50791193856351, 34.748537307250942 ], [ 114.508036965897517, 34.748510515679371 ], [ 114.508084595358099, 34.747385269673288 ], [ 114.507947660658942, 34.747406107562291 ], [ 114.50791193856351, 34.748537307250942 ] ] ] ] } },
{ "type": "Feature", "properties": { "FID": 450, "layer": "3", "path": "D:/1 work/数据/树/3.shp" }, "geometry": { "type": "MultiPolygon", "coordinates": [ [ [ [ 114.507974452230499, 34.747343593895287 ], [ 114.508078641675496, 34.747334663371426 ], [ 114.508102456405794, 34.746391004683787 ], [ 114.507986359595634, 34.746399935207648 ], [ 114.507974452230499, 34.747343593895287 ] ] ] ] } },
{ "type": "Feature", "properties": { "FID": 451, "layer": "3", "path": "D:/1 work/数据/树/3.shp" }, "geometry": { "type": "MultiPolygon", "coordinates": [ [ [ [ 114.507974452230485, 34.746304676286478 ], [ 114.508117340612216, 34.74631658365162 ], [ 114.508144132183787, 34.744685274626931 ], [ 114.508010174325918, 34.744709089357215 ], [ 114.507974452230485, 34.746304676286478 ] ] ] ] } },
{ "type": "Feature", "properties": { "FID": 452, "layer": "3", "path": "D:/1 work/数据/树/3.shp" }, "geometry": { "type": "MultiPolygon", "coordinates": [ [ [ [ 114.508447769994959, 34.74821580839204 ], [ 114.508426932105962, 34.748367627297625 ], [ 114.508596612059264, 34.748331905202193 ], [ 114.509257470824735, 34.747409084403557 ], [ 114.509266401348569, 34.747147122370386 ], [ 114.509183049792554, 34.747108423433673 ], [ 114.509519432857871, 34.746623198304064 ], [ 114.509495618127588, 34.74653686990677 ], [ 114.509019323521841, 34.74644161098562 ], [ 114.509028254045688, 34.746456495192049 ], [ 114.509028254045688, 34.74699232662352 ], [ 114.509156258220983, 34.747025071877665 ], [ 114.509087790871405, 34.747129261322669 ], [ 114.508927041441964, 34.747138191846531 ], [ 114.50903718456955, 34.747394200197121 ], [ 114.50874247728224, 34.747769282199144 ], [ 114.508724616234531, 34.747891332691871 ], [ 114.508200692168202, 34.747876448485442 ], [ 114.508200692168202, 34.748108642105741 ], [ 114.508534098392232, 34.748075896851596 ], [ 114.508531121550945, 34.748147341042461 ], [ 114.508447769994959, 34.74821580839204 ] ] ] ] } },
{ "type": "Feature", "properties": { "FID": 453, "layer": "3", "path": "D:/1 work/数据/树/3.shp" }, "geometry": { "type": "MultiPolygon", "coordinates": [ [ [ [ 114.509814140145153, 34.746539846748043 ], [ 114.510028472717735, 34.746575568843475 ], [ 114.511159672406393, 34.745206221851952 ], [ 114.510873895642945, 34.745110962930802 ], [ 114.510338064211467, 34.74581349747428 ], [ 114.510058241130594, 34.746015922681721 ], [ 114.509814140145153, 34.746539846748043 ] ] ] ] } },
{ "type": "Feature", "properties": { "FID": 454, "layer": "3", "path": "D:/1 work/数据/树/3.shp" }, "geometry": { "type": "MultiPolygon", "coordinates": [ [ [ [ 114.511445449169827, 34.7443905673396 ], [ 114.511755040663559, 34.743902365368704 ], [ 114.511731225933275, 34.74367612543098 ], [ 114.511374004978961, 34.743878550638421 ], [ 114.511445449169827, 34.7443905673396 ] ] ] ] } },
{ "type": "Feature", "properties": { "FID": 455, "layer": "3", "path": "D:/1 work/数据/树/3.shp" }, "geometry": { "type": "MultiPolygon", "coordinates": [ [ [ [ 114.512326594190455, 34.743128386634353 ], [ 114.512808842478776, 34.742759258314898 ], [ 114.512808842478776, 34.742663999393748 ], [ 114.512290872095022, 34.742747350949749 ], [ 114.512326594190455, 34.743128386634353 ] ] ] ] } },
{ "type": "Feature", "properties": { "FID": 456, "layer": "3", "path": "D:/1 work/数据/树/3.shp" }, "geometry": { "type": "MultiPolygon", "coordinates": [ [ [ [ 114.513618543308539, 34.740121776935567 ], [ 114.513969810580278, 34.740092008522709 ], [ 114.514410383090606, 34.739961027506126 ], [ 114.514368707312599, 34.739788370711544 ], [ 114.513642358038837, 34.739836000172119 ], [ 114.513618543308539, 34.740121776935567 ] ] ] ] } },
{ "type": "Feature", "properties": { "FID": 457, "layer": "3", "path": "D:/1 work/数据/树/3.shp" }, "geometry": { "type": "MultiPolygon", "coordinates": [ [ [ [ 114.513297044449658, 34.740175360078709 ], [ 114.513582821213106, 34.740121776935567 ], [ 114.513535191752538, 34.739818139124402 ], [ 114.513832875881135, 34.739764555981253 ], [ 114.513809061150837, 34.739603806551813 ], [ 114.513636404356262, 34.739609760234387 ], [ 114.513636404356262, 34.739103697215775 ], [ 114.513755478007695, 34.7390560677552 ], [ 114.51376143169027, 34.738925086738625 ], [ 114.513582821213106, 34.738907225690909 ], [ 114.513594728578255, 34.738734568896319 ], [ 114.513207739211083, 34.73875838362661 ], [ 114.513297044449658, 34.740175360078709 ] ] ] ] } },
{ "type": "Feature", "properties": { "FID": 458, "layer": "3", "path": "D:/1 work/数据/树/3.shp" }, "geometry": { "type": "MultiPolygon", "coordinates": [ [ [ [ 114.513797153785731, 34.73857679630818 ], [ 114.514002555834466, 34.738526190006318 ], [ 114.513954926373884, 34.738314834275016 ], [ 114.513764408531586, 34.738338649005307 ], [ 114.513797153785731, 34.73857679630818 ] ] ] ] } },
{ "type": "Feature", "properties": { "FID": 459, "layer": "3", "path": "D:/1 work/数据/树/3.shp" }, "geometry": { "type": "MultiPolygon", "coordinates": [ [ [ [ 114.513689987499404, 34.738204691147438 ], [ 114.513957903215143, 34.73816003852815 ], [ 114.513945995849994, 34.738008219622571 ], [ 114.514249633661166, 34.737945705955568 ], [ 114.514154374740016, 34.737746257589407 ], [ 114.513633427514975, 34.737793887049982 ], [ 114.513689987499404, 34.738204691147438 ] ] ] ] } },
{ "type": "Feature", "properties": { "FID": 460, "layer": "3", "path": "D:/1 work/数据/树/3.shp" }, "geometry": { "type": "MultiPolygon", "coordinates": [ [ [ [ 114.526380261901153, 34.701595497013074 ], [ 114.52747276265309, 34.701446654948775 ], [ 114.527469785811803, 34.701315673932193 ], [ 114.527228661667635, 34.7013573497102 ], [ 114.526990514364769, 34.701369257075342 ], [ 114.526954792269336, 34.701422840218491 ], [ 114.526657108140739, 34.701434747583633 ], [ 114.526666038664601, 34.701342465503771 ], [ 114.526564826060877, 34.701360326551487 ], [ 114.526538034489306, 34.701416886535917 ], [ 114.526401099790149, 34.701476423361633 ], [ 114.526380261901153, 34.701595497013074 ] ] ] ] } },
{ "type": "Feature", "properties": { "FID": 461, "layer": "3", "path": "D:/1 work/数据/树/3.shp" }, "geometry": { "type": "MultiPolygon", "coordinates": [ [ [ [ 114.525583956857162, 34.701646103314928 ], [ 114.525790847326533, 34.701629730687856 ], [ 114.525784893643959, 34.701561263338284 ], [ 114.52559437580166, 34.701577635965357 ], [ 114.525583956857162, 34.701646103314928 ] ] ] ] } },
{ "type": "Feature", "properties": { "FID": 462, "layer": "3", "path": "D:/1 work/数据/树/3.shp" }, "geometry": { "type": "MultiPolygon", "coordinates": [ [ [ [ 114.52695479226935, 34.699013087197521 ], [ 114.527591836304538, 34.698902944069943 ], [ 114.527576952098102, 34.698837453561652 ], [ 114.526936931221627, 34.698950573530517 ], [ 114.52695479226935, 34.699013087197521 ] ] ] ] } },
{ "type": "Feature", "properties": { "FID": 463, "layer": "3", "path": "D:/1 work/数据/树/3.shp" }, "geometry": { "type": "MultiPolygon", "coordinates": [ [ [ [ 114.526925023856492, 34.698902944069943 ], [ 114.527544206843956, 34.698801731466226 ], [ 114.52751146158981, 34.698736240957935 ], [ 114.526945861745489, 34.69882554619651 ], [ 114.526925023856492, 34.698902944069943 ] ] ] ] } },
{ "type": "Feature", "properties": { "FID": 464, "layer": "3", "path": "D:/1 work/数据/树/3.shp" }, "geometry": { "type": "MultiPolygon", "coordinates": [ [ [ [ 114.524631367645611, 34.698837453561652 ], [ 114.524807001281488, 34.69883001145844 ], [ 114.524798070757626, 34.698694565179927 ], [ 114.524607552915327, 34.698706472545069 ], [ 114.524631367645611, 34.698837453561652 ] ] ] ] } },
{ "type": "Feature", "properties": { "FID": 465, "layer": "3", "path": "D:/1 work/数据/树/3.shp" }, "geometry": { "type": "MultiPolygon", "coordinates": [ [ [ [ 114.524641786590124, 34.698593352576211 ], [ 114.524801047598913, 34.698603771520709 ], [ 114.524793605495702, 34.698362647376548 ], [ 114.524610529756615, 34.69841325367841 ], [ 114.524641786590124, 34.698593352576211 ] ] ] ] } },
{ "type": "Feature", "properties": { "FID": 466, "layer": "3", "path": "D:/1 work/数据/树/3.shp" }, "geometry": { "type": "MultiPolygon", "coordinates": [ [ [ [ 114.524598622391451, 34.69817510637553 ], [ 114.52473109182867, 34.698189990581959 ], [ 114.524710253939674, 34.698059009565384 ], [ 114.524634344486884, 34.698060497986027 ], [ 114.524594157129513, 34.6981185463911 ], [ 114.524598622391451, 34.69817510637553 ] ] ] ] } },
{ "type": "Feature", "properties": { "FID": 467, "layer": "3", "path": "D:/1 work/数据/树/3.shp" }, "geometry": { "type": "MultiPolygon", "coordinates": [ [ [ [ 114.520883524466569, 34.696982881440526 ], [ 114.521021947586362, 34.69696502039281 ], [ 114.520998132856064, 34.6968504120033 ], [ 114.520877570783995, 34.696860830947799 ], [ 114.520883524466569, 34.696982881440526 ] ] ] ] } },
{ "type": "Feature", "properties": { "FID": 468, "layer": "3", "path": "D:/1 work/数据/树/3.shp" }, "geometry": { "type": "MultiPolygon", "coordinates": [ [ [ [ 114.513639381197237, 34.694187627473035 ], [ 114.513886459023965, 34.694116183282169 ], [ 114.513826922198248, 34.693973294900445 ], [ 114.513570913847659, 34.694044739091311 ], [ 114.513639381197237, 34.694187627473035 ] ] ] ] } },
{ "type": "Feature", "properties": { "FID": 469, "layer": "3", "path": "D:/1 work/数据/树/3.shp" }, "geometry": { "type": "MultiPolygon", "coordinates": [ [ [ [ 114.515845220590109, 34.692017510175603 ], [ 114.515967271082843, 34.692005602810454 ], [ 114.515934525828698, 34.691675173427718 ], [ 114.515803544812115, 34.691698988158009 ], [ 114.515845220590109, 34.692017510175603 ] ] ] ] } },
{ "type": "Feature", "properties": { "FID": 470, "layer": "3", "path": "D:/1 work/数据/树/3.shp" }, "geometry": { "type": "MultiPolygon", "coordinates": [ [ [ [ 114.509846885398929, 34.686528214844316 ], [ 114.510144569527512, 34.686543099050745 ], [ 114.510159453733948, 34.686450816970883 ], [ 114.509992750621933, 34.686114433905573 ], [ 114.50983497803378, 34.686135271794576 ], [ 114.509534317063896, 34.685789958205405 ], [ 114.509325938173887, 34.685816749776983 ], [ 114.509846885398929, 34.686528214844316 ] ] ] ] } },
{ "type": "Feature", "properties": { "FID": 471, "layer": "3", "path": "D:/1 work/数据/树/3.shp" }, "geometry": { "type": "MultiPolygon", "coordinates": [ [ [ [ 114.509839443295661, 34.685865867658208 ], [ 114.510172849519691, 34.685782516102201 ], [ 114.510116289535247, 34.685687257181051 ], [ 114.509767999104795, 34.685720002435197 ], [ 114.509839443295661, 34.685865867658208 ] ] ] ] } },
{ "type": "Feature", "properties": { "FID": 472, "layer": "3", "path": "D:/1 work/数据/树/3.shp" }, "geometry": { "type": "MultiPolygon", "coordinates": [ [ [ [ 114.509342310800932, 34.685300267813879 ], [ 114.509794790676395, 34.685148448908294 ], [ 114.509753114898402, 34.685035328939428 ], [ 114.509300635022939, 34.685169286797297 ], [ 114.509342310800932, 34.685300267813879 ] ] ] ] } },
{ "type": "Feature", "properties": { "FID": 473, "layer": "3", "path": "D:/1 work/数据/树/3.shp" }, "geometry": { "type": "MultiPolygon", "coordinates": [ [ [ [ 114.510928967206269, 34.685487808814898 ], [ 114.511491590209317, 34.685401480417603 ], [ 114.511491590209317, 34.685175240479872 ], [ 114.511247489223862, 34.685181194162446 ], [ 114.511238558700015, 34.685074027876148 ], [ 114.511083762953135, 34.685118680495442 ], [ 114.511113531366007, 34.68528538360745 ], [ 114.510917059841134, 34.685315152020308 ], [ 114.510928967206269, 34.685487808814898 ] ] ] ] } },
{ "type": "Feature", "properties": { "FID": 474, "layer": "3", "path": "D:/1 work/数据/树/3.shp" }, "geometry": { "type": "MultiPolygon", "coordinates": [ [ [ [ 114.510251735813696, 34.68657137904296 ], [ 114.510518163108785, 34.686485050645672 ], [ 114.510421415766984, 34.686328766478162 ], [ 114.510201129511827, 34.686374907518093 ], [ 114.510251735813696, 34.68657137904296 ] ] ] ] } },
{ "type": "Feature", "properties": { "FID": 475, "layer": "3", "path": "D:/1 work/数据/树/3.shp" }, "geometry": { "type": "MultiPolygon", "coordinates": [ [ [ [ 114.512710606715856, 34.684605175373605 ], [ 114.51282968036729, 34.68457689538139 ], [ 114.512776097224148, 34.684371493332662 ], [ 114.51315117922617, 34.684317910189513 ], [ 114.513108015027527, 34.684224139689007 ], [ 114.512914520343941, 34.68425986178444 ], [ 114.51287433298657, 34.684106554458211 ], [ 114.512683815144271, 34.684163114442647 ], [ 114.512716560398417, 34.684368516491375 ], [ 114.512642139366278, 34.684353632284946 ], [ 114.512710606715856, 34.684605175373605 ] ] ] ] } },
{ "type": "Feature", "properties": { "FID": 476, "layer": "3", "path": "D:/1 work/数据/树/3.shp" }, "geometry": { "type": "MultiPolygon", "coordinates": [ [ [ [ 114.512810330898901, 34.684020226060909 ], [ 114.513017221368273, 34.683956223973262 ], [ 114.51295619612192, 34.683814824012181 ], [ 114.512752282493835, 34.683886268203047 ], [ 114.512810330898901, 34.684020226060909 ] ] ] ] } },
{ "type": "Feature", "properties": { "FID": 477, "layer": "3", "path": "D:/1 work/数据/树/3.shp" }, "geometry": { "type": "MultiPolygon", "coordinates": [ [ [ [ 114.513450351775376, 34.683618352487287 ], [ 114.51404572003257, 34.68343974201013 ], [ 114.513783757999406, 34.682865211641946 ], [ 114.513387838108372, 34.683031914753961 ], [ 114.513215181313797, 34.682528828576636 ], [ 114.513108015027498, 34.682665763275793 ], [ 114.513119922392647, 34.682877119007095 ], [ 114.513194343424786, 34.683153965246682 ], [ 114.513450351775376, 34.683618352487287 ] ] ] ] } },
{ "type": "Feature", "properties": { "FID": 478, "layer": "3", "path": "D:/1 work/数据/树/3.shp" }, "geometry": { "type": "MultiPolygon", "coordinates": [ [ [ [ 114.510930455626848, 34.68160451935735 ], [ 114.511091205056289, 34.681507772015557 ], [ 114.511013807182849, 34.681349999427404 ], [ 114.510850080912121, 34.681480980443986 ], [ 114.510930455626848, 34.68160451935735 ] ] ] ] } },
{ "type": "Feature", "properties": { "FID": 479, "layer": "3", "path": "D:/1 work/数据/树/3.shp" }, "geometry": { "type": "MultiPolygon", "coordinates": [ [ [ [ 114.510394624195342, 34.681930483478148 ], [ 114.510501790481641, 34.681906668747864 ], [ 114.510492859957779, 34.681823317191856 ], [ 114.510619375712437, 34.681787595096424 ], [ 114.510622352553725, 34.681600054095412 ], [ 114.51049434837843, 34.68176378036614 ], [ 114.510366344203135, 34.681741454056493 ], [ 114.510370809465059, 34.681859039287289 ], [ 114.510394624195342, 34.681930483478148 ] ] ] ] } },
{ "type": "Feature", "properties": { "FID": 480, "layer": "3", "path": "D:/1 work/数据/树/3.shp" }, "geometry": { "type": "MultiPolygon", "coordinates": [ [ [ [ 114.508973182481327, 34.681891784541456 ], [ 114.509406312888402, 34.681445258348553 ], [ 114.509733765429857, 34.681171388950247 ], [ 114.510003169566275, 34.680921334282225 ], [ 114.509888561176737, 34.680704024868355 ], [ 114.509800744358813, 34.680765050114715 ], [ 114.509875165390952, 34.680978638476979 ], [ 114.509571527579766, 34.681197436311493 ], [ 114.509328915014962, 34.681276322605569 ], [ 114.509034207727666, 34.681576983575454 ], [ 114.50898211300516, 34.681766012997109 ], [ 114.508973182481327, 34.681891784541456 ] ] ] ] } },
{ "type": "Feature", "properties": { "FID": 481, "layer": "3", "path": "D:/1 work/数据/树/3.shp" }, "geometry": { "type": "MultiPolygon", "coordinates": [ [ [ [ 114.511649362797371, 34.679799809327726 ], [ 114.512131611085692, 34.679272908420117 ], [ 114.512021467958121, 34.679135973720967 ], [ 114.511688061734091, 34.679457472579848 ], [ 114.51146182179636, 34.679746226184584 ], [ 114.511527312304651, 34.679758133549726 ], [ 114.511649362797371, 34.679799809327726 ] ] ] ] } },
{ "type": "Feature", "properties": { "FID": 482, "layer": "3", "path": "D:/1 work/数据/树/3.shp" }, "geometry": { "type": "MultiPolygon", "coordinates": [ [ [ [ 114.512069097418731, 34.679010946386967 ], [ 114.51222091632431, 34.67916871897512 ], [ 114.512667442517198, 34.678698378051948 ], [ 114.512908566661352, 34.678445346542645 ], [ 114.51268232672362, 34.678329249732492 ], [ 114.512069097418731, 34.679010946386967 ] ] ] ] } },
{ "type": "Feature", "properties": { "FID": 483, "layer": "3", "path": "D:/1 work/数据/树/3.shp" }, "geometry": { "type": "MultiPolygon", "coordinates": [ [ [ [ 114.512738886708064, 34.67828162027191 ], [ 114.512968103487083, 34.678400693923344 ], [ 114.513908785333427, 34.677388567886126 ], [ 114.513780781158133, 34.677278424758548 ], [ 114.513652776982838, 34.677323077377842 ], [ 114.512738886708064, 34.67828162027191 ] ] ] ] } },
{ "type": "Feature", "properties": { "FID": 484, "layer": "3", "path": "D:/1 work/数据/树/3.shp" }, "geometry": { "type": "MultiPolygon", "coordinates": [ [ [ [ 114.494368799132502, 34.679478310468838 ], [ 114.494606946435383, 34.679436634690838 ], [ 114.494297354941651, 34.678347110780187 ], [ 114.494100883416777, 34.678394740240762 ], [ 114.494368799132502, 34.679478310468838 ] ] ] ] } },
{ "type": "Feature", "properties": { "FID": 485, "layer": "3", "path": "D:/1 work/数据/树/3.shp" }, "geometry": { "type": "MultiPolygon", "coordinates": [ [ [ [ 114.493047081601532, 34.683354157823118 ], [ 114.493395372031983, 34.683377972553401 ], [ 114.493413233079707, 34.683246991536826 ], [ 114.49370496352573, 34.683205315758819 ], [ 114.493684125636719, 34.682907631630229 ], [ 114.493002428982251, 34.683023728440382 ], [ 114.493047081601532, 34.683354157823118 ] ] ] ] } },
{ "type": "Feature", "properties": { "FID": 486, "layer": "3", "path": "D:/1 work/数据/树/3.shp" }, "geometry": { "type": "MultiPolygon", "coordinates": [ [ [ [ 114.494164885504404, 34.683706913515501 ], [ 114.494410474910495, 34.683683098785217 ], [ 114.494371775973775, 34.683342250457976 ], [ 114.4941023718374, 34.683377972553409 ], [ 114.494164885504404, 34.683706913515501 ] ] ] ] } },
{ "type": "Feature", "properties": { "FID": 487, "layer": "3", "path": "D:/1 work/数据/树/3.shp" }, "geometry": { "type": "MultiPolygon", "coordinates": [ [ [ [ 114.495135335763621, 34.684887231085355 ], [ 114.495529767234004, 34.684844066886711 ], [ 114.495489579876633, 34.68463717641734 ], [ 114.49560865352808, 34.684628245893478 ], [ 114.495590792480357, 34.68452256802783 ], [ 114.495379436749062, 34.684530010131041 ], [ 114.495397297796771, 34.684628245893478 ], [ 114.495290131510487, 34.684643130099907 ], [ 114.495273758883414, 34.684775599537133 ], [ 114.495115986295261, 34.684791972164206 ], [ 114.495135335763621, 34.684887231085355 ] ] ] ] } },
{ "type": "Feature", "properties": { "FID": 488, "layer": "3", "path": "D:/1 work/数据/树/3.shp" }, "geometry": { "type": "MultiPolygon", "coordinates": [ [ [ [ 114.494882304254332, 34.684650572203118 ], [ 114.495117474715926, 34.684637176417333 ], [ 114.495090683144355, 34.684479403829179 ], [ 114.495275247304079, 34.684431774368605 ], [ 114.495269293621504, 34.684379679646099 ], [ 114.494851047420838, 34.684407959638314 ], [ 114.494882304254332, 34.684650572203118 ] ] ] ] } },
{ "type": "Feature", "properties": { "FID": 489, "layer": "3", "path": "D:/1 work/数据/树/3.shp" }, "geometry": { "type": "MultiPolygon", "coordinates": [ [ [ [ 114.494449173847258, 34.684580616432896 ], [ 114.494635226427619, 34.684549359599394 ], [ 114.494574201181265, 34.684195115486368 ], [ 114.494356891767382, 34.684218930216659 ], [ 114.494410474910538, 34.684503218559463 ], [ 114.494449173847258, 34.684580616432896 ] ] ] ] } },
{ "type": "Feature", "properties": { "FID": 490, "layer": "3", "path": "D:/1 work/数据/树/3.shp" }, "geometry": { "type": "MultiPolygon", "coordinates": [ [ [ [ 114.494065161321373, 34.684744342703631 ], [ 114.49410534867873, 34.684741365862344 ], [ 114.494136605512239, 34.684665456409554 ], [ 114.494199119179243, 34.684666944830198 ], [ 114.494193165496668, 34.684530010131041 ], [ 114.494038369749802, 34.684538940654903 ], [ 114.494065161321373, 34.684744342703631 ] ] ] ] } },
{ "type": "Feature", "properties": { "FID": 491, "layer": "3", "path": "D:/1 work/数据/树/3.shp" }, "geometry": { "type": "MultiPolygon", "coordinates": [ [ [ [ 114.490418530746055, 34.683550629347934 ], [ 114.492085561866176, 34.68222295813441 ], [ 114.492014117675311, 34.682163421308694 ], [ 114.490394716015771, 34.683455370426785 ], [ 114.490418530746055, 34.683550629347934 ] ] ] ] } },
{ "type": "Feature", "properties": { "FID": 492, "layer": "3", "path": "D:/1 work/数据/树/3.shp" }, "geometry": { "type": "MultiPolygon", "coordinates": [ [ [ [ 114.492168913422191, 34.682132164475185 ], [ 114.493413233079707, 34.681179575263691 ], [ 114.49402646238461, 34.680750910118519 ], [ 114.494598015911507, 34.680250800782481 ], [ 114.494556340133499, 34.680221032369623 ], [ 114.493222715237408, 34.681197436311408 ], [ 114.492157006057042, 34.682036905554035 ], [ 114.492168913422191, 34.682132164475185 ] ] ] ] } },
{ "type": "Feature", "properties": { "FID": 493, "layer": "3", "path": "D:/1 work/数据/树/3.shp" }, "geometry": { "type": "MultiPolygon", "coordinates": [ [ [ [ 114.494906118984602, 34.680450249148642 ], [ 114.495425577788993, 34.680365409171998 ], [ 114.495382413590349, 34.680258242885699 ], [ 114.494886769516242, 34.68036243233071 ], [ 114.494906118984602, 34.680450249148642 ] ] ] ] } },
{ "type": "Feature", "properties": { "FID": 494, "layer": "3", "path": "D:/1 work/数据/树/3.shp" }, "geometry": { "type": "MultiPolygon", "coordinates": [ [ [ [ 114.494709647459715, 34.68015703028199 ], [ 114.494864443206581, 34.680121308186557 ], [ 114.494739415872573, 34.679915906137829 ], [ 114.494590573808267, 34.6799426977094 ], [ 114.494709647459715, 34.68015703028199 ] ] ] ] } },
{ "type": "Feature", "properties": { "FID": 495, "layer": "3", "path": "D:/1 work/数据/树/3.shp" }, "geometry": { "type": "MultiPolygon", "coordinates": [ [ [ [ 114.494462569632972, 34.680168937647132 ], [ 114.494605458014703, 34.680109400821415 ], [ 114.494432801220114, 34.679615245167952 ], [ 114.494278005473248, 34.679656920945952 ], [ 114.494462569632972, 34.680168937647132 ] ] ] ] } },
{ "type": "Feature", "properties": { "FID": 496, "layer": "3", "path": "D:/1 work/数据/树/3.shp" }, "geometry": { "type": "MultiPolygon", "coordinates": [ [ [ [ 114.495072822096546, 34.681916343481966 ], [ 114.49517403470027, 34.681928250847108 ], [ 114.494804906380807, 34.680344571282994 ], [ 114.494679879046799, 34.680273127092129 ], [ 114.494947794762538, 34.681207855255913 ], [ 114.495072822096546, 34.681916343481966 ] ] ] ] } },
{ "type": "Feature", "properties": { "FID": 497, "layer": "3", "path": "D:/1 work/数据/树/3.shp" }, "geometry": { "type": "MultiPolygon", "coordinates": [ [ [ [ 114.486609662320646, 34.685101563657902 ], [ 114.486773388591374, 34.685062864721182 ], [ 114.486579893907788, 34.684017993429826 ], [ 114.486448912891206, 34.683973340810532 ], [ 114.486445936049918, 34.684223395478554 ], [ 114.486609662320646, 34.685101563657902 ] ] ] ] } },
{ "type": "Feature", "properties": { "FID": 498, "layer": "3", "path": "D:/1 work/数据/树/3.shp" }, "geometry": { "type": "MultiPolygon", "coordinates": [ [ [ [ 114.484897978581216, 34.68813794176954 ], [ 114.484957515406933, 34.688155802817249 ], [ 114.484957515406933, 34.688280830151264 ], [ 114.485118264836373, 34.68855469954957 ], [ 114.485368319504403, 34.688227247008115 ], [ 114.485421902647545, 34.68843562589813 ], [ 114.485165894296955, 34.688721402661578 ], [ 114.485225431122672, 34.689001225742459 ], [ 114.485517161568694, 34.689048855203033 ], [ 114.485719586776142, 34.68881070790016 ], [ 114.485677910998135, 34.687179398875465 ], [ 114.485421902647545, 34.686447095919128 ], [ 114.484886071216081, 34.686881714746875 ], [ 114.484981330137231, 34.687197259923181 ], [ 114.48465983127835, 34.687542573512353 ], [ 114.484707460738917, 34.687733091354652 ], [ 114.484766997564634, 34.687905748149234 ], [ 114.484897978581216, 34.68813794176954 ] ] ] ] } },
{ "type": "Feature", "properties": { "FID": 499, "layer": "3", "path": "D:/1 work/数据/树/3.shp" }, "geometry": { "type": "MultiPolygon", "coordinates": [ [ [ [ 114.484814627025187, 34.689048855203033 ], [ 114.485124218518919, 34.688757124757011 ], [ 114.485040866962919, 34.688441579580704 ], [ 114.48476699756462, 34.688608282692712 ], [ 114.484814627025187, 34.689048855203033 ] ] ] ] } },
{ "type": "Feature", "properties": { "FID": 500, "layer": "3", "path": "D:/1 work/数据/树/3.shp" }, "geometry": { "type": "MultiPolygon", "coordinates": [ [ [ [ 114.483129734857357, 34.691245764072029 ], [ 114.483385743207947, 34.69119218092888 ], [ 114.485017052232635, 34.689703760285916 ], [ 114.484886071216053, 34.689679945555632 ], [ 114.483260715873939, 34.691090968325156 ], [ 114.483129734857357, 34.691156458833447 ], [ 114.483129734857357, 34.691245764072029 ] ] ] ] } },
{ "type": "Feature", "properties": { "FID": 501, "layer": "3", "path": "D:/1 work/数据/树/3.shp" }, "geometry": { "type": "MultiPolygon", "coordinates": [ [ [ [ 114.485156963773079, 34.689799019207065 ], [ 114.485710656252266, 34.68933463196646 ], [ 114.485716609934826, 34.689221511997594 ], [ 114.485151010090505, 34.689703760285916 ], [ 114.485156963773079, 34.689799019207065 ] ] ] ] } },
{ "type": "Feature", "properties": { "FID": 502, "layer": "3", "path": "D:/1 work/数据/树/3.shp" }, "geometry": { "type": "MultiPolygon", "coordinates": [ [ [ [ 114.486270302413942, 34.687801558704201 ], [ 114.486389376065389, 34.687807512386776 ], [ 114.486341746604808, 34.686313138061237 ], [ 114.486192904540516, 34.686325045426379 ], [ 114.486270302413942, 34.687801558704201 ] ] ] ] } },
{ "type": "Feature", "properties": { "FID": 503, "layer": "3", "path": "D:/1 work/数据/树/3.shp" }, "geometry": { "type": "MultiPolygon", "coordinates": [ [ [ [ 114.486291140302953, 34.688807731058844 ], [ 114.487559274690753, 34.687771790291343 ], [ 114.487487830499887, 34.687557457718754 ], [ 114.486517380240684, 34.688432649056814 ], [ 114.486374491858953, 34.688021844959358 ], [ 114.486285186620378, 34.688039706007075 ], [ 114.486291140302953, 34.688807731058844 ] ] ] ] } },
{ "type": "Feature", "properties": { "FID": 504, "layer": "3", "path": "D:/1 work/数据/树/3.shp" }, "geometry": { "type": "MultiPolygon", "coordinates": [ [ [ [ 114.495248455732309, 34.710818495526979 ], [ 114.49547469567004, 34.710747051336114 ], [ 114.495471718828753, 34.710577371382819 ], [ 114.4958646618785, 34.710485089302949 ], [ 114.495745588227052, 34.71009214625321 ], [ 114.495188918906592, 34.710032609427493 ], [ 114.495248455732309, 34.710818495526979 ] ] ] ] } },
{ "type": "Feature", "properties": { "FID": 505, "layer": "3", "path": "D:/1 work/数据/树/3.shp" }, "geometry": { "type": "MultiPolygon", "coordinates": [ [ [ [ 114.495885499767496, 34.710437459842375 ], [ 114.496052202879511, 34.710422575635945 ], [ 114.496019457625366, 34.709982003125631 ], [ 114.495811078735343, 34.710014748379777 ], [ 114.495822986100492, 34.710238011476221 ], [ 114.495885499767496, 34.710437459842375 ] ] ] ] } },
{ "type": "Feature", "properties": { "FID": 506, "layer": "3", "path": "D:/1 work/数据/树/3.shp" }, "geometry": { "type": "MultiPolygon", "coordinates": [ [ [ [ 114.49468583272926, 34.710973291273845 ], [ 114.49501923895329, 34.710875055511409 ], [ 114.494852535841275, 34.710205266222076 ], [ 114.494432801219958, 34.71025289568265 ], [ 114.494516152775972, 34.710577371382819 ], [ 114.494694763253122, 34.710663699780106 ], [ 114.49468583272926, 34.710973291273845 ] ] ] ] } },
{ "type": "Feature", "properties": { "FID": 507, "layer": "3", "path": "D:/1 work/数据/树/3.shp" }, "geometry": { "type": "MultiPolygon", "coordinates": [ [ [ [ 114.465423482888525, 34.737541599750742 ], [ 114.466757107784616, 34.737446340829592 ], [ 114.466715432006623, 34.737255822987294 ], [ 114.465417529205951, 34.737380850321308 ], [ 114.465423482888525, 34.737541599750742 ] ] ] ] } },
{ "type": "Feature", "properties": { "FID": 508, "layer": "3", "path": "D:/1 work/数据/树/3.shp" }, "geometry": { "type": "MultiPolygon", "coordinates": [ [ [ [ 114.467096467691192, 34.732862005249274 ], [ 114.467304846581214, 34.732832236836416 ], [ 114.467233402390349, 34.732561344279397 ], [ 114.467075629802196, 34.732605996898684 ], [ 114.467096467691192, 34.732862005249274 ] ] ] ] } },
{ "type": "Feature", "properties": { "FID": 509, "layer": "3", "path": "D:/1 work/数据/树/3.shp" }, "geometry": { "type": "MultiPolygon", "coordinates": [ [ [ [ 114.471016967664738, 34.732111841245228 ], [ 114.471534938048492, 34.732117794927795 ], [ 114.471255114967619, 34.731379538288884 ], [ 114.470832403505014, 34.73149265825775 ], [ 114.470850264552723, 34.731832018164347 ], [ 114.471016967664738, 34.732111841245228 ] ] ] ] } },
{ "type": "Feature", "properties": { "FID": 510, "layer": "3", "path": "D:/1 work/数据/树/3.shp" }, "geometry": { "type": "MultiPolygon", "coordinates": [ [ [ [ 114.472401198862727, 34.732159470705803 ], [ 114.473029312374052, 34.732150540181948 ], [ 114.472969775548336, 34.732004674958937 ], [ 114.472377384132429, 34.732132679134232 ], [ 114.472401198862727, 34.732159470705803 ] ] ] ] } },
{ "type": "Feature", "properties": { "FID": 511, "layer": "3", "path": "D:/1 work/数据/树/3.shp" }, "geometry": { "type": "MultiPolygon", "coordinates": [ [ [ [ 114.472067792638697, 34.734034880715932 ], [ 114.472469666212291, 34.734011065985648 ], [ 114.472338685195709, 34.733689567126767 ], [ 114.472005278971693, 34.733710405015763 ], [ 114.472067792638697, 34.734034880715932 ] ] ] ] } },
{ "type": "Feature", "properties": { "FID": 512, "layer": "3", "path": "D:/1 work/数据/树/3.shp" }, "geometry": { "type": "MultiPolygon", "coordinates": [ [ [ [ 114.472222588385534, 34.734826720497999 ], [ 114.47258873986371, 34.734820766815432 ], [ 114.472478596736124, 34.734100371224237 ], [ 114.472091607368952, 34.734124185954521 ], [ 114.472148167353396, 34.734642156338275 ], [ 114.472222588385534, 34.734826720497999 ] ] ] ] } },
{ "type": "Feature", "properties": { "FID": 513, "layer": "3", "path": "D:/1 work/数据/树/3.shp" }, "geometry": { "type": "MultiPolygon", "coordinates": [ [ [ [ 114.4762919304234, 34.730894313159283 ], [ 114.476815854489729, 34.730793100555559 ], [ 114.476619382964856, 34.730239408076379 ], [ 114.476827761854878, 34.730167963885521 ], [ 114.476827761854878, 34.729989353408364 ], [ 114.476661058742863, 34.729894094487214 ], [ 114.476589614551997, 34.730084612329513 ], [ 114.47636932829684, 34.730138195472655 ], [ 114.476214532549974, 34.730334666997528 ], [ 114.476006153659952, 34.730376342775529 ], [ 114.475654886388213, 34.730477555379252 ], [ 114.475779913722221, 34.730876452111566 ], [ 114.475988292612243, 34.730870498428999 ], [ 114.475988292612243, 34.730572814300402 ], [ 114.476226439915109, 34.730548999570118 ], [ 114.4762919304234, 34.730894313159283 ] ] ] ] } },
{ "type": "Feature", "properties": { "FID": 514, "layer": "3", "path": "D:/1 work/数据/树/3.shp" }, "geometry": { "type": "MultiPolygon", "coordinates": [ [ [ [ 114.475610233768933, 34.730423972236103 ], [ 114.475961501040672, 34.730379319616816 ], [ 114.475964477881959, 34.730162010202939 ], [ 114.476238347280258, 34.730135218631368 ], [ 114.476235370438971, 34.730007214456073 ], [ 114.476530077726281, 34.729908978693636 ], [ 114.476556869297852, 34.729834557661491 ], [ 114.476351467249131, 34.729697622962334 ], [ 114.476297884105975, 34.729447568294319 ], [ 114.47608652837468, 34.729456498818173 ], [ 114.476015084183814, 34.729569618787039 ], [ 114.475678701118511, 34.729623201930188 ], [ 114.475711446372657, 34.7298107429312 ], [ 114.475532835895493, 34.729867302915636 ], [ 114.475520928530358, 34.730156056520372 ], [ 114.475610233768933, 34.730423972236103 ] ] ] ] } },
{ "type": "Feature", "properties": { "FID": 515, "layer": "3", "path": "D:/1 work/数据/树/3.shp" }, "geometry": { "type": "MultiPolygon", "coordinates": [ [ [ [ 114.476970650236581, 34.728590238003974 ], [ 114.476955766030144, 34.728298507557952 ], [ 114.476357420931677, 34.728319345446955 ], [ 114.476345513566528, 34.728238970732235 ], [ 114.476128204152658, 34.728224086525806 ], [ 114.476113319946222, 34.72816752654137 ], [ 114.475925778945211, 34.728182410747799 ], [ 114.475913871580076, 34.728358044383668 ], [ 114.476101412581087, 34.728551539067254 ], [ 114.47627704621695, 34.728581307480113 ], [ 114.476280023058237, 34.728736103226986 ], [ 114.476562822980398, 34.728795640052702 ], [ 114.476797993441991, 34.728810524259131 ], [ 114.476830738696137, 34.728724195861837 ], [ 114.476786086076842, 34.728682520083836 ], [ 114.476792039759417, 34.728596191686542 ], [ 114.476970650236581, 34.728590238003974 ] ] ] ] } },
{ "type": "Feature", "properties": { "FID": 516, "layer": "3", "path": "D:/1 work/数据/树/3.shp" }, "geometry": { "type": "MultiPolygon", "coordinates": [ [ [ [ 114.474934490796983, 34.728494979082825 ], [ 114.475556650625734, 34.728950435799575 ], [ 114.475666793753319, 34.729018903149147 ], [ 114.475637025340461, 34.72848604855897 ], [ 114.475500090641304, 34.728253854938664 ], [ 114.475407808561442, 34.72820622547809 ], [ 114.475184545464998, 34.728227063367093 ], [ 114.475184545464998, 34.728316368605668 ], [ 114.475017842352983, 34.728340183335959 ], [ 114.474934490796983, 34.728494979082825 ] ] ] ] } },
{ "type": "Feature", "properties": { "FID": 517, "layer": "3", "path": "D:/1 work/数据/树/3.shp" }, "geometry": { "type": "MultiPolygon", "coordinates": [ [ [ [ 114.475022307614893, 34.728143711811086 ], [ 114.4751473349489, 34.728139246549155 ], [ 114.47516668441726, 34.728066313937646 ], [ 114.475285758068694, 34.728041010786718 ], [ 114.475294688592555, 34.727974031857784 ], [ 114.475136916004402, 34.727971055016496 ], [ 114.47512649705989, 34.727908541349493 ], [ 114.475022307614893, 34.727927890817853 ], [ 114.475022307614893, 34.728143711811086 ] ] ] ] } },
{ "type": "Feature", "properties": { "FID": 518, "layer": "3", "path": "D:/1 work/数据/树/3.shp" }, "geometry": { "type": "MultiPolygon", "coordinates": [ [ [ [ 114.47353388697195, 34.730206662822226 ], [ 114.47420665310257, 34.730042936551499 ], [ 114.474093533133697, 34.729742275581621 ], [ 114.473513049082939, 34.729849441867913 ], [ 114.47353388697195, 34.730206662822226 ] ] ] ] } },
{ "type": "Feature", "properties": { "FID": 519, "layer": "3", "path": "D:/1 work/数据/树/3.shp" }, "geometry": { "type": "MultiPolygon", "coordinates": [ [ [ [ 114.477668719518036, 34.730813938444548 ], [ 114.478156921488932, 34.730700818475682 ], [ 114.478094407821928, 34.730420995394809 ], [ 114.477638951105178, 34.730522207998526 ], [ 114.477668719518036, 34.730813938444548 ] ] ] ] } },
{ "type": "Feature", "properties": { "FID": 520, "layer": "3", "path": "D:/1 work/数据/树/3.shp" }, "geometry": { "type": "MultiPolygon", "coordinates": [ [ [ [ 114.47823134252107, 34.730688911110541 ], [ 114.478654053983675, 34.730611513237108 ], [ 114.478570702427675, 34.730301921743369 ], [ 114.478222411997223, 34.73040908802966 ], [ 114.478204550949499, 34.730477555379238 ], [ 114.47823134252107, 34.730688911110541 ] ] ] ] } },
{ "type": "Feature", "properties": { "FID": 521, "layer": "3", "path": "D:/1 work/数据/树/3.shp" }, "geometry": { "type": "MultiPolygon", "coordinates": [ [ [ [ 114.479984702038465, 34.730379319616802 ], [ 114.480187127245898, 34.730334666997507 ], [ 114.480076984118327, 34.729414823040159 ], [ 114.479946003101745, 34.729423753564014 ], [ 114.479907304165025, 34.729504128278734 ], [ 114.479687017909868, 34.729554734580596 ], [ 114.479707855798864, 34.729986376567055 ], [ 114.479633434766725, 34.730126288107492 ], [ 114.479820975767737, 34.730287037536932 ], [ 114.479922188371461, 34.730227500711216 ], [ 114.479984702038465, 34.730379319616802 ] ] ] ] } },
{ "type": "Feature", "properties": { "FID": 522, "layer": "3", "path": "D:/1 work/数据/树/3.shp" }, "geometry": { "type": "MultiPolygon", "coordinates": [ [ [ [ 114.479770369465868, 34.728941505275692 ], [ 114.480565186089208, 34.728905783180267 ], [ 114.480580070295645, 34.728715265337961 ], [ 114.479755485259446, 34.728813501100397 ], [ 114.479770369465868, 34.728941505275692 ] ] ] ] } },
{ "type": "Feature", "properties": { "FID": 523, "layer": "3", "path": "D:/1 work/数据/树/3.shp" }, "geometry": { "type": "MultiPolygon", "coordinates": [ [ [ [ 114.480285363008335, 34.728700381131532 ], [ 114.480556255565361, 34.728676566401248 ], [ 114.480541371358925, 34.728366974907509 ], [ 114.480178196722051, 34.728465210669945 ], [ 114.480172243039476, 34.72863191378196 ], [ 114.480285363008335, 34.728700381131532 ] ] ] ] } },
{ "type": "Feature", "properties": { "FID": 524, "layer": "3", "path": "D:/1 work/数据/树/3.shp" }, "geometry": { "type": "MultiPolygon", "coordinates": [ [ [ [ 114.478662984507508, 34.728429488574513 ], [ 114.478776104476381, 34.728465210669945 ], [ 114.479154163319691, 34.728453303304796 ], [ 114.479189885415124, 34.727723977189747 ], [ 114.478725498174512, 34.727765652967747 ], [ 114.478662984507508, 34.728429488574513 ] ] ] ] } },
{ "type": "Feature", "properties": { "FID": 525, "layer": "3", "path": "D:/1 work/数据/树/3.shp" }, "geometry": { "type": "MultiPolygon", "coordinates": [ [ [ [ 114.477573460596872, 34.728349113859792 ], [ 114.478600470840519, 34.728366974907509 ], [ 114.478621308729515, 34.727988916064199 ], [ 114.477778862645593, 34.72796212449262 ], [ 114.477772908963018, 34.728200271795501 ], [ 114.47752583113629, 34.728200271795501 ], [ 114.477516900612429, 34.728334229653363 ], [ 114.477573460596872, 34.728349113859792 ] ] ] ] } },
{ "type": "Feature", "properties": { "FID": 526, "layer": "3", "path": "D:/1 work/数据/树/3.shp" }, "geometry": { "type": "MultiPolygon", "coordinates": [ [ [ [ 114.477430572215127, 34.727933844500406 ], [ 114.477592810065218, 34.727921937135264 ], [ 114.477649370049647, 34.727665928784674 ], [ 114.477417176429341, 34.727659975102107 ], [ 114.477430572215127, 34.727933844500406 ] ] ] ] } },
{ "type": "Feature", "properties": { "FID": 527, "layer": "3", "path": "D:/1 work/数据/树/3.shp" }, "geometry": { "type": "MultiPolygon", "coordinates": [ [ [ [ 114.478308740394468, 34.727395036227655 ], [ 114.478654053983632, 34.727406943592804 ], [ 114.478633216094636, 34.72768081299111 ], [ 114.478829687619509, 34.72768378983239 ], [ 114.478844571825931, 34.726912787939341 ], [ 114.47847842034777, 34.726918741621908 ], [ 114.478490327712905, 34.72718368049636 ], [ 114.478124176234743, 34.72718368049636 ], [ 114.47810631518702, 34.72726703205236 ], [ 114.478302786711893, 34.727281916258796 ], [ 114.478308740394468, 34.727395036227655 ] ] ] ] } },
{ "type": "Feature", "properties": { "FID": 528, "layer": "3", "path": "D:/1 work/数据/树/3.shp" }, "geometry": { "type": "MultiPolygon", "coordinates": [ [ [ [ 114.478249203568751, 34.723807942478111 ], [ 114.478537957173486, 34.72378412774782 ], [ 114.478585586634068, 34.723673984620241 ], [ 114.4783444624899, 34.723632308842241 ], [ 114.478275995140322, 34.72368886882667 ], [ 114.478249203568751, 34.723807942478111 ] ] ] ] } },
{ "type": "Feature", "properties": { "FID": 529, "layer": "3", "path": "D:/1 work/数据/树/3.shp" }, "geometry": { "type": "MultiPolygon", "coordinates": [ [ [ [ 114.47822241199718, 34.723602540429383 ], [ 114.478621308729487, 34.723641239366096 ], [ 114.478615355046927, 34.723489420460517 ], [ 114.478162875171463, 34.723480489936655 ], [ 114.47822241199718, 34.723602540429383 ] ] ] ] } },
{ "type": "Feature", "properties": { "FID": 530, "layer": "3", "path": "D:/1 work/数据/树/3.shp" }, "geometry": { "type": "MultiPolygon", "coordinates": [ [ [ [ 114.479579851623555, 34.721810481975261 ], [ 114.480621746073624, 34.721759875673399 ], [ 114.480600908184627, 34.721941462991836 ], [ 114.480767611296642, 34.721944439833123 ], [ 114.480728912359922, 34.721292511591507 ], [ 114.479579851623555, 34.721349071575936 ], [ 114.479579851623555, 34.721810481975261 ] ] ] ] } },
{ "type": "Feature", "properties": { "FID": 531, "layer": "3", "path": "D:/1 work/数据/树/3.shp" }, "geometry": { "type": "MultiPolygon", "coordinates": [ [ [ [ 114.479748043156206, 34.723020567957995 ], [ 114.480721470256711, 34.723002706910279 ], [ 114.480718493415424, 34.72257106492382 ], [ 114.480313643000542, 34.722577018606387 ], [ 114.480268990381248, 34.722740744877115 ], [ 114.479563478996482, 34.722746698559689 ], [ 114.479569432679057, 34.722880656417551 ], [ 114.479771857886504, 34.722856841687268 ], [ 114.479748043156206, 34.723020567957995 ] ] ] ] } },
{ "type": "Feature", "properties": { "FID": 532, "layer": "3", "path": "D:/1 work/数据/树/3.shp" }, "geometry": { "type": "MultiPolygon", "coordinates": [ [ [ [ 114.479625992663472, 34.720511090753959 ], [ 114.480703609208973, 34.720490252864955 ], [ 114.480694678685111, 34.720400947626381 ], [ 114.479628969504759, 34.720445600245668 ], [ 114.479625992663472, 34.720511090753959 ] ] ] ] } },
{ "type": "Feature", "properties": { "FID": 533, "layer": "3", "path": "D:/1 work/数据/树/3.shp" }, "geometry": { "type": "MultiPolygon", "coordinates": [ [ [ [ 114.480462485064805, 34.717025209608138 ], [ 114.480745284986966, 34.716971626464989 ], [ 114.480813752336545, 34.716135134063641 ], [ 114.480283874587656, 34.716239323508653 ], [ 114.480188615666506, 34.716292906651802 ], [ 114.480286851428943, 34.716447702398668 ], [ 114.480432716651947, 34.716417933985809 ], [ 114.480462485064805, 34.717025209608138 ] ] ] ] } },
{ "type": "Feature", "properties": { "FID": 534, "layer": "3", "path": "D:/1 work/数据/树/3.shp" }, "geometry": { "type": "MultiPolygon", "coordinates": [ [ [ [ 114.480947710194442, 34.716793015987832 ], [ 114.48115608908445, 34.716769201257549 ], [ 114.481114413306443, 34.716626312875825 ], [ 114.481296000624894, 34.716626312875825 ], [ 114.481272185894596, 34.716501285541817 ], [ 114.481111436465156, 34.716531053954675 ], [ 114.481105482782596, 34.716426864509664 ], [ 114.481319815355178, 34.716411980303235 ], [ 114.481287070101033, 34.716164902476507 ], [ 114.480998316496297, 34.716218485619649 ], [ 114.480947710194442, 34.716793015987832 ] ] ] ] } },
{ "type": "Feature", "properties": { "FID": 535, "layer": "3", "path": "D:/1 work/数据/树/3.shp" }, "geometry": { "type": "MultiPolygon", "coordinates": [ [ [ [ 114.481682989992038, 34.716403049779366 ], [ 114.481849693104053, 34.716364350842653 ], [ 114.481885415199486, 34.716141087746209 ], [ 114.481665128944329, 34.71616787931778 ], [ 114.481682989992038, 34.716403049779366 ] ] ] ] } },
{ "type": "Feature", "properties": { "FID": 536, "layer": "3", "path": "D:/1 work/数据/树/3.shp" }, "geometry": { "type": "MultiPolygon", "coordinates": [ [ [ [ 114.481624941586944, 34.717049024338415 ], [ 114.481813971008606, 34.717044559076484 ], [ 114.48178122575446, 34.71669924548732 ], [ 114.481638337372729, 34.716702222328607 ], [ 114.481624941586944, 34.717049024338415 ] ] ] ] } },
{ "type": "Feature", "properties": { "FID": 537, "layer": "3", "path": "D:/1 work/数据/树/3.shp" }, "geometry": { "type": "MultiPolygon", "coordinates": [ [ [ [ 114.48338276636629, 34.715846380458899 ], [ 114.483737010479317, 34.715840426776325 ], [ 114.483689381018735, 34.715334363757719 ], [ 114.483373835842428, 34.715450460567872 ], [ 114.483367882159854, 34.715646932092739 ], [ 114.48338276636629, 34.715846380458899 ] ] ] ] } },
{ "type": "Feature", "properties": { "FID": 538, "layer": "3", "path": "D:/1 work/数据/树/3.shp" }, "geometry": { "type": "MultiPolygon", "coordinates": [ [ [ [ 114.483147595904654, 34.714224001958065 ], [ 114.483546492636961, 34.714104928306625 ], [ 114.483469094763535, 34.713729846304602 ], [ 114.482992800157788, 34.713786406289032 ], [ 114.48304638330093, 34.7140692062112 ], [ 114.483147595904654, 34.714224001958065 ] ] ] ] } },
{ "type": "Feature", "properties": { "FID": 539, "layer": "3", "path": "D:/1 work/数据/树/3.shp" }, "geometry": { "type": "MultiPolygon", "coordinates": [ [ [ [ 114.478837129722621, 34.714545500816939 ], [ 114.479703390536827, 34.714414519800357 ], [ 114.479688506330405, 34.714328191403069 ], [ 114.478843083405195, 34.714480010308648 ], [ 114.478837129722621, 34.714545500816939 ] ] ] ] } },
{ "type": "Feature", "properties": { "FID": 540, "layer": "3", "path": "D:/1 work/数据/树/3.shp" }, "geometry": { "type": "MultiPolygon", "coordinates": [ [ [ [ 114.478721032912475, 34.714414519800357 ], [ 114.479667668441394, 34.714304376672779 ], [ 114.479658737917532, 34.714191256703913 ], [ 114.478694241340904, 34.714334145085637 ], [ 114.478721032912475, 34.714414519800357 ] ] ] ] } },
{ "type": "Feature", "properties": { "FID": 541, "layer": "3", "path": "D:/1 work/数据/树/3.shp" }, "geometry": { "type": "MultiPolygon", "coordinates": [ [ [ [ 114.47964980739367, 34.713826593646374 ], [ 114.479929630474544, 34.713822128384443 ], [ 114.479879024172675, 34.713633098962788 ], [ 114.479660226338169, 34.713650960010504 ], [ 114.47964980739367, 34.713826593646374 ] ] ] ] } },
{ "type": "Feature", "properties": { "FID": 542, "layer": "3", "path": "D:/1 work/数据/树/3.shp" }, "geometry": { "type": "MultiPolygon", "coordinates": [ [ [ [ 114.479548594789961, 34.713445557961776 ], [ 114.479716786322626, 34.713414301128275 ], [ 114.479691483171692, 34.713316065365838 ], [ 114.479554548472535, 34.71332797273098 ], [ 114.479548594789961, 34.713445557961776 ] ] ] ] } },
{ "type": "Feature", "properties": { "FID": 543, "layer": "3", "path": "D:/1 work/数据/树/3.shp" }, "geometry": { "type": "MultiPolygon", "coordinates": [ [ [ [ 114.47872252133314, 34.713634587383417 ], [ 114.479576874782211, 34.713536351620988 ], [ 114.479567944258349, 34.713470861112697 ], [ 114.478725498174427, 34.71358993476413 ], [ 114.47872252133314, 34.713634587383417 ] ] ] ] } },
{ "type": "Feature", "properties": { "FID": 544, "layer": "3", "path": "D:/1 work/数据/树/3.shp" }, "geometry": { "type": "MultiPolygon", "coordinates": [ [ [ [ 114.477577925858725, 34.712674556068713 ], [ 114.477685092145023, 34.712665625544858 ], [ 114.477807142637744, 34.712635857132 ], [ 114.477613647954158, 34.71200476677938 ], [ 114.477399315381575, 34.712058349922529 ], [ 114.477577925858725, 34.712674556068713 ] ] ] ] } },
{ "type": "Feature", "properties": { "FID": 545, "layer": "3", "path": "D:/1 work/数据/树/3.shp" }, "geometry": { "type": "MultiPolygon", "coordinates": [ [ [ [ 114.477799700534504, 34.712047930978024 ], [ 114.47793514681301, 34.712015185723878 ], [ 114.478014033107087, 34.712117886748246 ], [ 114.478083988877302, 34.712108956224384 ], [ 114.478054220464443, 34.71189015838987 ], [ 114.477826492106075, 34.711939276271089 ], [ 114.477799700534504, 34.712047930978024 ] ] ] ] } },
{ "type": "Feature", "properties": { "FID": 546, "layer": "3", "path": "D:/1 work/数据/树/3.shp" }, "geometry": { "type": "MultiPolygon", "coordinates": [ [ [ [ 114.476726549250898, 34.71105961967109 ], [ 114.476854553426193, 34.711023897575664 ], [ 114.476568776662745, 34.710187405174317 ], [ 114.476464587217734, 34.710217173587175 ], [ 114.476726549250898, 34.71105961967109 ] ] ] ] } },
{ "type": "Feature", "properties": { "FID": 547, "layer": "3", "path": "D:/1 work/数据/树/3.shp" }, "geometry": { "type": "MultiPolygon", "coordinates": [ [ [ [ 114.479058904398357, 34.758547680284835 ], [ 114.478981506524931, 34.758607217110551 ], [ 114.479868605228134, 34.759137094859447 ], [ 114.479916234688716, 34.759065650668589 ], [ 114.479058904398357, 34.758547680284835 ] ] ] ] } },
{ "type": "Feature", "properties": { "FID": 548, "layer": "3", "path": "D:/1 work/数据/树/3.shp" }, "geometry": { "type": "MultiPolygon", "coordinates": [ [ [ [ 114.477207309118512, 34.757660581581632 ], [ 114.478707637126618, 34.758464328728834 ], [ 114.478761220269774, 34.758380977172827 ], [ 114.477260892261668, 34.757601044755916 ], [ 114.477207309118512, 34.757660581581632 ] ] ] ] } },
{ "type": "Feature", "properties": { "FID": 549, "layer": "3", "path": "D:/1 work/数据/树/3.shp" }, "geometry": { "type": "MultiPolygon", "coordinates": [ [ [ [ 114.477987241535317, 34.757800493122041 ], [ 114.479916234688588, 34.758854294937265 ], [ 114.479951956784021, 34.757699280518317 ], [ 114.47986860522802, 34.757693326835749 ], [ 114.479761438941722, 34.758419676109511 ], [ 114.479642365290289, 34.758485166617803 ], [ 114.478975552842243, 34.758276787727787 ], [ 114.478064639408743, 34.757711187883466 ], [ 114.477987241535317, 34.757800493122041 ] ] ] ] } },
{ "type": "Feature", "properties": { "FID": 550, "layer": "3", "path": "D:/1 work/数据/树/3.shp" }, "geometry": { "type": "MultiPolygon", "coordinates": [ [ [ [ 114.479797161037155, 34.757627836327458 ], [ 114.479946003101446, 34.757574253184309 ], [ 114.47996386414917, 34.755895314699046 ], [ 114.479916234688588, 34.755936990477046 ], [ 114.479767392624296, 34.756347794574509 ], [ 114.479797161037155, 34.757627836327458 ] ] ] ] } },
{ "type": "Feature", "properties": { "FID": 551, "layer": "3", "path": "D:/1 work/数据/树/3.shp" }, "geometry": { "type": "MultiPolygon", "coordinates": [ [ [ [ 114.481523728982978, 34.755008215995844 ], [ 114.481964301493292, 34.755020123360985 ], [ 114.481922625715285, 34.754722439232395 ], [ 114.481482053204971, 34.75465099504153 ], [ 114.481434423744403, 34.754853420248971 ], [ 114.481523728982978, 34.755008215995844 ] ] ] ] } },
{ "type": "Feature", "properties": { "FID": 552, "layer": "3", "path": "D:/1 work/数据/树/3.shp" }, "geometry": { "type": "MultiPolygon", "coordinates": [ [ [ [ 114.482776979164356, 34.75578219473018 ], [ 114.483050848562655, 34.755770287365038 ], [ 114.483032987514946, 34.755454742188725 ], [ 114.482774002323069, 34.75544581166487 ], [ 114.482776979164356, 34.75578219473018 ] ] ] ] } },
{ "type": "Feature", "properties": { "FID": 553, "layer": "3", "path": "D:/1 work/数据/树/3.shp" }, "geometry": { "type": "MultiPolygon", "coordinates": [ [ [ [ 114.480478857691637, 34.751468751706881 ], [ 114.480705097629368, 34.751441960135303 ], [ 114.480666398692648, 34.751063901291992 ], [ 114.480469927167775, 34.751078785498422 ], [ 114.480478857691637, 34.751468751706881 ] ] ] ] } },
{ "type": "Feature", "properties": { "FID": 554, "layer": "3", "path": "D:/1 work/数据/树/3.shp" }, "geometry": { "type": "MultiPolygon", "coordinates": [ [ [ [ 114.481351072188403, 34.751373492785731 ], [ 114.481553497395851, 34.751355631738015 ], [ 114.481556474237138, 34.751281210705862 ], [ 114.481666617364723, 34.751260372816866 ], [ 114.481627918428003, 34.750986503418559 ], [ 114.481374886918701, 34.751004364466276 ], [ 114.481351072188403, 34.751373492785731 ] ] ] ] } },
{ "type": "Feature", "properties": { "FID": 555, "layer": "3", "path": "D:/1 work/数据/树/3.shp" }, "geometry": { "type": "MultiPolygon", "coordinates": [ [ [ [ 114.487042792727109, 34.752546368252361 ], [ 114.487376198951139, 34.752522553522077 ], [ 114.487346430538281, 34.751882532645602 ], [ 114.487245217934557, 34.751855741074024 ], [ 114.487215449521699, 34.751814065296024 ], [ 114.487340476855707, 34.751745597946446 ], [ 114.487343453696994, 34.751558056945434 ], [ 114.487138051648273, 34.751569964310576 ], [ 114.487099352711553, 34.751697968485871 ], [ 114.486926695916964, 34.751700945327158 ], [ 114.486882043297683, 34.751778343200591 ], [ 114.486944556964687, 34.752236776758629 ], [ 114.487042792727109, 34.752546368252361 ] ] ] ] } },
{ "type": "Feature", "properties": { "FID": 556, "layer": "3", "path": "D:/1 work/数据/树/3.shp" }, "geometry": { "type": "MultiPolygon", "coordinates": [ [ [ [ 114.485808892014091, 34.750699238234411 ], [ 114.485901174093954, 34.750709657178909 ], [ 114.485899685673317, 34.750793008734917 ], [ 114.486026201427961, 34.750763240322058 ], [ 114.485968153022881, 34.750382204637454 ], [ 114.485777635180582, 34.750398577264527 ], [ 114.485788054125095, 34.750642678249974 ], [ 114.485808892014091, 34.750699238234411 ] ] ] ] } },
{ "type": "Feature", "properties": { "FID": 557, "layer": "3", "path": "D:/1 work/数据/树/3.shp" }, "geometry": { "type": "MultiPolygon", "coordinates": [ [ [ [ 114.487408944205285, 34.75504244967054 ], [ 114.487718535699017, 34.755060310718257 ], [ 114.487709605175169, 34.754979936003537 ], [ 114.487626253619155, 34.754956121273246 ], [ 114.487632207301729, 34.754575085588648 ], [ 114.48744168945943, 34.754560201382219 ], [ 114.487397036840136, 34.754985889686104 ], [ 114.487408944205285, 34.75504244967054 ] ] ] ] } },
{ "type": "Feature", "properties": { "FID": 558, "layer": "3", "path": "D:/1 work/数据/树/3.shp" }, "geometry": { "type": "MultiPolygon", "coordinates": [ [ [ [ 114.487175262164357, 34.755413066410632 ], [ 114.48727647476808, 34.755475580077636 ], [ 114.487344942117659, 34.755426462196418 ], [ 114.487330057911223, 34.755188314893545 ], [ 114.487246706355222, 34.755183849631621 ], [ 114.487172285323069, 34.75532078433077 ], [ 114.487175262164357, 34.755413066410632 ] ] ] ] } },
{ "type": "Feature", "properties": { "FID": 559, "layer": "3", "path": "D:/1 work/数据/树/3.shp" }, "geometry": { "type": "MultiPolygon", "coordinates": [ [ [ [ 114.487535459959929, 34.757434341643794 ], [ 114.487624765198518, 34.757443272167649 ], [ 114.487648579928802, 34.756440076654293 ], [ 114.487553321007653, 34.756431146130431 ], [ 114.487535459959929, 34.757434341643794 ] ] ] ] } },
{ "type": "Feature", "properties": { "FID": 560, "layer": "3", "path": "D:/1 work/数据/树/3.shp" }, "geometry": { "type": "MultiPolygon", "coordinates": [ [ [ [ 114.487714070437093, 34.757419457437365 ], [ 114.487827190405952, 34.75742838796122 ], [ 114.487836120929813, 34.756440076654293 ], [ 114.48773490832609, 34.756425192447864 ], [ 114.487714070437093, 34.757419457437365 ] ] ] ] } },
{ "type": "Feature", "properties": { "FID": 561, "layer": "3", "path": "D:/1 work/数据/树/3.shp" }, "geometry": { "type": "MultiPolygon", "coordinates": [ [ [ [ 114.487964125105108, 34.757443272167649 ], [ 114.487993893517967, 34.757440295326361 ], [ 114.488023661930825, 34.756440076654293 ], [ 114.487961148263821, 34.756446030336861 ], [ 114.487964125105108, 34.757443272167649 ] ] ] ] } },
{ "type": "Feature", "properties": { "FID": 562, "layer": "3", "path": "D:/1 work/数据/树/3.shp" }, "geometry": { "type": "MultiPolygon", "coordinates": [ [ [ [ 114.487386617895638, 34.757041398594048 ], [ 114.487487830499362, 34.757044375435335 ], [ 114.487481876816787, 34.756434122971719 ], [ 114.487407455784634, 34.756434122971719 ], [ 114.487386617895638, 34.757041398594048 ] ] ] ] } },
{ "type": "Feature", "properties": { "FID": 563, "layer": "3", "path": "D:/1 work/数据/树/3.shp" }, "geometry": { "type": "MultiPolygon", "coordinates": [ [ [ [ 114.487466992610365, 34.756380539828569 ], [ 114.488142735582258, 34.756395424035006 ], [ 114.48815166610612, 34.756344817733144 ], [ 114.487490807340649, 34.756318026161566 ], [ 114.487466992610365, 34.756380539828569 ] ] ] ] } },
{ "type": "Feature", "properties": { "FID": 564, "layer": "3", "path": "D:/1 work/数据/树/3.shp" }, "geometry": { "type": "MultiPolygon", "coordinates": [ [ [ [ 114.491280326297655, 34.75418660780084 ], [ 114.491479774663816, 34.754213399372418 ], [ 114.491765551427264, 34.754210422531131 ], [ 114.491714945125409, 34.753951437339254 ], [ 114.491214835789364, 34.753939529974112 ], [ 114.491280326297655, 34.75418660780084 ] ] ] ] } },
{ "type": "Feature", "properties": { "FID": 565, "layer": "3", "path": "D:/1 work/数据/树/3.shp" }, "geometry": { "type": "MultiPolygon", "coordinates": [ [ [ [ 114.492627346979503, 34.74663287303779 ], [ 114.493597797238721, 34.746364957322058 ], [ 114.493359649935854, 34.745793403795155 ], [ 114.492448736502354, 34.746180393162327 ], [ 114.492627346979503, 34.74663287303779 ] ] ] ] } },
{ "type": "Feature", "properties": { "FID": 566, "layer": "3", "path": "D:/1 work/数据/树/3.shp" }, "geometry": { "type": "MultiPolygon", "coordinates": [ [ [ [ 114.493591843556132, 34.748603541969054 ], [ 114.494097906574737, 34.748493398841475 ], [ 114.494047300272882, 34.74828799679274 ], [ 114.49354421409555, 34.748389209396464 ], [ 114.493591843556132, 34.748603541969054 ] ] ] ] } },
{ "type": "Feature", "properties": { "FID": 567, "layer": "3", "path": "D:/1 work/数据/树/3.shp" }, "geometry": { "type": "MultiPolygon", "coordinates": [ [ [ [ 114.493478723587259, 34.748299904157889 ], [ 114.493963948716868, 34.748198691554165 ], [ 114.494047300272882, 34.748210598919307 ], [ 114.494011578177449, 34.747811702186993 ], [ 114.493892504526002, 34.74774918851999 ], [ 114.493588866714845, 34.747981382140296 ], [ 114.493428117285404, 34.748243344173453 ], [ 114.493478723587259, 34.748299904157889 ] ] ] ] } },
{ "type": "Feature", "properties": { "FID": 568, "layer": "3", "path": "D:/1 work/数据/树/3.shp" }, "geometry": { "type": "MultiPolygon", "coordinates": [ [ [ [ 114.494112790781173, 34.748243344173453 ], [ 114.494553363291487, 34.748118316839445 ], [ 114.494502756989618, 34.747918868473292 ], [ 114.494112790781173, 34.747999243188005 ], [ 114.494112790781173, 34.748243344173453 ] ] ] ] } },
{ "type": "Feature", "properties": { "FID": 569, "layer": "3", "path": "D:/1 work/数据/树/3.shp" }, "geometry": { "type": "MultiPolygon", "coordinates": [ [ [ [ 114.49314234052197, 34.745293294459117 ], [ 114.493383464666138, 34.745421298634412 ], [ 114.493901435049892, 34.745373669173837 ], [ 114.493821060335165, 34.74529031761783 ], [ 114.493838921382888, 34.745183151331538 ], [ 114.493955018193034, 34.745174220807677 ], [ 114.493821060335165, 34.744950957711232 ], [ 114.493061965807257, 34.745004540854382 ], [ 114.49314234052197, 34.745293294459117 ] ] ] ] } },
{ "type": "Feature", "properties": { "FID": 570, "layer": "3", "path": "D:/1 work/数据/树/3.shp" }, "geometry": { "type": "MultiPolygon", "coordinates": [ [ [ [ 114.490400669697621, 34.745067054521357 ], [ 114.491127018971383, 34.745114683981932 ], [ 114.49109129687595, 34.745013471378208 ], [ 114.490763844334495, 34.744936073504775 ], [ 114.490430438110479, 34.744900351409342 ], [ 114.490400669697621, 34.745067054521357 ] ] ] ] } },
{ "type": "Feature", "properties": { "FID": 571, "layer": "3", "path": "D:/1 work/数据/树/3.shp" }, "geometry": { "type": "MultiPolygon", "coordinates": [ [ [ [ 114.490954362176794, 34.744620528328468 ], [ 114.491156787384242, 34.744709833567043 ], [ 114.491365166274264, 34.743804873816124 ], [ 114.490865056938219, 34.74395966956299 ], [ 114.491001991637376, 34.744364519977879 ], [ 114.490954362176794, 34.744620528328468 ] ] ] ] } },
{ "type": "Feature", "properties": { "FID": 572, "layer": "3", "path": "D:/1 work/数据/树/3.shp" }, "geometry": { "type": "MultiPolygon", "coordinates": [ [ [ [ 114.488942017467522, 34.742768933048637 ], [ 114.489275423691538, 34.742697488857772 ], [ 114.489090859531814, 34.742206310045596 ], [ 114.488736615418787, 34.742280731077742 ], [ 114.488942017467522, 34.742768933048637 ] ] ] ] } },
{ "type": "Feature", "properties": { "FID": 573, "layer": "3", "path": "D:/1 work/数据/树/3.shp" }, "geometry": { "type": "MultiPolygon", "coordinates": [ [ [ [ 114.486545660232352, 34.741217998738655 ], [ 114.487319638966696, 34.740935198816494 ], [ 114.487063630616106, 34.740393413702456 ], [ 114.486295605564337, 34.740679190465904 ], [ 114.486545660232352, 34.741217998738655 ] ] ] ] } },
{ "type": "Feature", "properties": { "FID": 574, "layer": "3", "path": "D:/1 work/数据/树/3.shp" }, "geometry": { "type": "MultiPolygon", "coordinates": [ [ [ [ 114.488171015574437, 34.740869708308203 ], [ 114.488355579734161, 34.74083100937149 ], [ 114.488453815496598, 34.740610723116326 ], [ 114.488272228178161, 34.740036192748143 ], [ 114.488394278670881, 34.739973679081139 ], [ 114.488382371305732, 34.73987842015999 ], [ 114.488016219827571, 34.739943910668281 ], [ 114.488108501907433, 34.740250525320732 ], [ 114.48825139028915, 34.740557139973184 ], [ 114.488215668193732, 34.740685144148479 ], [ 114.488162085050575, 34.740744680974196 ], [ 114.488171015574437, 34.740869708308203 ] ] ] ] } },
{ "type": "Feature", "properties": { "FID": 575, "layer": "3", "path": "D:/1 work/数据/树/3.shp" }, "geometry": { "type": "MultiPolygon", "coordinates": [ [ [ [ 114.488534190211269, 34.739917119096717 ], [ 114.48925458580247, 34.739836744381996 ], [ 114.489186118452892, 34.739744462302127 ], [ 114.488995600610593, 34.73973850861956 ], [ 114.488852712228862, 34.739131232997231 ], [ 114.488760430149, 34.739175885616518 ], [ 114.48888248064172, 34.739774230714985 ], [ 114.488852712228862, 34.739795068603989 ], [ 114.488540143893843, 34.739851628588426 ], [ 114.488534190211269, 34.739917119096717 ] ] ] ] } },
{ "type": "Feature", "properties": { "FID": 576, "layer": "3", "path": "D:/1 work/数据/树/3.shp" }, "geometry": { "type": "MultiPolygon", "coordinates": [ [ [ [ 114.489305192104325, 34.739667064428694 ], [ 114.489555246772355, 34.739634319174549 ], [ 114.489802324599083, 34.739556921301116 ], [ 114.49035601707827, 34.73940510239553 ], [ 114.490278619204844, 34.738982390932939 ], [ 114.49001665717168, 34.738943691996226 ], [ 114.489748741455955, 34.73892880778979 ], [ 114.489882699313824, 34.7392235150771 ], [ 114.489695158312799, 34.739324727680824 ], [ 114.489626690963235, 34.73938426450654 ], [ 114.489418312073212, 34.739390218189115 ], [ 114.489215886865765, 34.739488453951544 ], [ 114.489305192104325, 34.739667064428694 ] ] ] ] } },
{ "type": "Feature", "properties": { "FID": 577, "layer": "3", "path": "D:/1 work/数据/树/3.shp" }, "geometry": { "type": "MultiPolygon", "coordinates": [ [ [ [ 114.489894606678945, 34.738833548868641 ], [ 114.490213128696539, 34.738785919408066 ], [ 114.490153591870822, 34.738401906882181 ], [ 114.489960097187236, 34.738434652136327 ], [ 114.489861861424799, 34.738211389039883 ], [ 114.489653482534777, 34.738273902706887 ], [ 114.489683250947635, 34.738491212120756 ], [ 114.489846977218363, 34.738520980533615 ], [ 114.489894606678945, 34.738833548868641 ] ] ] ] } },
{ "type": "Feature", "properties": { "FID": 578, "layer": "3", "path": "D:/1 work/数据/树/3.shp" }, "geometry": { "type": "MultiPolygon", "coordinates": [ [ [ [ 114.484577968142275, 34.740024285383001 ], [ 114.485447205797769, 34.739667064428687 ], [ 114.48525668795547, 34.739422963443239 ], [ 114.484464848173417, 34.739750415984695 ], [ 114.484577968142275, 34.740024285383001 ] ] ] ] } },
{ "type": "Feature", "properties": { "FID": 579, "layer": "3", "path": "D:/1 work/数据/树/3.shp" }, "geometry": { "type": "MultiPolygon", "coordinates": [ [ [ [ 114.484000460932819, 34.741012596689913 ], [ 114.484848860699316, 34.740649422053032 ], [ 114.484804208080021, 34.740554163131883 ], [ 114.48398259988511, 34.740872685149476 ], [ 114.484000460932819, 34.741012596689913 ] ] ] ] } },
{ "type": "Feature", "properties": { "FID": 580, "layer": "3", "path": "D:/1 work/数据/树/3.shp" }, "geometry": { "type": "MultiPolygon", "coordinates": [ [ [ [ 114.485965176181494, 34.739010670925119 ], [ 114.486411702374383, 34.738876713067256 ], [ 114.486331327659656, 34.738748708891961 ], [ 114.485953268816345, 34.738849921495678 ], [ 114.485965176181494, 34.739010670925119 ] ] ] ] } },
{ "type": "Feature", "properties": { "FID": 581, "layer": "3", "path": "D:/1 work/数据/树/3.shp" }, "geometry": { "type": "MultiPolygon", "coordinates": [ [ [ [ 114.48643254026338, 34.73885885201954 ], [ 114.486658780201111, 34.738817176241533 ], [ 114.48659328969282, 34.738665357335954 ], [ 114.486340258183517, 34.738698102590099 ], [ 114.48643254026338, 34.73885885201954 ] ] ] ] } },
{ "type": "Feature", "properties": { "FID": 582, "layer": "3", "path": "D:/1 work/数据/树/3.shp" }, "geometry": { "type": "MultiPolygon", "coordinates": [ [ [ [ 114.486581382327685, 34.734295354328218 ], [ 114.486694502296544, 34.734241771185069 ], [ 114.486846321202123, 34.734244748026356 ], [ 114.486649849677249, 34.733729754483889 ], [ 114.486474216041387, 34.73379524499218 ], [ 114.486581382327685, 34.734295354328218 ] ] ] ] } },
{ "type": "Feature", "properties": { "FID": 583, "layer": "3", "path": "D:/1 work/数据/树/3.shp" }, "geometry": { "type": "MultiPolygon", "coordinates": [ [ [ [ 114.486444447628529, 34.733702962912318 ], [ 114.486667710724973, 34.733670217658172 ], [ 114.486655803359824, 34.733527329276448 ], [ 114.48639384132666, 34.733566028213168 ], [ 114.486444447628529, 34.733702962912318 ] ] ] ] } },
{ "type": "Feature", "properties": { "FID": 584, "layer": "3", "path": "D:/1 work/数据/树/3.shp" }, "geometry": { "type": "MultiPolygon", "coordinates": [ [ [ [ 114.486265837151365, 34.733137363068003 ], [ 114.486569474962536, 34.733095687290003 ], [ 114.486572451803823, 34.732952798908279 ], [ 114.486733201233264, 34.73294089154313 ], [ 114.486724270709402, 34.732878377876126 ], [ 114.486533752867103, 34.73289921576513 ], [ 114.486435517104667, 34.732711674764118 ], [ 114.486170578230215, 34.732732512653115 ], [ 114.486265837151365, 34.733137363068003 ] ] ] ] } },
{ "type": "Feature", "properties": { "FID": 585, "layer": "3", "path": "D:/1 work/数据/树/3.shp" }, "geometry": { "type": "MultiPolygon", "coordinates": [ [ [ [ 114.493850828747924, 34.731032736278813 ], [ 114.495494045137747, 34.730788635293365 ], [ 114.495452369359754, 34.730746959515365 ], [ 114.495249944152306, 34.730735052150223 ], [ 114.494428335957394, 34.73083626475394 ], [ 114.493880597160782, 34.730818403706223 ], [ 114.493850828747924, 34.731032736278813 ] ] ] ] } },
{ "type": "Feature", "properties": { "FID": 586, "layer": "3", "path": "D:/1 work/数据/树/3.shp" }, "geometry": { "type": "MultiPolygon", "coordinates": [ [ [ [ 114.490323271824096, 34.723322717348275 ], [ 114.490862080096846, 34.723215551061983 ], [ 114.49202602503965, 34.72309945425183 ], [ 114.492002210309352, 34.722843445901241 ], [ 114.491362189432877, 34.722905959568244 ], [ 114.49059118753982, 34.723153037394979 ], [ 114.490373878125951, 34.723230435268412 ], [ 114.490323271824096, 34.723322717348275 ] ] ] ] } },
{ "type": "Feature", "properties": { "FID": 587, "layer": "3", "path": "D:/1 work/数据/树/3.shp" }, "geometry": { "type": "MultiPolygon", "coordinates": [ [ [ [ 114.491457448354041, 34.715978849895883 ], [ 114.492279056548952, 34.716080062499607 ], [ 114.492764281678561, 34.716083039340894 ], [ 114.492767258519848, 34.716002664626174 ], [ 114.492070677658944, 34.715966942530741 ], [ 114.491374096798026, 34.715883590974734 ], [ 114.491457448354041, 34.715978849895883 ] ] ] ] } },
{ "type": "Feature", "properties": { "FID": 588, "layer": "3", "path": "D:/1 work/数据/树/3.shp" }, "geometry": { "type": "MultiPolygon", "coordinates": [ [ [ [ 114.498890621045021, 34.71317168856325 ], [ 114.499149606236898, 34.713153827515534 ], [ 114.498840014743152, 34.71194820679473 ], [ 114.498554237979704, 34.712010720461734 ], [ 114.498890621045021, 34.71317168856325 ] ] ] ] } },
{ "type": "Feature", "properties": { "FID": 589, "layer": "3", "path": "D:/1 work/数据/树/3.shp" }, "geometry": { "type": "MultiPolygon", "coordinates": [ [ [ [ 114.49779514345181, 34.710456809310465 ], [ 114.497985661294109, 34.710462762993039 ], [ 114.498149387564837, 34.710254384103024 ], [ 114.498351812772285, 34.710123403086442 ], [ 114.498333951724575, 34.709879302100994 ], [ 114.498036267595978, 34.709888232624856 ], [ 114.498042221278553, 34.709697714782557 ], [ 114.497848726594967, 34.709718552671561 ], [ 114.49783384238853, 34.709852510529423 ], [ 114.497562949831519, 34.709846556846855 ], [ 114.497562949831519, 34.709980514704718 ], [ 114.497807050816959, 34.710010283117576 ], [ 114.49779514345181, 34.710456809310465 ] ] ] ] } },
{ "type": "Feature", "properties": { "FID": 590, "layer": "3", "path": "D:/1 work/数据/树/3.shp" }, "geometry": { "type": "MultiPolygon", "coordinates": [ [ [ [ 114.434206836742945, 34.779832095479044 ], [ 114.438481580829531, 34.780236945893932 ], [ 114.438469673464397, 34.780141686972783 ], [ 114.434194929377796, 34.77968920709732 ], [ 114.434206836742945, 34.779832095479044 ] ] ] ] } },
{ "type": "Feature", "properties": { "FID": 591, "layer": "3", "path": "D:/1 work/数据/树/3.shp" }, "geometry": { "type": "MultiPolygon", "coordinates": [ [ [ [ 114.438797126005852, 34.780266714306784 ], [ 114.441148830621728, 34.780433417418791 ], [ 114.441107154843735, 34.780344112180217 ], [ 114.438809033371001, 34.780183362750776 ], [ 114.438797126005852, 34.780266714306784 ] ] ] ] } },
{ "type": "Feature", "properties": { "FID": 592, "layer": "3", "path": "D:/1 work/数据/树/3.shp" }, "geometry": { "type": "MultiPolygon", "coordinates": [ [ [ [ 114.422573340997488, 34.779433198746723 ], [ 114.423150848206959, 34.779439152429291 ], [ 114.423466393383265, 34.779385569286148 ], [ 114.423775984877011, 34.77949273557244 ], [ 114.424157020561609, 34.779474874524723 ], [ 114.424591639389348, 34.779552272398156 ], [ 114.424579732024213, 34.779724929192739 ], [ 114.425115563455677, 34.779736836557888 ], [ 114.425097702407967, 34.779570133445873 ], [ 114.424680944627937, 34.779522503985298 ], [ 114.424674990945363, 34.779373661920999 ], [ 114.423448532335556, 34.779248634586992 ], [ 114.423400902874988, 34.779343893508141 ], [ 114.42321633871525, 34.779320078777857 ], [ 114.423240153445548, 34.779242680904417 ], [ 114.423007959825242, 34.779212912491559 ], [ 114.422972237729809, 34.779308171412708 ], [ 114.422579294680062, 34.779290310364992 ], [ 114.42252571153692, 34.779403430333858 ], [ 114.422573340997488, 34.779433198746723 ] ] ] ] } },
{ "type": "Feature", "properties": { "FID": 593, "layer": "3", "path": "D:/1 work/数据/树/3.shp" }, "geometry": { "type": "MultiPolygon", "coordinates": [ [ [ [ 114.421510608658394, 34.779593948176142 ], [ 114.421707080183268, 34.779605855541291 ], [ 114.421864852771421, 34.779629670271575 ], [ 114.422073231661429, 34.779647531319291 ], [ 114.422052393772432, 34.779507619778855 ], [ 114.421805315945704, 34.779510596620142 ], [ 114.421820200152126, 34.779346870349414 ], [ 114.421992856946716, 34.779326032460411 ], [ 114.421992856946716, 34.779162306189683 ], [ 114.421867829612708, 34.779206958808977 ], [ 114.421867829612708, 34.779058116744679 ], [ 114.421775547532846, 34.779081931474963 ], [ 114.421769593850271, 34.779272449317268 ], [ 114.421593960214395, 34.779266495634694 ], [ 114.421510608658394, 34.779593948176142 ] ] ] ] } },
{ "type": "Feature", "properties": { "FID": 594, "layer": "3", "path": "D:/1 work/数据/树/3.shp" }, "geometry": { "type": "MultiPolygon", "coordinates": [ [ [ [ 114.420412154223882, 34.779117653570395 ], [ 114.420802120432342, 34.779153375665828 ], [ 114.420900356194778, 34.778971788347391 ], [ 114.420456806843177, 34.7789479736171 ], [ 114.420412154223882, 34.779117653570395 ] ] ] ] } },
{ "type": "Feature", "properties": { "FID": 595, "layer": "3", "path": "D:/1 work/数据/树/3.shp" }, "geometry": { "type": "MultiPolygon", "coordinates": [ [ [ [ 114.421820200152126, 34.778465725328786 ], [ 114.422165513741305, 34.778480609535215 ], [ 114.422001787470577, 34.778224601184625 ], [ 114.42170410334198, 34.778239485391055 ], [ 114.421713033865842, 34.778373443248917 ], [ 114.421820200152126, 34.778465725328786 ] ] ] ] } },
{ "type": "Feature", "properties": { "FID": 596, "layer": "3", "path": "D:/1 work/数据/树/3.shp" }, "geometry": { "type": "MultiPolygon", "coordinates": [ [ [ [ 114.346172709394068, 34.811574154110865 ], [ 114.346294759886788, 34.811574154110865 ], [ 114.346321551458374, 34.811714065651302 ], [ 114.346875243937546, 34.811592015158581 ], [ 114.346958595493561, 34.811687274079731 ], [ 114.347294978558864, 34.81164857514301 ], [ 114.34723246489186, 34.811133581600544 ], [ 114.346351319871232, 34.811261585775839 ], [ 114.346101265203203, 34.811362798379562 ], [ 114.346172709394068, 34.811574154110865 ] ] ] ] } },
{ "type": "Feature", "properties": { "FID": 597, "layer": "3", "path": "D:/1 work/数据/树/3.shp" }, "geometry": { "type": "MultiPolygon", "coordinates": [ [ [ [ 114.346139964139923, 34.810505468089204 ], [ 114.346553745078666, 34.810493560724062 ], [ 114.34664305031724, 34.810359602866193 ], [ 114.346604351380535, 34.81002619664217 ], [ 114.346434671427232, 34.809975590340308 ], [ 114.346241176743646, 34.809960706133879 ], [ 114.346095311520628, 34.810073826102744 ], [ 114.346139964139923, 34.810505468089204 ] ] ] ] } },
{ "type": "Feature", "properties": { "FID": 598, "layer": "3", "path": "D:/1 work/数据/树/3.shp" }, "geometry": { "type": "MultiPolygon", "coordinates": [ [ [ [ 114.34658649033284, 34.809996428229319 ], [ 114.346777008175138, 34.809981544022889 ], [ 114.346857382889851, 34.810145270293617 ], [ 114.34704790073215, 34.810124432404614 ], [ 114.347024086001866, 34.810195876595479 ], [ 114.346812730270571, 34.810210760801908 ], [ 114.346848452366004, 34.810466769152498 ], [ 114.347253302780885, 34.810413186009349 ], [ 114.347226511209314, 34.809880331419166 ], [ 114.346538860872258, 34.809907122990744 ], [ 114.34658649033284, 34.809996428229319 ] ] ] ] } },
{ "type": "Feature", "properties": { "FID": 599, "layer": "3", "path": "D:/1 work/数据/树/3.shp" }, "geometry": { "type": "MultiPolygon", "coordinates": [ [ [ [ 114.344666427703345, 34.810919249027947 ], [ 114.344812292926349, 34.810919249027947 ], [ 114.3449938802448, 34.81095497112338 ], [ 114.345056393911804, 34.810841851154514 ], [ 114.345059370753077, 34.810657286994783 ], [ 114.344931366577782, 34.810529282819488 ], [ 114.344827177132785, 34.810532259660775 ], [ 114.344642612973061, 34.810678124883786 ], [ 114.344666427703345, 34.810919249027947 ] ] ] ] } },
{ "type": "Feature", "properties": { "FID": 600, "layer": "3", "path": "D:/1 work/数据/树/3.shp" }, "geometry": { "type": "MultiPolygon", "coordinates": [ [ [ [ 114.340653645649851, 34.819736652916824 ], [ 114.340963237143583, 34.819742606599398 ], [ 114.341168639192318, 34.819864657092118 ], [ 114.341362133875904, 34.820087920188563 ], [ 114.341427624384195, 34.820081966505995 ], [ 114.341844382164226, 34.819772375012256 ], [ 114.342222441007536, 34.819733676075536 ], [ 114.34230579256355, 34.819840842361828 ], [ 114.34240700516726, 34.81979618974254 ], [ 114.342657059835275, 34.81991526339398 ], [ 114.342904137662003, 34.81991526339398 ], [ 114.343050002885022, 34.819956939171981 ], [ 114.343377455426477, 34.819998614949988 ], [ 114.343556065903627, 34.819989684426126 ], [ 114.343895425810217, 34.820043267569275 ], [ 114.344082966811243, 34.820040290727988 ], [ 114.344014499461665, 34.81996884653713 ], [ 114.34233556097638, 34.819647347678242 ], [ 114.341436554908029, 34.819552088757092 ], [ 114.340614946713117, 34.819694977138816 ], [ 114.340653645649851, 34.819736652916824 ] ] ] ] } },
{ "type": "Feature", "properties": { "FID": 601, "layer": "3", "path": "D:/1 work/数据/树/3.shp" }, "geometry": { "type": "MultiPolygon", "coordinates": [ [ [ [ 114.33943016388119, 34.820841061033903 ], [ 114.34018032788525, 34.820838084192616 ], [ 114.340242841552254, 34.820787477890754 ], [ 114.339942180582369, 34.820451094825444 ], [ 114.339939203741082, 34.820591006365881 ], [ 114.339650450136347, 34.820704126334746 ], [ 114.339403372309619, 34.820704126334746 ], [ 114.339352766007764, 34.820733894747605 ], [ 114.33943016388119, 34.820841061033903 ] ] ] ] } },
{ "type": "Feature", "properties": { "FID": 602, "layer": "3", "path": "D:/1 work/数据/树/3.shp" }, "geometry": { "type": "MultiPolygon", "coordinates": [ [ [ [ 114.339951111106231, 34.820340951697865 ], [ 114.340269633123825, 34.820823199986187 ], [ 114.340549456204698, 34.820826176827474 ], [ 114.340522664633127, 34.82076366316047 ], [ 114.340620900395564, 34.820769616843037 ], [ 114.340626854078138, 34.820823199986187 ], [ 114.340793557190153, 34.820793431573328 ], [ 114.340766765618568, 34.820650543191604 ], [ 114.340635784602, 34.820570168476884 ], [ 114.340537548839563, 34.820471932714447 ], [ 114.340501826744131, 34.820343928539153 ], [ 114.340433359394552, 34.820326067491436 ], [ 114.340335123632116, 34.820343928539153 ], [ 114.340251772076115, 34.820233785411574 ], [ 114.339965995312667, 34.820296299078578 ], [ 114.339951111106231, 34.820340951697865 ] ] ] ] } },
{ "type": "Feature", "properties": { "FID": 603, "layer": "3", "path": "D:/1 work/数据/树/3.shp" }, "geometry": { "type": "MultiPolygon", "coordinates": [ [ [ [ 114.339989810042965, 34.820078989664701 ], [ 114.340233911028406, 34.820049221251843 ], [ 114.340278563647701, 34.819992661267413 ], [ 114.340355961521126, 34.819986707584839 ], [ 114.340537548839563, 34.81983786552054 ], [ 114.340492896220283, 34.819814050790256 ], [ 114.339980879519103, 34.819849772885689 ], [ 114.339954087947532, 34.819882518139835 ], [ 114.339989810042965, 34.820078989664701 ] ] ] ] } },
{ "type": "Feature", "properties": { "FID": 604, "layer": "3", "path": "D:/1 work/数据/树/3.shp" }, "geometry": { "type": "MultiPolygon", "coordinates": [ [ [ [ 114.340757835094692, 34.82064161266775 ], [ 114.340832256126845, 34.820611844254891 ], [ 114.340823325602983, 34.820480863238309 ], [ 114.34086500138099, 34.820451094825451 ], [ 114.340876908746125, 34.820355835904302 ], [ 114.341049565540715, 34.820355835904302 ], [ 114.341112079207718, 34.820403465364876 ], [ 114.341126963414155, 34.820379650634585 ], [ 114.341126963414155, 34.820189132792287 ], [ 114.34104361185814, 34.82016829490329 ], [ 114.34126092127201, 34.820061128616992 ], [ 114.341028727651718, 34.81983488867926 ], [ 114.340790580348838, 34.819805120266402 ], [ 114.340567317252393, 34.819817027631551 ], [ 114.340549456204684, 34.81996884653713 ], [ 114.340424428870676, 34.820019452838991 ], [ 114.34037084572752, 34.820147457014286 ], [ 114.340424428870676, 34.820227831729007 ], [ 114.340507780426677, 34.820224854887719 ], [ 114.340489919378967, 34.820332021174011 ], [ 114.340558386728532, 34.82050765480988 ], [ 114.340757835094692, 34.82064161266775 ] ] ] ] } },
{ "type": "Feature", "properties": { "FID": 605, "layer": "3", "path": "D:/1 work/数据/树/3.shp" }, "geometry": { "type": "MultiPolygon", "coordinates": [ [ [ [ 114.340603039347741, 34.81968009293238 ], [ 114.340531595156875, 34.819584834011231 ], [ 114.340638761443174, 34.81942408458179 ], [ 114.340763788777181, 34.819358594073499 ], [ 114.340995982397487, 34.819364547756074 ], [ 114.341269851795786, 34.819406223534081 ], [ 114.341180546557212, 34.819179983596349 ], [ 114.340233911028292, 34.819316918295499 ], [ 114.340257725758576, 34.81938240880379 ], [ 114.340114837376845, 34.819394316168932 ], [ 114.340168420520001, 34.819590787693805 ], [ 114.340091022646561, 34.819692000297529 ], [ 114.340186281567711, 34.81979916658382 ], [ 114.340585178300032, 34.819751537123246 ], [ 114.340603039347741, 34.81968009293238 ] ] ] ] } },
{ "type": "Feature", "properties": { "FID": 606, "layer": "3", "path": "D:/1 work/数据/树/3.shp" }, "geometry": { "type": "MultiPolygon", "coordinates": [ [ [ [ 114.341275805478375, 34.819394316168939 ], [ 114.341662794845504, 34.819433015105659 ], [ 114.342978558693872, 34.819668185567252 ], [ 114.344181202573409, 34.819959916013268 ], [ 114.344258600446835, 34.819739629758111 ], [ 114.344127619430253, 34.819721768710394 ], [ 114.344103804699969, 34.819828934996686 ], [ 114.343978777365962, 34.819775351853536 ], [ 114.344032360509118, 34.81971581502782 ], [ 114.342067645260428, 34.819382408803797 ], [ 114.342031923164996, 34.819424084581797 ], [ 114.341948571608995, 34.81941813089923 ], [ 114.341954525291555, 34.819358594073506 ], [ 114.341216268652659, 34.819185937278924 ], [ 114.341275805478375, 34.819394316168939 ] ] ] ] } },
{ "type": "Feature", "properties": { "FID": 607, "layer": "3", "path": "D:/1 work/数据/树/3.shp" }, "geometry": { "type": "MultiPolygon", "coordinates": [ [ [ [ 114.348402363516797, 34.82076068631914 ], [ 114.349313276950284, 34.821034555717446 ], [ 114.349512725316444, 34.820870829446719 ], [ 114.349572262142161, 34.820686265286994 ], [ 114.349420443236582, 34.820593983207125 ], [ 114.34919420329885, 34.820689242128275 ], [ 114.349075129647417, 34.820653520032849 ], [ 114.348851866550973, 34.820668404239278 ], [ 114.348801260249104, 34.820796408414573 ], [ 114.348664325549962, 34.820736871588849 ], [ 114.348575020311372, 34.820656496874129 ], [ 114.348366641421364, 34.820727941064995 ], [ 114.348402363516797, 34.82076068631914 ] ] ] ] } },
{ "type": "Feature", "properties": { "FID": 608, "layer": "3", "path": "D:/1 work/数据/树/3.shp" }, "geometry": { "type": "MultiPolygon", "coordinates": [ [ [ [ 114.350777882862928, 34.820793431573293 ], [ 114.350946074395594, 34.820781524208144 ], [ 114.350886537569863, 34.820241227514749 ], [ 114.350762998656506, 34.820131084387171 ], [ 114.349506771633841, 34.820129595966527 ], [ 114.349444257966837, 34.820201040157386 ], [ 114.349450211649412, 34.820290345395968 ], [ 114.34969728947614, 34.820254623300535 ], [ 114.350099163049734, 34.820215924363815 ], [ 114.350739183926223, 34.820242715935358 ], [ 114.350777882862928, 34.820793431573293 ] ] ] ] } },
{ "type": "Feature", "properties": { "FID": 609, "layer": "3", "path": "D:/1 work/数据/树/3.shp" }, "geometry": { "type": "MultiPolygon", "coordinates": [ [ [ [ 114.353162332732964, 34.820528492698799 ], [ 114.354088130372887, 34.820465979031795 ], [ 114.354382837660197, 34.82041834957122 ], [ 114.354531679724474, 34.820302252761074 ], [ 114.354695405995201, 34.820284391713358 ], [ 114.354713267042911, 34.820340951697794 ], [ 114.355007974330221, 34.820156387538063 ], [ 114.355290774252381, 34.820108758077488 ], [ 114.355255052156949, 34.819953962330622 ], [ 114.354376883977608, 34.820010522315059 ], [ 114.354287578739019, 34.820132572807779 ], [ 114.354028593547142, 34.820165318061925 ], [ 114.353983940927861, 34.820275461189503 ], [ 114.353632673656122, 34.820266530665648 ], [ 114.353659465227693, 34.820186155950928 ], [ 114.353171263256797, 34.820257600141801 ], [ 114.353162332732964, 34.820528492698799 ] ] ] ] } },
{ "type": "Feature", "properties": { "FID": 610, "layer": "3", "path": "D:/1 work/数据/树/3.shp" }, "geometry": { "type": "MultiPolygon", "coordinates": [ [ [ [ 114.354787688075064, 34.820367743269372 ], [ 114.355528921555262, 34.820329044332652 ], [ 114.355656925730557, 34.820373696951947 ], [ 114.356261224511599, 34.82033202117394 ], [ 114.356526163386036, 34.820287368554652 ], [ 114.356564862322756, 34.820233785411503 ], [ 114.356180849796871, 34.82019508647479 ], [ 114.356017123526144, 34.820087920188492 ], [ 114.35595460985914, 34.820111734918783 ], [ 114.355924841446281, 34.820159364379357 ], [ 114.355511060507538, 34.820165318061932 ], [ 114.355231237426665, 34.820150433855495 ], [ 114.354957368028352, 34.820224854887648 ], [ 114.354781734392489, 34.820323090650085 ], [ 114.354787688075064, 34.820367743269372 ] ] ] ] } },
{ "type": "Feature", "properties": { "FID": 611, "layer": "3", "path": "D:/1 work/数据/树/3.shp" }, "geometry": { "type": "MultiPolygon", "coordinates": [ [ [ [ 114.302023176281779, 34.814902262668426 ], [ 114.302112481520354, 34.815170178384157 ], [ 114.303279403304444, 34.815027290002433 ], [ 114.303285356987004, 34.815378557274173 ], [ 114.303642577941318, 34.815384510956747 ], [ 114.303719975814758, 34.815723870863344 ], [ 114.3037735589579, 34.815741731911054 ], [ 114.303862864196475, 34.816069184452509 ], [ 114.304297483024229, 34.815985832896502 ], [ 114.304351066167371, 34.815896527657927 ], [ 114.303487782194452, 34.814955845811568 ], [ 114.303219866478713, 34.814872494255567 ], [ 114.302023176281779, 34.814902262668426 ] ] ] ] } },
{ "type": "Feature", "properties": { "FID": 612, "layer": "3", "path": "D:/1 work/数据/树/3.shp" }, "geometry": { "type": "MultiPolygon", "coordinates": [ [ [ [ 114.303124607557564, 34.816206119151666 ], [ 114.303687230560612, 34.816116813913091 ], [ 114.3036902074019, 34.815994763420363 ], [ 114.303267495939295, 34.816024531833229 ], [ 114.303172237018146, 34.815926296070792 ], [ 114.303133538081426, 34.815935226594647 ], [ 114.303050186525425, 34.815548237227475 ], [ 114.303035302318989, 34.815375580432892 ], [ 114.302553054030668, 34.815467862512754 ], [ 114.302829900270268, 34.815771500323919 ], [ 114.302928136032705, 34.815872712927643 ], [ 114.303124607557564, 34.816206119151666 ] ] ] ] } },
{ "type": "Feature", "properties": { "FID": 613, "layer": "3", "path": "D:/1 work/数据/树/3.shp" }, "geometry": { "type": "MultiPolygon", "coordinates": [ [ [ [ 114.302273230949766, 34.815926296070785 ], [ 114.302386350918638, 34.815869736086356 ], [ 114.302541146665504, 34.815911411864356 ], [ 114.302606637173795, 34.815857828721214 ], [ 114.302514355093933, 34.815801268736777 ], [ 114.302302999362624, 34.815825083467068 ], [ 114.302231555171772, 34.815887597134072 ], [ 114.302273230949766, 34.815926296070785 ] ] ] ] } },
{ "type": "Feature", "properties": { "FID": 614, "layer": "3", "path": "D:/1 work/数据/树/3.shp" }, "geometry": { "type": "MultiPolygon", "coordinates": [ [ [ [ 114.302133319409336, 34.815834013990923 ], [ 114.302267277267205, 34.815813176101926 ], [ 114.302210717282762, 34.815548237227475 ], [ 114.30207973626618, 34.81553930670362 ], [ 114.302133319409336, 34.815834013990923 ] ] ] ] } },
{ "type": "Feature", "properties": { "FID": 615, "layer": "3", "path": "D:/1 work/数据/树/3.shp" }, "geometry": { "type": "MultiPolygon", "coordinates": [ [ [ [ 114.302520308776508, 34.815759592958777 ], [ 114.302663197158225, 34.815834013990923 ], [ 114.302841807635389, 34.815771500323919 ], [ 114.30249649404621, 34.815450001465038 ], [ 114.302166064663481, 34.815497630925613 ], [ 114.302270254108478, 34.81558098248162 ], [ 114.302475656157213, 34.815607774053191 ], [ 114.302520308776508, 34.815759592958777 ] ] ] ] } },
{ "type": "Feature", "properties": { "FID": 616, "layer": "3", "path": "D:/1 work/数据/树/3.shp" }, "geometry": { "type": "MultiPolygon", "coordinates": [ [ [ [ 114.302755479238073, 34.816223980199382 ], [ 114.303050186525383, 34.816209095992953 ], [ 114.303047209684095, 34.816146582325949 ], [ 114.302871576048219, 34.816072161293796 ], [ 114.3028358539528, 34.815929272912072 ], [ 114.302749525555498, 34.81587568976893 ], [ 114.302710826618792, 34.81595606448365 ], [ 114.302755479238073, 34.816015601309367 ], [ 114.302731664507789, 34.816179327580095 ], [ 114.302755479238073, 34.816223980199382 ] ] ] ] } },
{ "type": "Feature", "properties": { "FID": 617, "layer": "3", "path": "D:/1 work/数据/树/3.shp" }, "geometry": { "type": "MultiPolygon", "coordinates": [ [ [ [ 114.303053163366656, 34.816127232857603 ], [ 114.302986184437728, 34.815988809737803 ], [ 114.302905809723001, 34.815884620292799 ], [ 114.302806085539927, 34.815807222419366 ], [ 114.302752502396785, 34.815859317141864 ], [ 114.302858180262433, 34.815921830808868 ], [ 114.302896879199153, 34.81604834656352 ], [ 114.303053163366656, 34.816127232857603 ] ] ] ] } },
{ "type": "Feature", "properties": { "FID": 618, "layer": "3", "path": "D:/1 work/数据/树/3.shp" }, "geometry": { "type": "MultiPolygon", "coordinates": [ [ [ [ 114.303254100153453, 34.816633295876187 ], [ 114.303804815791352, 34.81654994432018 ], [ 114.303792908426203, 34.816445754875176 ], [ 114.303251123312165, 34.816529106431176 ], [ 114.303254100153453, 34.816633295876187 ] ] ] ] } },
{ "type": "Feature", "properties": { "FID": 619, "layer": "3", "path": "D:/1 work/数据/树/3.shp" }, "geometry": { "type": "MultiPolygon", "coordinates": [ [ [ [ 114.304138222015368, 34.81637431068431 ], [ 114.304173944110801, 34.816484453811888 ], [ 114.304730613431275, 34.816410032779743 ], [ 114.304748474478984, 34.816371333843023 ], [ 114.304462697715536, 34.816043881301574 ], [ 114.3040905925548, 34.816091510762149 ], [ 114.304129291491506, 34.816225468620011 ], [ 114.304233480936517, 34.816219514937444 ], [ 114.304266226190663, 34.816317750699881 ], [ 114.304224550412656, 34.816371333843023 ], [ 114.304138222015368, 34.81637431068431 ] ] ] ] } },
{ "type": "Feature", "properties": { "FID": 620, "layer": "3", "path": "D:/1 work/数据/树/3.shp" }, "geometry": { "type": "MultiPolygon", "coordinates": [ [ [ [ 114.304170967269513, 34.816478500129321 ], [ 114.304087615713513, 34.81637431068431 ], [ 114.304039986252931, 34.816335611747597 ], [ 114.304039986252931, 34.816258213874157 ], [ 114.304120360967659, 34.816249283350302 ], [ 114.304081662030939, 34.816103418127291 ], [ 114.303870306299643, 34.816130209698862 ], [ 114.303879236823491, 34.816273098080586 ], [ 114.303950681014356, 34.816267144398019 ], [ 114.303968542062066, 34.816359426477881 ], [ 114.303819699997774, 34.816362403319168 ], [ 114.303864352617069, 34.816538036955038 ], [ 114.304170967269513, 34.816478500129321 ] ] ] ] } },
{ "type": "Feature", "properties": { "FID": 621, "layer": "3", "path": "D:/1 work/数据/树/3.shp" }, "geometry": { "type": "MultiPolygon", "coordinates": [ [ [ [ 114.303178190700635, 34.816216538096157 ], [ 114.303288333828206, 34.816276074921873 ], [ 114.303629182155447, 34.816210584413582 ], [ 114.303629182155447, 34.816142117064011 ], [ 114.303178190700635, 34.816216538096157 ] ] ] ] } },
{ "type": "Feature", "properties": { "FID": 622, "layer": "3", "path": "D:/1 work/数据/树/3.shp" }, "geometry": { "type": "MultiPolygon", "coordinates": [ [ [ [ 114.304421021937486, 34.815871224506992 ], [ 114.304516280858635, 34.815796803474839 ], [ 114.304260272508046, 34.815514003552678 ], [ 114.304187339896544, 34.815505073028817 ], [ 114.304148640959824, 34.815528887759108 ], [ 114.304421021937486, 34.815871224506992 ] ] ] ] } },
{ "type": "Feature", "properties": { "FID": 623, "layer": "3", "path": "D:/1 work/数据/树/3.shp" }, "geometry": { "type": "MultiPolygon", "coordinates": [ [ [ [ 114.304569864001778, 34.815804245578057 ], [ 114.304552002954068, 34.815457443568242 ], [ 114.304313855651188, 34.815412790948955 ], [ 114.304272179873195, 34.815460420409529 ], [ 114.304569864001778, 34.815804245578057 ] ] ] ] } },
{ "type": "Feature", "properties": { "FID": 624, "layer": "3", "path": "D:/1 work/数据/树/3.shp" }, "geometry": { "type": "MultiPolygon", "coordinates": [ [ [ [ 114.304240923039686, 34.815427675155391 ], [ 114.30434213564341, 34.815356230964525 ], [ 114.304552002954068, 34.815296694138809 ], [ 114.304560933477916, 34.815220784686019 ], [ 114.304214131468115, 34.815263948884663 ], [ 114.303970030482688, 34.814958822652876 ], [ 114.303550295861356, 34.814644765897192 ], [ 114.303495224297563, 34.814656673262334 ], [ 114.303481828511778, 34.814699837460985 ], [ 114.30359346006, 34.814754909024771 ], [ 114.303803327370659, 34.814899285827138 ], [ 114.304031055728998, 34.81514487523323 ], [ 114.304240923039686, 34.815427675155391 ] ] ] ] } },
{ "type": "Feature", "properties": { "FID": 625, "layer": "3", "path": "D:/1 work/数据/树/3.shp" }, "geometry": { "type": "MultiPolygon", "coordinates": [ [ [ [ 114.302922182350031, 34.814787654278931 ], [ 114.303306194875873, 34.814792119540861 ], [ 114.303484805353037, 34.814875471096869 ], [ 114.30368723056047, 34.814976683700593 ], [ 114.303925377863351, 34.815223761527321 ], [ 114.304139710435933, 34.815506561449489 ], [ 114.304193293579075, 34.815408325687052 ], [ 114.30405933572122, 34.815244599416324 ], [ 114.303722952655903, 34.814878447938156 ], [ 114.303365731701589, 34.814729605873858 ], [ 114.302922182350031, 34.814698349040356 ], [ 114.302922182350031, 34.814787654278931 ] ] ] ] } },
{ "type": "Feature", "properties": { "FID": 626, "layer": "3", "path": "D:/1 work/数据/树/3.shp" }, "geometry": { "type": "MultiPolygon", "coordinates": [ [ [ [ 114.302934089715109, 34.814634346952715 ], [ 114.303392523273146, 34.814658161682999 ], [ 114.30341633800343, 34.814449782792984 ], [ 114.302960881286694, 34.814476574364562 ], [ 114.302934089715109, 34.814634346952715 ] ] ] ] } },
{ "type": "Feature", "properties": { "FID": 627, "layer": "3", "path": "D:/1 work/数据/树/3.shp" }, "geometry": { "type": "MultiPolygon", "coordinates": [ [ [ [ 114.303505643242019, 34.814512296460002 ], [ 114.305056577551994, 34.814509319618708 ], [ 114.305092299647384, 34.815140409971335 ], [ 114.305199465933683, 34.815122548923618 ], [ 114.305220303822679, 34.814518250142577 ], [ 114.30571445947615, 34.814494435412279 ], [ 114.305708505793575, 34.814381315443413 ], [ 114.303514573765852, 34.814420014380133 ], [ 114.303505643242019, 34.814512296460002 ] ] ] ] } },
{ "type": "Feature", "properties": { "FID": 628, "layer": "3", "path": "D:/1 work/数据/树/3.shp" }, "geometry": { "type": "MultiPolygon", "coordinates": [ [ [ [ 114.298769488756037, 34.818462564846406 ], [ 114.29887070135976, 34.81844470379869 ], [ 114.298834979264328, 34.817378994618323 ], [ 114.298770977176687, 34.817390901983465 ], [ 114.298759069811538, 34.817690074532706 ], [ 114.29869060246196, 34.81767221348499 ], [ 114.298699532985822, 34.817465323015618 ], [ 114.29876703159367, 34.817459351995353 ], [ 114.298766511914749, 34.817370064094469 ], [ 114.298674229834887, 34.817364110411894 ], [ 114.298605762485309, 34.816997958933719 ], [ 114.298564086707259, 34.816820836877206 ], [ 114.298644461421986, 34.816609481145903 ], [ 114.298692090882554, 34.816469569605466 ], [ 114.298641484580699, 34.816133186540156 ], [ 114.29841226780168, 34.815924807650141 ], [ 114.298257472054814, 34.815903969761138 ], [ 114.298299147832822, 34.817041123132363 ], [ 114.298376545706247, 34.817806171342859 ], [ 114.298611716167841, 34.818124693360453 ], [ 114.298769488756037, 34.818462564846406 ] ] ] ] } },
{ "type": "Feature", "properties": { "FID": 629, "layer": "3", "path": "D:/1 work/数据/树/3.shp" }, "geometry": { "type": "MultiPolygon", "coordinates": [ [ [ [ 114.300132882064887, 34.817829986073122 ], [ 114.302603660332196, 34.817847847120838 ], [ 114.302585799284486, 34.817693051373972 ], [ 114.302073782583307, 34.817693051373972 ], [ 114.301966616297008, 34.817627560865681 ], [ 114.301549858516978, 34.817675190326256 ], [ 114.301234313340672, 34.817454904071099 ], [ 114.301246220705821, 34.816823813718479 ], [ 114.300883046068932, 34.816538036955031 ], [ 114.300930675529514, 34.816240352826441 ], [ 114.300638945083492, 34.815978390793276 ], [ 114.300454380923753, 34.815579494060962 ], [ 114.300353168320044, 34.815567586695821 ], [ 114.300138835747447, 34.815579494060962 ], [ 114.300132882064887, 34.817829986073122 ] ] ] ] } },
{ "type": "Feature", "properties": { "FID": 630, "layer": "3", "path": "D:/1 work/数据/树/3.shp" }, "geometry": { "type": "MultiPolygon", "coordinates": [ [ [ [ 114.298197935229027, 34.81574619717297 ], [ 114.299466069616827, 34.815692614029821 ], [ 114.299144570757946, 34.815478281457239 ], [ 114.298924284502789, 34.815561633013246 ], [ 114.29823365732446, 34.815662845616963 ], [ 114.298197935229027, 34.81574619717297 ] ] ] ] } },
{ "type": "Feature", "properties": { "FID": 631, "layer": "3", "path": "D:/1 work/数据/树/3.shp" }, "geometry": { "type": "MultiPolygon", "coordinates": [ [ [ [ 114.298221749959311, 34.815597355108672 ], [ 114.298537295135617, 34.81554377196553 ], [ 114.298483711992475, 34.814924588978052 ], [ 114.299299366504812, 34.814888866882626 ], [ 114.299180292853379, 34.814793607961477 ], [ 114.299239829679095, 34.814555460658596 ], [ 114.299477976981976, 34.814525692245738 ], [ 114.299555374855402, 34.814769793231186 ], [ 114.299382718060826, 34.814900774247768 ], [ 114.299412486473685, 34.814966264756059 ], [ 114.299757800062849, 34.814740024818327 ], [ 114.299460115934252, 34.814347081768581 ], [ 114.299418440156259, 34.814448294372305 ], [ 114.298203888911601, 34.814507831198021 ], [ 114.298221749959311, 34.815597355108672 ] ] ] ] } },
{ "type": "Feature", "properties": { "FID": 632, "layer": "3", "path": "D:/1 work/数据/树/3.shp" }, "geometry": { "type": "MultiPolygon", "coordinates": [ [ [ [ 114.298129467879434, 34.814388757546595 ], [ 114.298447989897028, 34.814385780705308 ], [ 114.298447989897028, 34.813820180860986 ], [ 114.299001682376215, 34.813790412448128 ], [ 114.299096941297364, 34.813942231353707 ], [ 114.299037404471633, 34.813995814496856 ], [ 114.299076103408353, 34.814088096576718 ], [ 114.299433324362667, 34.814025582909714 ], [ 114.299635749570115, 34.813838041908703 ], [ 114.299153501281793, 34.813838041908703 ], [ 114.298802234010054, 34.813462959906673 ], [ 114.298581947754897, 34.813477844113102 ], [ 114.298543248818177, 34.813477844113102 ], [ 114.298650415104476, 34.813254581016658 ], [ 114.298614693009043, 34.813263511540512 ], [ 114.298224726800584, 34.813260534699232 ], [ 114.298114583672998, 34.81338556203324 ], [ 114.298063977371143, 34.81368324616183 ], [ 114.298129467879434, 34.814388757546595 ] ] ] ] } },
{ "type": "Feature", "properties": { "FID": 633, "layer": "3", "path": "D:/1 work/数据/树/3.shp" }, "geometry": { "type": "MultiPolygon", "coordinates": [ [ [ [ 114.298370592023588, 34.813165275778083 ], [ 114.299210061266209, 34.81316825261937 ], [ 114.29921899179007, 34.81269493485491 ], [ 114.299102894979924, 34.81269493485491 ], [ 114.299004659217488, 34.81283186955406 ], [ 114.298695067723756, 34.812927128475209 ], [ 114.298465850944737, 34.812852707443064 ], [ 114.298433105690592, 34.81279019377606 ], [ 114.29825151837214, 34.812876522173347 ], [ 114.29825151837214, 34.81312955368265 ], [ 114.298370592023588, 34.813165275778083 ] ] ] ] } },
{ "type": "Feature", "properties": { "FID": 634, "layer": "3", "path": "D:/1 work/数据/树/3.shp" }, "geometry": { "type": "MultiPolygon", "coordinates": [ [ [ [ 114.299245783361627, 34.813174206301937 ], [ 114.300070368397826, 34.813180159984512 ], [ 114.3000763220804, 34.812796147458627 ], [ 114.299248760202914, 34.812861637966918 ], [ 114.299245783361627, 34.813174206301937 ] ] ] ] } },
{ "type": "Feature", "properties": { "FID": 635, "layer": "3", "path": "D:/1 work/数据/树/3.shp" }, "geometry": { "type": "MultiPolygon", "coordinates": [ [ [ [ 114.299257690726776, 34.81279317061734 ], [ 114.3000763220804, 34.812778286410911 ], [ 114.30013288206483, 34.812587768568612 ], [ 114.300499033543005, 34.81241808861531 ], [ 114.300454380923711, 34.812313899170306 ], [ 114.29924280652034, 34.81233771390059 ], [ 114.299257690726776, 34.81279317061734 ] ] ] ] } },
{ "type": "Feature", "properties": { "FID": 636, "layer": "3", "path": "D:/1 work/数据/树/3.shp" }, "geometry": { "type": "MultiPolygon", "coordinates": [ [ [ [ 114.299224945472602, 34.812173987629869 ], [ 114.299332111758901, 34.812254362344589 ], [ 114.299570259061781, 34.812254362344589 ], [ 114.299585143268203, 34.81207872870872 ], [ 114.299614911681061, 34.81178104458013 ], [ 114.29958812010949, 34.811733415119555 ], [ 114.299608957998487, 34.811581596213969 ], [ 114.299495838029628, 34.811572665690115 ], [ 114.299415463314915, 34.811483360451533 ], [ 114.299165408646886, 34.811510152023111 ], [ 114.299227922313889, 34.81168578565898 ], [ 114.299218991790042, 34.81198346978757 ], [ 114.299224945472602, 34.812173987629869 ] ] ] ] } },
{ "type": "Feature", "properties": { "FID": 637, "layer": "3", "path": "D:/1 work/数据/树/3.shp" }, "geometry": { "type": "MultiPolygon", "coordinates": [ [ [ [ 114.298343800451974, 34.812534185425477 ], [ 114.298525387770411, 34.812421065456611 ], [ 114.298433105690549, 34.812331760218029 ], [ 114.298230680483101, 34.812301991805171 ], [ 114.29824258784825, 34.812477625441041 ], [ 114.298343800451974, 34.812534185425477 ] ] ] ] } },
{ "type": "Feature", "properties": { "FID": 638, "layer": "3", "path": "D:/1 work/数据/树/3.shp" }, "geometry": { "type": "MultiPolygon", "coordinates": [ [ [ [ 114.298561109865844, 34.812418088615324 ], [ 114.298784372962288, 34.812388320202466 ], [ 114.298962983439438, 34.812483579123615 ], [ 114.2990552655193, 34.812566930679623 ], [ 114.299076103408311, 34.812662189600772 ], [ 114.299230899155177, 34.812656235918197 ], [ 114.29921601494874, 34.812340690741891 ], [ 114.299031450789016, 34.812343667583171 ], [ 114.298989775011009, 34.812307945487746 ], [ 114.298477758309829, 34.812307945487746 ], [ 114.298561109865844, 34.812418088615324 ] ] ] ] } },
{ "type": "Feature", "properties": { "FID": 639, "layer": "3", "path": "D:/1 work/数据/树/3.shp" }, "geometry": { "type": "MultiPolygon", "coordinates": [ [ [ [ 114.298078861577523, 34.812864614808213 ], [ 114.298194958387668, 34.812852707443071 ], [ 114.298197935228956, 34.812299014963884 ], [ 114.297998486862795, 34.812319852852887 ], [ 114.298078861577523, 34.812864614808213 ] ] ] ] } },
{ "type": "Feature", "properties": { "FID": 640, "layer": "3", "path": "D:/1 work/数据/树/3.shp" }, "geometry": { "type": "MultiPolygon", "coordinates": [ [ [ [ 114.29802527843438, 34.812245431820728 ], [ 114.298203888911544, 34.812227570773011 ], [ 114.298168166816112, 34.811685785658966 ], [ 114.297983602656373, 34.811739368802115 ], [ 114.297989556338948, 34.812114450804145 ], [ 114.29802527843438, 34.812245431820728 ] ] ] ] } },
{ "type": "Feature", "properties": { "FID": 641, "layer": "3", "path": "D:/1 work/数据/树/3.shp" }, "geometry": { "type": "MultiPolygon", "coordinates": [ [ [ [ 114.298037185799515, 34.811495267816674 ], [ 114.298132444720665, 34.811557781483678 ], [ 114.298939168709154, 34.811346425752376 ], [ 114.298951076074303, 34.81131368049823 ], [ 114.299120756027591, 34.811280935244085 ], [ 114.299144570757889, 34.810673659621756 ], [ 114.299004659217445, 34.81067961330433 ], [ 114.298939168709154, 34.810944552178775 ], [ 114.299007636058732, 34.810941575337495 ], [ 114.299052288678027, 34.811155907910077 ], [ 114.298900469772434, 34.811263074196368 ], [ 114.2983378467694, 34.811373217323954 ], [ 114.298206865752817, 34.811280935244085 ], [ 114.298180074181246, 34.811126139497219 ], [ 114.298061000529813, 34.811129116338506 ], [ 114.298037185799515, 34.811495267816674 ] ] ] ] } },
{ "type": "Feature", "properties": { "FID": 642, "layer": "3", "path": "D:/1 work/数据/树/3.shp" }, "geometry": { "type": "MultiPolygon", "coordinates": [ [ [ [ 114.298061000529813, 34.811087440560506 ], [ 114.298144352085814, 34.811090417401793 ], [ 114.298260448895974, 34.810965390067786 ], [ 114.298218773117966, 34.810947529020069 ], [ 114.298147328927101, 34.810962413226498 ], [ 114.298129467879392, 34.81089394587692 ], [ 114.298168166816112, 34.810834409051203 ], [ 114.298254495213399, 34.810804640638345 ], [ 114.298162213133537, 34.810703428034621 ], [ 114.298046116323377, 34.810777849066767 ], [ 114.29802527843438, 34.811048741623793 ], [ 114.298061000529813, 34.811087440560506 ] ] ] ] } },
{ "type": "Feature", "properties": { "FID": 643, "layer": "3", "path": "D:/1 work/数据/树/3.shp" }, "geometry": { "type": "MultiPolygon", "coordinates": [ [ [ [ 114.297998486862809, 34.810667705939174 ], [ 114.29815923629225, 34.810673659621749 ], [ 114.298284263626257, 34.810480164938163 ], [ 114.298150305768388, 34.810349183921581 ], [ 114.29800444054537, 34.810384906017013 ], [ 114.297998486862809, 34.810667705939174 ] ] ] ] } },
{ "type": "Feature", "properties": { "FID": 644, "layer": "3", "path": "D:/1 work/数据/树/3.shp" }, "geometry": { "type": "MultiPolygon", "coordinates": [ [ [ [ 114.297980625815086, 34.810286670254577 ], [ 114.298117560514243, 34.810274762889435 ], [ 114.298150305768388, 34.810134851348991 ], [ 114.29824258784825, 34.810009824014983 ], [ 114.298388453071254, 34.810006847173696 ], [ 114.298355707817109, 34.809858005109405 ], [ 114.297980625815086, 34.809887773522263 ], [ 114.297980625815086, 34.810286670254577 ] ] ] ] } },
{ "type": "Feature", "properties": { "FID": 645, "layer": "3", "path": "D:/1 work/数据/树/3.shp" }, "geometry": { "type": "MultiPolygon", "coordinates": [ [ [ [ 114.298537295135532, 34.809795491442401 ], [ 114.299004659217431, 34.809792514601114 ], [ 114.299007636058718, 34.809697255679964 ], [ 114.298510503563961, 34.809712139886393 ], [ 114.298537295135532, 34.809795491442401 ] ] ] ] } },
{ "type": "Feature", "properties": { "FID": 646, "layer": "3", "path": "D:/1 work/数据/树/3.shp" }, "geometry": { "type": "MultiPolygon", "coordinates": [ [ [ [ 114.299220480210678, 34.808850344334139 ], [ 114.299291924401544, 34.808743178047848 ], [ 114.299342530703399, 34.808704479111128 ], [ 114.299333600179537, 34.808466331808255 ], [ 114.299003170796809, 34.808585405459695 ], [ 114.298955541336227, 34.808603266507404 ], [ 114.298961495018801, 34.808856298016714 ], [ 114.299220480210678, 34.808850344334139 ] ] ] ] } },
{ "type": "Feature", "properties": { "FID": 647, "layer": "3", "path": "D:/1 work/数据/树/3.shp" }, "geometry": { "type": "MultiPolygon", "coordinates": [ [ [ [ 114.299416951735552, 34.808701502269841 ], [ 114.299559840117269, 34.808704479111128 ], [ 114.299634261149421, 34.808865228540569 ], [ 114.299693797975138, 34.808847367492852 ], [ 114.299693797975138, 34.80812101821909 ], [ 114.29960746957785, 34.808103157171374 ], [ 114.299327646496977, 34.808180555044807 ], [ 114.299327646496977, 34.808320466585243 ], [ 114.299416951735552, 34.808701502269841 ] ] ] ] } },
{ "type": "Feature", "properties": { "FID": 648, "layer": "3", "path": "D:/1 work/数据/树/3.shp" }, "geometry": { "type": "MultiPolygon", "coordinates": [ [ [ [ 114.297903227941646, 34.809018535866791 ], [ 114.29800444054537, 34.80903342007322 ], [ 114.297977648973799, 34.808896485374071 ], [ 114.298090768942672, 34.808810156976776 ], [ 114.298108629990381, 34.808717874896914 ], [ 114.298212819435392, 34.808625592817052 ], [ 114.298153282609675, 34.808500565483044 ], [ 114.297879413211362, 34.808622615975764 ], [ 114.297903227941646, 34.809018535866791 ] ] ] ] } },
{ "type": "Feature", "properties": { "FID": 649, "layer": "3", "path": "D:/1 work/数据/树/3.shp" }, "geometry": { "type": "MultiPolygon", "coordinates": [ [ [ [ 114.298279798364277, 34.808592847562913 ], [ 114.298401848856997, 34.80857200967391 ], [ 114.298425663587295, 34.808857786437358 ], [ 114.298529853032292, 34.808845879072216 ], [ 114.298506038302008, 34.808488658117902 ], [ 114.298904935034329, 34.808473773911473 ], [ 114.299050800257334, 34.808369584466469 ], [ 114.298976379225195, 34.808304093958178 ], [ 114.298878143462758, 34.808262418180171 ], [ 114.298598320381871, 34.808327908688462 ], [ 114.298229192062422, 34.808464843387618 ], [ 114.298279798364277, 34.808592847562913 ] ] ] ] } },
{ "type": "Feature", "properties": { "FID": 650, "layer": "3", "path": "D:/1 work/数据/树/3.shp" }, "geometry": { "type": "MultiPolygon", "coordinates": [ [ [ [ 114.298738231922329, 34.810950505861349 ], [ 114.298881120304046, 34.810926691131066 ], [ 114.298934703447202, 34.810837385892484 ], [ 114.298913865558191, 34.81069896277269 ], [ 114.298839444526052, 34.810652821732759 ], [ 114.298701021406259, 34.810700451193334 ], [ 114.298791815065471, 34.810801663797051 ], [ 114.298750139287478, 34.810892457456276 ], [ 114.298738231922329, 34.810950505861349 ] ] ] ] } },
{ "type": "Feature", "properties": { "FID": 651, "layer": "3", "path": "D:/1 work/数据/树/3.shp" }, "geometry": { "type": "MultiPolygon", "coordinates": [ [ [ [ 114.298808187692558, 34.81054416702581 ], [ 114.298979356066496, 34.810490583882661 ], [ 114.299120756027577, 34.810490583882661 ], [ 114.299113313924337, 34.809874377736477 ], [ 114.299012101320628, 34.809880331419045 ], [ 114.299022520265126, 34.810182480809566 ], [ 114.298837956105402, 34.810212249222431 ], [ 114.298705486668169, 34.810338764977075 ], [ 114.298791815065456, 34.810439977580792 ], [ 114.298808187692558, 34.81054416702581 ] ] ] ] } },
{ "type": "Feature", "properties": { "FID": 652, "layer": "3", "path": "D:/1 work/数据/树/3.shp" }, "geometry": { "type": "MultiPolygon", "coordinates": [ [ [ [ 114.298299147832623, 34.810895434297521 ], [ 114.298394406753772, 34.81097134375031 ], [ 114.298514968825842, 34.810960924805812 ], [ 114.298513480405205, 34.810816548003444 ], [ 114.298413756222118, 34.810783802749299 ], [ 114.298275333102325, 34.810812082741514 ], [ 114.298299147832623, 34.810895434297521 ] ] ] ] } },
{ "type": "Feature", "properties": { "FID": 653, "layer": "3", "path": "D:/1 work/数据/树/3.shp" }, "geometry": { "type": "MultiPolygon", "coordinates": [ [ [ [ 114.298494130936845, 34.81058733122444 ], [ 114.298556644603849, 34.810501002827145 ], [ 114.298535806714852, 34.810425093374356 ], [ 114.298458408841412, 34.810399790223421 ], [ 114.298447989896914, 34.81045337336657 ], [ 114.298494130936845, 34.81058733122444 ] ] ] ] } },
{ "type": "Feature", "properties": { "FID": 654, "layer": "3", "path": "D:/1 work/数据/树/3.shp" }, "geometry": { "type": "MultiPolygon", "coordinates": [ [ [ [ 114.29818156260184, 34.810304531302251 ], [ 114.298403337277648, 34.810282204992603 ], [ 114.298513480405219, 34.810167596603094 ], [ 114.298409290960208, 34.810060430316803 ], [ 114.298250029951419, 34.810072337681945 ], [ 114.298163701554131, 34.810170573444381 ], [ 114.298148817347695, 34.810237552373316 ], [ 114.29818156260184, 34.810304531302251 ] ] ] ] } },
{ "type": "Feature", "properties": { "FID": 655, "layer": "3", "path": "D:/1 work/数据/树/3.shp" }, "geometry": { "type": "MultiPolygon", "coordinates": [ [ [ [ 114.29918178127393, 34.809962194554373 ], [ 114.299856035825201, 34.809966659816304 ], [ 114.29985454740455, 34.809856516688725 ], [ 114.299186246535868, 34.809887773522227 ], [ 114.29918178127393, 34.809962194554373 ] ] ] ] } },
{ "type": "Feature", "properties": { "FID": 656, "layer": "3", "path": "D:/1 work/数据/树/3.shp" }, "geometry": { "type": "MultiPolygon", "coordinates": [ [ [ [ 114.299664029562265, 34.809673440949624 ], [ 114.299783103213699, 34.80965260306062 ], [ 114.299774172689837, 34.809372779979746 ], [ 114.299656587459054, 34.809381710503601 ], [ 114.299664029562265, 34.809673440949624 ] ] ] ] } },
{ "type": "Feature", "properties": { "FID": 657, "layer": "3", "path": "D:/1 work/数据/树/3.shp" }, "geometry": { "type": "MultiPolygon", "coordinates": [ [ [ [ 114.300847323973386, 34.81258776856852 ], [ 114.301049749180834, 34.812566930679516 ], [ 114.301022957609263, 34.812346644424359 ], [ 114.300880069227532, 34.812310922328926 ], [ 114.300513917749356, 34.812349621265646 ], [ 114.300522848273218, 34.812388320202366 ], [ 114.300704435591669, 34.812444880186796 ], [ 114.300793740830244, 34.81253120858409 ], [ 114.300847323973386, 34.81258776856852 ] ] ] ] } },
{ "type": "Feature", "properties": { "FID": 658, "layer": "3", "path": "D:/1 work/数据/树/3.shp" }, "geometry": { "type": "MultiPolygon", "coordinates": [ [ [ [ 114.300409728304359, 34.812275200233508 ], [ 114.301058679704695, 34.81228710759865 ], [ 114.300900907116542, 34.812120404486635 ], [ 114.300790763988957, 34.812165057105922 ], [ 114.30076992609996, 34.812215663407784 ], [ 114.300427589352083, 34.812230547614213 ], [ 114.300409728304359, 34.812275200233508 ] ] ] ] } },
{ "type": "Feature", "properties": { "FID": 659, "layer": "3", "path": "D:/1 work/数据/树/3.shp" }, "geometry": { "type": "MultiPolygon", "coordinates": [ [ [ [ 114.300877092386273, 34.811986446628758 ], [ 114.301069098649222, 34.812093612915049 ], [ 114.301131612316226, 34.812060867660904 ], [ 114.301106309165291, 34.811950724533325 ], [ 114.300950024997789, 34.81184206982639 ], [ 114.300900907116571, 34.811760206691027 ], [ 114.300924721846854, 34.811673878293732 ], [ 114.301037841815713, 34.81158159621387 ], [ 114.301110774427201, 34.811523547808797 ], [ 114.301097378641387, 34.811298796291716 ], [ 114.301064633387242, 34.811304749974283 ], [ 114.300924721846812, 34.811438707832153 ], [ 114.30081309029859, 34.811535455173946 ], [ 114.300786298727019, 34.811851000350252 ], [ 114.300877092386273, 34.811986446628758 ] ] ] ] } },
{ "type": "Feature", "properties": { "FID": 660, "layer": "3", "path": "D:/1 work/数据/树/3.shp" }, "geometry": { "type": "MultiPolygon", "coordinates": [ [ [ [ 114.30119710282446, 34.812123381327922 ], [ 114.301240267023118, 34.8121367771137 ], [ 114.301448645913126, 34.811996865573263 ], [ 114.30153050904849, 34.81188076876311 ], [ 114.301523066945279, 34.811562246745517 ], [ 114.301423342762192, 34.8114610341418 ], [ 114.301231336499256, 34.811301773132996 ], [ 114.301191149141886, 34.811343448911003 ], [ 114.301182218618038, 34.811499733078513 ], [ 114.301378690142911, 34.811603922523524 ], [ 114.301417389079617, 34.811761695111684 ], [ 114.301348921730053, 34.811871838239263 ], [ 114.30119710282446, 34.811971562422336 ], [ 114.30119710282446, 34.812123381327922 ] ] ] ] } },
{ "type": "Feature", "properties": { "FID": 661, "layer": "3", "path": "D:/1 work/数据/树/3.shp" }, "geometry": { "type": "MultiPolygon", "coordinates": [ [ [ [ 114.301275989118551, 34.812313899170199 ], [ 114.301399528031908, 34.812303480225701 ], [ 114.301540927992988, 34.812272223392199 ], [ 114.301612372183854, 34.812121892907257 ], [ 114.301613860604505, 34.811913514017242 ], [ 114.301545393254926, 34.811910537175955 ], [ 114.301448645913126, 34.812032587668675 ], [ 114.301360829095188, 34.812197802360046 ], [ 114.3012745006979, 34.812252873923839 ], [ 114.301275989118551, 34.812313899170199 ] ] ] ] } },
{ "type": "Feature", "properties": { "FID": 662, "layer": "3", "path": "D:/1 work/数据/树/3.shp" }, "geometry": { "type": "MultiPolygon", "coordinates": [ [ [ [ 114.30157516166777, 34.811889699286951 ], [ 114.30168381637472, 34.811871838239234 ], [ 114.301792471081654, 34.811781044580016 ], [ 114.301768656351356, 34.811746810905227 ], [ 114.30158855745357, 34.811795928786445 ], [ 114.30157516166777, 34.811889699286951 ] ] ] ] } },
{ "type": "Feature", "properties": { "FID": 663, "layer": "3", "path": "D:/1 work/数据/树/3.shp" }, "geometry": { "type": "MultiPolygon", "coordinates": [ [ [ [ 114.301560277461334, 34.811490802554644 ], [ 114.301624279548946, 34.811456568879855 ], [ 114.301612372183797, 34.811322611021993 ], [ 114.301689770057237, 34.811257120513702 ], [ 114.302041037328976, 34.811260097354989 ], [ 114.302038060487689, 34.811200560529265 ], [ 114.302937066556041, 34.811224375259556 ], [ 114.302963858127612, 34.811099347925548 ], [ 114.301677862692117, 34.811093394242967 ], [ 114.301587069032905, 34.811127627917756 ], [ 114.301566231143909, 34.811173768957687 ], [ 114.301287896483672, 34.81119014158476 ], [ 114.301258128070813, 34.811215444735694 ], [ 114.301560277461334, 34.811490802554644 ] ] ] ] } },
{ "type": "Feature", "properties": { "FID": 664, "layer": "3", "path": "D:/1 work/数据/树/3.shp" }, "geometry": { "type": "MultiPolygon", "coordinates": [ [ [ [ 114.30015074311234, 34.813214393659202 ], [ 114.301064633387114, 34.813208439976627 ], [ 114.301103332323834, 34.81314890315091 ], [ 114.301094401799972, 34.812842288498459 ], [ 114.300838393449382, 34.812872056911317 ], [ 114.300740157686946, 34.81294945478475 ], [ 114.300543686162072, 34.813032806340757 ], [ 114.300525825114363, 34.813190578928911 ], [ 114.300409728304217, 34.813169741039907 ], [ 114.300448427240923, 34.813014945293041 ], [ 114.300269816763773, 34.812946477943463 ], [ 114.300109067334333, 34.813044713705899 ], [ 114.30015074311234, 34.813214393659202 ] ] ] ] } },
{ "type": "Feature", "properties": { "FID": 0, "layer": "4", "path": "D:/1 work/数据/树/4.shp" }, "geometry": { "type": "MultiPolygon", "coordinates": [ [ [ [ 114.259141777557275, 34.879898615305272 ], [ 114.259302526986716, 34.879970059496138 ], [ 114.260278930928493, 34.879856939527272 ], [ 114.260153903594485, 34.879544371192253 ], [ 114.259112009144417, 34.87968428273269 ], [ 114.259141777557275, 34.879898615305272 ] ] ] ] } },
{ "type": "Feature", "properties": { "FID": 1, "layer": "4", "path": "D:/1 work/数据/树/4.shp" }, "geometry": { "type": "MultiPolygon", "coordinates": [ [ [ [ 114.260555777168065, 34.880220114164167 ], [ 114.261642324237428, 34.880226067846735 ], [ 114.261404176934548, 34.879547348033547 ], [ 114.260272977245904, 34.879633676430835 ], [ 114.260421819310196, 34.880101040512727 ], [ 114.260573638215774, 34.880095086830153 ], [ 114.260555777168065, 34.880220114164167 ] ] ] ] } },
{ "type": "Feature", "properties": { "FID": 2, "layer": "4", "path": "D:/1 work/数据/树/4.shp" }, "geometry": { "type": "MultiPolygon", "coordinates": [ [ [ [ 114.259963385752158, 34.880577335118474 ], [ 114.260546846644203, 34.880559474070758 ], [ 114.260537916120342, 34.880401701482604 ], [ 114.259897895243867, 34.880401701482604 ], [ 114.259963385752158, 34.880577335118474 ] ] ] ] } },
{ "type": "Feature", "properties": { "FID": 3, "layer": "4", "path": "D:/1 work/数据/树/4.shp" }, "geometry": { "type": "MultiPolygon", "coordinates": [ [ [ [ 114.260838577090226, 34.880589242483616 ], [ 114.261761397888861, 34.880654732991907 ], [ 114.261624463189719, 34.880309419402742 ], [ 114.260856438137949, 34.880324303609171 ], [ 114.260838577090226, 34.880589242483616 ] ] ] ] } },
{ "type": "Feature", "properties": { "FID": 4, "layer": "4", "path": "D:/1 work/数据/树/4.shp" }, "geometry": { "type": "MultiPolygon", "coordinates": [ [ [ [ 114.260022922577875, 34.882163991523875 ], [ 114.260323583547759, 34.882250319921162 ], [ 114.260344421436756, 34.88219673677802 ], [ 114.26056173085064, 34.882178875730304 ], [ 114.260612337152494, 34.882345578842312 ], [ 114.261171983314256, 34.882530143002043 ], [ 114.261282126441827, 34.882482513541468 ], [ 114.261052909662808, 34.881756164267699 ], [ 114.260022922577875, 34.881800816886987 ], [ 114.260061621514595, 34.881869284236565 ], [ 114.260296791976188, 34.88186035371271 ], [ 114.260308699341337, 34.881934774744856 ], [ 114.260162834118319, 34.881940728427431 ], [ 114.260070552038457, 34.88199728841186 ], [ 114.259996131006304, 34.8821163620633 ], [ 114.260022922577875, 34.882163991523875 ] ] ] ] } },
{ "type": "Feature", "properties": { "FID": 5, "layer": "4", "path": "D:/1 work/数据/树/4.shp" }, "geometry": { "type": "MultiPolygon", "coordinates": [ [ [ [ 114.259863661569085, 34.882119338904566 ], [ 114.259975293117307, 34.882129757849071 ], [ 114.259987200482456, 34.88202556840406 ], [ 114.259917244712227, 34.882013661038918 ], [ 114.259905337347092, 34.881867795815907 ], [ 114.259865149989736, 34.881878214760405 ], [ 114.259863661569085, 34.882119338904566 ] ] ] ] } },
{ "type": "Feature", "properties": { "FID": 6, "layer": "4", "path": "D:/1 work/数据/树/4.shp" }, "geometry": { "type": "MultiPolygon", "coordinates": [ [ [ [ 114.25963444479008, 34.88204491787242 ], [ 114.259808590005306, 34.882086593650421 ], [ 114.259816032108532, 34.881966031578344 ], [ 114.259640398472655, 34.881963054737056 ], [ 114.25963444479008, 34.88204491787242 ] ] ] ] } },
{ "type": "Feature", "properties": { "FID": 7, "layer": "4", "path": "D:/1 work/数据/树/4.shp" }, "geometry": { "type": "MultiPolygon", "coordinates": [ [ [ [ 114.264303620347007, 34.882156549420635 ], [ 114.26485731282618, 34.88212082732521 ], [ 114.264434601363575, 34.880299000458223 ], [ 114.263791603645828, 34.880310907823365 ], [ 114.264303620347007, 34.882156549420635 ] ] ] ] } },
{ "type": "Feature", "properties": { "FID": 8, "layer": "4", "path": "D:/1 work/数据/树/4.shp" }, "geometry": { "type": "MultiPolygon", "coordinates": [ [ [ [ 114.264994247525337, 34.882144642055493 ], [ 114.265458634765935, 34.882478048279516 ], [ 114.265547940004524, 34.882442326184091 ], [ 114.265077599081337, 34.880322815188507 ], [ 114.264577489745307, 34.880352583601365 ], [ 114.26469656339674, 34.880394259379372 ], [ 114.264690609714165, 34.880453796205089 ], [ 114.264565582380158, 34.880501425665663 ], [ 114.264940664382195, 34.88212082732521 ], [ 114.264994247525337, 34.882144642055493 ] ] ] ] } },
{ "type": "Feature", "properties": { "FID": 9, "layer": "4", "path": "D:/1 work/数据/树/4.shp" }, "geometry": { "type": "MultiPolygon", "coordinates": [ [ [ [ 114.262309136685445, 34.882361951469363 ], [ 114.263446290056677, 34.882641774550244 ], [ 114.263377822707099, 34.882433395660229 ], [ 114.262356766146027, 34.882216086246352 ], [ 114.262309136685445, 34.882046406293057 ], [ 114.262234715653307, 34.882061290499486 ], [ 114.262309136685445, 34.882361951469363 ] ] ] ] } },
{ "type": "Feature", "properties": { "FID": 10, "layer": "4", "path": "D:/1 work/数据/树/4.shp" }, "geometry": { "type": "MultiPolygon", "coordinates": [ [ [ [ 114.263535595295224, 34.883094254425707 ], [ 114.263648715264097, 34.88312997652114 ], [ 114.263598108962228, 34.882757871360397 ], [ 114.264383995061721, 34.882978157615554 ], [ 114.264464369776434, 34.882942435520121 ], [ 114.264297666664419, 34.882180364150926 ], [ 114.264244083521277, 34.882195248357355 ], [ 114.26431850455343, 34.882534608263953 ], [ 114.263440336374074, 34.882317298850076 ], [ 114.263181351182197, 34.881698115862605 ], [ 114.263160513293201, 34.881710023227747 ], [ 114.263535595295224, 34.883094254425707 ] ] ] ] } },
{ "type": "Feature", "properties": { "FID": 11, "layer": "4", "path": "D:/1 work/数据/树/4.shp" }, "geometry": { "type": "MultiPolygon", "coordinates": [ [ [ [ 114.264583443427881, 34.883528873253454 ], [ 114.265875392545965, 34.883915862620626 ], [ 114.265875392545965, 34.883915862620626 ], [ 114.265827763085397, 34.88370748373061 ], [ 114.264565582380158, 34.883350262776304 ], [ 114.264583443427881, 34.883528873253454 ] ] ] ] } },
{ "type": "Feature", "properties": { "FID": 12, "layer": "4", "path": "D:/1 work/数据/树/4.shp" }, "geometry": { "type": "MultiPolygon", "coordinates": [ [ [ [ 114.265696782068815, 34.88346338274517 ], [ 114.26586943886339, 34.883481243792879 ], [ 114.265559847369659, 34.882183340992221 ], [ 114.265500310543942, 34.882225016770221 ], [ 114.265696782068815, 34.88346338274517 ] ] ] ] } },
{ "type": "Feature", "properties": { "FID": 13, "layer": "4", "path": "D:/1 work/数据/树/4.shp" }, "geometry": { "type": "MultiPolygon", "coordinates": [ [ [ [ 114.266327872421428, 34.883528873253454 ], [ 114.266446946072861, 34.883564595348886 ], [ 114.266167122991988, 34.882195248357363 ], [ 114.26612544721398, 34.882225016770221 ], [ 114.266327872421428, 34.883528873253454 ] ] ] ] } },
{ "type": "Feature", "properties": { "FID": 14, "layer": "4", "path": "D:/1 work/数据/树/4.shp" }, "geometry": { "type": "MultiPolygon", "coordinates": [ [ [ [ 114.256465597241132, 34.878375960987519 ], [ 114.256647184559569, 34.878358099939803 ], [ 114.256647184559569, 34.878506942004101 ], [ 114.256941891846878, 34.87844145149581 ], [ 114.256971660259737, 34.878688529322538 ], [ 114.257049058133177, 34.8786974598464 ], [ 114.256977613942311, 34.878191396827788 ], [ 114.256459643558557, 34.878298563114086 ], [ 114.256465597241132, 34.878375960987519 ] ] ] ] } },
{ "type": "Feature", "properties": { "FID": 15, "layer": "4", "path": "D:/1 work/数据/树/4.shp" }, "geometry": { "type": "MultiPolygon", "coordinates": [ [ [ [ 114.254215105228923, 34.87956967434318 ], [ 114.254494928309796, 34.879486322787173 ], [ 114.253911467417765, 34.878337262050806 ], [ 114.253911467417765, 34.878337262050806 ], [ 114.253578061193735, 34.878390845193955 ], [ 114.253077951857705, 34.878378937828806 ], [ 114.253060090809981, 34.87859922408397 ], [ 114.253381589668862, 34.878527779893105 ], [ 114.253464941224877, 34.878617085131687 ], [ 114.254215105228923, 34.87956967434318 ] ] ] ] } },
{ "type": "Feature", "properties": { "FID": 16, "layer": "4", "path": "D:/1 work/数据/树/4.shp" }, "geometry": { "type": "MultiPolygon", "coordinates": [ [ [ [ 114.25309878974673, 34.87863494617941 ], [ 114.253450057018469, 34.879138032356728 ], [ 114.253634621178193, 34.879114217626444 ], [ 114.25377750955991, 34.879388087024751 ], [ 114.254021610545365, 34.879337480722889 ], [ 114.253494709637749, 34.878685552481272 ], [ 114.253301214954163, 34.878748066148276 ], [ 114.25322084023945, 34.87859327040141 ], [ 114.25309878974673, 34.87863494617941 ] ] ] ] } },
{ "type": "Feature", "properties": { "FID": 17, "layer": "4", "path": "D:/1 work/数据/树/4.shp" }, "geometry": { "type": "MultiPolygon", "coordinates": [ [ [ [ 114.241381942445258, 34.87035635056322 ], [ 114.242120199084169, 34.870106295895205 ], [ 114.241691533939004, 34.869719306528033 ], [ 114.240953277300093, 34.870005083291481 ], [ 114.241381942445258, 34.87035635056322 ] ] ] ] } },
{ "type": "Feature", "properties": { "FID": 18, "layer": "4", "path": "D:/1 work/数据/树/4.shp" }, "geometry": { "type": "MultiPolygon", "coordinates": [ [ [ [ 114.242066615941027, 34.870445655801795 ], [ 114.242304763243894, 34.87035635056322 ], [ 114.242126152766744, 34.870159879038347 ], [ 114.24184632968587, 34.870261091642071 ], [ 114.242066615941027, 34.870445655801795 ] ] ] ] } },
{ "type": "Feature", "properties": { "FID": 19, "layer": "4", "path": "D:/1 work/数据/树/4.shp" }, "geometry": { "type": "MultiPolygon", "coordinates": [ [ [ [ 114.243114464073656, 34.870674872580807 ], [ 114.243406194519665, 34.870591521024799 ], [ 114.243123394597504, 34.87024025375306 ], [ 114.242837617834056, 34.870332535832922 ], [ 114.243114464073656, 34.870674872580807 ] ] ] ] } },
{ "type": "Feature", "properties": { "FID": 20, "layer": "4", "path": "D:/1 work/数据/树/4.shp" }, "geometry": { "type": "MultiPolygon", "coordinates": [ [ [ [ 114.243683040759265, 34.869930662259335 ], [ 114.243790207045549, 34.86989791700519 ], [ 114.242965622009351, 34.86912989195342 ], [ 114.242602447372462, 34.869299571906716 ], [ 114.243093626184645, 34.869719306528033 ], [ 114.24327819034437, 34.869588325511451 ], [ 114.243683040759265, 34.869930662259335 ] ] ] ] } },
{ "type": "Feature", "properties": { "FID": 21, "layer": "4", "path": "D:/1 work/数据/树/4.shp" }, "geometry": { "type": "MultiPolygon", "coordinates": [ [ [ [ 114.243349634535235, 34.86941566871684 ], [ 114.243492522916966, 34.869284687700258 ], [ 114.243188885105795, 34.869028679349668 ], [ 114.243075765136936, 34.869115007746963 ], [ 114.243349634535235, 34.86941566871684 ] ] ] ] } },
{ "type": "Feature", "properties": { "FID": 22, "layer": "4", "path": "D:/1 work/数据/树/4.shp" }, "geometry": { "type": "MultiPolygon", "coordinates": [ [ [ [ 114.243805091251986, 34.869251942446112 ], [ 114.244064076443863, 34.869112030905676 ], [ 114.243968817522713, 34.868995934095523 ], [ 114.243700901806974, 34.869064401445101 ], [ 114.243805091251986, 34.869251942446112 ] ] ] ] } },
{ "type": "Feature", "properties": { "FID": 23, "layer": "4", "path": "D:/1 work/数据/树/4.shp" }, "geometry": { "type": "MultiPolygon", "coordinates": [ [ [ [ 114.242477420038469, 34.868585129998081 ], [ 114.2429775293745, 34.869076308810257 ], [ 114.243063857771787, 34.868995934095537 ], [ 114.243108510391082, 34.868790532046809 ], [ 114.242959668326776, 34.868549407902648 ], [ 114.242879293612063, 34.86851963948979 ], [ 114.242742358912906, 34.868579176315507 ], [ 114.242569702118331, 34.868451172140212 ], [ 114.242477420038469, 34.868585129998081 ] ] ] ] } },
{ "type": "Feature", "properties": { "FID": 24, "layer": "4", "path": "D:/1 work/数据/树/4.shp" }, "geometry": { "type": "MultiPolygon", "coordinates": [ [ [ [ 114.243093626184617, 34.868591083680656 ], [ 114.243430009249934, 34.868454148981499 ], [ 114.24334665769392, 34.868385681631928 ], [ 114.243453823980218, 34.868311260599775 ], [ 114.243373449265505, 34.868090974344618 ], [ 114.243191861947054, 34.868159441694196 ], [ 114.243284144026916, 34.868317214282349 ], [ 114.24312934828005, 34.868388658473215 ], [ 114.243093626184617, 34.868591083680656 ] ] ] ] } },
{ "type": "Feature", "properties": { "FID": 25, "layer": "4", "path": "D:/1 work/数据/树/4.shp" }, "geometry": { "type": "MultiPolygon", "coordinates": [ [ [ [ 114.241813584431668, 34.872725916226791 ], [ 114.242420860053997, 34.872469907876201 ], [ 114.242027917004265, 34.872053150096171 ], [ 114.241480178207652, 34.872291297399045 ], [ 114.241813584431668, 34.872725916226791 ] ] ] ] } },
{ "type": "Feature", "properties": { "FID": 26, "layer": "4", "path": "D:/1 work/数据/树/4.shp" }, "geometry": { "type": "MultiPolygon", "coordinates": [ [ [ [ 114.241658788684802, 34.871302986092118 ], [ 114.243010274628617, 34.872642564670784 ], [ 114.243688994441811, 34.873208164515113 ], [ 114.243915234379543, 34.873761856994292 ], [ 114.246421734742313, 34.873100998228814 ], [ 114.247159991381224, 34.873005739307665 ], [ 114.247183806111522, 34.872898573021367 ], [ 114.24477851835249, 34.870850506216648 ], [ 114.244564185779893, 34.870921950407514 ], [ 114.244141474317303, 34.870481377897171 ], [ 114.241658788684802, 34.871302986092118 ] ] ] ] } },
{ "type": "Feature", "properties": { "FID": 27, "layer": "4", "path": "D:/1 work/数据/树/4.shp" }, "geometry": { "type": "MultiPolygon", "coordinates": [ [ [ [ 114.243599689203265, 34.87058854418347 ], [ 114.243802114410698, 34.870529007357753 ], [ 114.243391310313243, 34.870124156942865 ], [ 114.24326032929666, 34.870183693768581 ], [ 114.243599689203265, 34.87058854418347 ] ] ] ] } },
{ "type": "Feature", "properties": { "FID": 28, "layer": "4", "path": "D:/1 work/数据/树/4.shp" }, "geometry": { "type": "MultiPolygon", "coordinates": [ [ [ [ 114.264050588837563, 34.868016553312408 ], [ 114.265074622239922, 34.868290422710714 ], [ 114.265765249418251, 34.868290422710714 ], [ 114.266015304086281, 34.866611484225452 ], [ 114.26401486674213, 34.866301892731713 ], [ 114.26383625626498, 34.867921294391259 ], [ 114.264050588837563, 34.868016553312408 ] ] ] ] } },
{ "type": "Feature", "properties": { "FID": 29, "layer": "4", "path": "D:/1 work/数据/树/4.shp" }, "geometry": { "type": "MultiPolygon", "coordinates": [ [ [ [ 114.265920045165132, 34.86895723515876 ], [ 114.267027430123491, 34.869040586714767 ], [ 114.26721794796579, 34.866849631528325 ], [ 114.266134377737714, 34.866694835781459 ], [ 114.265884323069699, 34.868314237441005 ], [ 114.265920045165132, 34.86895723515876 ] ] ] ] } },
{ "type": "Feature", "properties": { "FID": 30, "layer": "4", "path": "D:/1 work/数据/树/4.shp" }, "geometry": { "type": "MultiPolygon", "coordinates": [ [ [ [ 114.267092920631782, 34.870094388529985 ], [ 114.267533493142096, 34.870237276911709 ], [ 114.268462267623306, 34.870308721102575 ], [ 114.269117172706217, 34.870261091642 ], [ 114.269450578930233, 34.867236620895497 ], [ 114.267307253204365, 34.866867492576041 ], [ 114.267092920631782, 34.870094388529985 ] ] ] ] } },
{ "type": "Feature", "properties": { "FID": 31, "layer": "4", "path": "D:/1 work/数据/树/4.shp" }, "geometry": { "type": "MultiPolygon", "coordinates": [ [ [ [ 114.269295783183381, 34.869760982305948 ], [ 114.269379134739381, 34.86977288967109 ], [ 114.269772077789128, 34.867308065086341 ], [ 114.269533930486247, 34.867308065086341 ], [ 114.269295783183381, 34.869760982305948 ] ] ] ] } },
{ "type": "Feature", "properties": { "FID": 32, "layer": "4", "path": "D:/1 work/数据/树/4.shp" }, "geometry": { "type": "MultiPolygon", "coordinates": [ [ [ [ 114.269772077789128, 34.869665723384799 ], [ 114.269914966170845, 34.869665723384799 ], [ 114.270153113473725, 34.867391416642349 ], [ 114.27008166928286, 34.867427138737781 ], [ 114.269772077789128, 34.869665723384799 ] ] ] ] } },
{ "type": "Feature", "properties": { "FID": 33, "layer": "4", "path": "D:/1 work/数据/树/4.shp" }, "geometry": { "type": "MultiPolygon", "coordinates": [ [ [ [ 114.270153113473725, 34.869832426496814 ], [ 114.27058177861889, 34.869701445480231 ], [ 114.271320035257801, 34.869796704401381 ], [ 114.272094013992145, 34.869653816019657 ], [ 114.272129736087578, 34.869820519131672 ], [ 114.272725104344758, 34.86968953811509 ], [ 114.272891807456773, 34.868939374111036 ], [ 114.273129954759654, 34.868844115189887 ], [ 114.273201398950519, 34.869570464463649 ], [ 114.275106577373506, 34.869749074940806 ], [ 114.275892463472971, 34.868510708965864 ], [ 114.27422543235285, 34.868141580646409 ], [ 114.270450797602294, 34.867391416642356 ], [ 114.270153113473725, 34.869832426496814 ] ] ] ] } },
{ "type": "Feature", "properties": { "FID": 34, "layer": "4", "path": "D:/1 work/数据/树/4.shp" }, "geometry": { "type": "MultiPolygon", "coordinates": [ [ [ [ 114.266298104008357, 34.872044219572274 ], [ 114.266476714485506, 34.872050173254841 ], [ 114.266327872421215, 34.870305744261287 ], [ 114.266256428230349, 34.870329558991578 ], [ 114.266298104008357, 34.872044219572274 ] ] ] ] } },
{ "type": "Feature", "properties": { "FID": 35, "layer": "4", "path": "D:/1 work/数据/树/4.shp" }, "geometry": { "type": "MultiPolygon", "coordinates": [ [ [ [ 114.265970651466901, 34.872085895350274 ], [ 114.266101632483483, 34.872085895350274 ], [ 114.265976605149476, 34.870275975848429 ], [ 114.265887299910901, 34.870275975848429 ], [ 114.265970651466901, 34.872085895350274 ] ] ] ] } },
{ "type": "Feature", "properties": { "FID": 36, "layer": "4", "path": "D:/1 work/数据/树/4.shp" }, "geometry": { "type": "MultiPolygon", "coordinates": [ [ [ [ 114.266726769153536, 34.872026358524558 ], [ 114.266857750170104, 34.872038265889699 ], [ 114.266810120709536, 34.870323605309004 ], [ 114.266714861788387, 34.870347420039295 ], [ 114.266726769153536, 34.872026358524558 ] ] ] ] } },
{ "type": "Feature", "properties": { "FID": 37, "layer": "4", "path": "D:/1 work/数据/树/4.shp" }, "geometry": { "type": "MultiPolygon", "coordinates": [ [ [ [ 114.267125665885843, 34.872008497476848 ], [ 114.267286415315283, 34.872002543794281 ], [ 114.267185202711559, 34.870347420039302 ], [ 114.267083990107835, 34.870353373721876 ], [ 114.267125665885843, 34.872008497476848 ] ] ] ] } },
{ "type": "Feature", "properties": { "FID": 38, "layer": "4", "path": "D:/1 work/数据/树/4.shp" }, "geometry": { "type": "MultiPolygon", "coordinates": [ [ [ [ 114.267572192078731, 34.872020404841997 ], [ 114.26766745099988, 34.872020404841997 ], [ 114.267631728904448, 34.870365281087018 ], [ 114.267554331031008, 34.870395049499876 ], [ 114.267572192078731, 34.872020404841997 ] ] ] ] } },
{ "type": "Feature", "properties": { "FID": 39, "layer": "4", "path": "D:/1 work/数据/树/4.shp" }, "geometry": { "type": "MultiPolygon", "coordinates": [ [ [ [ 114.268054440367052, 34.872026358524565 ], [ 114.268185421383635, 34.872020404841997 ], [ 114.268137791923053, 34.870371234769593 ], [ 114.268042533001903, 34.870424817912735 ], [ 114.268054440367052, 34.872026358524565 ] ] ] ] } },
{ "type": "Feature", "properties": { "FID": 40, "layer": "4", "path": "D:/1 work/数据/树/4.shp" }, "geometry": { "type": "MultiPolygon", "coordinates": [ [ [ [ 114.268441429734224, 34.873050391926924 ], [ 114.268530734972799, 34.873050391926924 ], [ 114.268411661321366, 34.870424817912735 ], [ 114.268375939225933, 34.870424817912735 ], [ 114.268441429734224, 34.873050391926924 ] ] ] ] } },
{ "type": "Feature", "properties": { "FID": 41, "layer": "4", "path": "D:/1 work/数据/树/4.shp" }, "geometry": { "type": "MultiPolygon", "coordinates": [ [ [ [ 114.268941539070255, 34.873217095038939 ], [ 114.268995122213397, 34.873229002404081 ], [ 114.268828419101396, 34.870484354738451 ], [ 114.268762928593105, 34.870502215786168 ], [ 114.268941539070255, 34.873217095038939 ] ] ] ] } },
{ "type": "Feature", "properties": { "FID": 42, "layer": "4", "path": "D:/1 work/数据/树/4.shp" }, "geometry": { "type": "MultiPolygon", "coordinates": [ [ [ [ 114.266768444931529, 34.872675309924901 ], [ 114.266869657535253, 34.872687217290043 ], [ 114.266804167026962, 34.872151385858572 ], [ 114.266714861788387, 34.872163293223721 ], [ 114.266768444931529, 34.872675309924901 ] ] ] ] } },
{ "type": "Feature", "properties": { "FID": 43, "layer": "4", "path": "D:/1 work/数据/树/4.shp" }, "geometry": { "type": "MultiPolygon", "coordinates": [ [ [ [ 114.269394018945718, 34.871966821698841 ], [ 114.270025109298331, 34.87055579892931 ], [ 114.269911989329472, 34.870526030516451 ], [ 114.269382111580569, 34.871806072269401 ], [ 114.269394018945718, 34.871966821698841 ] ] ] ] } },
{ "type": "Feature", "properties": { "FID": 44, "layer": "4", "path": "D:/1 work/数据/树/4.shp" }, "geometry": { "type": "MultiPolygon", "coordinates": [ [ [ [ 114.269530953644875, 34.872705078337752 ], [ 114.270519264951801, 34.870531984199026 ], [ 114.270418052348077, 34.870484354738451 ], [ 114.269513092597151, 34.872514560495453 ], [ 114.269530953644875, 34.872705078337752 ] ] ] ] } },
{ "type": "Feature", "properties": { "FID": 45, "layer": "4", "path": "D:/1 work/数据/树/4.shp" }, "geometry": { "type": "MultiPolygon", "coordinates": [ [ [ [ 114.26970361043945, 34.87336593710323 ], [ 114.270894346953824, 34.870609382072459 ], [ 114.270816949080398, 34.870579613659601 ], [ 114.269655980978882, 34.87324686345179 ], [ 114.26970361043945, 34.87336593710323 ] ] ] ] } },
{ "type": "Feature", "properties": { "FID": 46, "layer": "4", "path": "D:/1 work/数据/树/4.shp" }, "geometry": { "type": "MultiPolygon", "coordinates": [ [ [ [ 114.270013201933196, 34.873514779167522 ], [ 114.270132275584629, 34.873526686532671 ], [ 114.271328965781578, 34.87071654835875 ], [ 114.271239660542989, 34.870645104167892 ], [ 114.270013201933196, 34.873514779167522 ] ] ] ] } },
{ "type": "Feature", "properties": { "FID": 47, "layer": "4", "path": "D:/1 work/数据/树/4.shp" }, "geometry": { "type": "MultiPolygon", "coordinates": [ [ [ [ 114.270459728126085, 34.873431427611514 ], [ 114.27053712599951, 34.873479057072089 ], [ 114.271864797213041, 34.870680826263317 ], [ 114.271757630926743, 34.870621289437601 ], [ 114.270459728126085, 34.873431427611514 ] ] ] ] } },
{ "type": "Feature", "properties": { "FID": 48, "layer": "4", "path": "D:/1 work/数据/树/4.shp" }, "geometry": { "type": "MultiPolygon", "coordinates": [ [ [ [ 114.270816949080384, 34.873598130723529 ], [ 114.271055096383265, 34.873633852818955 ], [ 114.272293462358206, 34.870585567342168 ], [ 114.272102944515908, 34.870621289437601 ], [ 114.270816949080384, 34.873598130723529 ] ] ] ] } },
{ "type": "Feature", "properties": { "FID": 49, "layer": "4", "path": "D:/1 work/数据/树/4.shp" }, "geometry": { "type": "MultiPolygon", "coordinates": [ [ [ [ 114.271424224702713, 34.873193280308641 ], [ 114.271495668893579, 34.873217095038925 ], [ 114.272674498042804, 34.870764177819325 ], [ 114.272483980200505, 34.870740363089034 ], [ 114.271424224702713, 34.873193280308641 ] ] ] ] } },
{ "type": "Feature", "properties": { "FID": 50, "layer": "4", "path": "D:/1 work/数据/树/4.shp" }, "geometry": { "type": "MultiPolygon", "coordinates": [ [ [ [ 114.271686186735877, 34.873610038088671 ], [ 114.271775491974452, 34.873675528596962 ], [ 114.27313293160087, 34.870686779945878 ], [ 114.273001950584288, 34.870674872580729 ], [ 114.271686186735877, 34.873610038088671 ] ] ] ] } },
{ "type": "Feature", "properties": { "FID": 51, "layer": "4", "path": "D:/1 work/数据/树/4.shp" }, "geometry": { "type": "MultiPolygon", "coordinates": [ [ [ [ 114.271966009816779, 34.873830324343814 ], [ 114.272216064484795, 34.873830324343814 ], [ 114.273561596746035, 34.870829668327602 ], [ 114.273382986268885, 34.870877297788176 ], [ 114.271966009816779, 34.873830324343814 ] ] ] ] } },
{ "type": "Feature", "properties": { "FID": 52, "layer": "4", "path": "D:/1 work/数据/树/4.shp" }, "geometry": { "type": "MultiPolygon", "coordinates": [ [ [ [ 114.251872331136724, 34.872085895350217 ], [ 114.25615898258846, 34.871573878649038 ], [ 114.256111353127878, 34.871264287155306 ], [ 114.254063286323159, 34.87140717553703 ], [ 114.254027564227727, 34.871490527093037 ], [ 114.251681813294425, 34.871657230205045 ], [ 114.251872331136724, 34.872085895350217 ] ] ] ] } },
{ "type": "Feature", "properties": { "FID": 53, "layer": "4", "path": "D:/1 work/数据/树/4.shp" }, "geometry": { "type": "MultiPolygon", "coordinates": [ [ [ [ 114.256670999289639, 34.872133524810792 ], [ 114.257290182277103, 34.871966821698784 ], [ 114.257254460181684, 34.871550063918754 ], [ 114.256682906654774, 34.871645322839903 ], [ 114.256670999289639, 34.872133524810792 ] ] ] ] } },
{ "type": "Feature", "properties": { "FID": 54, "layer": "4", "path": "D:/1 work/数据/树/4.shp" }, "geometry": { "type": "MultiPolygon", "coordinates": [ [ [ [ 114.255923812126866, 34.873145650848016 ], [ 114.256519180384061, 34.873083137181013 ], [ 114.256495365653763, 34.872824151989136 ], [ 114.25594762685715, 34.872907503545143 ], [ 114.255923812126866, 34.873145650848016 ] ] ] ] } },
{ "type": "Feature", "properties": { "FID": 55, "layer": "4", "path": "D:/1 work/数据/树/4.shp" }, "geometry": { "type": "MultiPolygon", "coordinates": [ [ [ [ 114.254113892625028, 34.873863069597938 ], [ 114.254338644142109, 34.87383330118508 ], [ 114.254247850482898, 34.873337657110973 ], [ 114.254055844219948, 34.87338230973026 ], [ 114.254113892625028, 34.873863069597938 ] ] ] ] } },
{ "type": "Feature", "properties": { "FID": 56, "layer": "4", "path": "D:/1 work/数据/树/4.shp" }, "geometry": { "type": "MultiPolygon", "coordinates": [ [ [ [ 114.25378792850421, 34.873342122372904 ], [ 114.254889359780009, 34.8732379329279 ], [ 114.254945919764438, 34.873208164515034 ], [ 114.254555953555979, 34.872978947736023 ], [ 114.254484509365113, 34.873136720324176 ], [ 114.253850442171213, 34.873202210832467 ], [ 114.25378792850421, 34.873342122372904 ] ] ] ] } },
{ "type": "Feature", "properties": { "FID": 57, "layer": "4", "path": "D:/1 work/数据/树/4.shp" }, "geometry": { "type": "MultiPolygon", "coordinates": [ [ [ [ 114.254186825236474, 34.862250411741513 ], [ 114.255085831304825, 34.862047986534066 ], [ 114.25475242508081, 34.861625275071468 ], [ 114.254026075807033, 34.861917005517491 ], [ 114.254186825236474, 34.862250411741513 ] ] ] ] } },
{ "type": "Feature", "properties": { "FID": 58, "layer": "4", "path": "D:/1 work/数据/树/4.shp" }, "geometry": { "type": "MultiPolygon", "coordinates": [ [ [ [ 114.25406775158504, 34.861827700278909 ], [ 114.254817915589101, 34.861530016150319 ], [ 114.25516918286084, 34.862006310756065 ], [ 114.255865763721744, 34.861774117135759 ], [ 114.255550218545437, 34.861303776212587 ], [ 114.255889578452027, 34.861190656243721 ], [ 114.256157494167766, 34.861649089801752 ], [ 114.255693106927154, 34.862500466409529 ], [ 114.256038420516333, 34.862440929583812 ], [ 114.256800491885528, 34.861202563608863 ], [ 114.256222984676086, 34.860249974397369 ], [ 114.256103911024638, 34.860273789127653 ], [ 114.255526403815168, 34.859190218899577 ], [ 114.255002479748853, 34.859410505154734 ], [ 114.253770067456472, 34.860029688142212 ], [ 114.254091566315353, 34.860690546907684 ], [ 114.253936770568487, 34.86082748160684 ], [ 114.254121334728211, 34.861256146752012 ], [ 114.253722437995904, 34.861422849864027 ], [ 114.25406775158504, 34.861827700278909 ] ] ] ] } },
{ "type": "Feature", "properties": { "FID": 59, "layer": "4", "path": "D:/1 work/数据/树/4.shp" }, "geometry": { "type": "MultiPolygon", "coordinates": [ [ [ [ 114.253525966471031, 34.860958462623422 ], [ 114.253924863203338, 34.860738176368258 ], [ 114.253633132757329, 34.860118993380787 ], [ 114.253305680215874, 34.860321418588228 ], [ 114.253525966471031, 34.860958462623422 ] ] ] ] } },
{ "type": "Feature", "properties": { "FID": 60, "layer": "4", "path": "D:/1 work/数据/树/4.shp" }, "geometry": { "type": "MultiPolygon", "coordinates": [ [ [ [ 114.256586159312945, 34.859985035522925 ], [ 114.25736609172985, 34.859550416695178 ], [ 114.256913611854401, 34.858603781166252 ], [ 114.256151540485192, 34.85900863158114 ], [ 114.256586159312945, 34.859985035522925 ] ] ] ] } },
{ "type": "Feature", "properties": { "FID": 61, "layer": "4", "path": "D:/1 work/数据/树/4.shp" }, "geometry": { "type": "MultiPolygon", "coordinates": [ [ [ [ 114.255514496450004, 34.859211056788574 ], [ 114.26013455412577, 34.857139175253572 ], [ 114.260003573109188, 34.856972472141557 ], [ 114.255478774354572, 34.858984816850842 ], [ 114.255514496450004, 34.859211056788574 ] ] ] ] } },
{ "type": "Feature", "properties": { "FID": 62, "layer": "4", "path": "D:/1 work/数据/树/4.shp" }, "geometry": { "type": "MultiPolygon", "coordinates": [ [ [ [ 114.257800710557603, 34.859246778884007 ], [ 114.258479430370784, 34.858901465294842 ], [ 114.259432019582292, 34.857829802431908 ], [ 114.25930103856571, 34.857579747763886 ], [ 114.25752684115929, 34.85835372649823 ], [ 114.257800710557603, 34.859246778884007 ] ] ] ] } },
{ "type": "Feature", "properties": { "FID": 63, "layer": "4", "path": "D:/1 work/数据/树/4.shp" }, "geometry": { "type": "MultiPolygon", "coordinates": [ [ [ [ 114.256824306615812, 34.861163864672143 ], [ 114.258378217767074, 34.85902649262885 ], [ 114.258312727258783, 34.85902649262885 ], [ 114.256270614136625, 34.860264858603792 ], [ 114.256824306615812, 34.861163864672143 ] ] ] ] } },
{ "type": "Feature", "properties": { "FID": 64, "layer": "4", "path": "D:/1 work/数据/树/4.shp" }, "geometry": { "type": "MultiPolygon", "coordinates": [ [ [ [ 114.251844051144488, 34.862884478935371 ], [ 114.252123874225362, 34.862795173696796 ], [ 114.251534459650756, 34.861348428831832 ], [ 114.251373710221316, 34.861396058292407 ], [ 114.251844051144488, 34.862884478935371 ] ] ] ] } },
{ "type": "Feature", "properties": { "FID": 65, "layer": "4", "path": "D:/1 work/数据/树/4.shp" }, "geometry": { "type": "MultiPolygon", "coordinates": [ [ [ [ 114.251850004827062, 34.862080731788168 ], [ 114.252052430034496, 34.861985472867019 ], [ 114.251713070127906, 34.8611221888941 ], [ 114.251588042793898, 34.861241262545541 ], [ 114.251850004827062, 34.862080731788168 ] ] ] ] } },
{ "type": "Feature", "properties": { "FID": 66, "layer": "4", "path": "D:/1 work/数据/树/4.shp" }, "geometry": { "type": "MultiPolygon", "coordinates": [ [ [ [ 114.252308438385086, 34.862134314931318 ], [ 114.252534678322817, 34.862158129661601 ], [ 114.252189364733653, 34.860937624734376 ], [ 114.251939310065637, 34.861020976290376 ], [ 114.252308438385086, 34.862134314931318 ] ] ] ] } },
{ "type": "Feature", "properties": { "FID": 67, "layer": "4", "path": "D:/1 work/数据/树/4.shp" }, "geometry": { "type": "MultiPolygon", "coordinates": [ [ [ [ 114.252751987736673, 34.861372243562123 ], [ 114.252900829800964, 34.86133652146669 ], [ 114.252591238307232, 34.860538728002062 ], [ 114.253079440278128, 34.86024699755604 ], [ 114.253007996087263, 34.860145784952323 ], [ 114.25246025729065, 34.860479191176346 ], [ 114.252751987736673, 34.861372243562123 ] ] ] ] } },
{ "type": "Feature", "properties": { "FID": 68, "layer": "4", "path": "D:/1 work/数据/树/4.shp" }, "geometry": { "type": "MultiPolygon", "coordinates": [ [ [ [ 114.250162135817916, 34.861857468691738 ], [ 114.250462796787801, 34.861753279246734 ], [ 114.250787272487955, 34.861482386689715 ], [ 114.250129390563771, 34.861660997166872 ], [ 114.250162135817916, 34.861857468691738 ] ] ] ] } },
{ "type": "Feature", "properties": { "FID": 69, "layer": "4", "path": "D:/1 work/数据/树/4.shp" }, "geometry": { "type": "MultiPolygon", "coordinates": [ [ [ [ 114.250138321087618, 34.860919763686681 ], [ 114.25036456102535, 34.860869157384819 ], [ 114.250123436881196, 34.86034225647721 ], [ 114.249873382213181, 34.860404770144214 ], [ 114.250138321087618, 34.860919763686681 ] ] ] ] } },
{ "type": "Feature", "properties": { "FID": 70, "layer": "4", "path": "D:/1 work/数据/树/4.shp" }, "geometry": { "type": "MultiPolygon", "coordinates": [ [ [ [ 114.245935021191826, 34.863339935652135 ], [ 114.246066002208394, 34.863310167239277 ], [ 114.245809993857804, 34.862702891616948 ], [ 114.245699850730233, 34.862729683188519 ], [ 114.245935021191826, 34.863339935652135 ] ] ] ] } },
{ "type": "Feature", "properties": { "FID": 71, "layer": "4", "path": "D:/1 work/数据/树/4.shp" }, "geometry": { "type": "MultiPolygon", "coordinates": [ [ [ [ 114.247226970309868, 34.864675048968856 ], [ 114.247506793390755, 34.864823891033154 ], [ 114.247905690123062, 34.864636350032143 ], [ 114.247637774407337, 34.864094564918098 ], [ 114.247765778582632, 34.864020143885952 ], [ 114.248006902726786, 34.864523230063277 ], [ 114.248248026870939, 34.864410110094411 ], [ 114.247917597488197, 34.863814741837224 ], [ 114.247078128245576, 34.864267221712687 ], [ 114.247226970309868, 34.864675048968856 ] ] ] ] } },
{ "type": "Feature", "properties": { "FID": 72, "layer": "4", "path": "D:/1 work/数据/树/4.shp" }, "geometry": { "type": "MultiPolygon", "coordinates": [ [ [ [ 114.245128297203266, 34.865312093004057 ], [ 114.246262473733211, 34.864630396349575 ], [ 114.246223774796491, 34.864558952158717 ], [ 114.2450568530124, 34.865204926717759 ], [ 114.245128297203266, 34.865312093004057 ] ] ] ] } },
{ "type": "Feature", "properties": { "FID": 73, "layer": "4", "path": "D:/1 work/数据/树/4.shp" }, "geometry": { "type": "MultiPolygon", "coordinates": [ [ [ [ 114.243041531461841, 34.866050349642975 ], [ 114.243437451352861, 34.86593722967411 ], [ 114.243309447177566, 34.865624661339091 ], [ 114.242958179905827, 34.865725873942807 ], [ 114.243041531461841, 34.866050349642975 ] ] ] ] } },
{ "type": "Feature", "properties": { "FID": 74, "layer": "4", "path": "D:/1 work/数据/树/4.shp" }, "geometry": { "type": "MultiPolygon", "coordinates": [ [ [ [ 114.24228839061648, 34.865076922542471 ], [ 114.242496769506488, 34.865005478351613 ], [ 114.24270514839651, 34.864743516318448 ], [ 114.242571190538641, 34.864475600602717 ], [ 114.242395556902778, 34.864469646920142 ], [ 114.242166340123759, 34.864642303714724 ], [ 114.24228839061648, 34.865076922542471 ] ] ] ] } },
{ "type": "Feature", "properties": { "FID": 75, "layer": "4", "path": "D:/1 work/数据/树/4.shp" }, "geometry": { "type": "MultiPolygon", "coordinates": [ [ [ [ 114.241800188645584, 34.864532160587146 ], [ 114.242080011726458, 34.86463337319087 ], [ 114.242374719013768, 34.864442855348571 ], [ 114.242151455917323, 34.864038004933683 ], [ 114.241731721296006, 34.864189823839268 ], [ 114.241800188645584, 34.864532160587146 ] ] ] ] } },
{ "type": "Feature", "properties": { "FID": 76, "layer": "4", "path": "D:/1 work/数据/树/4.shp" }, "geometry": { "type": "MultiPolygon", "coordinates": [ [ [ [ 114.242696217872606, 34.863368215644343 ], [ 114.24291948096905, 34.863400960898488 ], [ 114.24321418825636, 34.86324914199291 ], [ 114.242901619921327, 34.862588283227431 ], [ 114.24238662637886, 34.862799638958734 ], [ 114.242696217872606, 34.863368215644343 ] ] ] ] } },
{ "type": "Feature", "properties": { "FID": 77, "layer": "4", "path": "D:/1 work/数据/树/4.shp" }, "geometry": { "type": "MultiPolygon", "coordinates": [ [ [ [ 114.242333043235732, 34.863436682993907 ], [ 114.242550352649602, 34.863451567200336 ], [ 114.242592028427595, 34.863323563025041 ], [ 114.241954984392407, 34.862278691733685 ], [ 114.241883540201542, 34.862317390670398 ], [ 114.242157409599841, 34.86283833789544 ], [ 114.242124664345695, 34.862882990514727 ], [ 114.242100849615412, 34.862993133642306 ], [ 114.242056196996131, 34.862924666292727 ], [ 114.241972845440117, 34.862903828403731 ], [ 114.242333043235732, 34.863436682993907 ] ] ] ] } },
{ "type": "Feature", "properties": { "FID": 78, "layer": "4", "path": "D:/1 work/数据/树/4.shp" }, "geometry": { "type": "MultiPolygon", "coordinates": [ [ [ [ 114.241818049693237, 34.862269761209831 ], [ 114.241886517042815, 34.862269761209831 ], [ 114.240430841653961, 34.860105597594959 ], [ 114.240371304828244, 34.860135366007817 ], [ 114.241818049693237, 34.862269761209831 ] ] ] ] } },
{ "type": "Feature", "properties": { "FID": 79, "layer": "4", "path": "D:/1 work/数据/树/4.shp" }, "geometry": { "type": "MultiPolygon", "coordinates": [ [ [ [ 114.240320698526403, 34.860063921816952 ], [ 114.240847599434019, 34.859906149228799 ], [ 114.241136353038755, 34.859760284005787 ], [ 114.241035140435031, 34.859504275655198 ], [ 114.240216509081392, 34.859775168212217 ], [ 114.240320698526403, 34.860063921816952 ] ] ] ] } },
{ "type": "Feature", "properties": { "FID": 80, "layer": "4", "path": "D:/1 work/数据/树/4.shp" }, "geometry": { "type": "MultiPolygon", "coordinates": [ [ [ [ 114.240526100575138, 34.859641210354347 ], [ 114.240627313178862, 34.859599534576347 ], [ 114.240451679542986, 34.859147054700884 ], [ 114.240356420621836, 34.859185753637604 ], [ 114.240526100575138, 34.859641210354347 ] ] ] ] } },
{ "type": "Feature", "properties": { "FID": 81, "layer": "4", "path": "D:/1 work/数据/树/4.shp" }, "geometry": { "type": "MultiPolygon", "coordinates": [ [ [ [ 114.240017060715246, 34.859787075577358 ], [ 114.240243300652963, 34.859733492434209 ], [ 114.240023014397806, 34.859281012558753 ], [ 114.239895010222511, 34.859343526225757 ], [ 114.240017060715246, 34.859787075577358 ] ] ] ] } },
{ "type": "Feature", "properties": { "FID": 82, "layer": "4", "path": "D:/1 work/数据/树/4.shp" }, "geometry": { "type": "MultiPolygon", "coordinates": [ [ [ [ 114.238981119947738, 34.859673955608493 ], [ 114.239582441887492, 34.859388178845045 ], [ 114.239516951379201, 34.859179799955029 ], [ 114.239010888360596, 34.859406039892761 ], [ 114.239061494662465, 34.85950129881391 ], [ 114.238921583122021, 34.859542974591918 ], [ 114.238981119947738, 34.859673955608493 ] ] ] ] } },
{ "type": "Feature", "properties": { "FID": 83, "layer": "4", "path": "D:/1 work/数据/树/4.shp" }, "geometry": { "type": "MultiPolygon", "coordinates": [ [ [ [ 114.23918056831387, 34.859286966241328 ], [ 114.239385970362605, 34.859208079947251 ], [ 114.239287734600168, 34.859033934732018 ], [ 114.239092751495932, 34.859114309446738 ], [ 114.23918056831387, 34.859286966241328 ] ] ] ] } },
{ "type": "Feature", "properties": { "FID": 84, "layer": "4", "path": "D:/1 work/数据/树/4.shp" }, "geometry": { "type": "MultiPolygon", "coordinates": [ [ [ [ 114.236638345855667, 34.859815355569573 ], [ 114.237017893119628, 34.859642698774984 ], [ 114.236900307888831, 34.85948492618683 ], [ 114.236566901664816, 34.8596605598227 ], [ 114.236638345855667, 34.859815355569573 ] ] ] ] } },
{ "type": "Feature", "properties": { "FID": 85, "layer": "4", "path": "D:/1 work/数据/树/4.shp" }, "geometry": { "type": "MultiPolygon", "coordinates": [ [ [ [ 114.235399979880725, 34.859904660808155 ], [ 114.236394244870226, 34.859422412519834 ], [ 114.236081676535207, 34.858749646389214 ], [ 114.235840552391039, 34.858824067421359 ], [ 114.236063815487483, 34.859416458837259 ], [ 114.235772085041461, 34.859532555647412 ], [ 114.235557752468878, 34.859217010471106 ], [ 114.23511122627599, 34.859350968328968 ], [ 114.235399979880725, 34.859904660808155 ] ] ] ] } },
{ "type": "Feature", "properties": { "FID": 86, "layer": "4", "path": "D:/1 work/数据/树/4.shp" }, "geometry": { "type": "MultiPolygon", "coordinates": [ [ [ [ 114.234858194766687, 34.859386690424401 ], [ 114.235024897878702, 34.859345014646401 ], [ 114.234795681099683, 34.858841928469076 ], [ 114.234712329543669, 34.858880627405796 ], [ 114.234858194766687, 34.859386690424401 ] ] ] ] } },
{ "type": "Feature", "properties": { "FID": 87, "layer": "4", "path": "D:/1 work/数据/树/4.shp" }, "geometry": { "type": "MultiPolygon", "coordinates": [ [ [ [ 114.236045954439774, 34.858630572737781 ], [ 114.236489503791375, 34.858481730673482 ], [ 114.236325777520648, 34.858100694988885 ], [ 114.236108468106778, 34.858166185497176 ], [ 114.236129305995775, 34.858294189672471 ], [ 114.235864367121323, 34.858341819133045 ], [ 114.236045954439774, 34.858630572737781 ] ] ] ] } },
{ "type": "Feature", "properties": { "FID": 88, "layer": "4", "path": "D:/1 work/数据/树/4.shp" }, "geometry": { "type": "MultiPolygon", "coordinates": [ [ [ [ 114.236833328959904, 34.858335865450478 ], [ 114.237031288905413, 34.858240606529328 ], [ 114.237211387803214, 34.858279305466048 ], [ 114.237299204621152, 34.858246560211903 ], [ 114.237217341485788, 34.858090276044386 ], [ 114.237224783588999, 34.858070926576033 ], [ 114.23738553301844, 34.857995017123237 ], [ 114.237351299343658, 34.857953341345237 ], [ 114.236940495246188, 34.858136417084317 ], [ 114.236785699499322, 34.858251025473827 ], [ 114.236833328959904, 34.858335865450478 ] ] ] ] } },
{ "type": "Feature", "properties": { "FID": 89, "layer": "4", "path": "D:/1 work/数据/树/4.shp" }, "geometry": { "type": "MultiPolygon", "coordinates": [ [ [ [ 114.237293250938592, 34.85929589676519 ], [ 114.237855873941641, 34.859007143160454 ], [ 114.237963040227925, 34.859111332605465 ], [ 114.238016623371081, 34.859102402081604 ], [ 114.238222025419802, 34.858977374747596 ], [ 114.238094021244507, 34.858733273762148 ], [ 114.237838012893917, 34.858867231620017 ], [ 114.237712985559909, 34.858727320079581 ], [ 114.237659402416767, 34.858757088492439 ], [ 114.237683217147051, 34.858861277937443 ], [ 114.237203945700017, 34.859138124177036 ], [ 114.237293250938592, 34.85929589676519 ] ] ] ] } },
{ "type": "Feature", "properties": { "FID": 90, "layer": "4", "path": "D:/1 work/数据/树/4.shp" }, "geometry": { "type": "MultiPolygon", "coordinates": [ [ [ [ 114.236924122619129, 34.858605269586853 ], [ 114.237358741446869, 34.858395402276194 ], [ 114.237436139320309, 34.858286747569259 ], [ 114.237421255113873, 34.858227210743543 ], [ 114.236875004737911, 34.858459404363842 ], [ 114.236924122619129, 34.858605269586853 ] ] ] ] } },
{ "type": "Feature", "properties": { "FID": 91, "layer": "4", "path": "D:/1 work/数据/树/4.shp" }, "geometry": { "type": "MultiPolygon", "coordinates": [ [ [ [ 114.235395514618816, 34.861089443639955 ], [ 114.235839063970417, 34.860907856321511 ], [ 114.235943253415428, 34.860976323671089 ], [ 114.236279636480731, 34.860750083733357 ], [ 114.23611888705129, 34.860517890113059 ], [ 114.235925392367704, 34.860538728002055 ], [ 114.235306209380241, 34.86096143946466 ], [ 114.235395514618816, 34.861089443639955 ] ] ] ] } },
{ "type": "Feature", "properties": { "FID": 92, "layer": "4", "path": "D:/1 work/数据/树/4.shp" }, "geometry": { "type": "MultiPolygon", "coordinates": [ [ [ [ 114.236139724940273, 34.861327590942842 ], [ 114.236467177481728, 34.861268054117119 ], [ 114.236401686973437, 34.861104327846398 ], [ 114.236624950069881, 34.861262100434551 ], [ 114.236982171024195, 34.861074559433533 ], [ 114.236752954245176, 34.86077985214623 ], [ 114.236351080671582, 34.86094060157567 ], [ 114.23609804916228, 34.861125165735395 ], [ 114.236139724940273, 34.861327590942842 ] ] ] ] } },
{ "type": "Feature", "properties": { "FID": 93, "layer": "4", "path": "D:/1 work/数据/树/4.shp" }, "geometry": { "type": "MultiPolygon", "coordinates": [ [ [ [ 114.233695738244535, 34.859648652457558 ], [ 114.23428515281914, 34.859550416695122 ], [ 114.234175009691569, 34.859193195740815 ], [ 114.233633224577531, 34.859350968328968 ], [ 114.233695738244535, 34.859648652457558 ] ] ] ] } },
{ "type": "Feature", "properties": { "FID": 94, "layer": "4", "path": "D:/1 work/数据/树/4.shp" }, "geometry": { "type": "MultiPolygon", "coordinates": [ [ [ [ 114.234052959198848, 34.859865961871435 ], [ 114.234297060184289, 34.859824286093428 ], [ 114.23428515281914, 34.859684374552991 ], [ 114.234026167627263, 34.85974093453742 ], [ 114.234052959198848, 34.859865961871435 ] ] ] ] } },
{ "type": "Feature", "properties": { "FID": 95, "layer": "4", "path": "D:/1 work/数据/树/4.shp" }, "geometry": { "type": "MultiPolygon", "coordinates": [ [ [ [ 114.233579641434375, 34.858285259148602 ], [ 114.234044028674987, 34.85819297706874 ], [ 114.233921978182252, 34.857645238272127 ], [ 114.233442706735218, 34.857743474034564 ], [ 114.233579641434375, 34.858285259148602 ] ] ] ] } },
{ "type": "Feature", "properties": { "FID": 96, "layer": "4", "path": "D:/1 work/数据/树/4.shp" }, "geometry": { "type": "MultiPolygon", "coordinates": [ [ [ [ 114.234088681294295, 34.858151301290739 ], [ 114.234502462233039, 34.858097718147597 ], [ 114.23443399488346, 34.857862547686004 ], [ 114.234106542342005, 34.857936968718157 ], [ 114.234088681294295, 34.858151301290739 ] ] ] ] } },
{ "type": "Feature", "properties": { "FID": 97, "layer": "4", "path": "D:/1 work/数据/树/4.shp" }, "geometry": { "type": "MultiPolygon", "coordinates": [ [ [ [ 114.234829914774465, 34.857758358240986 ], [ 114.235076992601194, 34.857692867732695 ], [ 114.234993641045193, 34.857413044651821 ], [ 114.2347584705836, 34.857466627794963 ], [ 114.234829914774465, 34.857758358240986 ] ] ] ] } },
{ "type": "Feature", "properties": { "FID": 98, "layer": "4", "path": "D:/1 work/数据/树/4.shp" }, "geometry": { "type": "MultiPolygon", "coordinates": [ [ [ [ 114.235731897684104, 34.857841709796993 ], [ 114.236383825925728, 34.857695844573982 ], [ 114.236362988036717, 34.857588678287684 ], [ 114.235714036636395, 34.857749427717124 ], [ 114.235731897684104, 34.857841709796993 ] ] ] ] } },
{ "type": "Feature", "properties": { "FID": 99, "layer": "4", "path": "D:/1 work/数据/树/4.shp" }, "geometry": { "type": "MultiPolygon", "coordinates": [ [ [ [ 114.236431455386267, 34.857704775097844 ], [ 114.237110175199462, 34.857588678287691 ], [ 114.237104221516887, 34.857487465683967 ], [ 114.236437409068841, 34.857633330906978 ], [ 114.236431455386267, 34.857704775097844 ] ] ] ] } },
{ "type": "Feature", "properties": { "FID": 100, "layer": "4", "path": "D:/1 work/数据/树/4.shp" }, "geometry": { "type": "MultiPolygon", "coordinates": [ [ [ [ 114.237071476262756, 34.857261225746235 ], [ 114.237175665707753, 34.857246341539799 ], [ 114.236994078389344, 34.856674788012896 ], [ 114.236958356293911, 34.856695625901899 ], [ 114.237071476262756, 34.857261225746235 ] ] ] ] } },
{ "type": "Feature", "properties": { "FID": 101, "layer": "4", "path": "D:/1 work/数据/树/4.shp" }, "geometry": { "type": "MultiPolygon", "coordinates": [ [ [ [ 114.238312819078942, 34.857916130829132 ], [ 114.238923071542558, 34.857731566669408 ], [ 114.238863534716842, 34.857570817239967 ], [ 114.2382592359358, 34.857740497193262 ], [ 114.238312819078942, 34.857916130829132 ] ] ] ] } },
{ "type": "Feature", "properties": { "FID": 102, "layer": "4", "path": "D:/1 work/数据/树/4.shp" }, "geometry": { "type": "MultiPolygon", "coordinates": [ [ [ [ 114.23903321467013, 34.857692867732652 ], [ 114.239438065085011, 34.857669053002368 ], [ 114.239313037751003, 34.857314808889342 ], [ 114.239190987258283, 34.8573445773022 ], [ 114.239164195686712, 34.857285040476484 ], [ 114.238905210494835, 34.857335646778346 ], [ 114.23903321467013, 34.857692867732652 ] ] ] ] } },
{ "type": "Feature", "properties": { "FID": 103, "layer": "4", "path": "D:/1 work/数据/树/4.shp" }, "geometry": { "type": "MultiPolygon", "coordinates": [ [ [ [ 114.239476764021759, 34.860369048048696 ], [ 114.239884591277942, 34.860160669158681 ], [ 114.239703003959491, 34.859868938712658 ], [ 114.239301130385897, 34.860092201809103 ], [ 114.239476764021759, 34.860369048048696 ] ] ] ] } },
{ "type": "Feature", "properties": { "FID": 104, "layer": "4", "path": "D:/1 work/数据/树/4.shp" }, "geometry": { "type": "MultiPolygon", "coordinates": [ [ [ [ 114.238637294779139, 34.860538728001991 ], [ 114.238943909431583, 34.860398816461554 ], [ 114.238878418923292, 34.860282719651401 ], [ 114.238598595842419, 34.860413700667984 ], [ 114.238637294779139, 34.860538728001991 ] ] ] ] } },
{ "type": "Feature", "properties": { "FID": 105, "layer": "4", "path": "D:/1 work/数据/树/4.shp" }, "geometry": { "type": "MultiPolygon", "coordinates": [ [ [ [ 114.239000469416013, 34.860288673333976 ], [ 114.239316014592319, 34.860148761793532 ], [ 114.239235639877606, 34.859985035522811 ], [ 114.238923071542587, 34.86009815549167 ], [ 114.239000469416013, 34.860288673333976 ] ] ] ] } },
{ "type": "Feature", "properties": { "FID": 106, "layer": "4", "path": "D:/1 work/数据/树/4.shp" }, "geometry": { "type": "MultiPolygon", "coordinates": [ [ [ [ 114.239313037751046, 34.859895730284229 ], [ 114.239682166070494, 34.859708189283218 ], [ 114.239682166070494, 34.859705212441931 ], [ 114.239604768197054, 34.859589115631778 ], [ 114.239244570401468, 34.859773679791509 ], [ 114.239313037751046, 34.859895730284229 ] ] ] ] } },
{ "type": "Feature", "properties": { "FID": 107, "layer": "4", "path": "D:/1 work/数据/树/4.shp" }, "geometry": { "type": "MultiPolygon", "coordinates": [ [ [ [ 114.239768494467782, 34.86083343528928 ], [ 114.24031027958182, 34.860633986923119 ], [ 114.240209066978096, 34.860482168017541 ], [ 114.239679189229193, 34.860702454272698 ], [ 114.239768494467782, 34.86083343528928 ] ] ] ] } },
{ "type": "Feature", "properties": { "FID": 108, "layer": "4", "path": "D:/1 work/数据/树/4.shp" }, "geometry": { "type": "MultiPolygon", "coordinates": [ [ [ [ 114.238638783199747, 34.862088173891287 ], [ 114.238671528453892, 34.862094127573862 ], [ 114.239211825147279, 34.861821746596199 ], [ 114.239107635702283, 34.861640159277755 ], [ 114.238542035857947, 34.861893190787065 ], [ 114.238638783199747, 34.862088173891287 ] ] ] ] } },
{ "type": "Feature", "properties": { "FID": 109, "layer": "4", "path": "D:/1 work/数据/树/4.shp" }, "geometry": { "type": "MultiPolygon", "coordinates": [ [ [ [ 114.238812928414987, 34.862376927496022 ], [ 114.239354713529025, 34.86210156967708 ], [ 114.239202894623432, 34.861882771842559 ], [ 114.238690877922252, 34.862158129661509 ], [ 114.238812928414987, 34.862376927496022 ] ] ] ] } },
{ "type": "Feature", "properties": { "FID": 110, "layer": "4", "path": "D:/1 work/数据/树/4.shp" }, "geometry": { "type": "MultiPolygon", "coordinates": [ [ [ [ 114.239717888165885, 34.862560003235117 ], [ 114.240024502818329, 34.862423068535968 ], [ 114.239911382849471, 34.862274226471669 ], [ 114.239610721879586, 34.862405207488251 ], [ 114.239717888165885, 34.862560003235117 ] ] ] ] } },
{ "type": "Feature", "properties": { "FID": 111, "layer": "4", "path": "D:/1 work/数据/树/4.shp" }, "geometry": { "type": "MultiPolygon", "coordinates": [ [ [ [ 114.239970919675187, 34.862286133836811 ], [ 114.240435306915785, 34.862089662311945 ], [ 114.240283488010206, 34.861946773930221 ], [ 114.239902452325609, 34.862128361248658 ], [ 114.239970919675187, 34.862286133836811 ] ] ] ] } },
{ "type": "Feature", "properties": { "FID": 112, "layer": "4", "path": "D:/1 work/数据/树/4.shp" }, "geometry": { "type": "MultiPolygon", "coordinates": [ [ [ [ 114.240432330074498, 34.862289110678098 ], [ 114.240849087854528, 34.86213729177252 ], [ 114.241143795141838, 34.861931889723792 ], [ 114.241039605696827, 34.861827700278781 ], [ 114.24052461215436, 34.862125384407371 ], [ 114.24047995953508, 34.862101569677087 ], [ 114.240390654296505, 34.862143245455087 ], [ 114.240432330074498, 34.862289110678098 ] ] ] ] } },
{ "type": "Feature", "properties": { "FID": 113, "layer": "4", "path": "D:/1 work/数据/树/4.shp" }, "geometry": { "type": "MultiPolygon", "coordinates": [ [ [ [ 114.240348978518497, 34.862610609536979 ], [ 114.240962207823401, 34.862366508551531 ], [ 114.24127477615842, 34.862146222296374 ], [ 114.241250961428136, 34.862101569677087 ], [ 114.240351955359785, 34.862557026393837 ], [ 114.240348978518497, 34.862610609536979 ] ] ] ] } },
{ "type": "Feature", "properties": { "FID": 114, "layer": "4", "path": "D:/1 work/数据/树/4.shp" }, "geometry": { "type": "MultiPolygon", "coordinates": [ [ [ [ 114.249225919233069, 34.843448682179442 ], [ 114.250511914668593, 34.843603477926308 ], [ 114.250511914668593, 34.843424867449158 ], [ 114.249237826598204, 34.843246256972002 ], [ 114.249225919233069, 34.843448682179442 ] ] ] ] } },
{ "type": "Feature", "properties": { "FID": 115, "layer": "4", "path": "D:/1 work/数据/树/4.shp" }, "geometry": { "type": "MultiPolygon", "coordinates": [ [ [ [ 114.250940579813758, 34.843663014752032 ], [ 114.253274423381924, 34.844032143071487 ], [ 114.253191071825924, 34.843853532594331 ], [ 114.250845320892608, 34.843472496909733 ], [ 114.250940579813758, 34.843663014752032 ] ] ] ] } },
{ "type": "Feature", "properties": { "FID": 116, "layer": "4", "path": "D:/1 work/数据/树/4.shp" }, "geometry": { "type": "MultiPolygon", "coordinates": [ [ [ [ 114.253363728620471, 34.843996420976076 ], [ 114.255673757458354, 34.844383410343248 ], [ 114.255673757458354, 34.844216707231233 ], [ 114.253387543350755, 34.843865439959494 ], [ 114.253363728620471, 34.843996420976076 ] ] ] ] } },
{ "type": "Feature", "properties": { "FID": 117, "layer": "4", "path": "D:/1 work/数据/树/4.shp" }, "geometry": { "type": "MultiPolygon", "coordinates": [ [ [ [ 114.255882136348362, 34.844431039803823 ], [ 114.257197900196743, 34.844621557646121 ], [ 114.257090733910445, 34.844454854534106 ], [ 114.255899997396085, 34.844264336691808 ], [ 114.255882136348362, 34.844431039803823 ] ] ] ] } },
{ "type": "Feature", "properties": { "FID": 118, "layer": "4", "path": "D:/1 work/数据/树/4.shp" }, "geometry": { "type": "MultiPolygon", "coordinates": [ [ [ [ 114.259085217571965, 34.847532908423759 ], [ 114.261627440030153, 34.847282853755736 ], [ 114.261627440030153, 34.847235224295162 ], [ 114.259085217571965, 34.847455510550326 ], [ 114.259085217571965, 34.847532908423759 ] ] ] ] } },
{ "type": "Feature", "properties": { "FID": 119, "layer": "4", "path": "D:/1 work/数据/树/4.shp" }, "geometry": { "type": "MultiPolygon", "coordinates": [ [ [ [ 114.264065473043331, 34.848658154429828 ], [ 114.2645566518555, 34.84865220074726 ], [ 114.264449485569216, 34.848482520793958 ], [ 114.264226222472772, 34.848518242889391 ], [ 114.264154778281906, 34.848238419808517 ], [ 114.264273851933339, 34.848175906141513 ], [ 114.264226222472772, 34.847967527251498 ], [ 114.264089287773615, 34.847839523076203 ], [ 114.26374397418445, 34.847794870456909 ], [ 114.263678483676159, 34.847625190503614 ], [ 114.263490942675134, 34.847651982075185 ], [ 114.263520711088006, 34.847922874632204 ], [ 114.26372313629544, 34.848006226188211 ], [ 114.264065473043331, 34.848658154429828 ] ] ] ] } },
{ "type": "Feature", "properties": { "FID": 120, "layer": "4", "path": "D:/1 work/数据/树/4.shp" }, "geometry": { "type": "MultiPolygon", "coordinates": [ [ [ [ 114.265902184116726, 34.848113392474509 ], [ 114.266176053515025, 34.848092554585506 ], [ 114.266179030356312, 34.847925851473498 ], [ 114.266128424054457, 34.847961573568924 ], [ 114.266095678800312, 34.848035994601076 ], [ 114.265860508338719, 34.848050878807506 ], [ 114.265902184116726, 34.848113392474509 ] ] ] ] } },
{ "type": "Feature", "properties": { "FID": 121, "layer": "4", "path": "D:/1 work/数据/树/4.shp" }, "geometry": { "type": "MultiPolygon", "coordinates": [ [ [ [ 114.265812878878151, 34.847913944108349 ], [ 114.265905160958013, 34.847884175695491 ], [ 114.265845624132297, 34.847604352614617 ], [ 114.265857531497431, 34.847485278963177 ], [ 114.265714643115714, 34.847485278963177 ], [ 114.265812878878151, 34.847913944108349 ] ] ] ] } },
{ "type": "Feature", "properties": { "FID": 122, "layer": "4", "path": "D:/1 work/数据/树/4.shp" }, "geometry": { "type": "MultiPolygon", "coordinates": [ [ [ [ 114.265044853826382, 34.847967527251498 ], [ 114.265077599080527, 34.848068739855222 ], [ 114.265154996953953, 34.848056832490073 ], [ 114.265211556938397, 34.848143160887368 ], [ 114.265116298017233, 34.848161021935084 ], [ 114.26511927485852, 34.848226512443375 ], [ 114.265208580097109, 34.848244373491092 ], [ 114.265324676907255, 34.848214605078233 ], [ 114.265318723224681, 34.847768078885338 ], [ 114.265488403177983, 34.847765102044058 ], [ 114.265604499988129, 34.848083624061651 ], [ 114.265640222083562, 34.848056832490073 ], [ 114.265503287384405, 34.847568630519184 ], [ 114.265217510620957, 34.847607329455897 ], [ 114.265205603255822, 34.847910967267062 ], [ 114.265044853826382, 34.847967527251498 ] ] ] ] } },
{ "type": "Feature", "properties": { "FID": 123, "layer": "4", "path": "D:/1 work/数据/树/4.shp" }, "geometry": { "type": "MultiPolygon", "coordinates": [ [ [ [ 114.26392853834416, 34.847291784279584 ], [ 114.264098218297462, 34.847235224295147 ], [ 114.263943422550582, 34.846857165451837 ], [ 114.264065473043317, 34.846752976006826 ], [ 114.263994028852451, 34.846726184435255 ], [ 114.263869001518444, 34.846818466515117 ], [ 114.263940445709309, 34.847095312754711 ], [ 114.263833279423011, 34.847134011691423 ], [ 114.263833279423011, 34.847136988532711 ], [ 114.26392853834416, 34.847291784279584 ] ] ] ] } },
{ "type": "Feature", "properties": { "FID": 124, "layer": "4", "path": "D:/1 work/数据/树/4.shp" }, "geometry": { "type": "MultiPolygon", "coordinates": [ [ [ [ 114.264945129643252, 34.846607110783822 ], [ 114.265180300104845, 34.846565435005822 ], [ 114.265150531691987, 34.84638087084609 ], [ 114.265082064342408, 34.846345148750665 ], [ 114.264861778087251, 34.846363009798374 ], [ 114.264894523341397, 34.846482083449814 ], [ 114.265046342246976, 34.84646124556081 ], [ 114.265064203294685, 34.846529712910389 ], [ 114.264977874897397, 34.846541620275531 ], [ 114.264962990690961, 34.846473152925959 ], [ 114.264896199506993, 34.846484414181496 ], [ 114.264945129643252, 34.846607110783822 ] ] ] ] } },
{ "type": "Feature", "properties": { "FID": 125, "layer": "4", "path": "D:/1 work/数据/树/4.shp" }, "geometry": { "type": "MultiPolygon", "coordinates": [ [ [ [ 114.263179862760694, 34.846514828703953 ], [ 114.263483500571866, 34.846467199243378 ], [ 114.263504338460862, 34.846336218226796 ], [ 114.263179862760694, 34.846371940322229 ], [ 114.263179862760694, 34.846514828703953 ] ] ] ] } },
{ "type": "Feature", "properties": { "FID": 126, "layer": "4", "path": "D:/1 work/数据/树/4.shp" }, "geometry": { "type": "MultiPolygon", "coordinates": [ [ [ [ 114.263409079539713, 34.846699392863677 ], [ 114.263623412112295, 34.846705346546251 ], [ 114.263587690016863, 34.846610087625102 ], [ 114.263513268984724, 34.846610087625102 ], [ 114.26348945425444, 34.846496967656236 ], [ 114.263361450079145, 34.846538643434236 ], [ 114.263409079539713, 34.846699392863677 ] ] ] ] } },
{ "type": "Feature", "properties": { "FID": 127, "layer": "4", "path": "D:/1 work/数据/树/4.shp" }, "geometry": { "type": "MultiPolygon", "coordinates": [ [ [ [ 114.263556433183368, 34.846480595029163 ], [ 114.263959795177612, 34.846424035044727 ], [ 114.263937468867965, 34.846382359266727 ], [ 114.263635319477444, 34.846413616100229 ], [ 114.263596620540724, 34.846324310861647 ], [ 114.26352815319116, 34.84634514875065 ], [ 114.263556433183368, 34.846480595029163 ] ] ] ] } },
{ "type": "Feature", "properties": { "FID": 128, "layer": "4", "path": "D:/1 work/数据/树/4.shp" }, "geometry": { "type": "MultiPolygon", "coordinates": [ [ [ [ 114.263663599469638, 34.846837815983484 ], [ 114.263778207859147, 34.846797628626121 ], [ 114.26369932156507, 34.846726184435262 ], [ 114.263650203683852, 34.8466339023554 ], [ 114.263599597381983, 34.8466339023554 ], [ 114.263663599469638, 34.846837815983484 ] ] ] ] } },
{ "type": "Feature", "properties": { "FID": 129, "layer": "4", "path": "D:/1 work/数据/树/4.shp" }, "geometry": { "type": "MultiPolygon", "coordinates": [ [ [ [ 114.262575563979581, 34.847177175890074 ], [ 114.262772035504454, 34.847084893810212 ], [ 114.262827107068247, 34.846651763403109 ], [ 114.262789896552178, 34.846641344458604 ], [ 114.262379092454722, 34.846709811808182 ], [ 114.262495189264868, 34.847159314842358 ], [ 114.26252942293965, 34.847192060096503 ], [ 114.262575563979581, 34.847177175890074 ] ] ] ] } },
{ "type": "Feature", "properties": { "FID": 130, "layer": "4", "path": "D:/1 work/数据/树/4.shp" }, "geometry": { "type": "MultiPolygon", "coordinates": [ [ [ [ 114.262828595488884, 34.847052148556067 ], [ 114.262895574417826, 34.847098289595998 ], [ 114.262958088084829, 34.847080428548281 ], [ 114.2629015281004, 34.847061079079921 ], [ 114.262928319671971, 34.846842281245408 ], [ 114.262876224949466, 34.846843769666052 ], [ 114.262828595488884, 34.847052148556067 ] ] ] ] } },
{ "type": "Feature", "properties": { "FID": 131, "layer": "4", "path": "D:/1 work/数据/树/4.shp" }, "geometry": { "type": "MultiPolygon", "coordinates": [ [ [ [ 114.263233445903779, 34.847008984357423 ], [ 114.263340612190078, 34.846985169627132 ], [ 114.263220050117994, 34.846788698102259 ], [ 114.263159024871626, 34.84681251283255 ], [ 114.263233445903779, 34.847008984357423 ] ] ] ] } },
{ "type": "Feature", "properties": { "FID": 132, "layer": "4", "path": "D:/1 work/数据/树/4.shp" }, "geometry": { "type": "MultiPolygon", "coordinates": [ [ [ [ 114.261986149404947, 34.844987709124261 ], [ 114.263036974378878, 34.845508656349303 ], [ 114.263358473237759, 34.84547293425387 ], [ 114.26329000588818, 34.84513655118856 ], [ 114.261986149404947, 34.844987709124261 ] ] ] ] } },
{ "type": "Feature", "properties": { "FID": 133, "layer": "4", "path": "D:/1 work/数据/树/4.shp" }, "geometry": { "type": "MultiPolygon", "coordinates": [ [ [ [ 114.263394195333191, 34.845422327952008 ], [ 114.263697833144363, 34.845455073206153 ], [ 114.263962772018814, 34.84539255953915 ], [ 114.263968725701389, 34.845291346935426 ], [ 114.264593862371427, 34.845196088014276 ], [ 114.264599816054002, 34.845175250125273 ], [ 114.263301913253329, 34.845133574347273 ], [ 114.263394195333191, 34.845422327952008 ] ] ] ] } },
{ "type": "Feature", "properties": { "FID": 134, "layer": "4", "path": "D:/1 work/数据/树/4.shp" }, "geometry": { "type": "MultiPolygon", "coordinates": [ [ [ [ 114.267365301608635, 34.845568193175005 ], [ 114.267847549896942, 34.845514610031863 ], [ 114.267823735166658, 34.845383629015281 ], [ 114.26735934792606, 34.845383629015281 ], [ 114.267365301608635, 34.845568193175005 ] ] ] ] } },
{ "type": "Feature", "properties": { "FID": 135, "layer": "4", "path": "D:/1 work/数据/树/4.shp" }, "geometry": { "type": "MultiPolygon", "coordinates": [ [ [ [ 114.265329142169051, 34.846065325669755 ], [ 114.265492868439779, 34.846026626733043 ], [ 114.265516683170063, 34.846136769860621 ], [ 114.265620872615074, 34.846115931971617 ], [ 114.265620872615074, 34.846115931971617 ], [ 114.265611942091212, 34.845919460446744 ], [ 114.265516683170063, 34.845907553081602 ], [ 114.265501798963641, 34.845821224684308 ], [ 114.265260674819473, 34.84585694677974 ], [ 114.265329142169051, 34.846065325669755 ] ] ] ] } },
{ "type": "Feature", "properties": { "FID": 136, "layer": "4", "path": "D:/1 work/数据/树/4.shp" }, "geometry": { "type": "MultiPolygon", "coordinates": [ [ [ [ 114.265433331614062, 34.84648803713236 ], [ 114.265707201012361, 34.846437430830498 ], [ 114.265638733662783, 34.84619332984505 ], [ 114.265516683170063, 34.846306449813916 ], [ 114.26534700321676, 34.846321334020345 ], [ 114.265433331614062, 34.84648803713236 ] ] ] ] } },
{ "type": "Feature", "properties": { "FID": 137, "layer": "4", "path": "D:/1 work/数据/树/4.shp" }, "geometry": { "type": "MultiPolygon", "coordinates": [ [ [ [ 114.266576438667855, 34.846598180259939 ], [ 114.267017011178169, 34.846482083449786 ], [ 114.267189667972758, 34.846422546624069 ], [ 114.267326602671915, 34.846306449813916 ], [ 114.267275996370046, 34.846282635083632 ], [ 114.267210505861755, 34.846360032957065 ], [ 114.267002126971747, 34.846357056115778 ], [ 114.266951520669878, 34.846249889829487 ], [ 114.266856261748728, 34.846273704559771 ], [ 114.266889007002874, 34.846425523465356 ], [ 114.266886030161587, 34.846479106608506 ], [ 114.266585369191716, 34.846520782386506 ], [ 114.266576438667855, 34.846598180259939 ] ] ] ] } },
{ "type": "Feature", "properties": { "FID": 138, "layer": "4", "path": "D:/1 work/数据/树/4.shp" }, "geometry": { "type": "MultiPolygon", "coordinates": [ [ [ [ 114.266481179746677, 34.847651982075163 ], [ 114.266856261748714, 34.847601375773301 ], [ 114.266921752257005, 34.847765102044029 ], [ 114.267073571162584, 34.847714495742167 ], [ 114.267508189990323, 34.847321552692428 ], [ 114.266579415509113, 34.847467417915432 ], [ 114.266451411333819, 34.847515047376014 ], [ 114.266481179746677, 34.847651982075163 ] ] ] ] } },
{ "type": "Feature", "properties": { "FID": 139, "layer": "4", "path": "D:/1 work/数据/树/4.shp" }, "geometry": { "type": "MultiPolygon", "coordinates": [ [ [ [ 114.267335533195762, 34.847303691644711 ], [ 114.267514143672926, 34.847288807438282 ], [ 114.267457583688483, 34.846851211769255 ], [ 114.267305764782904, 34.846883957023401 ], [ 114.267335533195762, 34.847303691644711 ] ] ] ] } },
{ "type": "Feature", "properties": { "FID": 140, "layer": "4", "path": "D:/1 work/数据/树/4.shp" }, "geometry": { "type": "MultiPolygon", "coordinates": [ [ [ [ 114.266225171396115, 34.847297737962144 ], [ 114.266359129253985, 34.847238201136427 ], [ 114.266293638745694, 34.847101266437271 ], [ 114.266195402983257, 34.847128058008849 ], [ 114.266225171396115, 34.847297737962144 ] ] ] ] } },
{ "type": "Feature", "properties": { "FID": 141, "layer": "4", "path": "D:/1 work/数据/树/4.shp" }, "geometry": { "type": "MultiPolygon", "coordinates": [ [ [ [ 114.264257479306067, 34.845883738351318 ], [ 114.264385483481362, 34.845981974113755 ], [ 114.264516464497945, 34.845976020431188 ], [ 114.264459904513515, 34.845833132049464 ], [ 114.264275340353791, 34.845848016255893 ], [ 114.264257479306067, 34.845883738351318 ] ] ] ] } },
{ "type": "Feature", "properties": { "FID": 142, "layer": "4", "path": "D:/1 work/数据/树/4.shp" }, "geometry": { "type": "MultiPolygon", "coordinates": [ [ [ [ 114.267761221499569, 34.845853969938467 ], [ 114.267933878294144, 34.845836108890751 ], [ 114.267886248833577, 34.845600938429165 ], [ 114.267746337293133, 34.845586054222736 ], [ 114.267761221499569, 34.845853969938467 ] ] ] ] } },
{ "type": "Feature", "properties": { "FID": 143, "layer": "4", "path": "D:/1 work/数据/树/4.shp" }, "geometry": { "type": "MultiPolygon", "coordinates": [ [ [ [ 114.268279191883309, 34.845642614207165 ], [ 114.268660227567906, 34.845657498413594 ], [ 114.269458021032534, 34.845547355286016 ], [ 114.269446113667399, 34.845386605856575 ], [ 114.26830598345488, 34.845389582697862 ], [ 114.268279191883309, 34.845642614207165 ] ] ] ] } },
{ "type": "Feature", "properties": { "FID": 144, "layer": "4", "path": "D:/1 work/数据/树/4.shp" }, "geometry": { "type": "MultiPolygon", "coordinates": [ [ [ [ 114.268359566598036, 34.846488037132374 ], [ 114.268448871836611, 34.846508875021371 ], [ 114.268216678216319, 34.846166538273494 ], [ 114.268145234025454, 34.846211190892781 ], [ 114.268359566598036, 34.846488037132374 ] ] ] ] } },
{ "type": "Feature", "properties": { "FID": 145, "layer": "4", "path": "D:/1 work/数据/树/4.shp" }, "geometry": { "type": "MultiPolygon", "coordinates": [ [ [ [ 114.268892421188227, 34.846678554974673 ], [ 114.268773347536779, 34.846538643434229 ], [ 114.268663204409208, 34.846339195068076 ], [ 114.26842208026504, 34.84636003295708 ], [ 114.268603667583491, 34.846491013973655 ], [ 114.268707857028488, 34.846595203418666 ], [ 114.268892421188227, 34.846678554974673 ] ] ] ] } },
{ "type": "Feature", "properties": { "FID": 146, "layer": "4", "path": "D:/1 work/数据/树/4.shp" }, "geometry": { "type": "MultiPolygon", "coordinates": [ [ [ [ 114.273997703993558, 34.846616041307662 ], [ 114.27430134180473, 34.84648506029108 ], [ 114.275575429875104, 34.846556504481939 ], [ 114.275831438225694, 34.846514828703938 ], [ 114.276444667530598, 34.846246912988207 ], [ 114.27740916410724, 34.846288588766207 ], [ 114.277760431378979, 34.846086163558766 ], [ 114.277909273443271, 34.845961136224759 ], [ 114.277581820901815, 34.84539553638043 ], [ 114.273378521006123, 34.845425304793295 ], [ 114.273997703993558, 34.846616041307662 ] ] ] ] } },
{ "type": "Feature", "properties": { "FID": 147, "layer": "4", "path": "D:/1 work/数据/树/4.shp" }, "geometry": { "type": "MultiPolygon", "coordinates": [ [ [ [ 114.265799483092067, 34.854111727665632 ], [ 114.265975116727944, 34.854132565554636 ], [ 114.265233883247745, 34.853290119470714 ], [ 114.265189230628465, 34.853343702613863 ], [ 114.2654779842332, 34.853799159330613 ], [ 114.265799483092067, 34.854111727665632 ] ] ] ] } },
{ "type": "Feature", "properties": { "FID": 148, "layer": "4", "path": "D:/1 work/数据/树/4.shp" }, "geometry": { "type": "MultiPolygon", "coordinates": [ [ [ [ 114.277301997820857, 34.863610828209012 ], [ 114.277415117789729, 34.863652503987019 ], [ 114.277828898728444, 34.862193851756913 ], [ 114.277754477696291, 34.862208735963343 ], [ 114.277709825077011, 34.862336740138637 ], [ 114.277635404044858, 34.862315902249641 ], [ 114.277301997820857, 34.863610828209012 ] ] ] ] } },
{ "type": "Feature", "properties": { "FID": 149, "layer": "4", "path": "D:/1 work/数据/树/4.shp" }, "geometry": { "type": "MultiPolygon", "coordinates": [ [ [ [ 114.277691964029287, 34.863015459951832 ], [ 114.277808060839448, 34.863069043094981 ], [ 114.27798369447531, 34.862494512726798 ], [ 114.277870574506451, 34.86250642009194 ], [ 114.277691964029287, 34.863015459951832 ] ] ] ] } },
{ "type": "Feature", "properties": { "FID": 150, "layer": "4", "path": "D:/1 work/数据/树/4.shp" }, "geometry": { "type": "MultiPolygon", "coordinates": [ [ [ [ 114.422116395857287, 34.750083032087531 ], [ 114.422283098969302, 34.750321179390404 ], [ 114.42256887573275, 34.750333086755553 ], [ 114.425700512765545, 34.747368152834767 ], [ 114.425414736002097, 34.746999024515311 ], [ 114.424771738284335, 34.746939487689595 ], [ 114.424164462662006, 34.746367934162691 ], [ 114.423283317641378, 34.747439597025625 ], [ 114.423485742848811, 34.748606518809716 ], [ 114.423235688180796, 34.749130442876037 ], [ 114.422283098969302, 34.7495829227515 ], [ 114.422425987351019, 34.749856792149799 ], [ 114.422116395857287, 34.750083032087531 ] ] ] ] } },
{ "type": "Feature", "properties": { "FID": 151, "layer": "4", "path": "D:/1 work/数据/树/4.shp" }, "geometry": { "type": "MultiPolygon", "coordinates": [ [ [ [ 114.422080673761855, 34.749440034369769 ], [ 114.422461709446452, 34.749451941734918 ], [ 114.423176151355079, 34.748987554494313 ], [ 114.423354761832229, 34.748582704079425 ], [ 114.423307132371662, 34.747987335822238 ], [ 114.422711764114467, 34.747939706361663 ], [ 114.422116395857287, 34.748666055635432 ], [ 114.422080673761855, 34.749440034369769 ] ] ] ] } },
{ "type": "Feature", "properties": { "FID": 152, "layer": "4", "path": "D:/1 work/数据/树/4.shp" }, "geometry": { "type": "MultiPolygon", "coordinates": [ [ [ [ 114.419800413336858, 34.75017233732612 ], [ 114.421741313855279, 34.750077078404971 ], [ 114.422205701095891, 34.749862745832381 ], [ 114.421931831697577, 34.749362636496343 ], [ 114.422027090618727, 34.748636287222581 ], [ 114.422134256905025, 34.748445769380275 ], [ 114.421919924332443, 34.748279066268267 ], [ 114.420967335120935, 34.749219748114619 ], [ 114.419895672258008, 34.749707950085515 ], [ 114.419800413336858, 34.75017233732612 ] ] ] ] } },
{ "type": "Feature", "properties": { "FID": 153, "layer": "4", "path": "D:/1 work/数据/树/4.shp" }, "geometry": { "type": "MultiPolygon", "coordinates": [ [ [ [ 114.422205701095905, 34.748421954650006 ], [ 114.422622458875935, 34.747862308488251 ], [ 114.423253549228548, 34.747826586392819 ], [ 114.423229734498264, 34.747469365438512 ], [ 114.422908235639383, 34.747171681309915 ], [ 114.422027090618741, 34.7481480852517 ], [ 114.422205701095905, 34.748421954650006 ] ] ] ] } },
{ "type": "Feature", "properties": { "FID": 154, "layer": "4", "path": "D:/1 work/数据/树/4.shp" }, "geometry": { "type": "MultiPolygon", "coordinates": [ [ [ [ 114.423723890151692, 34.746737062482197 ], [ 114.424084087947293, 34.746189323685584 ], [ 114.423491696531386, 34.74642151730589 ], [ 114.423723890151692, 34.746737062482197 ] ] ] ] } },
{ "type": "Feature", "properties": { "FID": 155, "layer": "4", "path": "D:/1 work/数据/树/4.shp" }, "geometry": { "type": "MultiPolygon", "coordinates": [ [ [ [ 114.426965670312029, 34.749445988052372 ], [ 114.428391577287982, 34.749425150163376 ], [ 114.428385623605408, 34.749341798607368 ], [ 114.426986508201026, 34.749401335433085 ], [ 114.426965670312029, 34.749445988052372 ] ] ] ] } },
{ "type": "Feature", "properties": { "FID": 156, "layer": "4", "path": "D:/1 work/数据/树/4.shp" }, "geometry": { "type": "MultiPolygon", "coordinates": [ [ [ [ 114.426400070467693, 34.770221363386867 ], [ 114.426810874565149, 34.770114197100568 ], [ 114.426406024150268, 34.76864363750532 ], [ 114.425995220052798, 34.768750803791619 ], [ 114.426400070467693, 34.770221363386867 ] ] ] ] } },
{ "type": "Feature", "properties": { "FID": 157, "layer": "4", "path": "D:/1 work/数据/树/4.shp" }, "geometry": { "type": "MultiPolygon", "coordinates": [ [ [ [ 114.467432850752857, 34.815094268930984 ], [ 114.468552143076366, 34.814915658453828 ], [ 114.468385439964351, 34.8141178649892 ], [ 114.467849608532887, 34.814439363848081 ], [ 114.467325684466573, 34.814510808038939 ], [ 114.467432850752857, 34.815094268930984 ] ] ] ] } },
{ "type": "Feature", "properties": { "FID": 158, "layer": "4", "path": "D:/1 work/数据/树/4.shp" }, "geometry": { "type": "MultiPolygon", "coordinates": [ [ [ [ 114.467254240275707, 34.814356012292073 ], [ 114.467825793802604, 34.814284568101208 ], [ 114.46821873685235, 34.814034513433192 ], [ 114.468147292661484, 34.813784458765177 ], [ 114.467158981354558, 34.813951161877185 ], [ 114.467254240275707, 34.814356012292073 ] ] ] ] } },
{ "type": "Feature", "properties": { "FID": 159, "layer": "4", "path": "D:/1 work/数据/树/4.shp" }, "geometry": { "type": "MultiPolygon", "coordinates": [ [ [ [ 114.467861515898036, 34.816249283349926 ], [ 114.468695031458097, 34.816380264366508 ], [ 114.468647401997515, 34.815141898391559 ], [ 114.467659090690589, 34.81524906467785 ], [ 114.467861515898036, 34.816249283349926 ] ] ] ] } },
{ "type": "Feature", "properties": { "FID": 160, "layer": "4", "path": "D:/1 work/数据/树/4.shp" }, "geometry": { "type": "MultiPolygon", "coordinates": [ [ [ [ 114.465599116520721, 34.813689199844028 ], [ 114.466420724715647, 34.813510589366871 ], [ 114.466301651064214, 34.81318909050799 ], [ 114.466087318491617, 34.813129553682273 ], [ 114.466087318491617, 34.813391515715431 ], [ 114.465622931251019, 34.813462959906296 ], [ 114.465599116520721, 34.813689199844028 ] ] ] ] } },
{ "type": "Feature", "properties": { "FID": 161, "layer": "4", "path": "D:/1 work/数据/树/4.shp" }, "geometry": { "type": "MultiPolygon", "coordinates": [ [ [ [ 114.349788083132921, 34.851637972557029 ], [ 114.350109581991802, 34.85156652836617 ], [ 114.350038137800937, 34.850721105440968 ], [ 114.351288411141027, 34.850030478262632 ], [ 114.350788301804997, 34.847791893615614 ], [ 114.349276066431742, 34.848053855648772 ], [ 114.349740453672354, 34.850554402328953 ], [ 114.349788083132921, 34.851637972557029 ] ] ] ] } },
{ "type": "Feature", "properties": { "FID": 162, "layer": "4", "path": "D:/1 work/数据/树/4.shp" }, "geometry": { "type": "MultiPolygon", "coordinates": [ [ [ [ 114.347740016328217, 34.850351977121512 ], [ 114.349454676908906, 34.850280532930654 ], [ 114.348835493921428, 34.848172929300219 ], [ 114.347537591120769, 34.848303910316794 ], [ 114.347573313216202, 34.849042166955705 ], [ 114.346894593403007, 34.849232684798004 ], [ 114.347251814357321, 34.850375791851803 ], [ 114.347740016328217, 34.850351977121512 ] ] ] ] } },
{ "type": "Feature", "properties": { "FID": 163, "layer": "4", "path": "D:/1 work/数据/树/4.shp" }, "geometry": { "type": "MultiPolygon", "coordinates": [ [ [ [ 114.34752568375562, 34.84807767037907 ], [ 114.348764049730576, 34.847827615711047 ], [ 114.348621161348845, 34.847327506375009 ], [ 114.347454239564769, 34.847684727329323 ], [ 114.34752568375562, 34.84807767037907 ] ] ] ] } },
{ "type": "Feature", "properties": { "FID": 164, "layer": "4", "path": "D:/1 work/数据/树/4.shp" }, "geometry": { "type": "MultiPolygon", "coordinates": [ [ [ [ 114.346739797656113, 34.847732356789905 ], [ 114.347930534170473, 34.847470394756741 ], [ 114.347870997344756, 34.847303691644733 ], [ 114.346549279813814, 34.847601375773323 ], [ 114.34367960481417, 34.850101922453504 ], [ 114.343078282874416, 34.850840179092401 ], [ 114.341649399057204, 34.851340288428446 ], [ 114.340667041432809, 34.85166178728732 ], [ 114.340422940447368, 34.85191779563791 ], [ 114.340536060416227, 34.852096406115066 ], [ 114.341018308704548, 34.852096406115066 ], [ 114.342107832615199, 34.85170346306532 ], [ 114.343495040654446, 34.851054511664991 ], [ 114.344298787801648, 34.849994756167206 ], [ 114.346739797656113, 34.847732356789905 ] ] ] ] } },
{ "type": "Feature", "properties": { "FID": 165, "layer": "4", "path": "D:/1 work/数据/树/4.shp" }, "geometry": { "type": "MultiPolygon", "coordinates": [ [ [ [ 114.346340900923821, 34.851024743252133 ], [ 114.347049389149873, 34.850899715918125 ], [ 114.346936269181001, 34.850756827536401 ], [ 114.346317086193537, 34.850923530648409 ], [ 114.346340900923821, 34.851024743252133 ] ] ] ] } },
{ "type": "Feature", "properties": { "FID": 166, "layer": "4", "path": "D:/1 work/数据/树/4.shp" }, "geometry": { "type": "MultiPolygon", "coordinates": [ [ [ [ 114.347132740705874, 34.850858040140118 ], [ 114.349240344336309, 34.850351977121512 ], [ 114.349216529606025, 34.850304347660938 ], [ 114.347710247915344, 34.850357930804087 ], [ 114.347614988994195, 34.850542494963811 ], [ 114.347067250197583, 34.850721105440968 ], [ 114.347132740705874, 34.850858040140118 ] ] ] ] } },
{ "type": "Feature", "properties": { "FID": 167, "layer": "4", "path": "D:/1 work/数据/树/4.shp" }, "geometry": { "type": "MultiPolygon", "coordinates": [ [ [ [ 114.346037263112635, 34.850625846519819 ], [ 114.346388530384374, 34.850530587598669 ], [ 114.346317086193523, 34.85029839397837 ], [ 114.345995587334642, 34.850429374994953 ], [ 114.345995587334642, 34.850429374994953 ], [ 114.346037263112635, 34.850625846519819 ] ] ] ] } },
{ "type": "Feature", "properties": { "FID": 168, "layer": "4", "path": "D:/1 work/数据/树/4.shp" }, "geometry": { "type": "MultiPolygon", "coordinates": [ [ [ [ 114.346096799938337, 34.849697072038616 ], [ 114.346567140861509, 34.849697072038616 ], [ 114.346483789305495, 34.849262453210869 ], [ 114.345983679969464, 34.849363665814593 ], [ 114.346096799938337, 34.849697072038616 ] ] ] ] } },
{ "type": "Feature", "properties": { "FID": 169, "layer": "4", "path": "D:/1 work/数据/树/4.shp" }, "geometry": { "type": "MultiPolygon", "coordinates": [ [ [ [ 114.345590736919732, 34.849375573179728 ], [ 114.345936050508897, 34.849304128988862 ], [ 114.345614551650016, 34.848780204922541 ], [ 114.345364496982, 34.84897072276484 ], [ 114.345590736919732, 34.849375573179728 ] ] ] ] } },
{ "type": "Feature", "properties": { "FID": 170, "layer": "4", "path": "D:/1 work/数据/树/4.shp" }, "geometry": { "type": "MultiPolygon", "coordinates": [ [ [ [ 114.3466326313698, 34.849649442578034 ], [ 114.346924361815823, 34.849613720482601 ], [ 114.346775519751532, 34.849202916385138 ], [ 114.346561187178935, 34.84926840689343 ], [ 114.3466326313698, 34.849649442578034 ] ] ] ] } },
{ "type": "Feature", "properties": { "FID": 171, "layer": "4", "path": "D:/1 work/数据/树/4.shp" }, "geometry": { "type": "MultiPolygon", "coordinates": [ [ [ [ 114.342482914617193, 34.850994974839246 ], [ 114.343018746048656, 34.850834225409805 ], [ 114.343322383859828, 34.850435328677491 ], [ 114.344572657199919, 34.849089796416266 ], [ 114.345578829554555, 34.848161021935056 ], [ 114.346495696670615, 34.847452533709003 ], [ 114.347180370166384, 34.847303691644704 ], [ 114.347180370166384, 34.847142942215264 ], [ 114.346561187178906, 34.847214386406122 ], [ 114.345019183392807, 34.848428937650787 ], [ 114.344078501546448, 34.848946908034534 ], [ 114.343054468144061, 34.849976895119468 ], [ 114.342852042936613, 34.849970941436894 ], [ 114.342715108237471, 34.849673257308304 ], [ 114.342322165187724, 34.849887589880893 ], [ 114.34273296928518, 34.850441282360073 ], [ 114.342530544077732, 34.850727059123521 ], [ 114.342482914617193, 34.850994974839246 ] ] ] ] } },
{ "type": "Feature", "properties": { "FID": 172, "layer": "4", "path": "D:/1 work/数据/树/4.shp" }, "geometry": { "type": "MultiPolygon", "coordinates": [ [ [ [ 114.341702982200246, 34.851256936872417 ], [ 114.342113786297702, 34.851149770586119 ], [ 114.341566047501104, 34.850119783501192 ], [ 114.341351714928507, 34.850220996104909 ], [ 114.341702982200246, 34.851256936872417 ] ] ] ] } },
{ "type": "Feature", "properties": { "FID": 173, "layer": "4", "path": "D:/1 work/数据/树/4.shp" }, "geometry": { "type": "MultiPolygon", "coordinates": [ [ [ [ 114.342095925250021, 34.849583952069722 ], [ 114.342084017884872, 34.849482739466005 ], [ 114.341732750613133, 34.849595859434871 ], [ 114.341673213787416, 34.849447017370572 ], [ 114.342054249472014, 34.849375573179707 ], [ 114.342060203154588, 34.849262453210848 ], [ 114.341583908548841, 34.849387480544856 ], [ 114.341679167469991, 34.849667303625729 ], [ 114.342095925250021, 34.849583952069722 ] ] ] ] } },
{ "type": "Feature", "properties": { "FID": 174, "layer": "4", "path": "D:/1 work/数据/树/4.shp" }, "geometry": { "type": "MultiPolygon", "coordinates": [ [ [ [ 114.342459099886881, 34.848827834383101 ], [ 114.342500775664888, 34.848690899683945 ], [ 114.341393390706514, 34.848780204922527 ], [ 114.341339807563372, 34.84889927857396 ], [ 114.342459099886881, 34.848827834383101 ] ] ] ] } },
{ "type": "Feature", "properties": { "FID": 175, "layer": "4", "path": "D:/1 work/数据/树/4.shp" }, "geometry": { "type": "MultiPolygon", "coordinates": [ [ [ [ 114.341399344389089, 34.848714714414236 ], [ 114.342518636712597, 34.84860159444537 ], [ 114.342655571411754, 34.848428937650787 ], [ 114.341435066484522, 34.848625409175661 ], [ 114.341399344389089, 34.848714714414236 ] ] ] ] } },
{ "type": "Feature", "properties": { "FID": 176, "layer": "4", "path": "D:/1 work/数据/树/4.shp" }, "geometry": { "type": "MultiPolygon", "coordinates": [ [ [ [ 114.329777756008809, 34.851298612650425 ], [ 114.330831557824027, 34.851721324113022 ], [ 114.330849418871736, 34.851637972557022 ], [ 114.330331448487982, 34.85141173261929 ], [ 114.330402892678848, 34.851239075824708 ], [ 114.330956585158034, 34.851429593667007 ], [ 114.331004214618602, 34.851298612650425 ], [ 114.330563642108288, 34.851143816903559 ], [ 114.33010520855025, 34.850989021156686 ], [ 114.329902783342817, 34.850977113791544 ], [ 114.329777756008809, 34.851298612650425 ] ] ] ] } },
{ "type": "Feature", "properties": { "FID": 177, "layer": "4", "path": "D:/1 work/数据/树/4.shp" }, "geometry": { "type": "MultiPolygon", "coordinates": [ [ [ [ 114.329926598073101, 34.850887808552969 ], [ 114.330325494805422, 34.850947345378685 ], [ 114.330908955697453, 34.851167631633842 ], [ 114.330926816745176, 34.851048557982409 ], [ 114.330557688425714, 34.850905669600678 ], [ 114.330039718041974, 34.850792549631819 ], [ 114.330051625407108, 34.850673475980379 ], [ 114.329783709691384, 34.85057821705923 ], [ 114.329771802326235, 34.850703244393237 ], [ 114.329962320168534, 34.850709198075812 ], [ 114.329926598073101, 34.850887808552969 ] ] ] ] } },
{ "type": "Feature", "properties": { "FID": 178, "layer": "4", "path": "D:/1 work/数据/树/4.shp" }, "geometry": { "type": "MultiPolygon", "coordinates": [ [ [ [ 114.330819650458878, 34.85173918516076 ], [ 114.333600020219947, 34.852822755388836 ], [ 114.333748862284239, 34.852280970274798 ], [ 114.332456913166141, 34.8518999345902 ], [ 114.330992307253467, 34.851370056841304 ], [ 114.330819650458878, 34.85173918516076 ] ] ] ] } },
{ "type": "Feature", "properties": { "FID": 179, "layer": "4", "path": "D:/1 work/数据/树/4.shp" }, "geometry": { "type": "MultiPolygon", "coordinates": [ [ [ [ 114.333617881267628, 34.852840616436559 ], [ 114.334356137906539, 34.853048995326574 ], [ 114.334231110572532, 34.852441719704245 ], [ 114.333760769649359, 34.85232859973538 ], [ 114.333683371775919, 34.852483395482245 ], [ 114.334135851651382, 34.852560793355678 ], [ 114.334207295842248, 34.852846570119134 ], [ 114.33366551072821, 34.852709635419977 ], [ 114.333617881267628, 34.852840616436559 ] ] ] ] } },
{ "type": "Feature", "properties": { "FID": 180, "layer": "4", "path": "D:/1 work/数据/树/4.shp" }, "geometry": { "type": "MultiPolygon", "coordinates": [ [ [ [ 114.334469257875398, 34.853013273231149 ], [ 114.334903876703152, 34.852590561768544 ], [ 114.334332323176255, 34.852423858656536 ], [ 114.334469257875398, 34.853013273231149 ] ] ] ] } },
{ "type": "Feature", "properties": { "FID": 181, "layer": "4", "path": "D:/1 work/数据/树/4.shp" }, "geometry": { "type": "MultiPolygon", "coordinates": [ [ [ [ 114.334606192574554, 34.853156161612873 ], [ 114.335969585883532, 34.853483614154328 ], [ 114.337386562335638, 34.85365627094891 ], [ 114.338392734690274, 34.853418123646037 ], [ 114.338630881993154, 34.854180195015232 ], [ 114.338726140914304, 34.854180195015232 ], [ 114.338440364150827, 34.853305003677185 ], [ 114.338863075613432, 34.853120439517454 ], [ 114.34016097841409, 34.852554839673132 ], [ 114.340446755177538, 34.852334553417968 ], [ 114.340202654192097, 34.851923749320513 ], [ 114.339845433237784, 34.851941610368229 ], [ 114.33873209459685, 34.852405997608834 ], [ 114.338678511453708, 34.852590561768558 ], [ 114.33839868837282, 34.852781079610864 ], [ 114.338404642055394, 34.852929921675155 ], [ 114.33770806119449, 34.853203791073454 ], [ 114.336809055126139, 34.853108532152305 ], [ 114.334975320894017, 34.852614376498835 ], [ 114.334564516796547, 34.853043041644007 ], [ 114.334606192574554, 34.853156161612873 ] ] ] ] } },
{ "type": "Feature", "properties": { "FID": 182, "layer": "4", "path": "D:/1 work/数据/树/4.shp" }, "geometry": { "type": "MultiPolygon", "coordinates": [ [ [ [ 114.337005526651026, 34.854686258033844 ], [ 114.337496705463195, 34.854558253858549 ], [ 114.3373687012879, 34.854064098205086 ], [ 114.336832869856437, 34.854111727665661 ], [ 114.337005526651026, 34.854686258033844 ] ] ] ] } },
{ "type": "Feature", "properties": { "FID": 183, "layer": "4", "path": "D:/1 work/数据/树/4.shp" }, "geometry": { "type": "MultiPolygon", "coordinates": [ [ [ [ 114.335252167133575, 34.856272914439238 ], [ 114.335341472372164, 34.856272914439238 ], [ 114.334835409353545, 34.854183171856519 ], [ 114.334769918845254, 34.854218893951945 ], [ 114.335252167133575, 34.856272914439238 ] ] ] ] } },
{ "type": "Feature", "properties": { "FID": 184, "layer": "4", "path": "D:/1 work/数据/树/4.shp" }, "geometry": { "type": "MultiPolygon", "coordinates": [ [ [ [ 114.335139047164716, 34.856272914439238 ], [ 114.335216445038142, 34.856261007074096 ], [ 114.334704428336963, 34.85426652341252 ], [ 114.33466275255897, 34.854349874968527 ], [ 114.335139047164716, 34.856272914439238 ] ] ] ] } },
{ "type": "Feature", "properties": { "FID": 185, "layer": "4", "path": "D:/1 work/数据/树/4.shp" }, "geometry": { "type": "MultiPolygon", "coordinates": [ [ [ [ 114.335564735468608, 34.858178092862232 ], [ 114.335639156500761, 34.858163208655803 ], [ 114.335484360753881, 34.857207642603022 ], [ 114.335448638658434, 34.857237411015866 ], [ 114.335564735468608, 34.858178092862232 ] ] ] ] } },
{ "type": "Feature", "properties": { "FID": 186, "layer": "4", "path": "D:/1 work/数据/树/4.shp" }, "geometry": { "type": "MultiPolygon", "coordinates": [ [ [ [ 114.335401009197852, 34.857174897348855 ], [ 114.335466499706143, 34.857168943666281 ], [ 114.335243236609699, 34.856302682852068 ], [ 114.335216445038128, 34.856329474423646 ], [ 114.335401009197852, 34.857174897348855 ] ] ] ] } },
{ "type": "Feature", "properties": { "FID": 187, "layer": "4", "path": "D:/1 work/数据/树/4.shp" }, "geometry": { "type": "MultiPolygon", "coordinates": [ [ [ [ 114.33618391845603, 34.860238067032064 ], [ 114.336326806837747, 34.860202344936638 ], [ 114.335701670167708, 34.858267398100779 ], [ 114.335636179659417, 34.85833288860907 ], [ 114.33618391845603, 34.860238067032064 ] ] ] ] } },
{ "type": "Feature", "properties": { "FID": 188, "layer": "4", "path": "D:/1 work/数据/树/4.shp" }, "geometry": { "type": "MultiPolygon", "coordinates": [ [ [ [ 114.3352164450381, 34.861717557151181 ], [ 114.33578799856501, 34.86155680772174 ], [ 114.336174987932182, 34.861098374163703 ], [ 114.33638336682219, 34.860556589049665 ], [ 114.33630001526619, 34.860235090190784 ], [ 114.336246432123033, 34.860270812286217 ], [ 114.336234524757899, 34.860711384796538 ], [ 114.336103543741316, 34.861128142576568 ], [ 114.335835628025578, 34.861431780387733 ], [ 114.335240259768398, 34.861663974008032 ], [ 114.3352164450381, 34.861717557151181 ] ] ] ] } },
{ "type": "Feature", "properties": { "FID": 189, "layer": "4", "path": "D:/1 work/数据/树/4.shp" }, "geometry": { "type": "MultiPolygon", "coordinates": [ [ [ [ 114.335162861894958, 34.861646112960315 ], [ 114.33579395224757, 34.861384150927158 ], [ 114.336032099550451, 34.86118172571971 ], [ 114.33620475634504, 34.860526820636807 ], [ 114.336139265836749, 34.860544681684523 ], [ 114.335942794311876, 34.861128142576568 ], [ 114.335722508056719, 34.861378197244584 ], [ 114.33519858399039, 34.861568715086882 ], [ 114.335162861894958, 34.861646112960315 ] ] ] ] } },
{ "type": "Feature", "properties": { "FID": 190, "layer": "4", "path": "D:/1 work/数据/树/4.shp" }, "geometry": { "type": "MultiPolygon", "coordinates": [ [ [ [ 114.335112255593089, 34.861794955024614 ], [ 114.335016996671939, 34.861663974008032 ], [ 114.333736954918962, 34.862036079168782 ], [ 114.33385007488782, 34.862229573852368 ], [ 114.335112255593089, 34.861794955024614 ] ] ] ] } },
{ "type": "Feature", "properties": { "FID": 191, "layer": "4", "path": "D:/1 work/数据/树/4.shp" }, "geometry": { "type": "MultiPolygon", "coordinates": [ [ [ [ 114.332894508835039, 34.86247665167911 ], [ 114.33351071498123, 34.862321855932244 ], [ 114.33338866448851, 34.862164083344084 ], [ 114.332894508835039, 34.862321855932244 ], [ 114.332894508835039, 34.86247665167911 ] ] ] ] } },
{ "type": "Feature", "properties": { "FID": 192, "layer": "4", "path": "D:/1 work/数据/树/4.shp" }, "geometry": { "type": "MultiPolygon", "coordinates": [ [ [ [ 114.330980399888162, 34.863158348333592 ], [ 114.332796273072574, 34.862545119028688 ], [ 114.332701014151425, 34.862372462234106 ], [ 114.330914909379871, 34.862926154713286 ], [ 114.330980399888162, 34.863158348333592 ] ] ] ] } },
{ "type": "Feature", "properties": { "FID": 193, "layer": "4", "path": "D:/1 work/数据/树/4.shp" }, "geometry": { "type": "MultiPolygon", "coordinates": [ [ [ [ 114.32870609314574, 34.86445029745169 ], [ 114.329104989878047, 34.864375876419544 ], [ 114.328979962544039, 34.86411391438638 ], [ 114.328655486843871, 34.864227034355245 ], [ 114.32870609314574, 34.86445029745169 ] ] ] ] } },
{ "type": "Feature", "properties": { "FID": 194, "layer": "4", "path": "D:/1 work/数据/树/4.shp" }, "geometry": { "type": "MultiPolygon", "coordinates": [ [ [ [ 114.328208960650969, 34.86366738819347 ], [ 114.328536413192424, 34.863613805050321 ], [ 114.328292312206969, 34.862464744313954 ], [ 114.328113701729819, 34.862476651679096 ], [ 114.328208960650969, 34.86366738819347 ] ] ] ] } },
{ "type": "Feature", "properties": { "FID": 195, "layer": "4", "path": "D:/1 work/数据/树/4.shp" }, "geometry": { "type": "MultiPolygon", "coordinates": [ [ [ [ 114.328738838399886, 34.863878743924786 ], [ 114.32980752442154, 34.863470916668611 ], [ 114.329765848643532, 34.863369704064894 ], [ 114.329289554037786, 34.863551291383331 ], [ 114.328756699447595, 34.863801346051353 ], [ 114.328738838399886, 34.863878743924786 ] ] ] ] } },
{ "type": "Feature", "properties": { "FID": 196, "layer": "4", "path": "D:/1 work/数据/树/4.shp" }, "geometry": { "type": "MultiPolygon", "coordinates": [ [ [ [ 114.329316345609328, 34.861922959199916 ], [ 114.329489002403918, 34.861919982358629 ], [ 114.329423511895627, 34.861663974008039 ], [ 114.329292530879044, 34.861678858214468 ], [ 114.329316345609328, 34.861922959199916 ] ] ] ] } },
{ "type": "Feature", "properties": { "FID": 197, "layer": "4", "path": "D:/1 work/数据/树/4.shp" }, "geometry": { "type": "MultiPolygon", "coordinates": [ [ [ [ 114.327667175536902, 34.862393300123088 ], [ 114.328024396491216, 34.862405207488237 ], [ 114.328072025951798, 34.862298041201939 ], [ 114.327720758680059, 34.860851296336982 ], [ 114.327655268171767, 34.860887018432408 ], [ 114.327935091252641, 34.862053940216491 ], [ 114.327857693379201, 34.862196828598222 ], [ 114.327655268171767, 34.862315902249655 ], [ 114.327667175536902, 34.862393300123088 ] ] ] ] } },
{ "type": "Feature", "properties": { "FID": 198, "layer": "4", "path": "D:/1 work/数据/树/4.shp" }, "geometry": { "type": "MultiPolygon", "coordinates": [ [ [ [ 114.327601685028583, 34.860815574241535 ], [ 114.327690990267172, 34.860785805828677 ], [ 114.327339722995433, 34.859577208266586 ], [ 114.327214695661425, 34.859684374552877 ], [ 114.327405213503724, 34.860386909096356 ], [ 114.327601685028583, 34.860815574241535 ] ] ] ] } },
{ "type": "Feature", "properties": { "FID": 199, "layer": "4", "path": "D:/1 work/数据/树/4.shp" }, "geometry": { "type": "MultiPolygon", "coordinates": [ [ [ [ 114.326333550640783, 34.860505982747796 ], [ 114.326637188451954, 34.860398816461505 ], [ 114.326524068483081, 34.860124947063198 ], [ 114.326244245402208, 34.860172576523773 ], [ 114.326333550640783, 34.860505982747796 ] ] ] ] } },
{ "type": "Feature", "properties": { "FID": 200, "layer": "4", "path": "D:/1 work/数据/树/4.shp" }, "geometry": { "type": "MultiPolygon", "coordinates": [ [ [ [ 114.326169824370055, 34.859481949345444 ], [ 114.327113483057701, 34.859273570455429 ], [ 114.327190880931127, 34.859615907203306 ], [ 114.327390329297288, 34.859565300901444 ], [ 114.327253394598131, 34.859127705232417 ], [ 114.326205546465488, 34.859383713583007 ], [ 114.326169824370055, 34.859481949345444 ] ] ] ] } },
{ "type": "Feature", "properties": { "FID": 201, "layer": "4", "path": "D:/1 work/数据/树/4.shp" }, "geometry": { "type": "MultiPolygon", "coordinates": [ [ [ [ 114.319900596621821, 34.865173669884129 ], [ 114.320960352119613, 34.864995059406972 ], [ 114.320912722659045, 34.864768819469241 ], [ 114.320150651289836, 34.864875985755532 ], [ 114.319638634588657, 34.862839826315955 ], [ 114.319412394650925, 34.862923177871963 ], [ 114.319543375667507, 34.863863859718315 ], [ 114.319424302016074, 34.86393530390918 ], [ 114.319900596621821, 34.865173669884129 ] ] ] ] } },
{ "type": "Feature", "properties": { "FID": 202, "layer": "4", "path": "D:/1 work/数据/树/4.shp" }, "geometry": { "type": "MultiPolygon", "coordinates": [ [ [ [ 114.319436209381223, 34.862673123203948 ], [ 114.320126836559552, 34.86254809586994 ], [ 114.320234002845851, 34.862458790631358 ], [ 114.320341169132149, 34.86245283694879 ], [ 114.320448335418433, 34.862506420091933 ], [ 114.320912722659045, 34.862399253805641 ], [ 114.320204234432993, 34.860267835444915 ], [ 114.318930146362618, 34.860535751160647 ], [ 114.318930146362618, 34.860547658525796 ], [ 114.319436209381223, 34.862673123203948 ] ] ] ] } },
{ "type": "Feature", "properties": { "FID": 203, "layer": "4", "path": "D:/1 work/数据/树/4.shp" }, "geometry": { "type": "MultiPolygon", "coordinates": [ [ [ [ 114.320942491071904, 34.862315902249634 ], [ 114.321311619391352, 34.862238504376201 ], [ 114.320650760625881, 34.860214252301773 ], [ 114.320275678623858, 34.860267835444915 ], [ 114.320942491071904, 34.862315902249634 ] ] ] ] } },
{ "type": "Feature", "properties": { "FID": 204, "layer": "4", "path": "D:/1 work/数据/树/4.shp" }, "geometry": { "type": "MultiPolygon", "coordinates": [ [ [ [ 114.322097505490859, 34.862190874915619 ], [ 114.324056267057003, 34.861875329739313 ], [ 114.323615694546689, 34.860511936430356 ], [ 114.323496620895256, 34.860476214334923 ], [ 114.322270162285449, 34.860738176368088 ], [ 114.322139181268867, 34.86077389846352 ], [ 114.322192764412023, 34.860881064749812 ], [ 114.322782178986628, 34.860797713193804 ], [ 114.323079863115225, 34.861607414023581 ], [ 114.322085598125724, 34.861875329739313 ], [ 114.322097505490859, 34.862190874915619 ] ] ] ] } },
{ "type": "Feature", "properties": { "FID": 205, "layer": "4", "path": "D:/1 work/数据/树/4.shp" }, "geometry": { "type": "MultiPolygon", "coordinates": [ [ [ [ 114.320862116357176, 34.86464676897652 ], [ 114.321945686585252, 34.864491973229654 ], [ 114.322076667601834, 34.86439076062593 ], [ 114.3215140445988, 34.862449860107503 ], [ 114.321005004738907, 34.862491535885496 ], [ 114.321010958421468, 34.862640377949788 ], [ 114.321272920454632, 34.862640377949788 ], [ 114.321344364645498, 34.863042251523389 ], [ 114.320490011196441, 34.863152394650967 ], [ 114.320436428053284, 34.862705868458079 ], [ 114.320945467913177, 34.862625493743359 ], [ 114.320915699500318, 34.862518327457067 ], [ 114.320481080672579, 34.862577864282784 ], [ 114.320353076497284, 34.862702891616799 ], [ 114.320862116357176, 34.86464676897652 ] ] ] ] } },
{ "type": "Feature", "properties": { "FID": 206, "layer": "4", "path": "D:/1 work/数据/树/4.shp" }, "geometry": { "type": "MultiPolygon", "coordinates": [ [ [ [ 114.322171926522984, 34.864402667991072 ], [ 114.322389235936853, 34.864387783784643 ], [ 114.322338629634999, 34.864253825926774 ], [ 114.322457703286432, 34.864224057513916 ], [ 114.322511286429574, 34.864355038530498 ], [ 114.323344801989649, 34.864218103831348 ], [ 114.322791109510462, 34.862205759122055 ], [ 114.32163609509152, 34.862396276964354 ], [ 114.322171926522984, 34.864402667991072 ] ] ] ] } },
{ "type": "Feature", "properties": { "FID": 207, "layer": "4", "path": "D:/1 work/数据/树/4.shp" }, "geometry": { "type": "MultiPolygon", "coordinates": [ [ [ [ 114.323469829323656, 34.864206196466213 ], [ 114.324458140630583, 34.864033539671631 ], [ 114.324440279582873, 34.863920419702765 ], [ 114.323541273514522, 34.864063308084489 ], [ 114.323457921958507, 34.863688226082466 ], [ 114.324196178597418, 34.863521522970451 ], [ 114.324315252248866, 34.863902558655049 ], [ 114.324452186948008, 34.863902558655049 ], [ 114.324136641771702, 34.862765405283824 ], [ 114.323201913607917, 34.862908293665548 ], [ 114.323469829323656, 34.864206196466213 ] ] ] ] } },
{ "type": "Feature", "properties": { "FID": 208, "layer": "4", "path": "D:/1 work/数据/树/4.shp" }, "geometry": { "type": "MultiPolygon", "coordinates": [ [ [ [ 114.323074207118708, 34.862356123435035 ], [ 114.323157260988637, 34.862824942109548 ], [ 114.324163433343273, 34.862690984251678 ], [ 114.324035429167978, 34.862056917057778 ], [ 114.323044141019764, 34.862241481217502 ], [ 114.323064978908775, 34.862348647503794 ], [ 114.323847888166966, 34.86222957385236 ], [ 114.323895517627548, 34.862533211663525 ], [ 114.323329917783227, 34.8626225169021 ], [ 114.323264427274935, 34.862336740138652 ], [ 114.323074207118708, 34.862356123435035 ] ] ] ] } },
{ "type": "Feature", "properties": { "FID": 209, "layer": "4", "path": "D:/1 work/数据/树/4.shp" }, "geometry": { "type": "MultiPolygon", "coordinates": [ [ [ [ 114.322121320221115, 34.860782828987389 ], [ 114.323285265163904, 34.860503005906509 ], [ 114.323231682020761, 34.860145784952195 ], [ 114.323874679738495, 34.860080294443897 ], [ 114.32392528604035, 34.860464306969781 ], [ 114.323627601911753, 34.860485144858785 ], [ 114.324121757565209, 34.861911051834731 ], [ 114.324258692264365, 34.861899144469589 ], [ 114.324160456501929, 34.860782828987368 ], [ 114.324389673280933, 34.860535751160633 ], [ 114.324181294390897, 34.8598659618713 ], [ 114.321972478156738, 34.860062433396166 ], [ 114.322121320221115, 34.860782828987389 ] ] ] ] } },
{ "type": "Feature", "properties": { "FID": 210, "layer": "4", "path": "D:/1 work/数据/树/4.shp" }, "geometry": { "type": "MultiPolygon", "coordinates": [ [ [ [ 114.317005618471114, 34.857451743588392 ], [ 114.317449167822716, 34.857487465683818 ], [ 114.318115980270761, 34.857407090969097 ], [ 114.317979045571605, 34.857148105777227 ], [ 114.316975850058242, 34.857329693095664 ], [ 114.317005618471114, 34.857451743588392 ] ] ] ] } },
{ "type": "Feature", "properties": { "FID": 211, "layer": "4", "path": "D:/1 work/数据/树/4.shp" }, "geometry": { "type": "MultiPolygon", "coordinates": [ [ [ [ 114.317318186806133, 34.857972690813419 ], [ 114.318455340177351, 34.85782087190784 ], [ 114.318443432812202, 34.857564863557251 ], [ 114.318243984446056, 34.857603562493964 ], [ 114.318139795001045, 34.857439836223236 ], [ 114.318020721349612, 34.857475558318669 ], [ 114.318077281334041, 34.857710728780255 ], [ 114.317237812091406, 34.85783575611427 ], [ 114.317318186806133, 34.857972690813419 ] ] ] ] } },
{ "type": "Feature", "properties": { "FID": 212, "layer": "4", "path": "D:/1 work/数据/树/4.shp" }, "geometry": { "type": "MultiPolygon", "coordinates": [ [ [ [ 114.320053903947922, 34.85843112437145 ], [ 114.320128324980061, 34.858446008577879 ], [ 114.320741554284965, 34.857618446700393 ], [ 114.320679040617961, 34.857478535159949 ], [ 114.320363495441654, 34.857820871907833 ], [ 114.320053903947922, 34.85843112437145 ] ] ] ] } },
{ "type": "Feature", "properties": { "FID": 213, "layer": "4", "path": "D:/1 work/数据/树/4.shp" }, "geometry": { "type": "MultiPolygon", "coordinates": [ [ [ [ 114.318476178066405, 34.856537853313604 ], [ 114.320137255503951, 34.856269937597865 ], [ 114.320172977599384, 34.85613895658129 ], [ 114.318529761209547, 34.856400918614447 ], [ 114.318476178066405, 34.856537853313604 ] ] ] ] } },
{ "type": "Feature", "properties": { "FID": 214, "layer": "4", "path": "D:/1 work/数据/树/4.shp" }, "geometry": { "type": "MultiPolygon", "coordinates": [ [ [ [ 114.320768345856564, 34.854689234875039 ], [ 114.321223802573314, 34.854570161223599 ], [ 114.32112258996959, 34.854192102380289 ], [ 114.320637364839982, 34.854320106555583 ], [ 114.320768345856564, 34.854689234875039 ] ] ] ] } },
{ "type": "Feature", "properties": { "FID": 215, "layer": "4", "path": "D:/1 work/数据/树/4.shp" }, "geometry": { "type": "MultiPolygon", "coordinates": [ [ [ [ 114.243284144025125, 34.851358149476034 ], [ 114.243808068091454, 34.851179538998885 ], [ 114.243736623900588, 34.850929484330862 ], [ 114.243236514564558, 34.851024743252012 ], [ 114.243284144025125, 34.851358149476034 ] ] ] ] } },
{ "type": "Feature", "properties": { "FID": 216, "layer": "4", "path": "D:/1 work/数据/树/4.shp" }, "geometry": { "type": "MultiPolygon", "coordinates": [ [ [ [ 114.251303754449424, 34.850822318044578 ], [ 114.252018196358037, 34.850649661249996 ], [ 114.251863400611171, 34.850220996104824 ], [ 114.251154912385118, 34.850435328677413 ], [ 114.251303754449424, 34.850822318044578 ] ] ] ] } },
{ "type": "Feature", "properties": { "FID": 217, "layer": "4", "path": "D:/1 work/数据/树/4.shp" }, "geometry": { "type": "MultiPolygon", "coordinates": [ [ [ [ 114.280970954704969, 34.845970066748514 ], [ 114.281363897754701, 34.845862900462222 ], [ 114.281524647184142, 34.845791456271357 ], [ 114.282423653252494, 34.845946252018223 ], [ 114.282834457349949, 34.845892668875081 ], [ 114.283435779289718, 34.846214167733962 ], [ 114.283566760306314, 34.846357056115686 ], [ 114.284525303200382, 34.845958159383372 ], [ 114.284435997961808, 34.845797409953931 ], [ 114.284001379134068, 34.845821224684215 ], [ 114.283935888625777, 34.84573191944564 ], [ 114.283108326748291, 34.845767641541073 ], [ 114.283161909891433, 34.845618799476775 ], [ 114.283429825607172, 34.845553308968483 ], [ 114.283906120212919, 34.845720012080498 ], [ 114.284435997961808, 34.845624753159349 ], [ 114.284406229548949, 34.845338976395894 ], [ 114.28070303898923, 34.84535088376105 ], [ 114.280863788418671, 34.845743826810789 ], [ 114.281346036706992, 34.845612845794214 ], [ 114.281453202993276, 34.845761687858506 ], [ 114.280965001022395, 34.845892668875088 ], [ 114.280970954704969, 34.845970066748514 ] ] ] ] } },
{ "type": "Feature", "properties": { "FID": 218, "layer": "4", "path": "D:/1 work/数据/树/4.shp" }, "geometry": { "type": "MultiPolygon", "coordinates": [ [ [ [ 114.277464235670138, 34.844761469186416 ], [ 114.282096200711038, 34.844701932360699 ], [ 114.282096200711038, 34.844416155597251 ], [ 114.278023881831885, 34.844439970327542 ], [ 114.277654753512437, 34.844594766074408 ], [ 114.277464235670138, 34.844761469186416 ] ] ] ] } },
{ "type": "Feature", "properties": { "FID": 219, "layer": "4", "path": "D:/1 work/数据/树/4.shp" }, "geometry": { "type": "MultiPolygon", "coordinates": [ [ [ [ 114.284590793708659, 34.84579145627135 ], [ 114.285632688158728, 34.845940298335641 ], [ 114.285537429237579, 34.845338976395887 ], [ 114.284453859009503, 34.845338976395887 ], [ 114.284590793708659, 34.84579145627135 ] ] ] ] } },
{ "type": "Feature", "properties": { "FID": 220, "layer": "4", "path": "D:/1 work/数据/树/4.shp" }, "geometry": { "type": "MultiPolygon", "coordinates": [ [ [ [ 114.285799391270757, 34.84595220570079 ], [ 114.287073479341146, 34.846148677225656 ], [ 114.287228275088012, 34.846118908812798 ], [ 114.28902033354214, 34.846553527640545 ], [ 114.289079870367857, 34.84638682452853 ], [ 114.288686927318111, 34.846214167733947 ], [ 114.288139188521498, 34.845773595223633 ], [ 114.28743665397802, 34.845392559539036 ], [ 114.285704132349608, 34.845338976395887 ], [ 114.285799391270757, 34.84595220570079 ] ] ] ] } },
{ "type": "Feature", "properties": { "FID": 221, "layer": "4", "path": "D:/1 work/数据/树/4.shp" }, "geometry": { "type": "MultiPolygon", "coordinates": [ [ [ [ 114.286293546924256, 34.844660256582692 ], [ 114.287764106519504, 34.844559043978975 ], [ 114.287668847598354, 34.844279220898095 ], [ 114.286269732193972, 34.844410201914677 ], [ 114.286293546924256, 34.844660256582692 ] ] ] ] } },
{ "type": "Feature", "properties": { "FID": 222, "layer": "4", "path": "D:/1 work/数据/树/4.shp" }, "geometry": { "type": "MultiPolygon", "coordinates": [ [ [ [ 114.2878117359801, 34.84456499766155 ], [ 114.288371382141847, 34.844541182931259 ], [ 114.28949662814793, 34.84418991565952 ], [ 114.289788358593952, 34.843951768356646 ], [ 114.289812173324236, 34.843743389466631 ], [ 114.289443045004788, 34.843743389466631 ], [ 114.289121546145907, 34.844011305182363 ], [ 114.288270169538123, 34.844160147246662 ], [ 114.2878117359801, 34.844320896676102 ], [ 114.2878117359801, 34.84456499766155 ] ] ] ] } },
{ "type": "Feature", "properties": { "FID": 223, "layer": "4", "path": "D:/1 work/数据/树/4.shp" }, "geometry": { "type": "MultiPolygon", "coordinates": [ [ [ [ 114.288698834683274, 34.844698955519412 ], [ 114.289958038547226, 34.844675140789121 ], [ 114.289958038547226, 34.843791018927199 ], [ 114.289770497546215, 34.844124425151222 ], [ 114.289446021846047, 34.844356618771521 ], [ 114.288743487302568, 34.84466621026526 ], [ 114.288698834683274, 34.844698955519412 ] ] ] ] } },
{ "type": "Feature", "properties": { "FID": 224, "layer": "4", "path": "D:/1 work/数据/树/4.shp" }, "geometry": { "type": "MultiPolygon", "coordinates": [ [ [ [ 114.290178324802383, 34.844669187106547 ], [ 114.291601254937063, 34.84470788604326 ], [ 114.290764762535716, 34.844419132438524 ], [ 114.290413495263977, 34.84419586934208 ], [ 114.290175347961096, 34.843880324165774 ], [ 114.290178324802383, 34.844669187106547 ] ] ] ] } },
{ "type": "Feature", "properties": { "FID": 225, "layer": "4", "path": "D:/1 work/数据/树/4.shp" }, "geometry": { "type": "MultiPolygon", "coordinates": [ [ [ [ 114.290294421612529, 34.843832694705199 ], [ 114.290452194200682, 34.844091679897076 ], [ 114.290904674076145, 34.844356618771521 ], [ 114.291753073842642, 34.844582858709266 ], [ 114.292020989558381, 34.844541182931259 ], [ 114.291136867696451, 34.844282197739382 ], [ 114.290821322520131, 34.844198846183374 ], [ 114.290365865803381, 34.843791018927206 ], [ 114.290294421612529, 34.843832694705199 ] ] ] ] } },
{ "type": "Feature", "properties": { "FID": 226, "layer": "4", "path": "D:/1 work/数据/树/4.shp" }, "geometry": { "type": "MultiPolygon", "coordinates": [ [ [ [ 114.290374796327242, 34.84530027745916 ], [ 114.293833885901478, 34.845276462728869 ], [ 114.293810071171194, 34.845163342760003 ], [ 114.290392657374952, 34.845240740633436 ], [ 114.290374796327242, 34.84530027745916 ] ] ] ] } },
{ "type": "Feature", "properties": { "FID": 227, "layer": "4", "path": "D:/1 work/数据/树/4.shp" }, "geometry": { "type": "MultiPolygon", "coordinates": [ [ [ [ 114.288910190414526, 34.845928390970471 ], [ 114.289234666114695, 34.846127839336631 ], [ 114.289687145990158, 34.84606532566962 ], [ 114.289904455404027, 34.845797409953889 ], [ 114.289931246975598, 34.845338976395858 ], [ 114.289451975528564, 34.845377675332571 ], [ 114.28892805146225, 34.845502702666586 ], [ 114.288829815699813, 34.845737873128172 ], [ 114.288910190414526, 34.845928390970471 ] ] ] ] } },
{ "type": "Feature", "properties": { "FID": 228, "layer": "4", "path": "D:/1 work/数据/树/4.shp" }, "geometry": { "type": "MultiPolygon", "coordinates": [ [ [ [ 114.288630367333681, 34.84582717836674 ], [ 114.288621436809819, 34.845461026888572 ], [ 114.288728603096118, 34.845330045871997 ], [ 114.288939958827413, 34.845196088014127 ], [ 114.288073698013207, 34.845196088014127 ], [ 114.288419011602372, 34.845434235317001 ], [ 114.288499386317099, 34.84557117001615 ], [ 114.288630367333681, 34.84582717836674 ] ] ] ] } },
{ "type": "Feature", "properties": { "FID": 229, "layer": "4", "path": "D:/1 work/数据/树/4.shp" }, "geometry": { "type": "MultiPolygon", "coordinates": [ [ [ [ 114.287579542359722, 34.845249671157276 ], [ 114.28803797591776, 34.845380652173858 ], [ 114.288407104237209, 34.845654521572165 ], [ 114.288186817982051, 34.845356837443575 ], [ 114.287912948583752, 34.845225856426993 ], [ 114.28762121813773, 34.845205018537989 ], [ 114.287579542359722, 34.845249671157276 ] ] ] ] } },
{ "type": "Feature", "properties": { "FID": 230, "layer": "4", "path": "D:/1 work/数据/树/4.shp" }, "geometry": { "type": "MultiPolygon", "coordinates": [ [ [ [ 114.289499604989132, 34.846675578133215 ], [ 114.290014598531599, 34.846574365529492 ], [ 114.290217023739032, 34.846449338195484 ], [ 114.290157486913316, 34.84597006674845 ], [ 114.289752636498434, 34.846324310861476 ], [ 114.289079870367814, 34.846395755052342 ], [ 114.289100708256811, 34.846455291878058 ], [ 114.289505558671706, 34.846514828703775 ], [ 114.289499604989132, 34.846675578133215 ] ] ] ] } },
{ "type": "Feature", "properties": { "FID": 231, "layer": "4", "path": "D:/1 work/数据/树/4.shp" }, "geometry": { "type": "MultiPolygon", "coordinates": [ [ [ [ 114.288032022235157, 34.846520782386342 ], [ 114.289603794434129, 34.846907771753514 ], [ 114.289728821768136, 34.846729161276357 ], [ 114.288008207504873, 34.846419569782618 ], [ 114.288032022235157, 34.846520782386342 ] ] ] ] } },
{ "type": "Feature", "properties": { "FID": 232, "layer": "4", "path": "D:/1 work/数据/树/4.shp" }, "geometry": { "type": "MultiPolygon", "coordinates": [ [ [ [ 114.289919339610449, 34.850920553806951 ], [ 114.291497065491995, 34.850938414854667 ], [ 114.291163659267966, 34.84895583855824 ], [ 114.29083025304395, 34.848991560653673 ], [ 114.290961234060518, 34.849741724657726 ], [ 114.29067545729707, 34.849777446753158 ], [ 114.290651642566786, 34.850081084564323 ], [ 114.290883836187092, 34.850069177199174 ], [ 114.290889789869667, 34.850218019263473 ], [ 114.290193209008748, 34.850253741358905 ], [ 114.290169394278465, 34.850158482437756 ], [ 114.290455171041913, 34.850098945612039 ], [ 114.29041944894648, 34.849575021545711 ], [ 114.290669503614509, 34.849557160497994 ], [ 114.290681410979644, 34.849741724657726 ], [ 114.290907650917376, 34.849694095197151 ], [ 114.290800484631077, 34.848985606971098 ], [ 114.289990783801315, 34.84911658798768 ], [ 114.290097950087599, 34.849747678340293 ], [ 114.289639516529576, 34.849753632022868 ], [ 114.289443045004703, 34.849128495352822 ], [ 114.289300156622971, 34.849176124813397 ], [ 114.289835988054449, 34.850914600124383 ], [ 114.289919339610449, 34.850920553806951 ] ] ] ] } },
{ "type": "Feature", "properties": { "FID": 233, "layer": "4", "path": "D:/1 work/数据/树/4.shp" }, "geometry": { "type": "MultiPolygon", "coordinates": [ [ [ [ 114.291869170652703, 34.850360907645189 ], [ 114.292312720004304, 34.850322208708477 ], [ 114.292300812639155, 34.850235880311182 ], [ 114.291958475891278, 34.850232903469895 ], [ 114.291925730637132, 34.850158482437749 ], [ 114.291824518033408, 34.850173366644178 ], [ 114.291869170652703, 34.850360907645189 ] ] ] ] } },
{ "type": "Feature", "properties": { "FID": 234, "layer": "4", "path": "D:/1 work/数据/树/4.shp" }, "geometry": { "type": "MultiPolygon", "coordinates": [ [ [ [ 114.291494088650666, 34.850405560264477 ], [ 114.291759027525117, 34.850390676058048 ], [ 114.291759027525117, 34.85018527400932 ], [ 114.291663768603968, 34.850191227691894 ], [ 114.291663768603968, 34.850313278184615 ], [ 114.29150004233324, 34.85030434766076 ], [ 114.291494088650666, 34.850405560264477 ] ] ] ] } },
{ "type": "Feature", "properties": { "FID": 235, "layer": "4", "path": "D:/1 work/数据/树/4.shp" }, "geometry": { "type": "MultiPolygon", "coordinates": [ [ [ [ 114.292190669511584, 34.852206549242474 ], [ 114.292443701020886, 34.852182734512184 ], [ 114.292443701020886, 34.852129151369041 ], [ 114.292294858956595, 34.852126174527754 ], [ 114.292193646352871, 34.851530806270567 ], [ 114.292119225320718, 34.851554621000851 ], [ 114.292190669511584, 34.852206549242474 ] ] ] ] } },
{ "type": "Feature", "properties": { "FID": 236, "layer": "4", "path": "D:/1 work/数据/树/4.shp" }, "geometry": { "type": "MultiPolygon", "coordinates": [ [ [ [ 114.292104341114268, 34.851501037857716 ], [ 114.292202576876704, 34.851492107333861 ], [ 114.292756269355891, 34.851334334745708 ], [ 114.292756269355891, 34.851242052665839 ], [ 114.292184715828995, 34.85138791788885 ], [ 114.292131132685853, 34.851441501031999 ], [ 114.292104341114268, 34.851501037857716 ] ] ] ] } },
{ "type": "Feature", "properties": { "FID": 237, "layer": "4", "path": "D:/1 work/数据/树/4.shp" }, "geometry": { "type": "MultiPolygon", "coordinates": [ [ [ [ 114.292312720004276, 34.852679867006934 ], [ 114.292634218863157, 34.852670936483072 ], [ 114.292681848323738, 34.852602469133494 ], [ 114.292333557893286, 34.852599492292214 ], [ 114.292306766321715, 34.852331576576475 ], [ 114.292241275813424, 34.852361344989333 ], [ 114.292312720004276, 34.852679867006934 ] ] ] ] } },
{ "type": "Feature", "properties": { "FID": 238, "layer": "4", "path": "D:/1 work/数据/树/4.shp" }, "geometry": { "type": "MultiPolygon", "coordinates": [ [ [ [ 114.292674406220527, 34.852892711158873 ], [ 114.293772860655025, 34.852803405920298 ], [ 114.293793698544036, 34.85267837858629 ], [ 114.293567458606304, 34.852657540697287 ], [ 114.293582342812726, 34.852490837585272 ], [ 114.293079256635409, 34.852449161807272 ], [ 114.292766688300389, 34.852648610173425 ], [ 114.292775618824237, 34.852714100681716 ], [ 114.292960182983975, 34.852696239634 ], [ 114.292954229301401, 34.85273493857072 ], [ 114.292781572506811, 34.852743869094574 ], [ 114.292787526189386, 34.852800429079011 ], [ 114.292683336744375, 34.852794475396436 ], [ 114.292674406220527, 34.852892711158873 ] ] ] ] } },
{ "type": "Feature", "properties": { "FID": 239, "layer": "4", "path": "D:/1 work/数据/树/4.shp" }, "geometry": { "type": "MultiPolygon", "coordinates": [ [ [ [ 114.292135597947762, 34.85285401222216 ], [ 114.292597008347087, 34.852830197491869 ], [ 114.2925940315058, 34.852720054364291 ], [ 114.29221597266249, 34.852758753301011 ], [ 114.29213857478905, 34.85277661434872 ], [ 114.292135597947762, 34.85285401222216 ] ] ] ] } },
{ "type": "Feature", "properties": { "FID": 240, "layer": "4", "path": "D:/1 work/数据/树/4.shp" }, "geometry": { "type": "MultiPolygon", "coordinates": [ [ [ [ 114.288185329561315, 34.854482344405547 ], [ 114.288265704276043, 34.854467460199118 ], [ 114.288271657958617, 34.854270988674244 ], [ 114.288518735785345, 34.854083447673233 ], [ 114.288590179976211, 34.853598222543624 ], [ 114.288173422196181, 34.853642875162919 ], [ 114.288185329561315, 34.854482344405547 ] ] ] ] } },
{ "type": "Feature", "properties": { "FID": 241, "layer": "4", "path": "D:/1 work/数据/树/4.shp" }, "geometry": { "type": "MultiPolygon", "coordinates": [ [ [ [ 114.288599110500073, 34.854735375914835 ], [ 114.289849383840163, 34.854675839089118 ], [ 114.289902966983306, 34.854521043342245 ], [ 114.28864673996064, 34.854592487533111 ], [ 114.288599110500073, 34.854735375914835 ] ] ] ] } },
{ "type": "Feature", "properties": { "FID": 242, "layer": "4", "path": "D:/1 work/数据/树/4.shp" }, "geometry": { "type": "MultiPolygon", "coordinates": [ [ [ [ 114.283592063457135, 34.854134053975066 ], [ 114.2851221598781, 34.853669666734461 ], [ 114.285080484100092, 34.85360417622617 ], [ 114.283574202409412, 34.854020934006201 ], [ 114.283592063457135, 34.854134053975066 ] ] ] ] } },
{ "type": "Feature", "properties": { "FID": 243, "layer": "4", "path": "D:/1 work/数据/树/4.shp" }, "geometry": { "type": "MultiPolygon", "coordinates": [ [ [ [ 114.283544433996553, 34.853925675085051 ], [ 114.284104080158315, 34.853830416163902 ], [ 114.283985006506882, 34.853526778352737 ], [ 114.283472989805702, 34.853711342512469 ], [ 114.283544433996553, 34.853925675085051 ] ] ] ] } },
{ "type": "Feature", "properties": { "FID": 244, "layer": "4", "path": "D:/1 work/数据/树/4.shp" }, "geometry": { "type": "MultiPolygon", "coordinates": [ [ [ [ 114.283347962471694, 34.853601199384883 ], [ 114.283967145459158, 34.853419612066446 ], [ 114.283916539157303, 34.853333283669151 ], [ 114.283347962471694, 34.853497009939879 ], [ 114.283347962471694, 34.853601199384883 ] ] ] ] } },
{ "type": "Feature", "properties": { "FID": 245, "layer": "4", "path": "D:/1 work/数据/树/4.shp" }, "geometry": { "type": "MultiPolygon", "coordinates": [ [ [ [ 114.28196968495628, 34.854044748736484 ], [ 114.282824038405352, 34.853898883513473 ], [ 114.282746640531911, 34.853735157242745 ], [ 114.281913124971851, 34.853934605608906 ], [ 114.28196968495628, 34.854044748736484 ] ] ] ] } },
{ "type": "Feature", "properties": { "FID": 246, "layer": "4", "path": "D:/1 work/数据/树/4.shp" }, "geometry": { "type": "MultiPolygon", "coordinates": [ [ [ [ 114.281986057583339, 34.851923749320243 ], [ 114.282533796379951, 34.852117244003828 ], [ 114.282605240570803, 34.852100871376756 ], [ 114.282408769045944, 34.851791279883017 ], [ 114.281990522845263, 34.851883561962879 ], [ 114.281986057583339, 34.851923749320243 ] ] ] ] } },
{ "type": "Feature", "properties": { "FID": 247, "layer": "4", "path": "D:/1 work/数据/树/4.shp" }, "geometry": { "type": "MultiPolygon", "coordinates": [ [ [ [ 114.284197850658742, 34.850930972751371 ], [ 114.284352646405608, 34.850883343290796 ], [ 114.283840629704429, 34.850204623477602 ], [ 114.284561025295616, 34.849972429857303 ], [ 114.284394322183616, 34.849811680427862 ], [ 114.283798953926421, 34.850014105635303 ], [ 114.283620343449272, 34.849781912015004 ], [ 114.283477455067541, 34.849835495158146 ], [ 114.284197850658742, 34.850930972751371 ] ] ] ] } },
{ "type": "Feature", "properties": { "FID": 248, "layer": "4", "path": "D:/1 work/数据/树/4.shp" }, "geometry": { "type": "MultiPolygon", "coordinates": [ [ [ [ 114.283536991893257, 34.848990072232972 ], [ 114.283703695005258, 34.848960303820114 ], [ 114.28371262552912, 34.848835276486099 ], [ 114.283986494927433, 34.848799554390673 ], [ 114.284114499102728, 34.849064493265118 ], [ 114.284412183231311, 34.848951373296252 ], [ 114.284394322183601, 34.848838253327386 ], [ 114.28416808224587, 34.848912674359539 ], [ 114.284004355975142, 34.848609036548375 ], [ 114.283507223480385, 34.848757878612666 ], [ 114.283536991893257, 34.848990072232972 ] ] ] ] } },
{ "type": "Feature", "properties": { "FID": 249, "layer": "4", "path": "D:/1 work/数据/树/4.shp" }, "geometry": { "type": "MultiPolygon", "coordinates": [ [ [ [ 114.278547805898029, 34.849680699411309 ], [ 114.278631157454029, 34.849639023633308 ], [ 114.278229283880435, 34.848853137533823 ], [ 114.277976252371133, 34.84893648908983 ], [ 114.277994113418842, 34.849001979598121 ], [ 114.278128071276711, 34.848951373296259 ], [ 114.278547805898029, 34.849680699411309 ] ] ] ] } },
{ "type": "Feature", "properties": { "FID": 250, "layer": "4", "path": "D:/1 work/数据/树/4.shp" }, "geometry": { "type": "MultiPolygon", "coordinates": [ [ [ [ 114.278669856390749, 34.849621162585592 ], [ 114.278732370057753, 34.849597347855308 ], [ 114.278366218579578, 34.84881741543839 ], [ 114.278300728071287, 34.848835276486106 ], [ 114.278669856390749, 34.849621162585592 ] ] ] ] } },
{ "type": "Feature", "properties": { "FID": 251, "layer": "4", "path": "D:/1 work/数据/树/4.shp" }, "geometry": { "type": "MultiPolygon", "coordinates": [ [ [ [ 114.278062580768406, 34.848841230168667 ], [ 114.278187608102428, 34.848787647025524 ], [ 114.278113187070275, 34.848638804961226 ], [ 114.278047696561984, 34.848677503897946 ], [ 114.278062580768406, 34.848841230168667 ] ] ] ] } },
{ "type": "Feature", "properties": { "FID": 252, "layer": "4", "path": "D:/1 work/数据/树/4.shp" }, "geometry": { "type": "MultiPolygon", "coordinates": [ [ [ [ 114.278239702824905, 34.848760855453968 ], [ 114.278333473325404, 34.848725133358535 ], [ 114.278236725983618, 34.848595640762596 ], [ 114.278171235475327, 34.848622432334167 ], [ 114.278239702824905, 34.848760855453968 ] ] ] ] } },
{ "type": "Feature", "properties": { "FID": 253, "layer": "4", "path": "D:/1 work/数据/树/4.shp" }, "geometry": { "type": "MultiPolygon", "coordinates": [ [ [ [ 114.275405749920694, 34.848595640762589 ], [ 114.277435955677717, 34.847387043200484 ], [ 114.278430220667218, 34.846970285420454 ], [ 114.278287332285501, 34.846815489673588 ], [ 114.275352166777552, 34.848524196571731 ], [ 114.275405749920694, 34.848595640762589 ] ] ] ] } },
{ "type": "Feature", "properties": { "FID": 254, "layer": "4", "path": "D:/1 work/数据/树/4.shp" }, "geometry": { "type": "MultiPolygon", "coordinates": [ [ [ [ 114.267636194164396, 34.860622079557729 ], [ 114.269076985346786, 34.860693523748587 ], [ 114.268553061280457, 34.859056261041331 ], [ 114.267237297432089, 34.859074122089041 ], [ 114.267636194164396, 34.860622079557729 ] ] ] ] } },
{ "type": "Feature", "properties": { "FID": 255, "layer": "4", "path": "D:/1 work/数据/树/4.shp" }, "geometry": { "type": "MultiPolygon", "coordinates": [ [ [ [ 114.266975335398925, 34.861723510833521 ], [ 114.267749314133269, 34.86191402867582 ], [ 114.267517120512963, 34.861032883655184 ], [ 114.267118223780642, 34.860991207877184 ], [ 114.266993196446634, 34.861199586767199 ], [ 114.266975335398925, 34.861723510833521 ] ] ] ] } },
{ "type": "Feature", "properties": { "FID": 256, "layer": "4", "path": "D:/1 work/数据/树/4.shp" }, "geometry": { "type": "MultiPolygon", "coordinates": [ [ [ [ 114.266356152411447, 34.861503224578364 ], [ 114.266481179745455, 34.861497270895789 ], [ 114.266225171394865, 34.860449422763146 ], [ 114.266159680886574, 34.860467283810863 ], [ 114.266159680886574, 34.860467283810863 ], [ 114.266356152411447, 34.861503224578364 ] ] ] ] } },
{ "type": "Feature", "properties": { "FID": 257, "layer": "4", "path": "D:/1 work/数据/树/4.shp" }, "geometry": { "type": "MultiPolygon", "coordinates": [ [ [ [ 114.26657048498403, 34.861503224578364 ], [ 114.26672528073091, 34.861473456165506 ], [ 114.266445457650022, 34.860455376445721 ], [ 114.266338291363738, 34.860514913271437 ], [ 114.26657048498403, 34.861503224578364 ] ] ] ] } },
{ "type": "Feature", "properties": { "FID": 258, "layer": "4", "path": "D:/1 work/数据/树/4.shp" }, "geometry": { "type": "MultiPolygon", "coordinates": [ [ [ [ 114.266832447017194, 34.861473456165506 ], [ 114.266993196446634, 34.861431780387505 ], [ 114.266701466000612, 34.860503005906295 ], [ 114.266600253396888, 34.860556589049438 ], [ 114.266832447017194, 34.861473456165506 ] ] ] ] } },
{ "type": "Feature", "properties": { "FID": 259, "layer": "4", "path": "D:/1 work/数据/树/4.shp" }, "geometry": { "type": "MultiPolygon", "coordinates": [ [ [ [ 114.26692472909707, 34.86085427317802 ], [ 114.267034872224642, 34.860833435289017 ], [ 114.266936636462205, 34.860440492239277 ], [ 114.266856261747492, 34.860488121699852 ], [ 114.26692472909707, 34.86085427317802 ] ] ] ] } },
{ "type": "Feature", "properties": { "FID": 260, "layer": "4", "path": "D:/1 work/数据/树/4.shp" }, "geometry": { "type": "MultiPolygon", "coordinates": [ [ [ [ 114.267153945876089, 34.860875111067017 ], [ 114.267249204797238, 34.860851296336733 ], [ 114.267145015352227, 34.860401793302557 ], [ 114.267076548002649, 34.860449422763132 ], [ 114.267153945876089, 34.860875111067017 ] ] ] ] } },
{ "type": "Feature", "properties": { "FID": 261, "layer": "4", "path": "D:/1 work/数据/树/4.shp" }, "geometry": { "type": "MultiPolygon", "coordinates": [ [ [ [ 114.267383162655094, 34.860949532099163 ], [ 114.267523074195537, 34.860931671051446 ], [ 114.267073571161362, 34.859523625123202 ], [ 114.267031895383354, 34.859535532488344 ], [ 114.267383162655094, 34.860949532099163 ] ] ] ] } },
{ "type": "Feature", "properties": { "FID": 262, "layer": "4", "path": "D:/1 work/数据/树/4.shp" }, "geometry": { "type": "MultiPolygon", "coordinates": [ [ [ [ 114.352738132846468, 34.848628386016685 ], [ 114.353095353800782, 34.848568849190968 ], [ 114.353214427452215, 34.848771274398409 ], [ 114.353357315833946, 34.848747459668125 ], [ 114.353512111580812, 34.848217581919229 ], [ 114.35322038113479, 34.848259257697229 ], [ 114.353119168531066, 34.847759148361192 ], [ 114.352779808624476, 34.847812731504341 ], [ 114.35280362335476, 34.848324748205521 ], [ 114.352648827607894, 34.848425960809244 ], [ 114.352738132846468, 34.848628386016685 ] ] ] ] } },
{ "type": "Feature", "properties": { "FID": 263, "layer": "4", "path": "D:/1 work/数据/树/4.shp" }, "geometry": { "type": "MultiPolygon", "coordinates": [ [ [ [ 114.353762166248828, 34.848652200746976 ], [ 114.35439325660144, 34.848491451317535 ], [ 114.354238460854575, 34.848128276680647 ], [ 114.353666907327678, 34.848277118744946 ], [ 114.353762166248828, 34.848652200746976 ] ] ] ] } },
{ "type": "Feature", "properties": { "FID": 264, "layer": "4", "path": "D:/1 work/数据/树/4.shp" }, "geometry": { "type": "MultiPolygon", "coordinates": [ [ [ [ 114.355179142700948, 34.846604133942236 ], [ 114.356750914899919, 34.846639856037669 ], [ 114.356798544360487, 34.845907553081325 ], [ 114.355589946798403, 34.84577657206475 ], [ 114.355125559557806, 34.846121885653915 ], [ 114.354935041715507, 34.84628858876593 ], [ 114.355179142700948, 34.846604133942236 ] ] ] ] } },
{ "type": "Feature", "properties": { "FID": 265, "layer": "4", "path": "D:/1 work/数据/树/4.shp" }, "geometry": { "type": "MultiPolygon", "coordinates": [ [ [ [ 114.353351362151386, 34.845824201525325 ], [ 114.354887412254925, 34.845705127873885 ], [ 114.354875504889776, 34.845490795301302 ], [ 114.353363269516521, 34.845597961587593 ], [ 114.353351362151386, 34.845824201525325 ] ] ] ] } },
{ "type": "Feature", "properties": { "FID": 266, "layer": "4", "path": "D:/1 work/数据/树/4.shp" }, "geometry": { "type": "MultiPolygon", "coordinates": [ [ [ [ 114.355179142700905, 34.84569917419131 ], [ 114.35544705841663, 34.845693220508736 ], [ 114.355393475273488, 34.845440188999433 ], [ 114.355137466922898, 34.845472934253579 ], [ 114.355179142700905, 34.84569917419131 ] ] ] ] } },
{ "type": "Feature", "properties": { "FID": 267, "layer": "4", "path": "D:/1 work/数据/树/4.shp" }, "geometry": { "type": "MultiPolygon", "coordinates": [ [ [ [ 114.355500641559786, 34.845407443745287 ], [ 114.355691159402085, 34.845410420586575 ], [ 114.355613761528645, 34.845029384901977 ], [ 114.355420266845059, 34.845032361743264 ], [ 114.355500641559786, 34.845407443745287 ] ] ] ] } },
{ "type": "Feature", "properties": { "FID": 268, "layer": "4", "path": "D:/1 work/数据/树/4.shp" }, "geometry": { "type": "MultiPolygon", "coordinates": [ [ [ [ 114.354485538681303, 34.845026408060683 ], [ 114.35487252804846, 34.844946033345963 ], [ 114.354854667000751, 34.844874589155097 ], [ 114.355319054241363, 34.844752538662377 ], [ 114.355292262669778, 34.84469597867794 ], [ 114.354491492363863, 34.844895427044101 ], [ 114.354485538681303, 34.845026408060683 ] ] ] ] } },
{ "type": "Feature", "properties": { "FID": 269, "layer": "4", "path": "D:/1 work/数据/树/4.shp" }, "geometry": { "type": "MultiPolygon", "coordinates": [ [ [ [ 114.355432174210222, 34.844916264933097 ], [ 114.355455988940506, 34.844916264933097 ], [ 114.355598877322237, 34.844898403885388 ], [ 114.355521479448797, 34.844672163947656 ], [ 114.355372637384505, 34.844704909201802 ], [ 114.355432174210222, 34.844916264933097 ] ] ] ] } },
{ "type": "Feature", "properties": { "FID": 270, "layer": "4", "path": "D:/1 work/数据/树/4.shp" }, "geometry": { "type": "MultiPolygon", "coordinates": [ [ [ [ 114.352401749781166, 34.842418695094203 ], [ 114.352934604371356, 34.842329389855621 ], [ 114.352767901259341, 34.841689368979146 ], [ 114.352294583494881, 34.841808442630587 ], [ 114.352401749781166, 34.842418695094203 ] ] ] ] } },
{ "type": "Feature", "properties": { "FID": 271, "layer": "4", "path": "D:/1 work/数据/树/4.shp" }, "geometry": { "type": "MultiPolygon", "coordinates": [ [ [ [ 114.352744086529043, 34.841335124866127 ], [ 114.353020932768629, 34.841299402770694 ], [ 114.352949488577764, 34.841016602848534 ], [ 114.352741109687756, 34.84103744073753 ], [ 114.352744086529043, 34.841335124866127 ] ] ] ] } },
{ "type": "Feature", "properties": { "FID": 272, "layer": "4", "path": "D:/1 work/数据/树/4.shp" }, "geometry": { "type": "MultiPolygon", "coordinates": [ [ [ [ 114.353812772550683, 34.841132699658687 ], [ 114.354238460854575, 34.841094000721974 ], [ 114.354161062981134, 34.840858830260387 ], [ 114.35401519775813, 34.840879668149384 ], [ 114.354024128281978, 34.841019579689828 ], [ 114.353851471487403, 34.841028510213683 ], [ 114.353836587280966, 34.840885621831958 ], [ 114.353774073613963, 34.840915390244817 ], [ 114.353812772550683, 34.841132699658687 ] ] ] ] } },
{ "type": "Feature", "properties": { "FID": 273, "layer": "4", "path": "D:/1 work/数据/树/4.shp" }, "geometry": { "type": "MultiPolygon", "coordinates": [ [ [ [ 114.350755556550013, 34.839543066411998 ], [ 114.350925236503301, 34.839549020094573 ], [ 114.350832954423439, 34.83921859071183 ], [ 114.350728764978442, 34.839254312807263 ], [ 114.350755556550013, 34.839543066411998 ] ] ] ] } },
{ "type": "Feature", "properties": { "FID": 274, "layer": "4", "path": "D:/1 work/数据/树/4.shp" }, "geometry": { "type": "MultiPolygon", "coordinates": [ [ [ [ 114.350660297628863, 34.838938767630957 ], [ 114.35118124485389, 34.838825647662091 ], [ 114.351163383806181, 34.838757180312513 ], [ 114.350600760803147, 34.838852439233662 ], [ 114.350660297628863, 34.838938767630957 ] ] ] ] } },
{ "type": "Feature", "properties": { "FID": 275, "layer": "4", "path": "D:/1 work/数据/树/4.shp" }, "geometry": { "type": "MultiPolygon", "coordinates": [ [ [ [ 114.351282457457614, 34.839141192838397 ], [ 114.351443206887055, 34.83913821599711 ], [ 114.351359855331054, 34.838897091852949 ], [ 114.351211013266763, 34.838903045535524 ], [ 114.351282457457614, 34.839141192838397 ] ] ] ] } },
{ "type": "Feature", "properties": { "FID": 276, "layer": "4", "path": "D:/1 work/数据/树/4.shp" }, "geometry": { "type": "MultiPolygon", "coordinates": [ [ [ [ 114.350931190185904, 34.837780776370714 ], [ 114.351294364822778, 34.83771826270371 ], [ 114.351181244853919, 34.837414624892546 ], [ 114.35057396923159, 34.837494999607266 ], [ 114.350579922914164, 34.837536675385273 ], [ 114.350895468090471, 34.837503930131128 ], [ 114.350931190185904, 34.837780776370714 ] ] ] ] } },
{ "type": "Feature", "properties": { "FID": 277, "layer": "4", "path": "D:/1 work/数据/树/4.shp" }, "geometry": { "type": "MultiPolygon", "coordinates": [ [ [ [ 114.351333063759498, 34.837654260616077 ], [ 114.351865918349688, 34.837625980623862 ], [ 114.351807869944608, 34.837481603821495 ], [ 114.351408973212301, 34.837527744861426 ], [ 114.351373251116868, 34.837413136471916 ], [ 114.351267573251206, 34.837447370146705 ], [ 114.351333063759498, 34.837654260616077 ] ] ] ] } },
{ "type": "Feature", "properties": { "FID": 278, "layer": "4", "path": "D:/1 work/数据/树/4.shp" }, "geometry": { "type": "MultiPolygon", "coordinates": [ [ [ [ 114.350539735556794, 34.837258340725029 ], [ 114.350882072304685, 34.837258340725029 ], [ 114.350840396526678, 34.836917492397788 ], [ 114.350524851350372, 34.836945772390003 ], [ 114.350539735556794, 34.837258340725029 ] ] ] ] } },
{ "type": "Feature", "properties": { "FID": 279, "layer": "4", "path": "D:/1 work/数据/树/4.shp" }, "geometry": { "type": "MultiPolygon", "coordinates": [ [ [ [ 114.351179756433254, 34.837347645963611 ], [ 114.35127055009248, 34.83734318070168 ], [ 114.351163383806181, 34.836642134578845 ], [ 114.35107854382953, 34.83667041457106 ], [ 114.351179756433254, 34.837347645963611 ] ] ] ] } },
{ "type": "Feature", "properties": { "FID": 280, "layer": "4", "path": "D:/1 work/数据/树/4.shp" }, "geometry": { "type": "MultiPolygon", "coordinates": [ [ [ [ 114.353553787358749, 34.837520302758179 ], [ 114.354690940729967, 34.837469696456317 ], [ 114.354741547031836, 34.837091637613 ], [ 114.354667125999683, 34.837046984993712 ], [ 114.354434932379377, 34.837106521819429 ], [ 114.354384326077522, 34.83732978491588 ], [ 114.353985429345201, 34.83733276175716 ], [ 114.353979475662626, 34.837151174438723 ], [ 114.354161062981078, 34.837079730247858 ], [ 114.354152132457216, 34.836969587120279 ], [ 114.353723467312037, 34.837020193422141 ], [ 114.353699652581753, 34.837433974360884 ], [ 114.353562717882596, 34.837445881726026 ], [ 114.353553787358749, 34.837520302758179 ] ] ] ] } },
{ "type": "Feature", "properties": { "FID": 281, "layer": "4", "path": "D:/1 work/数据/树/4.shp" }, "geometry": { "type": "MultiPolygon", "coordinates": [ [ [ [ 114.353485320009128, 34.837023170263421 ], [ 114.353687745216575, 34.83697256396156 ], [ 114.353586532612852, 34.836341473608947 ], [ 114.353288848484269, 34.836332543085085 ], [ 114.353303732690691, 34.836514130403529 ], [ 114.353384107405418, 34.836514130403529 ], [ 114.353485320009128, 34.837023170263421 ] ] ] ] } },
{ "type": "Feature", "properties": { "FID": 282, "layer": "4", "path": "D:/1 work/数据/树/4.shp" }, "geometry": { "type": "MultiPolygon", "coordinates": [ [ [ [ 114.352202301414906, 34.837609607996747 ], [ 114.352434495035197, 34.83759174694903 ], [ 114.352321375066339, 34.836353380974082 ], [ 114.352032621461603, 34.836368265180511 ], [ 114.352202301414906, 34.837609607996747 ] ] ] ] } },
{ "type": "Feature", "properties": { "FID": 283, "layer": "4", "path": "D:/1 work/数据/树/4.shp" }, "geometry": { "type": "MultiPolygon", "coordinates": [ [ [ [ 114.35230946770119, 34.836103326306073 ], [ 114.352595244464638, 34.836067604210641 ], [ 114.352550591845358, 34.835868155844487 ], [ 114.352294583494768, 34.835880063209629 ], [ 114.35230946770119, 34.836103326306073 ] ] ] ] } },
{ "type": "Feature", "properties": { "FID": 284, "layer": "4", "path": "D:/1 work/数据/树/4.shp" }, "geometry": { "type": "MultiPolygon", "coordinates": [ [ [ [ 114.351499766871427, 34.835722290621462 ], [ 114.351776613111014, 34.835713360097607 ], [ 114.3516962383963, 34.83533530125429 ], [ 114.351490836347566, 34.835368046508435 ], [ 114.351499766871427, 34.835722290621462 ] ] ] ] } },
{ "type": "Feature", "properties": { "FID": 285, "layer": "4", "path": "D:/1 work/数据/树/4.shp" }, "geometry": { "type": "MultiPolygon", "coordinates": [ [ [ [ 114.349347510621712, 34.836508176720947 ], [ 114.349847619957757, 34.836427802006227 ], [ 114.349785106290753, 34.836061650528052 ], [ 114.349287973795995, 34.836145002084059 ], [ 114.349347510621712, 34.836508176720947 ] ] ] ] } },
{ "type": "Feature", "properties": { "FID": 286, "layer": "4", "path": "D:/1 work/数据/树/4.shp" }, "geometry": { "type": "MultiPolygon", "coordinates": [ [ [ [ 114.349365371669407, 34.834891751902688 ], [ 114.349788083132012, 34.834826261394397 ], [ 114.349761291560441, 34.834796492981539 ], [ 114.349555889511706, 34.834796492981539 ], [ 114.349535051622709, 34.834582160408949 ], [ 114.349368348510694, 34.83460597513924 ], [ 114.349365371669407, 34.834891751902688 ] ] ] ] } },
{ "type": "Feature", "properties": { "FID": 287, "layer": "4", "path": "D:/1 work/数据/树/4.shp" }, "geometry": { "type": "MultiPolygon", "coordinates": [ [ [ [ 114.347745970009868, 34.83469825721911 ], [ 114.347948395217315, 34.834725048790681 ], [ 114.348716420269085, 34.834650627758535 ], [ 114.348734281316794, 34.834501785694236 ], [ 114.348868239174664, 34.834474994122665 ], [ 114.348865262333376, 34.83426661523265 ], [ 114.348112121488043, 34.83430531416937 ], [ 114.347745970009868, 34.83469825721911 ] ] ] ] } },
{ "type": "Feature", "properties": { "FID": 288, "layer": "4", "path": "D:/1 work/数据/树/4.shp" }, "geometry": { "type": "MultiPolygon", "coordinates": [ [ [ [ 114.346683237670774, 34.834159448946345 ], [ 114.346909477608492, 34.834221962613348 ], [ 114.34705534283151, 34.834159448946345 ], [ 114.346897570243357, 34.834001676358191 ], [ 114.346683237670774, 34.834159448946345 ] ] ] ] } },
{ "type": "Feature", "properties": { "FID": 289, "layer": "4", "path": "D:/1 work/数据/树/4.shp" }, "geometry": { "type": "MultiPolygon", "coordinates": [ [ [ [ 114.347082134403067, 34.834123726850919 ], [ 114.347126787022361, 34.833177091321993 ], [ 114.346909477608477, 34.833334863910146 ], [ 114.346939246021336, 34.833537289117594 ], [ 114.346927338656201, 34.833701015388314 ], [ 114.346966037592921, 34.833826042722329 ], [ 114.346936269180063, 34.833986792151769 ], [ 114.347082134403067, 34.834123726850919 ] ] ] ] } },
{ "type": "Feature", "properties": { "FID": 290, "layer": "4", "path": "D:/1 work/数据/树/4.shp" }, "geometry": { "type": "MultiPolygon", "coordinates": [ [ [ [ 114.346912454449736, 34.833177091321993 ], [ 114.347004736529598, 34.833197929210996 ], [ 114.347076180720464, 34.833090762924698 ], [ 114.347028551259882, 34.832787125113533 ], [ 114.347094041768173, 34.832671028303388 ], [ 114.346927338656172, 34.832593630429947 ], [ 114.346832079735023, 34.832947874542974 ], [ 114.346912454449736, 34.833177091321993 ] ] ] ] } },
{ "type": "Feature", "properties": { "FID": 291, "layer": "4", "path": "D:/1 work/数据/树/4.shp" }, "geometry": { "type": "MultiPolygon", "coordinates": [ [ [ [ 114.346957107069031, 34.832522186239103 ], [ 114.347123810181046, 34.83262042200154 ], [ 114.347183347006762, 34.832602560953823 ], [ 114.347183347006762, 34.832420973635379 ], [ 114.346963060751605, 34.832388228381234 ], [ 114.346957107069031, 34.832522186239103 ] ] ] ] } },
{ "type": "Feature", "properties": { "FID": 292, "layer": "4", "path": "D:/1 work/数据/树/4.shp" }, "geometry": { "type": "MultiPolygon", "coordinates": [ [ [ [ 114.346977944958027, 34.832304876825226 ], [ 114.347073203879177, 34.832343575761939 ], [ 114.347183347006762, 34.832319761031656 ], [ 114.347183347006762, 34.831563643345028 ], [ 114.347037481783744, 34.831581504392744 ], [ 114.346954130227743, 34.831646994901035 ], [ 114.34685291762402, 34.831873234838767 ], [ 114.346888639719452, 34.83203100742692 ], [ 114.346977944958027, 34.832304876825226 ] ] ] ] } },
{ "type": "Feature", "properties": { "FID": 293, "layer": "4", "path": "D:/1 work/数据/树/4.shp" }, "geometry": { "type": "MultiPolygon", "coordinates": [ [ [ [ 114.34663560821015, 34.831903003251632 ], [ 114.346781473433154, 34.83190598009292 ], [ 114.346802311322165, 34.831843466425916 ], [ 114.346897570243314, 34.831590434916613 ], [ 114.346811241846012, 34.831530898090897 ], [ 114.346683237670717, 34.831510060201893 ], [ 114.34663560821015, 34.831903003251632 ] ] ] ] } },
{ "type": "Feature", "properties": { "FID": 294, "layer": "4", "path": "D:/1 work/数据/树/4.shp" }, "geometry": { "type": "MultiPolygon", "coordinates": [ [ [ [ 114.346808265004739, 34.830878969849266 ], [ 114.346668353464295, 34.830855155118982 ], [ 114.346653469257873, 34.831435639169733 ], [ 114.346811241846027, 34.831492199154169 ], [ 114.346954130227743, 34.831563643345028 ], [ 114.347043435466333, 34.831516013884453 ], [ 114.34716846280034, 34.831501129678024 ], [ 114.347165485959053, 34.831331449724729 ], [ 114.346707052401015, 34.831367171820162 ], [ 114.346715982924877, 34.831090325580568 ], [ 114.346715982924877, 34.831006974024561 ], [ 114.346808265004739, 34.830878969849266 ] ] ] ] } },
{ "type": "Feature", "properties": { "FID": 295, "layer": "4", "path": "D:/1 work/数据/树/4.shp" }, "geometry": { "type": "MultiPolygon", "coordinates": [ [ [ [ 114.342756784014611, 34.832218548427932 ], [ 114.342941348174335, 34.832337622079372 ], [ 114.344060640497844, 34.832313807349081 ], [ 114.34378081741697, 34.831111163469565 ], [ 114.342804413475179, 34.83127786658158 ], [ 114.342756784014611, 34.832218548427932 ] ] ] ] } },
{ "type": "Feature", "properties": { "FID": 296, "layer": "4", "path": "D:/1 work/数据/树/4.shp" }, "geometry": { "type": "MultiPolygon", "coordinates": [ [ [ [ 114.344114223640986, 34.83211138214164 ], [ 114.344501213008158, 34.832069706363633 ], [ 114.344316648848434, 34.831123070834714 ], [ 114.34395942789412, 34.831194515025572 ], [ 114.344114223640986, 34.83211138214164 ] ] ] ] } },
{ "type": "Feature", "properties": { "FID": 297, "layer": "4", "path": "D:/1 work/数据/树/4.shp" }, "geometry": { "type": "MultiPolygon", "coordinates": [ [ [ [ 114.344322602530966, 34.819894425504188 ], [ 114.346370669335684, 34.820204016997927 ], [ 114.349323695891329, 34.820311183284218 ], [ 114.349347510621612, 34.820144480172203 ], [ 114.347835275248357, 34.820180202267636 ], [ 114.345727671617922, 34.819977777060195 ], [ 114.344453583547548, 34.819763444487606 ], [ 114.344322602530966, 34.819894425504188 ] ] ] ] } },
{ "type": "Feature", "properties": { "FID": 298, "layer": "4", "path": "D:/1 work/数据/树/4.shp" }, "geometry": { "type": "MultiPolygon", "coordinates": [ [ [ [ 114.477756536331398, 34.79909225859808 ], [ 114.478863921289758, 34.798973184946647 ], [ 114.478554329796026, 34.79828255776831 ], [ 114.477958961538846, 34.798365909324318 ], [ 114.477839887887399, 34.798627871357475 ], [ 114.4776493700451, 34.79869931554834 ], [ 114.477756536331398, 34.79909225859808 ] ] ] ] } },
{ "type": "Feature", "properties": { "FID": 299, "layer": "4", "path": "D:/1 work/数据/树/4.shp" }, "geometry": { "type": "MultiPolygon", "coordinates": [ [ [ [ 114.468397347328434, 34.809719581988851 ], [ 114.469850045875972, 34.809707674623709 ], [ 114.470671654070884, 34.809802933544859 ], [ 114.471624243282392, 34.809802933544859 ], [ 114.471481354900661, 34.80961241570256 ], [ 114.470362062577152, 34.809695767258567 ], [ 114.469421380730793, 34.809600508337418 ], [ 114.468254458946717, 34.809636230432844 ], [ 114.468397347328434, 34.809719581988851 ] ] ] ] } },
{ "type": "Feature", "properties": { "FID": 300, "layer": "4", "path": "D:/1 work/数据/树/4.shp" }, "geometry": { "type": "MultiPolygon", "coordinates": [ [ [ [ 114.471796900076967, 34.809761257766837 ], [ 114.473684217452274, 34.809945821926583 ], [ 114.474732065584917, 34.809892238783434 ], [ 114.474803509775782, 34.809648137797986 ], [ 114.474452242504043, 34.809791026179717 ], [ 114.474041438406587, 34.809886285100866 ], [ 114.473660402721976, 34.809785072497142 ], [ 114.473201969163952, 34.809779118814568 ], [ 114.473184108116229, 34.809701720941135 ], [ 114.472469666207616, 34.809665998845702 ], [ 114.472380360969026, 34.809362361034538 ], [ 114.472255333635019, 34.809457619955687 ], [ 114.471993371601869, 34.809481434685978 ], [ 114.471957649506436, 34.809606462019985 ], [ 114.471743316933839, 34.809618369385127 ], [ 114.471796900076967, 34.809761257766837 ] ] ] ] } },
{ "type": "Feature", "properties": { "FID": 301, "layer": "4", "path": "D:/1 work/数据/树/4.shp" }, "geometry": { "type": "MultiPolygon", "coordinates": [ [ [ [ 114.478366788795057, 34.809389152606101 ], [ 114.479628969500297, 34.809401059971243 ], [ 114.479637900024159, 34.809299847367519 ], [ 114.478354881429922, 34.80920458844637 ], [ 114.478366788795057, 34.809389152606101 ] ] ] ] } },
{ "type": "Feature", "properties": { "FID": 302, "layer": "4", "path": "D:/1 work/数据/树/4.shp" }, "geometry": { "type": "MultiPolygon", "coordinates": [ [ [ [ 114.479548594785555, 34.801708902088393 ], [ 114.480126101995012, 34.801601735802102 ], [ 114.480042750439011, 34.801518384246094 ], [ 114.479584316880974, 34.801577921071811 ], [ 114.479268771704668, 34.800530072939168 ], [ 114.479084207544943, 34.800607470812601 ], [ 114.479548594785555, 34.801708902088393 ] ] ] ] } },
{ "type": "Feature", "properties": { "FID": 303, "layer": "4", "path": "D:/1 work/数据/树/4.shp" }, "geometry": { "type": "MultiPolygon", "coordinates": [ [ [ [ 114.339041686089615, 34.840473329313689 ], [ 114.340470569906856, 34.840306626201681 ], [ 114.340458662541721, 34.840205413597957 ], [ 114.340160978413124, 34.840235182010815 ], [ 114.340238376286564, 34.839544554832479 ], [ 114.339660869077093, 34.839633860071061 ], [ 114.339637054346795, 34.840008942073084 ], [ 114.339422721774213, 34.839794609500501 ], [ 114.339315555487914, 34.839806516865643 ], [ 114.339494165965078, 34.840366163027397 ], [ 114.339166713423623, 34.84040188512283 ], [ 114.339154806058474, 34.840306626201681 ], [ 114.338964288216175, 34.840294718836539 ], [ 114.339041686089615, 34.840473329313689 ] ] ] ] } },
{ "type": "Feature", "properties": { "FID": 304, "layer": "4", "path": "D:/1 work/数据/树/4.shp" }, "geometry": { "type": "MultiPolygon", "coordinates": [ [ [ [ 114.338928566120742, 34.841235400682891 ], [ 114.340053812126826, 34.841187771222316 ], [ 114.340035951079116, 34.841086558618592 ], [ 114.338863075612466, 34.84107465125345 ], [ 114.338928566120742, 34.841235400682891 ] ] ] ] } },
{ "type": "Feature", "properties": { "FID": 305, "layer": "4", "path": "D:/1 work/数据/树/4.shp" }, "geometry": { "type": "MultiPolygon", "coordinates": [ [ [ [ 114.33983352587164, 34.842524372959694 ], [ 114.34000618266623, 34.842539257166123 ], [ 114.340428894128834, 34.842030217306231 ], [ 114.340160978413095, 34.842054032036522 ], [ 114.3399496226818, 34.842265387767817 ], [ 114.33983352587164, 34.842524372959694 ] ] ] ] } },
{ "type": "Feature", "properties": { "FID": 306, "layer": "4", "path": "D:/1 work/数据/树/4.shp" }, "geometry": { "type": "MultiPolygon", "coordinates": [ [ [ [ 114.344414884610714, 34.840982369173588 ], [ 114.344709591898024, 34.840961531284584 ], [ 114.344620286659449, 34.840717430299136 ], [ 114.344617309818162, 34.840354255662255 ], [ 114.344426791975863, 34.840381047233826 ], [ 114.344414884610714, 34.840982369173588 ] ] ] ] } },
{ "type": "Feature", "properties": { "FID": 307, "layer": "4", "path": "D:/1 work/数据/树/4.shp" }, "geometry": { "type": "MultiPolygon", "coordinates": [ [ [ [ 114.343822493194821, 34.841414011160047 ], [ 114.344081478386698, 34.841414011160047 ], [ 114.344117200482117, 34.840949623919443 ], [ 114.344266042546423, 34.84095260076073 ], [ 114.344227343609703, 34.84044058405955 ], [ 114.344343440419848, 34.840381047233826 ], [ 114.344456560388721, 34.840354255662255 ], [ 114.344420838293289, 34.840300672519106 ], [ 114.343989196306822, 34.840366163027397 ], [ 114.344007057354546, 34.840893063935006 ], [ 114.343887983703112, 34.840955577602017 ], [ 114.343822493194821, 34.841414011160047 ] ] ] ] } },
{ "type": "Feature", "properties": { "FID": 308, "layer": "4", "path": "D:/1 work/数据/树/4.shp" }, "geometry": { "type": "MultiPolygon", "coordinates": [ [ [ [ 114.345060859169763, 34.84103297547545 ], [ 114.345721717935248, 34.841062743888308 ], [ 114.346028332587693, 34.841268145937036 ], [ 114.34632601671629, 34.841280053302185 ], [ 114.346293271462145, 34.841220516476461 ], [ 114.34603130942898, 34.841202655428752 ], [ 114.345790185284812, 34.840931762871726 ], [ 114.345138257043203, 34.840899017617588 ], [ 114.345060859169763, 34.84103297547545 ] ] ] ] } },
{ "type": "Feature", "properties": { "FID": 309, "layer": "4", "path": "D:/1 work/数据/树/4.shp" }, "geometry": { "type": "MultiPolygon", "coordinates": [ [ [ [ 114.34500578760597, 34.841536061652782 ], [ 114.34555650324387, 34.841559876383066 ], [ 114.345592225339288, 34.841348520651771 ], [ 114.345499943259426, 34.84132470592148 ], [ 114.345499943259426, 34.84127112277833 ], [ 114.345026625494967, 34.841238377524185 ], [ 114.34500578760597, 34.841536061652782 ] ] ] ] } },
{ "type": "Feature", "properties": { "FID": 310, "layer": "4", "path": "D:/1 work/数据/树/4.shp" }, "geometry": { "type": "MultiPolygon", "coordinates": [ [ [ [ 114.345126349678054, 34.840866272363463 ], [ 114.345581806394804, 34.840875202887325 ], [ 114.345550549561295, 34.840663847156023 ], [ 114.34547910537043, 34.840672777679877 ], [ 114.345432964330499, 34.840707011354667 ], [ 114.345162071773487, 34.840759106077172 ], [ 114.345126349678054, 34.840866272363463 ] ] ] ] } },
{ "type": "Feature", "properties": { "FID": 311, "layer": "4", "path": "D:/1 work/数据/树/4.shp" }, "geometry": { "type": "MultiPolygon", "coordinates": [ [ [ [ 114.346401926169079, 34.839891356842315 ], [ 114.346535884026949, 34.839903264207457 ], [ 114.346482300883793, 34.839364455934707 ], [ 114.346571606122367, 34.839313849632845 ], [ 114.346550768233371, 34.839233474918125 ], [ 114.346348343025923, 34.839221567552983 ], [ 114.346401926169079, 34.839891356842315 ] ] ] ] } },
{ "type": "Feature", "properties": { "FID": 312, "layer": "4", "path": "D:/1 work/数据/树/4.shp" }, "geometry": { "type": "MultiPolygon", "coordinates": [ [ [ [ 114.346056612579886, 34.839251335965841 ], [ 114.346345366184622, 34.839221567552983 ], [ 114.346327505136898, 34.839042957075826 ], [ 114.346154848342323, 34.839037003393251 ], [ 114.346136987294599, 34.838956628678531 ], [ 114.346291783041465, 34.838914952900531 ], [ 114.346235223057036, 34.838691689804087 ], [ 114.345913724198155, 34.838745272947236 ], [ 114.346056612579886, 34.839251335965841 ] ] ] ] } },
{ "type": "Feature", "properties": { "FID": 313, "layer": "4", "path": "D:/1 work/数据/树/4.shp" }, "geometry": { "type": "MultiPolygon", "coordinates": [ [ [ [ 114.338584740952157, 34.837771845846717 ], [ 114.338930054541322, 34.837664679560426 ], [ 114.338891355604616, 34.837575374321851 ], [ 114.338796096683467, 34.837584304845706 ], [ 114.338751444064172, 34.837366995431836 ], [ 114.338540088332877, 34.837414624892411 ], [ 114.338584740952157, 34.837771845846717 ] ] ] ] } },
{ "type": "Feature", "properties": { "FID": 314, "layer": "4", "path": "D:/1 work/数据/树/4.shp" }, "geometry": { "type": "MultiPolygon", "coordinates": [ [ [ [ 114.338114400028971, 34.837579839583761 ], [ 114.338525204126427, 34.837493511186473 ], [ 114.33851031991999, 34.837425043836895 ], [ 114.338316825236404, 34.837428020678182 ], [ 114.338218589473968, 34.837195827057876 ], [ 114.338072724250964, 34.837240479677163 ], [ 114.337995326377523, 34.83751434907547 ], [ 114.338034025314244, 34.837669144822343 ], [ 114.338135237917967, 34.837660214298481 ], [ 114.338114400028971, 34.837579839583761 ] ] ] ] } },
{ "type": "Feature", "properties": { "FID": 315, "layer": "4", "path": "D:/1 work/数据/树/4.shp" }, "geometry": { "type": "MultiPolygon", "coordinates": [ [ [ [ 114.337510101247886, 34.836847536627424 ], [ 114.338072724250935, 34.836856467151279 ], [ 114.338382315744667, 34.836734416658558 ], [ 114.338328732601525, 34.836386126228106 ], [ 114.338263242093234, 34.836290867306957 ], [ 114.337953650599488, 34.836326589402383 ], [ 114.337932812710491, 34.836401010434535 ], [ 114.337935789551778, 34.836633204054834 ], [ 114.338022117949066, 34.836719532452129 ], [ 114.337920905345342, 34.836779069277846 ], [ 114.33752796229561, 34.836820745055853 ], [ 114.337510101247886, 34.836847536627424 ] ] ] ] } },
{ "type": "Feature", "properties": { "FID": 316, "layer": "4", "path": "D:/1 work/数据/树/4.shp" }, "geometry": { "type": "MultiPolygon", "coordinates": [ [ [ [ 114.337471402311166, 34.836651065102551 ], [ 114.337584522280039, 34.836615343007118 ], [ 114.337581545438752, 34.83652901460983 ], [ 114.337932812710491, 34.836496269355685 ], [ 114.33794472007564, 34.836389103069394 ], [ 114.33748926335889, 34.836430778847394 ], [ 114.337385073913879, 34.836493292514398 ], [ 114.337376143390017, 34.836546875657547 ], [ 114.337456518104744, 34.836558783022689 ], [ 114.337471402311166, 34.836651065102551 ] ] ] ] } },
{ "type": "Feature", "properties": { "FID": 317, "layer": "4", "path": "D:/1 work/数据/树/4.shp" }, "geometry": { "type": "MultiPolygon", "coordinates": [ [ [ [ 114.340945376091838, 34.838243675190519 ], [ 114.341701493778459, 34.838154369951937 ], [ 114.34171042430232, 34.838252605714374 ], [ 114.342415935687086, 34.838166277317086 ], [ 114.342368306226504, 34.837948967903209 ], [ 114.340993005552406, 34.838145439428082 ], [ 114.340945376091838, 34.838243675190519 ] ] ] ] } },
{ "type": "Feature", "properties": { "FID": 318, "layer": "4", "path": "D:/1 work/数据/树/4.shp" }, "geometry": { "type": "MultiPolygon", "coordinates": [ [ [ [ 114.341082310791009, 34.837782264791208 ], [ 114.342329607289813, 34.837678075346204 ], [ 114.342523101973399, 34.837621515361768 ], [ 114.342457611465107, 34.837264294407461 ], [ 114.341344272824173, 34.837347645963469 ], [ 114.341388925443454, 34.837419090154327 ], [ 114.341424647538886, 34.837567932218626 ], [ 114.342246255733798, 34.837463742773615 ], [ 114.342246255733798, 34.837567932218626 ], [ 114.341082310791009, 34.83771082060035 ], [ 114.341082310791009, 34.837782264791208 ] ] ] ] } },
{ "type": "Feature", "properties": { "FID": 319, "layer": "4", "path": "D:/1 work/数据/树/4.shp" }, "geometry": { "type": "MultiPolygon", "coordinates": [ [ [ [ 114.34117161602957, 34.837225595470734 ], [ 114.341433578062734, 34.837177966010159 ], [ 114.341323434935148, 34.836817768214559 ], [ 114.341109102362566, 34.836871351357708 ], [ 114.34117161602957, 34.837225595470734 ] ] ] ] } },
{ "type": "Feature", "properties": { "FID": 320, "layer": "4", "path": "D:/1 work/数据/树/4.shp" }, "geometry": { "type": "MultiPolygon", "coordinates": [ [ [ [ 114.340644715121911, 34.838877742384419 ], [ 114.340769742455919, 34.838862858177983 ], [ 114.340769742455919, 34.83839251725481 ], [ 114.340650668804486, 34.838428239350243 ], [ 114.340644715121911, 34.838877742384419 ] ] ] ] } },
{ "type": "Feature", "properties": { "FID": 321, "layer": "4", "path": "D:/1 work/数据/树/4.shp" }, "geometry": { "type": "MultiPolygon", "coordinates": [ [ [ [ 114.339200947098234, 34.83937785172045 ], [ 114.340430382549314, 34.839193287560718 ], [ 114.340415498342892, 34.83886881186055 ], [ 114.339099734494511, 34.839056352861569 ], [ 114.339200947098234, 34.83937785172045 ] ] ] ] } },
{ "type": "Feature", "properties": { "FID": 322, "layer": "4", "path": "D:/1 work/数据/树/4.shp" }, "geometry": { "type": "MultiPolygon", "coordinates": [ [ [ [ 114.338992568208241, 34.839187333878151 ], [ 114.339114618700961, 34.839163519147867 ], [ 114.339090803970677, 34.838967047622994 ], [ 114.34047801200991, 34.838794390828411 ], [ 114.340457174120914, 34.838705085589829 ], [ 114.339671288021435, 34.838836066606412 ], [ 114.339632589084715, 34.838711039272404 ], [ 114.33938848809926, 34.838708062431117 ], [ 114.339325974432256, 34.838544336160389 ], [ 114.339156294478968, 34.838580058255822 ], [ 114.339177132367965, 34.838711039272404 ], [ 114.338891355604517, 34.838752715050404 ], [ 114.338992568208241, 34.839187333878151 ] ] ] ] } },
{ "type": "Feature", "properties": { "FID": 323, "layer": "4", "path": "D:/1 work/数据/树/4.shp" }, "geometry": { "type": "MultiPolygon", "coordinates": [ [ [ [ 114.338614509364859, 34.837311923868015 ], [ 114.338894332445733, 34.837258340724873 ], [ 114.338968753477886, 34.837320854391876 ], [ 114.339224761828476, 34.837219641788153 ], [ 114.339087827129319, 34.837023170263279 ], [ 114.338894332445733, 34.837109498660574 ], [ 114.33860260199971, 34.837133313390865 ], [ 114.338614509364859, 34.837311923868015 ] ] ] ] } },
{ "type": "Feature", "properties": { "FID": 324, "layer": "4", "path": "D:/1 work/数据/树/4.shp" }, "geometry": { "type": "MultiPolygon", "coordinates": [ [ [ [ 114.333410990797034, 34.838934302368841 ], [ 114.334250460039669, 34.838830112923837 ], [ 114.33423259899196, 34.838586011938389 ], [ 114.334396325262688, 34.838591965620964 ], [ 114.334378464214964, 34.838645548764106 ], [ 114.334470746294826, 34.838624710875109 ], [ 114.334506468390259, 34.838812251876121 ], [ 114.33457195889855, 34.838797367669692 ], [ 114.334560051533401, 34.838550289842956 ], [ 114.33423855267452, 34.838508614064956 ], [ 114.334214737944237, 34.838416331985094 ], [ 114.334446931564543, 34.838398470937378 ], [ 114.334446931564543, 34.838187115206075 ], [ 114.334265344246106, 34.838219860460221 ], [ 114.334321904230535, 34.838106740491355 ], [ 114.334286182135102, 34.838053157348206 ], [ 114.33415520111852, 34.838124601539072 ], [ 114.334146270594658, 34.838362748841945 ], [ 114.334053988514796, 34.838556243525531 ], [ 114.333863470672497, 34.838675317176964 ], [ 114.333366338177754, 34.838725923478826 ], [ 114.333410990797034, 34.838934302368841 ] ] ] ] } },
{ "type": "Feature", "properties": { "FID": 325, "layer": "4", "path": "D:/1 work/数据/树/4.shp" }, "geometry": { "type": "MultiPolygon", "coordinates": [ [ [ [ 114.333285963462998, 34.838463961445669 ], [ 114.333387176066722, 34.838466938286956 ], [ 114.333274056097864, 34.837794172156336 ], [ 114.333146051922569, 34.837809056362765 ], [ 114.333285963462998, 34.838463961445669 ] ] ] ] } },
{ "type": "Feature", "properties": { "FID": 326, "layer": "4", "path": "D:/1 work/数据/树/4.shp" }, "geometry": { "type": "MultiPolygon", "coordinates": [ [ [ [ 114.331458182913465, 34.839422504339744 ], [ 114.332247045854245, 34.839249847545162 ], [ 114.33225299953682, 34.839362967514028 ], [ 114.332684641523272, 34.839288546481882 ], [ 114.332544729982828, 34.838946209733997 ], [ 114.331389715563901, 34.839136727576296 ], [ 114.331458182913465, 34.839422504339744 ] ] ] ] } },
{ "type": "Feature", "properties": { "FID": 327, "layer": "4", "path": "D:/1 work/数据/树/4.shp" }, "geometry": { "type": "MultiPolygon", "coordinates": [ [ [ [ 114.334438001040681, 34.840098247311637 ], [ 114.334548144168267, 34.840077409422634 ], [ 114.334536236803118, 34.839883914739048 ], [ 114.334851781979424, 34.83988093789776 ], [ 114.334804152518856, 34.839690420055462 ], [ 114.334440977881968, 34.839711257944465 ], [ 114.334408232627823, 34.839413573815868 ], [ 114.333946822228512, 34.839508832737017 ], [ 114.334134363229524, 34.839794609500473 ], [ 114.334265344246106, 34.839812470548189 ], [ 114.334438001040681, 34.840098247311637 ] ] ] ] } },
{ "type": "Feature", "properties": { "FID": 328, "layer": "4", "path": "D:/1 work/数据/树/4.shp" }, "geometry": { "type": "MultiPolygon", "coordinates": [ [ [ [ 114.334813083042661, 34.839297477005694 ], [ 114.335176257679549, 34.839300453846981 ], [ 114.335194118727259, 34.839184357036828 ], [ 114.33478629147109, 34.839163519147831 ], [ 114.334813083042661, 34.839297477005694 ] ] ] ] } },
{ "type": "Feature", "properties": { "FID": 329, "layer": "4", "path": "D:/1 work/数据/树/4.shp" }, "geometry": { "type": "MultiPolygon", "coordinates": [ [ [ [ 114.33427427476984, 34.842497581388052 ], [ 114.334938110376598, 34.842426137197187 ], [ 114.33492917985275, 34.842381484577899 ], [ 114.334833920931601, 34.84232492459347 ], [ 114.334807129360016, 34.842113568862167 ], [ 114.335015508250038, 34.842119522544742 ], [ 114.335000624043602, 34.841964726797869 ], [ 114.33459577362872, 34.841994495210727 ], [ 114.334366556849702, 34.842057008877731 ], [ 114.334259390563417, 34.842217758307171 ], [ 114.33421771478541, 34.842441021403616 ], [ 114.33427427476984, 34.842497581388052 ] ] ] ] } },
{ "type": "Feature", "properties": { "FID": 330, "layer": "4", "path": "D:/1 work/数据/树/4.shp" }, "geometry": { "type": "MultiPolygon", "coordinates": [ [ [ [ 114.299680402186056, 34.839226032814814 ], [ 114.301776098451342, 34.840029779962016 ], [ 114.302032106801931, 34.839898798945434 ], [ 114.302204763596521, 34.839749956881143 ], [ 114.301145008098729, 34.839309384370821 ], [ 114.299757800059481, 34.838868811860507 ], [ 114.299680402186056, 34.839226032814814 ] ] ] ] } },
{ "type": "Feature", "properties": { "FID": 331, "layer": "4", "path": "D:/1 work/数据/树/4.shp" }, "geometry": { "type": "MultiPolygon", "coordinates": [ [ [ [ 114.302109504675371, 34.840142899930882 ], [ 114.304639819768411, 34.841071674412092 ], [ 114.304866059706129, 34.840660870314629 ], [ 114.304389765100382, 34.84042867669433 ], [ 114.303514573762328, 34.84026792726489 ], [ 114.302996603378574, 34.840005965231725 ], [ 114.302335744613089, 34.839791632659143 ], [ 114.302109504675371, 34.840142899930882 ] ] ] ] } },
{ "type": "Feature", "properties": { "FID": 332, "layer": "4", "path": "D:/1 work/数据/树/4.shp" }, "geometry": { "type": "MultiPolygon", "coordinates": [ [ [ [ 114.302651289789409, 34.839648744277419 ], [ 114.303597925318329, 34.840148853613449 ], [ 114.304651727133546, 34.840369139868614 ], [ 114.304812476562986, 34.840279834630032 ], [ 114.304919642849285, 34.839934521040867 ], [ 114.304592190307829, 34.839815447389427 ], [ 114.303949192590068, 34.839624929547128 ], [ 114.303538388492612, 34.839511809578262 ], [ 114.302782270805992, 34.839321291735963 ], [ 114.302651289789409, 34.839648744277419 ] ] ] ] } },
{ "type": "Feature", "properties": { "FID": 333, "layer": "4", "path": "D:/1 work/数据/树/4.shp" }, "geometry": { "type": "MultiPolygon", "coordinates": [ [ [ [ 114.304145664114941, 34.839571346403972 ], [ 114.304758893419844, 34.839785678976554 ], [ 114.305032762818144, 34.839136727576225 ], [ 114.304407626148105, 34.838910487638493 ], [ 114.304145664114941, 34.839571346403972 ] ] ] ] } },
{ "type": "Feature", "properties": { "FID": 334, "layer": "4", "path": "D:/1 work/数据/树/4.shp" }, "geometry": { "type": "MultiPolygon", "coordinates": [ [ [ [ 114.305044670183307, 34.840369139868599 ], [ 114.305479289011046, 34.840553704028324 ], [ 114.305640038440487, 34.840119085200584 ], [ 114.305128021739307, 34.840065502057435 ], [ 114.305044670183307, 34.840369139868599 ] ] ] ] } },
{ "type": "Feature", "properties": { "FID": 335, "layer": "4", "path": "D:/1 work/数据/树/4.shp" }, "geometry": { "type": "MultiPolygon", "coordinates": [ [ [ [ 114.305122068056747, 34.839934521040853 ], [ 114.305532872154203, 34.840023826279435 ], [ 114.305699575266217, 34.840005965231718 ], [ 114.305925815203935, 34.839434411704815 ], [ 114.305443566915628, 34.839243893862516 ], [ 114.305122068056747, 34.839934521040853 ] ] ] ] } },
{ "type": "Feature", "properties": { "FID": 336, "layer": "4", "path": "D:/1 work/数据/树/4.shp" }, "geometry": { "type": "MultiPolygon", "coordinates": [ [ [ [ 114.306431878222568, 34.840297695677741 ], [ 114.306848636002599, 34.840428676694323 ], [ 114.307021292797174, 34.83967851269027 ], [ 114.306652164477725, 34.839660651642554 ], [ 114.306431878222568, 34.840297695677741 ] ] ] ] } },
{ "type": "Feature", "properties": { "FID": 337, "layer": "4", "path": "D:/1 work/数据/树/4.shp" }, "geometry": { "type": "MultiPolygon", "coordinates": [ [ [ [ 114.306729562351137, 34.841101442824943 ], [ 114.307068922257727, 34.841166933333234 ], [ 114.307241579052317, 34.841053813364368 ], [ 114.307307069560594, 34.840678731362345 ], [ 114.306914126510861, 34.840589426123763 ], [ 114.306729562351137, 34.841101442824943 ] ] ] ] } },
{ "type": "Feature", "properties": { "FID": 338, "layer": "4", "path": "D:/1 work/数据/树/4.shp" }, "geometry": { "type": "MultiPolygon", "coordinates": [ [ [ [ 114.307235625369742, 34.841250284889242 ], [ 114.307509494768041, 34.841327682762675 ], [ 114.30770001261034, 34.841351497492958 ], [ 114.308057233564654, 34.841500339557257 ], [ 114.30837277874096, 34.841583691113264 ], [ 114.308652601821834, 34.841518200604973 ], [ 114.308694277599841, 34.841244331206667 ], [ 114.308735953377848, 34.841000230221219 ], [ 114.307967928326079, 34.840881156569786 ], [ 114.307372560068885, 34.84072636082292 ], [ 114.307235625369742, 34.841250284889242 ] ] ] ] } },
{ "type": "Feature", "properties": { "FID": 339, "layer": "4", "path": "D:/1 work/数据/树/4.shp" }, "geometry": { "type": "MultiPolygon", "coordinates": [ [ [ [ 114.307646429467169, 34.839874984215129 ], [ 114.308604972361238, 34.840738268188048 ], [ 114.309099128014708, 34.84031555672545 ], [ 114.309045544871552, 34.839571346403964 ], [ 114.308712138647536, 34.839541577991106 ], [ 114.30830133455008, 34.839083144433076 ], [ 114.307646429467169, 34.839874984215129 ] ] ] ] } },
{ "type": "Feature", "properties": { "FID": 340, "layer": "4", "path": "D:/1 work/数据/树/4.shp" }, "geometry": { "type": "MultiPolygon", "coordinates": [ [ [ [ 114.307426143212012, 34.840637055584324 ], [ 114.308545435535521, 34.840893063934914 ], [ 114.308581157630954, 34.840714453457764 ], [ 114.30762856841946, 34.839946428405995 ], [ 114.307426143212012, 34.840637055584324 ] ] ] ] } },
{ "type": "Feature", "properties": { "FID": 341, "layer": "4", "path": "D:/1 work/数据/树/4.shp" }, "geometry": { "type": "MultiPolygon", "coordinates": [ [ [ [ 114.3080631872472, 34.838880719225614 ], [ 114.308408500836364, 34.838981931829338 ], [ 114.308729999695245, 34.839487994847943 ], [ 114.309015776458693, 34.83952967062595 ], [ 114.309045544871552, 34.838803321352181 ], [ 114.308849073346693, 34.838612803509882 ], [ 114.30873595337782, 34.838583035097024 ], [ 114.308700231282387, 34.838261536238143 ], [ 114.308872888076976, 34.838154369951852 ], [ 114.309087220649559, 34.837892407918687 ], [ 114.309063405919275, 34.837761426902105 ], [ 114.307926252548043, 34.837785241632396 ], [ 114.308253705089498, 34.838201999412426 ], [ 114.308158446168349, 34.838279397285859 ], [ 114.308003650421483, 34.838309165698718 ], [ 114.3080631872472, 34.838880719225614 ] ] ] ] } },
{ "type": "Feature", "properties": { "FID": 342, "layer": "4", "path": "D:/1 work/数据/树/4.shp" }, "geometry": { "type": "MultiPolygon", "coordinates": [ [ [ [ 114.310444660275948, 34.841172887015773 ], [ 114.310569687609956, 34.841065720729482 ], [ 114.310438706593374, 34.840940693395474 ], [ 114.311224592692852, 34.840964508125758 ], [ 114.311361527392009, 34.840875202887183 ], [ 114.311176963232285, 34.840250066217138 ], [ 114.31091500119912, 34.840256019899705 ], [ 114.310861418055978, 34.840648962949452 ], [ 114.309599237350739, 34.840565611393444 ], [ 114.310444660275948, 34.841172887015773 ] ] ] ] } },
{ "type": "Feature", "properties": { "FID": 343, "layer": "4", "path": "D:/1 work/数据/树/4.shp" }, "geometry": { "type": "MultiPolygon", "coordinates": [ [ [ [ 114.309676635224179, 34.840297695677712 ], [ 114.310539919197097, 34.840309603042854 ], [ 114.310450613958523, 34.840148853613414 ], [ 114.309855245701328, 34.84012503888313 ], [ 114.309676635224179, 34.840297695677712 ] ] ] ] } },
{ "type": "Feature", "properties": { "FID": 344, "layer": "4", "path": "D:/1 work/数据/树/4.shp" }, "geometry": { "type": "MultiPolygon", "coordinates": [ [ [ [ 114.3114270179003, 34.840857341839467 ], [ 114.311870567251901, 34.840893063934899 ], [ 114.311867590410614, 34.840809712378892 ], [ 114.311364504233296, 34.840693615568739 ], [ 114.3114270179003, 34.840857341839467 ] ] ] ] } },
{ "type": "Feature", "properties": { "FID": 345, "layer": "4", "path": "D:/1 work/数据/树/4.shp" }, "geometry": { "type": "MultiPolygon", "coordinates": [ [ [ [ 114.312787434367991, 34.84415865882557 ], [ 114.312942230114857, 34.844206288286145 ], [ 114.313823375135485, 34.844227126175149 ], [ 114.313981147723652, 34.843843113649264 ], [ 114.313135724798443, 34.843575197933525 ], [ 114.312787434367991, 34.84415865882557 ] ] ] ] } },
{ "type": "Feature", "properties": { "FID": 346, "layer": "4", "path": "D:/1 work/数据/树/4.shp" }, "geometry": { "type": "MultiPolygon", "coordinates": [ [ [ [ 114.315430869429875, 34.846674089712174 ], [ 114.315782136701614, 34.846790186522327 ], [ 114.316395366006518, 34.846861630713185 ], [ 114.316261408148648, 34.846486548711162 ], [ 114.315210583174718, 34.846090628820129 ], [ 114.315430869429875, 34.846674089712174 ] ] ] ] } },
{ "type": "Feature", "properties": { "FID": 347, "layer": "4", "path": "D:/1 work/数据/树/4.shp" }, "geometry": { "type": "MultiPolygon", "coordinates": [ [ [ [ 114.316829984834229, 34.846942005427898 ], [ 114.317440237297845, 34.847159314841775 ], [ 114.317529542536434, 34.847141453794059 ], [ 114.317455121504281, 34.846906283332473 ], [ 114.317014548993967, 34.846742557061745 ], [ 114.317166367899546, 34.846956889634328 ], [ 114.316829984834229, 34.846942005427898 ] ] ] ] } },
{ "type": "Feature", "properties": { "FID": 348, "layer": "4", "path": "D:/1 work/数据/树/4.shp" }, "geometry": { "type": "MultiPolygon", "coordinates": [ [ [ [ 114.314016869819028, 34.849385992123636 ], [ 114.314210364502614, 34.849421714219069 ], [ 114.314234179232912, 34.849594371013652 ], [ 114.314409812868774, 34.849615208902655 ], [ 114.314576515980789, 34.849525903664073 ], [ 114.314624145441357, 34.849397899488778 ], [ 114.314695589632223, 34.849174636392334 ], [ 114.314439581281633, 34.849129983773047 ], [ 114.313981147723595, 34.849204404805192 ], [ 114.314016869819028, 34.849385992123636 ] ] ] ] } },
{ "type": "Feature", "properties": { "FID": 349, "layer": "4", "path": "D:/1 work/数据/树/4.shp" }, "geometry": { "type": "MultiPolygon", "coordinates": [ [ [ [ 114.313757884627137, 34.848692388104027 ], [ 114.314543770726615, 34.848641781802165 ], [ 114.314496141266048, 34.84859415234159 ], [ 114.314502094948622, 34.848430426070863 ], [ 114.313829328818002, 34.848558430246158 ], [ 114.313719185690417, 34.848612013389307 ], [ 114.313757884627137, 34.848692388104027 ] ] ] ] } },
{ "type": "Feature", "properties": { "FID": 350, "layer": "4", "path": "D:/1 work/数据/树/4.shp" }, "geometry": { "type": "MultiPolygon", "coordinates": [ [ [ [ 114.309417650032231, 34.849650930998074 ], [ 114.309676635224108, 34.84962711626779 ], [ 114.309670681541533, 34.849409806853913 ], [ 114.309914782526974, 34.849385992123629 ], [ 114.309941574098559, 34.849109145884036 ], [ 114.309495047905671, 34.849153798503323 ], [ 114.309358113206514, 34.849260964789622 ], [ 114.309483140540522, 34.8493711079172 ], [ 114.309417650032231, 34.849650930998074 ] ] ] ] } },
{ "type": "Feature", "properties": { "FID": 351, "layer": "4", "path": "D:/1 work/数据/树/4.shp" }, "geometry": { "type": "MultiPolygon", "coordinates": [ [ [ [ 114.309620075239678, 34.849103192201461 ], [ 114.310036833019709, 34.849085331153752 ], [ 114.310013018289411, 34.8487787165013 ], [ 114.310093393004138, 34.848707272310435 ], [ 114.310030879337134, 34.848606059706718 ], [ 114.309816546764552, 34.848814438596726 ], [ 114.309879060431555, 34.849019840645461 ], [ 114.309530770001089, 34.849082354312465 ], [ 114.309620075239678, 34.849103192201461 ] ] ] ] } },
{ "type": "Feature", "properties": { "FID": 352, "layer": "4", "path": "D:/1 work/数据/树/4.shp" }, "geometry": { "type": "MultiPolygon", "coordinates": [ [ [ [ 114.31065899284846, 34.847445091605195 ], [ 114.311239476899217, 34.847037264349026 ], [ 114.311179940073501, 34.846811024411295 ], [ 114.311144217978068, 34.846837815982866 ], [ 114.311087657993639, 34.847013449618736 ], [ 114.310617317070466, 34.847084893809601 ], [ 114.31065899284846, 34.847445091605195 ] ] ] ] } },
{ "type": "Feature", "properties": { "FID": 353, "layer": "4", "path": "D:/1 work/数据/树/4.shp" }, "geometry": { "type": "MultiPolygon", "coordinates": [ [ [ [ 114.310081485638989, 34.847790405194353 ], [ 114.310376192926299, 34.847867803067786 ], [ 114.310504197101594, 34.84783208097236 ], [ 114.31044168343459, 34.847653470495203 ], [ 114.31014102246472, 34.847739798892491 ], [ 114.310081485638989, 34.847790405194353 ] ] ] ] } },
{ "type": "Feature", "properties": { "FID": 354, "layer": "4", "path": "D:/1 work/数据/树/4.shp" }, "geometry": { "type": "MultiPolygon", "coordinates": [ [ [ [ 114.315999446115427, 34.851865700914772 ], [ 114.3161959176403, 34.851859747232204 ], [ 114.316058982941144, 34.85100539378314 ], [ 114.315928001924561, 34.85100539378314 ], [ 114.315984561908991, 34.851353684213592 ], [ 114.315895256670416, 34.851362614737454 ], [ 114.315999446115427, 34.851865700914772 ] ] ] ] } },
{ "type": "Feature", "properties": { "FID": 355, "layer": "4", "path": "D:/1 work/数据/树/4.shp" }, "geometry": { "type": "MultiPolygon", "coordinates": [ [ [ [ 114.317678384600697, 34.85014806349276 ], [ 114.318756001146212, 34.849981360380752 ], [ 114.318750047463638, 34.849895031983458 ], [ 114.318824468495791, 34.849883124618316 ], [ 114.318785769559071, 34.849713444665021 ], [ 114.318735163257202, 34.849725352030163 ], [ 114.318726232733354, 34.849686653093443 ], [ 114.317633731981417, 34.849880147777029 ], [ 114.317678384600697, 34.85014806349276 ] ] ] ] } },
{ "type": "Feature", "properties": { "FID": 356, "layer": "4", "path": "D:/1 work/数据/树/4.shp" }, "geometry": { "type": "MultiPolygon", "coordinates": [ [ [ [ 114.322093040227671, 34.851240564244691 ], [ 114.323974403920374, 34.851139351640974 ], [ 114.323920820777232, 34.851061953767541 ], [ 114.322081132862522, 34.851133397958399 ], [ 114.322093040227671, 34.851240564244691 ] ] ] ] } },
{ "type": "Feature", "properties": { "FID": 357, "layer": "4", "path": "D:/1 work/数据/树/4.shp" }, "geometry": { "type": "MultiPolygon", "coordinates": [ [ [ [ 114.322084109703837, 34.850972648528938 ], [ 114.322238905450703, 34.85096967168765 ], [ 114.322209137037845, 34.850737478067352 ], [ 114.322087086545125, 34.850761292797635 ], [ 114.322084109703837, 34.850972648528938 ] ] ] ] } },
{ "type": "Feature", "properties": { "FID": 358, "layer": "4", "path": "D:/1 work/数据/树/4.shp" }, "geometry": { "type": "MultiPolygon", "coordinates": [ [ [ [ 114.322241882291991, 34.850954787481221 ], [ 114.322355002260863, 34.850966694846363 ], [ 114.322322257006718, 34.850773200162777 ], [ 114.322256766498427, 34.850770223321497 ], [ 114.322241882291991, 34.850954787481221 ] ] ] ] } },
{ "type": "Feature", "properties": { "FID": 359, "layer": "4", "path": "D:/1 work/数据/树/4.shp" }, "geometry": { "type": "MultiPolygon", "coordinates": [ [ [ [ 114.322441330658151, 34.850936926433505 ], [ 114.322584219039882, 34.85092799590965 ], [ 114.322509798007729, 34.850719617019635 ], [ 114.322384770673722, 34.850734501226064 ], [ 114.322441330658151, 34.850936926433505 ] ] ] ] } },
{ "type": "Feature", "properties": { "FID": 360, "layer": "4", "path": "D:/1 work/数据/树/4.shp" }, "geometry": { "type": "MultiPolygon", "coordinates": [ [ [ [ 114.32263184850045, 34.850910134861934 ], [ 114.322747945310596, 34.850916088544508 ], [ 114.322718176897737, 34.850701755971919 ], [ 114.322599103246304, 34.850725570702203 ], [ 114.32263184850045, 34.850910134861934 ] ] ] ] } },
{ "type": "Feature", "properties": { "FID": 361, "layer": "4", "path": "D:/1 work/数据/树/4.shp" }, "geometry": { "type": "MultiPolygon", "coordinates": [ [ [ [ 114.322125785481845, 34.850695802289344 ], [ 114.322301419117707, 34.85068687176549 ], [ 114.322295465435147, 34.850463608669045 ], [ 114.32219722967271, 34.850448724462616 ], [ 114.322096017068986, 34.850493377081904 ], [ 114.322125785481845, 34.850695802289344 ] ] ] ] } },
{ "type": "Feature", "properties": { "FID": 362, "layer": "4", "path": "D:/1 work/数据/树/4.shp" }, "geometry": { "type": "MultiPolygon", "coordinates": [ [ [ [ 114.322235928609416, 34.850359419224034 ], [ 114.322608033770166, 34.850353465541467 ], [ 114.32263184850045, 34.850627334939773 ], [ 114.322700315850028, 34.850642219146202 ], [ 114.322679477961032, 34.850404071843329 ], [ 114.322739014786748, 34.850413002367183 ], [ 114.322739014786748, 34.850594589685628 ], [ 114.3228104589776, 34.850606497050769 ], [ 114.322780690564741, 34.850395141319467 ], [ 114.32288785685104, 34.85039216447818 ], [ 114.322902741057476, 34.850600543368195 ], [ 114.322908694740036, 34.850901204338072 ], [ 114.323081351534626, 34.850898227496792 ], [ 114.322962277883192, 34.850389187636893 ], [ 114.323111119947484, 34.850362396065321 ], [ 114.323108143106197, 34.850627334939773 ], [ 114.323510016679791, 34.850594589685628 ], [ 114.323447503012787, 34.850308812922179 ], [ 114.323417734599929, 34.850273090826747 ], [ 114.323524900886227, 34.850264160302885 ], [ 114.323539785092663, 34.85013615612759 ], [ 114.322271650704849, 34.850180808746885 ], [ 114.322128762323132, 34.850359419224034 ], [ 114.322164484418551, 34.850433840256187 ], [ 114.322235928609416, 34.850359419224034 ] ] ] ] } },
{ "type": "Feature", "properties": { "FID": 363, "layer": "4", "path": "D:/1 work/数据/树/4.shp" }, "geometry": { "type": "MultiPolygon", "coordinates": [ [ [ [ 114.322390724356282, 34.850680918082915 ], [ 114.322530635896726, 34.850660080193919 ], [ 114.322483006436158, 34.850418956049758 ], [ 114.322328210689278, 34.850457654986471 ], [ 114.322390724356282, 34.850680918082915 ] ] ] ] } },
{ "type": "Feature", "properties": { "FID": 364, "layer": "4", "path": "D:/1 work/数据/树/4.shp" }, "geometry": { "type": "MultiPolygon", "coordinates": [ [ [ [ 114.323507039838503, 34.851014324306945 ], [ 114.32406073231769, 34.851002416941803 ], [ 114.324007149174548, 34.850663057035206 ], [ 114.323453456695361, 34.850692825448064 ], [ 114.323507039838503, 34.851014324306945 ] ] ] ] } },
{ "type": "Feature", "properties": { "FID": 365, "layer": "4", "path": "D:/1 work/数据/树/4.shp" }, "geometry": { "type": "MultiPolygon", "coordinates": [ [ [ [ 114.323703511363362, 34.850261183461605 ], [ 114.323504062997202, 34.850270113985466 ], [ 114.323584437711929, 34.850606497050777 ], [ 114.324349485922411, 34.850466585510333 ], [ 114.324275064890259, 34.85007661930188 ], [ 114.323602298759639, 34.850127225603742 ], [ 114.323596345077078, 34.850228438207459 ], [ 114.324129199667254, 34.850219507683605 ], [ 114.324158968080113, 34.850421932891045 ], [ 114.323727326093646, 34.850445747621336 ], [ 114.323703511363362, 34.850261183461605 ] ] ] ] } },
{ "type": "Feature", "properties": { "FID": 366, "layer": "4", "path": "D:/1 work/数据/树/4.shp" }, "geometry": { "type": "MultiPolygon", "coordinates": [ [ [ [ 114.32437032381138, 34.850156994016587 ], [ 114.324915085766705, 34.850130202445015 ], [ 114.324956761544712, 34.850502307605751 ], [ 114.325063927830996, 34.850496353923184 ], [ 114.324989506798858, 34.850055781412863 ], [ 114.324379254335241, 34.850052804571575 ], [ 114.32437032381138, 34.850156994016587 ] ] ] ] } },
{ "type": "Feature", "properties": { "FID": 367, "layer": "4", "path": "D:/1 work/数据/树/4.shp" }, "geometry": { "type": "MultiPolygon", "coordinates": [ [ [ [ 114.324861502623534, 34.848486986055178 ], [ 114.324992483640116, 34.848725133358052 ], [ 114.325072858354844, 34.848692388103906 ], [ 114.325069881513556, 34.848251815593592 ], [ 114.324900201560254, 34.848278607165163 ], [ 114.324861502623534, 34.848486986055178 ] ] ] ] } },
{ "type": "Feature", "properties": { "FID": 368, "layer": "4", "path": "D:/1 work/数据/树/4.shp" }, "geometry": { "type": "MultiPolygon", "coordinates": [ [ [ [ 114.324926993131811, 34.848132741942159 ], [ 114.325096673085099, 34.848123811418297 ], [ 114.32507881203739, 34.847769567305271 ], [ 114.324935923655659, 34.847820173607133 ], [ 114.324926993131811, 34.848132741942159 ] ] ] ] } },
{ "type": "Feature", "properties": { "FID": 369, "layer": "4", "path": "D:/1 work/数据/树/4.shp" }, "geometry": { "type": "MultiPolygon", "coordinates": [ [ [ [ 114.32565631924686, 34.848504847102895 ], [ 114.325992702312178, 34.848635828119477 ], [ 114.326031401248898, 34.848272653482589 ], [ 114.325784323422155, 34.848251815593592 ], [ 114.32565631924686, 34.848504847102895 ] ] ] ] } },
{ "type": "Feature", "properties": { "FID": 370, "layer": "4", "path": "D:/1 work/数据/树/4.shp" }, "geometry": { "type": "MultiPolygon", "coordinates": [ [ [ [ 114.325671203453282, 34.848049390386137 ], [ 114.325924234962585, 34.848055344068712 ], [ 114.325879582343305, 34.847781474670406 ], [ 114.325686087659719, 34.847745752574973 ], [ 114.325671203453282, 34.848049390386137 ] ] ] ] } },
{ "type": "Feature", "properties": { "FID": 371, "layer": "4", "path": "D:/1 work/数据/树/4.shp" }, "geometry": { "type": "MultiPolygon", "coordinates": [ [ [ [ 114.326674398966645, 34.848421495546873 ], [ 114.326921476793373, 34.848436379753302 ], [ 114.326915523110799, 34.848228000863287 ], [ 114.326713097903365, 34.848254792434865 ], [ 114.326674398966645, 34.848421495546873 ] ] ] ] } },
{ "type": "Feature", "properties": { "FID": 372, "layer": "4", "path": "D:/1 work/数据/树/4.shp" }, "geometry": { "type": "MultiPolygon", "coordinates": [ [ [ [ 114.327888950211332, 34.848027064076497 ], [ 114.328185145919292, 34.848067251433854 ], [ 114.328231286959223, 34.847863337805769 ], [ 114.328356314293231, 34.847864826226413 ], [ 114.328365244817078, 34.847827615710337 ], [ 114.32823426380051, 34.847821662027769 ], [ 114.328076491212343, 34.847857384123195 ], [ 114.328063095426558, 34.847872268329624 ], [ 114.327990162815055, 34.847888640956697 ], [ 114.327985697553132, 34.84794371252049 ], [ 114.327877042846197, 34.847934781996635 ], [ 114.327888950211332, 34.848027064076497 ] ] ] ] } },
{ "type": "Feature", "properties": { "FID": 373, "layer": "4", "path": "D:/1 work/数据/树/4.shp" }, "geometry": { "type": "MultiPolygon", "coordinates": [ [ [ [ 114.32867930157272, 34.847860360964482 ], [ 114.328902564669164, 34.847860360964482 ], [ 114.329063314098605, 34.847836546234191 ], [ 114.329243412996405, 34.848021110393923 ], [ 114.329308903504696, 34.847991341981057 ], [ 114.329204714059685, 34.84783208097226 ], [ 114.329112431979823, 34.8477710557259 ], [ 114.328819213113164, 34.847732356789187 ], [ 114.328685255255294, 34.847644539971249 ], [ 114.328658463683723, 34.8477293799479 ], [ 114.32867930157272, 34.847860360964482 ] ] ] ] } },
{ "type": "Feature", "properties": { "FID": 374, "layer": "4", "path": "D:/1 work/数据/树/4.shp" }, "geometry": { "type": "MultiPolygon", "coordinates": [ [ [ [ 114.329969762270153, 34.848915651200343 ], [ 114.330210886414321, 34.848879929104918 ], [ 114.330258515874888, 34.849049609058213 ], [ 114.330169210636313, 34.849100215360075 ], [ 114.330181118001462, 34.849156775344504 ], [ 114.330335913748328, 34.849138914296788 ], [ 114.330416288463041, 34.849007933280213 ], [ 114.330380566367609, 34.848787647025048 ], [ 114.329922132809585, 34.848814438596627 ], [ 114.329969762270153, 34.848915651200343 ] ] ] ] } },
{ "type": "Feature", "properties": { "FID": 375, "layer": "4", "path": "D:/1 work/数据/树/4.shp" }, "geometry": { "type": "MultiPolygon", "coordinates": [ [ [ [ 114.329981669635302, 34.84875787861219 ], [ 114.330246608509739, 34.848763832294765 ], [ 114.330154326429877, 34.848546522880888 ], [ 114.330079905397739, 34.848546522880888 ], [ 114.330103720128022, 34.848695364945186 ], [ 114.330038229619731, 34.848674527056183 ], [ 114.329951901222444, 34.84834112083216 ], [ 114.329895341238, 34.84834112083216 ], [ 114.329910225444436, 34.848552476563462 ], [ 114.329978692794015, 34.848653689167186 ], [ 114.329981669635302, 34.84875787861219 ] ] ] ] } },
{ "type": "Feature", "properties": { "FID": 376, "layer": "4", "path": "D:/1 work/数据/树/4.shp" }, "geometry": { "type": "MultiPolygon", "coordinates": [ [ [ [ 114.328052676481988, 34.844131867253864 ], [ 114.329183876170632, 34.844102098840999 ], [ 114.329183876170632, 34.843167370677222 ], [ 114.328136028037989, 34.843262629598371 ], [ 114.328052676481988, 34.844131867253864 ] ] ] ] } },
{ "type": "Feature", "properties": { "FID": 377, "layer": "4", "path": "D:/1 work/数据/树/4.shp" }, "geometry": { "type": "MultiPolygon", "coordinates": [ [ [ [ 114.325611666627509, 34.8446974670982 ], [ 114.33250603104571, 34.845048734369925 ], [ 114.332446494219994, 34.84446527347788 ], [ 114.325635481357793, 34.844518856621043 ], [ 114.325611666627509, 34.8446974670982 ] ] ] ] } },
{ "type": "Feature", "properties": { "FID": 378, "layer": "4", "path": "D:/1 work/数据/树/4.shp" }, "geometry": { "type": "MultiPolygon", "coordinates": [ [ [ [ 114.332625104697144, 34.845024919639634 ], [ 114.335923444841953, 34.845263066942508 ], [ 114.335768649095087, 34.844370014556731 ], [ 114.332577475236576, 34.84446527347788 ], [ 114.332625104697144, 34.845024919639634 ] ] ] ] } },
{ "type": "Feature", "properties": { "FID": 379, "layer": "4", "path": "D:/1 work/数据/树/4.shp" }, "geometry": { "type": "MultiPolygon", "coordinates": [ [ [ [ 114.335929398524542, 34.844852262845059 ], [ 114.336435461543147, 34.844691513415619 ], [ 114.33637592471743, 34.844393829287029 ], [ 114.335857954333676, 34.84438192192188 ], [ 114.335929398524542, 34.844852262845059 ] ] ] ] } },
{ "type": "Feature", "properties": { "FID": 380, "layer": "4", "path": "D:/1 work/数据/树/4.shp" }, "geometry": { "type": "MultiPolygon", "coordinates": [ [ [ [ 114.335971074302535, 34.845227344847089 ], [ 114.338858610349888, 34.845465492149962 ], [ 114.338721675650731, 34.844328338778737 ], [ 114.337679781200663, 34.844393829287029 ], [ 114.335941305889676, 34.844989197544209 ], [ 114.335971074302535, 34.845227344847089 ] ] ] ] } },
{ "type": "Feature", "properties": { "FID": 381, "layer": "4", "path": "D:/1 work/数据/树/4.shp" }, "geometry": { "type": "MultiPolygon", "coordinates": [ [ [ [ 114.338941961905917, 34.845441677419672 ], [ 114.339894551117411, 34.845542890023395 ], [ 114.339751662735679, 34.84438192192188 ], [ 114.33880502720676, 34.844375968239312 ], [ 114.338941961905917, 34.845441677419672 ] ] ] ] } },
{ "type": "Feature", "properties": { "FID": 382, "layer": "4", "path": "D:/1 work/数据/树/4.shp" }, "geometry": { "type": "MultiPolygon", "coordinates": [ [ [ [ 114.340114837372553, 34.845513121610537 ], [ 114.34446697933258, 34.845816759421709 ], [ 114.344431257237147, 34.845048734369939 ], [ 114.339995763721106, 34.844685559733058 ], [ 114.340114837372553, 34.845513121610537 ] ] ] ] } },
{ "type": "Feature", "properties": { "FID": 383, "layer": "4", "path": "D:/1 work/数据/树/4.shp" }, "geometry": { "type": "MultiPolygon", "coordinates": [ [ [ [ 114.344657497174879, 34.845858435199695 ], [ 114.345264772797208, 34.84592987939056 ], [ 114.34524095806691, 34.84572745418312 ], [ 114.344657497174879, 34.845858435199695 ] ] ] ] } },
{ "type": "Feature", "properties": { "FID": 384, "layer": "4", "path": "D:/1 work/数据/树/4.shp" }, "geometry": { "type": "MultiPolygon", "coordinates": [ [ [ [ 114.345431475909209, 34.845923925707986 ], [ 114.34733665433221, 34.846096582502575 ], [ 114.347306885919352, 34.84581080573912 ], [ 114.345330263305499, 34.845733407865687 ], [ 114.345431475909209, 34.845923925707986 ] ] ] ] } },
{ "type": "Feature", "properties": { "FID": 385, "layer": "4", "path": "D:/1 work/数据/树/4.shp" }, "geometry": { "type": "MultiPolygon", "coordinates": [ [ [ [ 114.345300494892626, 34.845656009992254 ], [ 114.346836544996165, 34.845697685770261 ], [ 114.346836544996165, 34.845584565801396 ], [ 114.346985387060471, 34.845578612118821 ], [ 114.346973479695322, 34.845453584784813 ], [ 114.34591372419753, 34.845530982658246 ], [ 114.345895863149821, 34.845614334214254 ], [ 114.345300494892626, 34.845596473166538 ], [ 114.345300494892626, 34.845656009992254 ] ] ] ] } },
{ "type": "Feature", "properties": { "FID": 386, "layer": "4", "path": "D:/1 work/数据/树/4.shp" }, "geometry": { "type": "MultiPolygon", "coordinates": [ [ [ [ 114.347437866935934, 34.845935833073142 ], [ 114.348634557132868, 34.845650056309694 ], [ 114.348592881354875, 34.845340464815955 ], [ 114.347348561697359, 34.845584565801403 ], [ 114.347437866935934, 34.845935833073142 ] ] ] ] } },
{ "type": "Feature", "properties": { "FID": 387, "layer": "4", "path": "D:/1 work/数据/树/4.shp" }, "geometry": { "type": "MultiPolygon", "coordinates": [ [ [ [ 114.347449774301069, 34.846054906724575 ], [ 114.351045798574475, 34.846328776122874 ], [ 114.351492324767364, 34.846150165645717 ], [ 114.351432787941647, 34.846054906724568 ], [ 114.350319449300713, 34.846037045676852 ], [ 114.350158699871272, 34.845388094276522 ], [ 114.347449774301069, 34.845965601485986 ], [ 114.347449774301069, 34.846054906724575 ] ] ] ] } },
{ "type": "Feature", "properties": { "FID": 388, "layer": "4", "path": "D:/1 work/数据/树/4.shp" }, "geometry": { "type": "MultiPolygon", "coordinates": [ [ [ [ 114.349539516883794, 34.845453584784806 ], [ 114.350134885140974, 34.845316650085657 ], [ 114.350075348315258, 34.845132085925933 ], [ 114.349569285296653, 34.845227344847082 ], [ 114.349539516883794, 34.845453584784806 ] ] ] ] } },
{ "type": "Feature", "properties": { "FID": 389, "layer": "4", "path": "D:/1 work/数据/树/4.shp" }, "geometry": { "type": "MultiPolygon", "coordinates": [ [ [ [ 114.348229706717987, 34.846995588570906 ], [ 114.34937281377178, 34.846959866475473 ], [ 114.350765975493601, 34.847132523270055 ], [ 114.351301806925065, 34.846953912792898 ], [ 114.350885049145035, 34.846870561236891 ], [ 114.34868218659345, 34.846757441268025 ], [ 114.348229706717987, 34.846995588570906 ] ] ] ] } },
{ "type": "Feature", "properties": { "FID": 390, "layer": "4", "path": "D:/1 work/数据/树/4.shp" }, "geometry": { "type": "MultiPolygon", "coordinates": [ [ [ [ 114.35842241128104, 34.846590738156031 ], [ 114.35972924460556, 34.84648654871102 ], [ 114.359726267764273, 34.846304961392583 ], [ 114.358752840663769, 34.846373428742154 ], [ 114.358586137551754, 34.8457304310244 ], [ 114.358038398755156, 34.845849504675833 ], [ 114.35808900505701, 34.846212679312714 ], [ 114.358380735503033, 34.846191841423718 ], [ 114.358493855471892, 34.846409150837587 ], [ 114.358377758661746, 34.846501432917449 ], [ 114.35842241128104, 34.846590738156031 ] ] ] ] } },
{ "type": "Feature", "properties": { "FID": 391, "layer": "4", "path": "D:/1 work/数据/树/4.shp" }, "geometry": { "type": "MultiPolygon", "coordinates": [ [ [ [ 114.358237847121302, 34.845685778405098 ], [ 114.359377977333821, 34.845593496325236 ], [ 114.359386907857683, 34.845525028975658 ], [ 114.359372023651247, 34.845352372181075 ], [ 114.359053501633653, 34.845367256387505 ], [ 114.359038617427217, 34.84557563527752 ], [ 114.358208078708444, 34.845626241579382 ], [ 114.358237847121302, 34.845685778405098 ] ] ] ] } },
{ "type": "Feature", "properties": { "FID": 392, "layer": "4", "path": "D:/1 work/数据/树/4.shp" }, "geometry": { "type": "MultiPolygon", "coordinates": [ [ [ [ 114.298043139478409, 34.760628492342271 ], [ 114.299424393835082, 34.760354622943964 ], [ 114.301317664892935, 34.760592770246838 ], [ 114.305092299643491, 34.760759473358853 ], [ 114.305628131074954, 34.760318900848539 ], [ 114.305556686884088, 34.760199827197098 ], [ 114.303961099954833, 34.760176012466808 ], [ 114.302020199436413, 34.760045031450232 ], [ 114.300662759810024, 34.760068846180516 ], [ 114.300484149332874, 34.760223641927389 ], [ 114.298531341449305, 34.760152197736524 ], [ 114.298007417382976, 34.760378437674255 ], [ 114.298043139478409, 34.760628492342271 ] ] ] ] } },
{ "type": "Feature", "properties": { "FID": 393, "layer": "4", "path": "D:/1 work/数据/树/4.shp" }, "geometry": { "type": "MultiPolygon", "coordinates": [ [ [ [ 114.313582250990791, 34.760033124085069 ], [ 114.314594377028001, 34.759652088400472 ], [ 114.314534840202285, 34.759402033732449 ], [ 114.314856339061166, 34.759390126367308 ], [ 114.315082578998897, 34.759771162051905 ], [ 114.315249282110912, 34.759675903130756 ], [ 114.315225467380614, 34.759402033732449 ], [ 114.315618410430361, 34.7592234232553 ], [ 114.315725576716659, 34.759628273670181 ], [ 114.315880372463525, 34.759616366305039 ], [ 114.31571366935151, 34.759116256969001 ], [ 114.315928001924092, 34.759163886429576 ], [ 114.315928001924092, 34.758687591823829 ], [ 114.31538026312748, 34.758223204583224 ], [ 114.314201433978255, 34.759175793794725 ], [ 114.313451269974209, 34.759544922114181 ], [ 114.313582250990791, 34.760033124085069 ] ] ] ] } },
{ "type": "Feature", "properties": { "FID": 394, "layer": "4", "path": "D:/1 work/数据/树/4.shp" }, "geometry": { "type": "MultiPolygon", "coordinates": [ [ [ [ 114.305916884679419, 34.770577095919826 ], [ 114.306113356204293, 34.770529466459251 ], [ 114.306113356204293, 34.770279411791236 ], [ 114.3062383835383, 34.770237736013229 ], [ 114.306303874046591, 34.7705413738244 ], [ 114.30725050957551, 34.770434207538102 ], [ 114.307179065384659, 34.77012461604437 ], [ 114.307262416940659, 34.77004721817093 ], [ 114.30734576849666, 34.770053171853505 ], [ 114.307441027417809, 34.770827150587849 ], [ 114.3075065179261, 34.770803335857558 ], [ 114.307464842148107, 34.77004721817093 ], [ 114.308000673579571, 34.769981727662639 ], [ 114.307947090436429, 34.769553062517467 ], [ 114.307262416940659, 34.769594738295474 ], [ 114.307304092718667, 34.769951959249781 ], [ 114.307196926432368, 34.77004721817093 ], [ 114.307143343289226, 34.769654275121191 ], [ 114.306756353922054, 34.769666182486333 ], [ 114.306768261287189, 34.769940051884639 ], [ 114.30582162575827, 34.770196060235229 ], [ 114.305916884679419, 34.770577095919826 ] ] ] ] } },
{ "type": "Feature", "properties": { "FID": 395, "layer": "4", "path": "D:/1 work/数据/树/4.shp" }, "geometry": { "type": "MultiPolygon", "coordinates": [ [ [ [ 114.305797811027986, 34.770160338139796 ], [ 114.306565836079756, 34.769975773980072 ], [ 114.306684909731189, 34.769874561376348 ], [ 114.30665514131833, 34.769701904581765 ], [ 114.306756353922054, 34.769612599343191 ], [ 114.307107621193794, 34.769570923565183 ], [ 114.307077852780935, 34.769130351054869 ], [ 114.307226694845227, 34.76911844368972 ], [ 114.307208833797517, 34.769570923565183 ], [ 114.3075065179261, 34.76949352569175 ], [ 114.307464842148107, 34.769106536324578 ], [ 114.307923275706131, 34.76903509213372 ], [ 114.307828016784981, 34.768719546957406 ], [ 114.306500345571465, 34.768850527973989 ], [ 114.306482484523741, 34.768642149083973 ], [ 114.3061550319823, 34.768636195401406 ], [ 114.305952606774852, 34.768654056449115 ], [ 114.305940699409703, 34.768796944830846 ], [ 114.305809718393121, 34.768808852195988 ], [ 114.305863301536277, 34.768981508990571 ], [ 114.305881162583987, 34.769058906864004 ], [ 114.305571571090255, 34.769124397372295 ], [ 114.305797811027986, 34.770160338139796 ] ] ] ] } },
{ "type": "Feature", "properties": { "FID": 396, "layer": "4", "path": "D:/1 work/数据/树/4.shp" }, "geometry": { "type": "MultiPolygon", "coordinates": [ [ [ [ 114.304297483019866, 34.768302789177369 ], [ 114.304630889243882, 34.768243252351652 ], [ 114.304607074513598, 34.767945568223055 ], [ 114.304184363050993, 34.768017012413921 ], [ 114.304297483019866, 34.768302789177369 ] ] ] ] } },
{ "type": "Feature", "properties": { "FID": 397, "layer": "4", "path": "D:/1 work/数据/树/4.shp" }, "geometry": { "type": "MultiPolygon", "coordinates": [ [ [ [ 114.304708287117336, 34.769055930022709 ], [ 114.305800787869273, 34.768948763736418 ], [ 114.305830556282132, 34.768645125925254 ], [ 114.304782708149489, 34.768701685909683 ], [ 114.304776754466914, 34.768645125925254 ], [ 114.304669588180616, 34.768689778544541 ], [ 114.304708287117336, 34.769055930022709 ] ] ] ] } },
{ "type": "Feature", "properties": { "FID": 398, "layer": "4", "path": "D:/1 work/数据/树/4.shp" }, "geometry": { "type": "MultiPolygon", "coordinates": [ [ [ [ 114.304738055530194, 34.769332776262303 ], [ 114.305577524772829, 34.769234540499866 ], [ 114.305544779518684, 34.769109513165859 ], [ 114.305389983771818, 34.769130351054855 ], [ 114.305384030089243, 34.769023184768564 ], [ 114.304952388102791, 34.769070814229138 ], [ 114.304955364944064, 34.769142258420004 ], [ 114.304705310276049, 34.769145235261284 ], [ 114.304738055530194, 34.769332776262303 ] ] ] ] } },
{ "type": "Feature", "properties": { "FID": 399, "layer": "4", "path": "D:/1 work/数据/树/4.shp" }, "geometry": { "type": "MultiPolygon", "coordinates": [ [ [ [ 114.304883920753184, 34.768648102766527 ], [ 114.306842682319328, 34.76851116806737 ], [ 114.306795052858746, 34.768159900795631 ], [ 114.30630685088785, 34.76821348393878 ], [ 114.306288989840141, 34.768356372320504 ], [ 114.304913689166042, 34.768421862828795 ], [ 114.304883920753184, 34.768648102766527 ] ] ] ] } },
{ "type": "Feature", "properties": { "FID": 400, "layer": "4", "path": "D:/1 work/数据/树/4.shp" }, "geometry": { "type": "MultiPolygon", "coordinates": [ [ [ [ 114.304860106022886, 34.768332557590206 ], [ 114.30563408475723, 34.768255159716773 ], [ 114.305622177392095, 34.767272802092421 ], [ 114.305300678533214, 34.76729066314013 ], [ 114.305324493263498, 34.767886031397317 ], [ 114.304818430244893, 34.767933660857892 ], [ 114.304860106022886, 34.768332557590206 ] ] ] ] } },
{ "type": "Feature", "properties": { "FID": 401, "layer": "4", "path": "D:/1 work/数据/树/4.shp" }, "geometry": { "type": "MultiPolygon", "coordinates": [ [ [ [ 114.305815672075667, 34.768231344986489 ], [ 114.306297920363988, 34.768231344986489 ], [ 114.306280059316265, 34.767683606189877 ], [ 114.305976421505108, 34.767737189333026 ], [ 114.305946653092249, 34.76762406936416 ], [ 114.305821625758242, 34.767635976729302 ], [ 114.305815672075667, 34.768231344986489 ] ] ] ] } },
{ "type": "Feature", "properties": { "FID": 402, "layer": "4", "path": "D:/1 work/数据/树/4.shp" }, "geometry": { "type": "MultiPolygon", "coordinates": [ [ [ [ 114.306074657267544, 34.767546671490727 ], [ 114.306250290903407, 34.767516903077869 ], [ 114.306196707760265, 34.767195404218988 ], [ 114.30601214360054, 34.767201357901563 ], [ 114.306074657267544, 34.767546671490727 ] ] ] ] } },
{ "type": "Feature", "properties": { "FID": 403, "layer": "4", "path": "D:/1 work/数据/树/4.shp" }, "geometry": { "type": "MultiPolygon", "coordinates": [ [ [ [ 114.30717906538456, 34.768680848020651 ], [ 114.307488656878306, 34.768683824861938 ], [ 114.307452934782873, 34.767915799810169 ], [ 114.307140366447854, 34.76793961454046 ], [ 114.30717906538456, 34.768680848020651 ] ] ] ] } },
{ "type": "Feature", "properties": { "FID": 404, "layer": "4", "path": "D:/1 work/数据/树/4.shp" }, "geometry": { "type": "MultiPolygon", "coordinates": [ [ [ [ 114.307658336831608, 34.768526052273785 ], [ 114.308140585119929, 34.768439723876497 ], [ 114.308140585119929, 34.768127155541471 ], [ 114.307637498942597, 34.768320650225057 ], [ 114.307658336831608, 34.768526052273785 ] ] ] ] } },
{ "type": "Feature", "properties": { "FID": 405, "layer": "4", "path": "D:/1 work/数据/树/4.shp" }, "geometry": { "type": "MultiPolygon", "coordinates": [ [ [ [ 114.307920298864744, 34.769496502533002 ], [ 114.308247751406199, 34.769425058342136 ], [ 114.308325149279639, 34.769591761454151 ], [ 114.308822281774383, 34.76958283093029 ], [ 114.309036614346965, 34.769514363580711 ], [ 114.30916461852226, 34.769556039358719 ], [ 114.308860980711103, 34.76899043951439 ], [ 114.308628787090797, 34.769046999498826 ], [ 114.308774652313801, 34.769428035183424 ], [ 114.308429338724636, 34.769454826754995 ], [ 114.308450176613647, 34.769085698435539 ], [ 114.308134631437326, 34.769106536324543 ], [ 114.308125700913479, 34.769157142626405 ], [ 114.308241797723625, 34.769183934197976 ], [ 114.308206075628192, 34.769279193119125 ], [ 114.307976858849173, 34.769329799420987 ], [ 114.307920298864744, 34.769496502533002 ] ] ] ] } },
{ "type": "Feature", "properties": { "FID": 406, "layer": "4", "path": "D:/1 work/数据/树/4.shp" }, "geometry": { "type": "MultiPolygon", "coordinates": [ [ [ [ 114.308176307215305, 34.769029138451117 ], [ 114.308313241914462, 34.76900830056212 ], [ 114.308301334549313, 34.768859458497822 ], [ 114.308590088154048, 34.768823736402389 ], [ 114.308557342899903, 34.768612380671087 ], [ 114.308101886183152, 34.768654056449094 ], [ 114.308176307215305, 34.769029138451117 ] ] ] ] } },
{ "type": "Feature", "properties": { "FID": 407, "layer": "4", "path": "D:/1 work/数据/树/4.shp" }, "geometry": { "type": "MultiPolygon", "coordinates": [ [ [ [ 114.307467818989238, 34.767713374602714 ], [ 114.307979835690418, 34.767659791459565 ], [ 114.308003650420716, 34.768058688191879 ], [ 114.308176307215291, 34.768005105048736 ], [ 114.308069140929007, 34.767430574680546 ], [ 114.307500564243384, 34.767418667315404 ], [ 114.307467818989238, 34.767713374602714 ] ] ] ] } },
{ "type": "Feature", "properties": { "FID": 408, "layer": "4", "path": "D:/1 work/数据/树/4.shp" }, "geometry": { "type": "MultiPolygon", "coordinates": [ [ [ [ 114.30832812612087, 34.768603450147197 ], [ 114.308420408200746, 34.76858558909948 ], [ 114.308295380866724, 34.768112271335013 ], [ 114.308152492485007, 34.768133109224017 ], [ 114.30832812612087, 34.768603450147197 ] ] ] ] } },
{ "type": "Feature", "properties": { "FID": 409, "layer": "4", "path": "D:/1 work/数据/树/4.shp" }, "geometry": { "type": "MultiPolygon", "coordinates": [ [ [ [ 114.308677904971915, 34.768990439514369 ], [ 114.308975589100513, 34.768936856371219 ], [ 114.309493559484267, 34.768790991148208 ], [ 114.30947867527783, 34.768770153259211 ], [ 114.308710650226061, 34.768901134275787 ], [ 114.308677904971915, 34.768990439514369 ] ] ] ] } },
{ "type": "Feature", "properties": { "FID": 410, "layer": "4", "path": "D:/1 work/数据/树/4.shp" }, "geometry": { "type": "MultiPolygon", "coordinates": [ [ [ [ 114.308320684017616, 34.768198599732308 ], [ 114.308814839671072, 34.768159900795588 ], [ 114.308829723877508, 34.768109294493726 ], [ 114.308314730335042, 34.768115248176301 ], [ 114.308320684017616, 34.768198599732308 ] ] ] ] } },
{ "type": "Feature", "properties": { "FID": 411, "layer": "4", "path": "D:/1 work/数据/树/4.shp" }, "geometry": { "type": "MultiPolygon", "coordinates": [ [ [ [ 114.308228401937754, 34.768073572398301 ], [ 114.308302822969907, 34.768085479763442 ], [ 114.308302822969907, 34.767499042030117 ], [ 114.30821054089003, 34.767522856760401 ], [ 114.308228401937754, 34.768073572398301 ] ] ] ] } },
{ "type": "Feature", "properties": { "FID": 412, "layer": "4", "path": "D:/1 work/数据/树/4.shp" }, "geometry": { "type": "MultiPolygon", "coordinates": [ [ [ [ 114.308954751211516, 34.77002935712315 ], [ 114.309303041641968, 34.769990658186437 ], [ 114.309151222736389, 34.769567946723832 ], [ 114.308856515449079, 34.769657251962414 ], [ 114.308954751211516, 34.77002935712315 ] ] ] ] } },
{ "type": "Feature", "properties": { "FID": 413, "layer": "4", "path": "D:/1 work/数据/树/4.shp" }, "geometry": { "type": "MultiPolygon", "coordinates": [ [ [ [ 114.309846315176657, 34.769999588710299 ], [ 114.310349401353974, 34.769925167678153 ], [ 114.310310702417254, 34.769794186661571 ], [ 114.309837384652795, 34.769913260313004 ], [ 114.309846315176657, 34.769999588710299 ] ] ] ] } },
{ "type": "Feature", "properties": { "FID": 414, "layer": "4", "path": "D:/1 work/数据/树/4.shp" }, "geometry": { "type": "MultiPolygon", "coordinates": [ [ [ [ 114.308563296582392, 34.772122076547156 ], [ 114.308762744948552, 34.772110169182007 ], [ 114.308741907059556, 34.771645781941409 ], [ 114.308581157630115, 34.771648758782689 ], [ 114.308563296582392, 34.772122076547156 ] ] ] ] } },
{ "type": "Feature", "properties": { "FID": 415, "layer": "4", "path": "D:/1 work/数据/树/4.shp" }, "geometry": { "type": "MultiPolygon", "coordinates": [ [ [ [ 114.307798248371938, 34.77270553743918 ], [ 114.311349620026036, 34.772449529088597 ], [ 114.311334735819614, 34.772294733341724 ], [ 114.307768479959066, 34.772571579581324 ], [ 114.307798248371938, 34.77270553743918 ] ] ] ] } },
{ "type": "Feature", "properties": { "FID": 416, "layer": "4", "path": "D:/1 work/数据/树/4.shp" }, "geometry": { "type": "MultiPolygon", "coordinates": [ [ [ [ 114.311406180010493, 34.772452505929863 ], [ 114.312820179621312, 34.772330455437142 ], [ 114.312790411208454, 34.772116122864553 ], [ 114.312617754413864, 34.772154821801273 ], [ 114.31259393968358, 34.772261988087564 ], [ 114.312403421841282, 34.772282825976568 ], [ 114.31234983869814, 34.772104215499411 ], [ 114.31183782199696, 34.772196497579273 ], [ 114.311406180010493, 34.772309617548139 ], [ 114.311406180010493, 34.772452505929863 ] ] ] ] } },
{ "type": "Feature", "properties": { "FID": 417, "layer": "4", "path": "D:/1 work/数据/树/4.shp" }, "geometry": { "type": "MultiPolygon", "coordinates": [ [ [ [ 114.312876739605741, 34.772205428103142 ], [ 114.313391733148208, 34.772145891277425 ], [ 114.313341126846353, 34.772020863943418 ], [ 114.312995813257189, 34.772047655514989 ], [ 114.312897577494752, 34.772122076547134 ], [ 114.312876739605741, 34.772205428103142 ] ] ] ] } },
{ "type": "Feature", "properties": { "FID": 418, "layer": "4", "path": "D:/1 work/数据/树/4.shp" }, "geometry": { "type": "MultiPolygon", "coordinates": [ [ [ [ 114.31321312267103, 34.772327478595869 ], [ 114.318255891809429, 34.771964303958988 ], [ 114.318184447618563, 34.77172020297354 ], [ 114.316773424849032, 34.771934535546123 ], [ 114.316517416498442, 34.771904767133265 ], [ 114.315076625316053, 34.771952396593839 ], [ 114.315106393728882, 34.771809508212122 ], [ 114.31503197269673, 34.771827369259839 ], [ 114.315005181125159, 34.772014910260857 ], [ 114.313564389942783, 34.772202451261855 ], [ 114.313233960560041, 34.772303663865578 ], [ 114.31321312267103, 34.772327478595869 ] ] ] ] } },
{ "type": "Feature", "properties": { "FID": 419, "layer": "4", "path": "D:/1 work/数据/树/4.shp" }, "geometry": { "type": "MultiPolygon", "coordinates": [ [ [ [ 114.30809890934178, 34.773149086790731 ], [ 114.311325805295738, 34.772910939487858 ], [ 114.311432971582022, 34.772797819518992 ], [ 114.311772331488612, 34.772791865836425 ], [ 114.311867590409761, 34.772678745867559 ], [ 114.313266705814158, 34.772625162724431 ], [ 114.315088532681145, 34.772541811168409 ], [ 114.317118738438154, 34.772357247008685 ], [ 114.317124692120714, 34.77222626599211 ], [ 114.312867809081865, 34.772500135390416 ], [ 114.310021948812519, 34.772762097423573 ], [ 114.307926252547205, 34.772869263709872 ], [ 114.30809890934178, 34.773149086790731 ] ] ] ] } },
{ "type": "Feature", "properties": { "FID": 420, "layer": "4", "path": "D:/1 work/数据/树/4.shp" }, "geometry": { "type": "MultiPolygon", "coordinates": [ [ [ [ 114.309343228999282, 34.773583705618492 ], [ 114.310248188750208, 34.773417002506484 ], [ 114.311879497774896, 34.773333650950477 ], [ 114.311784238853747, 34.772988337361312 ], [ 114.309206294300125, 34.773143133108178 ], [ 114.309343228999282, 34.773583705618492 ] ] ] ] } },
{ "type": "Feature", "properties": { "FID": 421, "layer": "4", "path": "D:/1 work/数据/树/4.shp" }, "geometry": { "type": "MultiPolygon", "coordinates": [ [ [ [ 114.461584846044204, 34.737397222946747 ], [ 114.461930159633368, 34.73735554716874 ], [ 114.461930159633368, 34.737403176629314 ], [ 114.462031372237092, 34.737415083994463 ], [ 114.462043279602227, 34.737313871390739 ], [ 114.462221890079391, 34.737290056660449 ], [ 114.462263565857384, 34.737367454533889 ], [ 114.462507666842839, 34.737301964025598 ], [ 114.462525527890548, 34.73721861246959 ], [ 114.462894656210011, 34.737081677770433 ], [ 114.462817258336571, 34.737063816722724 ], [ 114.46267436995484, 34.737075724087866 ], [ 114.462650555224556, 34.736962604119 ], [ 114.462483852112541, 34.737004279897 ], [ 114.462471944747406, 34.73709953881815 ], [ 114.462388593191392, 34.737051909357575 ], [ 114.462073048015085, 34.737093585135582 ], [ 114.462037325919653, 34.737153121961299 ], [ 114.461799178616786, 34.73721861246959 ], [ 114.461703919695637, 34.736962604119 ], [ 114.46148958712304, 34.737040001992433 ], [ 114.461584846044204, 34.737397222946747 ] ] ] ] } },
{ "type": "Feature", "properties": { "FID": 422, "layer": "4", "path": "D:/1 work/数据/树/4.shp" }, "geometry": { "type": "MultiPolygon", "coordinates": [ [ [ [ 114.461263347185323, 34.737081677770433 ], [ 114.461602707091913, 34.736992372531859 ], [ 114.461584846044204, 34.73684353046756 ], [ 114.461269300867883, 34.736909020975851 ], [ 114.461263347185323, 34.737081677770433 ] ] ] ] } },
{ "type": "Feature", "properties": { "FID": 423, "layer": "4", "path": "D:/1 work/数据/树/4.shp" }, "geometry": { "type": "MultiPolygon", "coordinates": [ [ [ [ 114.462451106858381, 34.736906044134564 ], [ 114.462662462589677, 34.736876275721706 ], [ 114.462540412096956, 34.736533938973821 ], [ 114.462507666842811, 34.736471425306817 ], [ 114.462335010048221, 34.736551800021537 ], [ 114.462451106858381, 34.736906044134564 ] ] ] ] } },
{ "type": "Feature", "properties": { "FID": 424, "layer": "4", "path": "D:/1 work/数据/树/4.shp" }, "geometry": { "type": "MultiPolygon", "coordinates": [ [ [ [ 114.458920573093266, 34.735774844445899 ], [ 114.459224210904424, 34.73579865917619 ], [ 114.459230164586998, 34.735489067682451 ], [ 114.45890568888683, 34.735497998206313 ], [ 114.458920573093266, 34.735774844445899 ] ] ] ] } },
{ "type": "Feature", "properties": { "FID": 425, "layer": "4", "path": "D:/1 work/数据/树/4.shp" }, "geometry": { "type": "MultiPolygon", "coordinates": [ [ [ [ 114.462409431080374, 34.736170764336947 ], [ 114.462573157351102, 34.736135042241514 ], [ 114.462623763652957, 34.735932617034074 ], [ 114.462415384762949, 34.735795682334917 ], [ 114.46226951953993, 34.735828427589063 ], [ 114.462409431080374, 34.736170764336947 ] ] ] ] } },
{ "type": "Feature", "properties": { "FID": 426, "layer": "4", "path": "D:/1 work/数据/树/4.shp" }, "geometry": { "type": "MultiPolygon", "coordinates": [ [ [ [ 114.461322884011039, 34.734840116282136 ], [ 114.461549123948757, 34.734789509980274 ], [ 114.461495540805615, 34.734598992137975 ], [ 114.461260370344036, 34.734664482646266 ], [ 114.461322884011039, 34.734840116282136 ] ] ] ] } },
{ "type": "Feature", "properties": { "FID": 427, "layer": "4", "path": "D:/1 work/数据/树/4.shp" }, "geometry": { "type": "MultiPolygon", "coordinates": [ [ [ [ 114.461566984996438, 34.736301745353529 ], [ 114.461882530172744, 34.736233278003958 ], [ 114.461584846044147, 34.735518836095331 ], [ 114.461370513471564, 34.735617071857767 ], [ 114.461453865027565, 34.735795682334924 ], [ 114.461566984996438, 34.736301745353529 ] ] ] ] } },
{ "type": "Feature", "properties": { "FID": 428, "layer": "4", "path": "D:/1 work/数据/树/4.shp" }, "geometry": { "type": "MultiPolygon", "coordinates": [ [ [ [ 114.460843612563949, 34.735941547557942 ], [ 114.461135343009971, 34.73586712652579 ], [ 114.461260370343979, 34.735587303444916 ], [ 114.460903149389679, 34.73569149288992 ], [ 114.460831705198814, 34.735774844445928 ], [ 114.460843612563949, 34.735941547557942 ] ] ] ] } },
{ "type": "Feature", "properties": { "FID": 429, "layer": "4", "path": "D:/1 work/数据/树/4.shp" }, "geometry": { "type": "MultiPolygon", "coordinates": [ [ [ [ 114.425410270737544, 34.749152769184875 ], [ 114.425743676961574, 34.749084301835296 ], [ 114.425597811738555, 34.748759826135135 ], [ 114.425806190628577, 34.74868838194427 ], [ 114.425770468533145, 34.748622891435978 ], [ 114.425315011816394, 34.748792571389274 ], [ 114.425410270737544, 34.749152769184875 ] ] ] ] } },
{ "type": "Feature", "properties": { "FID": 430, "layer": "4", "path": "D:/1 work/数据/树/4.shp" }, "geometry": { "type": "MultiPolygon", "coordinates": [ [ [ [ 114.425362641276948, 34.748560377768968 ], [ 114.425481714928395, 34.748536563038684 ], [ 114.425434085467813, 34.748363906244101 ], [ 114.425300127609944, 34.74839367465696 ], [ 114.425362641276948, 34.748560377768968 ] ] ] ] } },
{ "type": "Feature", "properties": { "FID": 431, "layer": "4", "path": "D:/1 work/数据/树/4.shp" }, "geometry": { "type": "MultiPolygon", "coordinates": [ [ [ [ 114.422120861116568, 34.752748793458274 ], [ 114.42259120203974, 34.752653534537124 ], [ 114.422555479944307, 34.7525106461554 ], [ 114.42212979164043, 34.752617812441692 ], [ 114.422120861116568, 34.752748793458274 ] ] ] ] } },
{ "type": "Feature", "properties": { "FID": 432, "layer": "4", "path": "D:/1 work/数据/树/4.shp" }, "geometry": { "type": "MultiPolygon", "coordinates": [ [ [ [ 114.42425525631856, 34.719750507803752 ], [ 114.424552940447157, 34.719702878343178 ], [ 114.424874439306038, 34.719732646756036 ], [ 114.425178077117195, 34.719845766724902 ], [ 114.425547205436658, 34.719732646756036 ], [ 114.425553159119232, 34.719494499453162 ], [ 114.426440257822435, 34.719351611071438 ], [ 114.427101116587906, 34.719339703706297 ], [ 114.427017765031906, 34.718309716621363 ], [ 114.426404535727002, 34.718291855573646 ], [ 114.425291197086068, 34.718500234463662 ], [ 114.424070692158836, 34.718696705988535 ], [ 114.42425525631856, 34.719750507803752 ] ] ] ] } },
{ "type": "Feature", "properties": { "FID": 433, "layer": "4", "path": "D:/1 work/数据/树/4.shp" }, "geometry": { "type": "MultiPolygon", "coordinates": [ [ [ [ 114.421242692937199, 34.720232756092066 ], [ 114.422564410468155, 34.720006516154335 ], [ 114.422290541069856, 34.719042019577699 ], [ 114.421016452999467, 34.719268259515424 ], [ 114.421242692937199, 34.720232756092066 ] ] ] ] } },
{ "type": "Feature", "properties": { "FID": 434, "layer": "4", "path": "D:/1 work/数据/树/4.shp" }, "geometry": { "type": "MultiPolygon", "coordinates": [ [ [ [ 114.420808074109431, 34.722316544992218 ], [ 114.421195063476603, 34.722185563975636 ], [ 114.42089737934802, 34.720816216984105 ], [ 114.420546112076281, 34.720869800127254 ], [ 114.420808074109431, 34.722316544992218 ] ] ] ] } },
{ "type": "Feature", "properties": { "FID": 435, "layer": "4", "path": "D:/1 work/数据/树/4.shp" }, "geometry": { "type": "MultiPolygon", "coordinates": [ [ [ [ 114.421599913891498, 34.722096258737054 ], [ 114.422010717988954, 34.721917648259897 ], [ 114.421808292781506, 34.721310372637568 ], [ 114.421451071827192, 34.721465168384441 ], [ 114.421599913891498, 34.722096258737054 ] ] ] ] } },
{ "type": "Feature", "properties": { "FID": 436, "layer": "4", "path": "D:/1 work/数据/树/4.shp" }, "geometry": { "type": "MultiPolygon", "coordinates": [ [ [ [ 114.422105976910103, 34.721893833529613 ], [ 114.422409614721261, 34.721774759878173 ], [ 114.422040486401812, 34.720202987679201 ], [ 114.42182615382923, 34.720274431870067 ], [ 114.422105976910103, 34.721893833529613 ] ] ] ] } },
{ "type": "Feature", "properties": { "FID": 437, "layer": "4", "path": "D:/1 work/数据/树/4.shp" }, "geometry": { "type": "MultiPolygon", "coordinates": [ [ [ [ 114.422754928310439, 34.72165568622674 ], [ 114.423195500820754, 34.721506844162441 ], [ 114.422885909327022, 34.720018423519477 ], [ 114.422481058912126, 34.720101775075484 ], [ 114.422754928310439, 34.72165568622674 ] ] ] ] } },
{ "type": "Feature", "properties": { "FID": 438, "layer": "4", "path": "D:/1 work/数据/树/4.shp" }, "geometry": { "type": "MultiPolygon", "coordinates": [ [ [ [ 114.422561433626853, 34.721923601942493 ], [ 114.423439601806209, 34.721614010448754 ], [ 114.423418763917198, 34.721557450464324 ], [ 114.422552503102992, 34.72184620406906 ], [ 114.422561433626853, 34.721923601942493 ] ] ] ] } },
{ "type": "Feature", "properties": { "FID": 439, "layer": "4", "path": "D:/1 work/数据/树/4.shp" }, "geometry": { "type": "MultiPolygon", "coordinates": [ [ [ [ 114.419572684975762, 34.725079053705585 ], [ 114.420013257486076, 34.724778392735701 ], [ 114.419816785961203, 34.724549175956689 ], [ 114.419411935546322, 34.724826022196275 ], [ 114.419572684975762, 34.725079053705585 ] ] ] ] } },
{ "type": "Feature", "properties": { "FID": 440, "layer": "4", "path": "D:/1 work/数据/树/4.shp" }, "geometry": { "type": "MultiPolygon", "coordinates": [ [ [ [ 114.420063863787902, 34.724775415894406 ], [ 114.420665185727671, 34.724328889701518 ], [ 114.42060564890194, 34.72428721392351 ], [ 114.420051956422768, 34.724698018020973 ], [ 114.420063863787902, 34.724775415894406 ] ] ] ] } },
{ "type": "Feature", "properties": { "FID": 441, "layer": "4", "path": "D:/1 work/数据/树/4.shp" }, "geometry": { "type": "MultiPolygon", "coordinates": [ [ [ [ 114.420694954140529, 34.724299121288659 ], [ 114.421019429840698, 34.724040136096782 ], [ 114.420822958315824, 34.723876409826062 ], [ 114.420668162568958, 34.723959761382062 ], [ 114.420805097268115, 34.724135395017932 ], [ 114.4206383941561, 34.724236607621656 ], [ 114.420694954140529, 34.724299121288659 ] ] ] ] } },
{ "type": "Feature", "properties": { "FID": 442, "layer": "4", "path": "D:/1 work/数据/树/4.shp" }, "geometry": { "type": "MultiPolygon", "coordinates": [ [ [ [ 114.421052175094829, 34.724022275049073 ], [ 114.421576099161157, 34.723703753031479 ], [ 114.420867610935133, 34.722977403757717 ], [ 114.420778305696558, 34.722673765946553 ], [ 114.420617556267118, 34.722575530184116 ], [ 114.420403223694521, 34.722629113327265 ], [ 114.420531227869816, 34.723120292139441 ], [ 114.42084974988741, 34.723394161537747 ], [ 114.42079318990298, 34.723400115220315 ], [ 114.420540158393678, 34.723200666854162 ], [ 114.420444899472528, 34.723248296314736 ], [ 114.420697930981831, 34.723370346807457 ], [ 114.420817004633264, 34.723834734048062 ], [ 114.421052175094829, 34.724022275049073 ] ] ] ] } },
{ "type": "Feature", "properties": { "FID": 443, "layer": "4", "path": "D:/1 work/数据/树/4.shp" }, "geometry": { "type": "MultiPolygon", "coordinates": [ [ [ [ 114.422284587387239, 34.723516212030461 ], [ 114.422531665213967, 34.723504304665319 ], [ 114.42223398108537, 34.722078397689359 ], [ 114.422287564228526, 34.722069467165497 ], [ 114.422576317833261, 34.723504304665319 ], [ 114.422713252532404, 34.723486443617603 ], [ 114.422436406292817, 34.722030768228784 ], [ 114.422558456785538, 34.721932532466347 ], [ 114.42248998943596, 34.721870018799343 ], [ 114.421986903258642, 34.722021837704929 ], [ 114.422284587387239, 34.723516212030461 ] ] ] ] } },
{ "type": "Feature", "properties": { "FID": 444, "layer": "4", "path": "D:/1 work/数据/树/4.shp" }, "geometry": { "type": "MultiPolygon", "coordinates": [ [ [ [ 114.425766003271107, 34.725975082932642 ], [ 114.426011592677199, 34.725930430313355 ], [ 114.426020523201046, 34.725860474543133 ], [ 114.425831493779398, 34.725884289273424 ], [ 114.425822563255537, 34.725811356661914 ], [ 114.425754095905958, 34.725835171392205 ], [ 114.425766003271107, 34.725975082932642 ] ] ] ] } },
{ "type": "Feature", "properties": { "FID": 445, "layer": "4", "path": "D:/1 work/数据/树/4.shp" }, "geometry": { "type": "MultiPolygon", "coordinates": [ [ [ [ 114.424396656279555, 34.725925965051424 ], [ 114.424450239422697, 34.725914057686282 ], [ 114.4244294015337, 34.725065657919792 ], [ 114.424369864707984, 34.725089472650076 ], [ 114.424396656279555, 34.725925965051424 ] ] ] ] } },
{ "type": "Feature", "properties": { "FID": 446, "layer": "4", "path": "D:/1 work/数据/树/4.shp" }, "geometry": { "type": "MultiPolygon", "coordinates": [ [ [ [ 114.424360934184108, 34.725021005300498 ], [ 114.424462146787832, 34.724997190570214 ], [ 114.424378795231817, 34.724011856104568 ], [ 114.424307351040966, 34.724035670834859 ], [ 114.424360934184108, 34.725021005300498 ] ] ] ] } },
{ "type": "Feature", "properties": { "FID": 447, "layer": "4", "path": "D:/1 work/数据/树/4.shp" }, "geometry": { "type": "MultiPolygon", "coordinates": [ [ [ [ 114.418270316913109, 34.72742033937697 ], [ 114.418594792613277, 34.727354848868679 ], [ 114.418493580009553, 34.727080979470372 ], [ 114.418249479024112, 34.727134562613521 ], [ 114.418270316913109, 34.72742033937697 ] ] ] ] } }
]
}
