{
"type": "FeatureCollection",
"name": "water_GeoJSON(1)",
"crs": { "type": "name", "properties": { "name": "urn:ogc:def:crs:OGC:1.3:CRS84" } },
"features": [
{ "type": "Feature", "properties": { "Id": 0, "GRIDCODE": 0 }, "geometry": { "type": "MultiPolygon", "coordinates": [ [ [ [ 114.501864206826099, 34.744503342260998 ], [ 114.501872945108516, 34.744498486119539 ], [ 114.502239027216092, 34.744500581165994 ], [ 114.503126289520083, 34.744542754088002 ], [ 114.503127924374326, 34.744542821645894 ], [ 114.503813354548811, 34.744566894515117 ], [ 114.504989879360096, 34.744606736179662 ], [ 114.506080305204591, 34.744649617262155 ], [ 114.507153572784091, 34.744689154527521 ], [ 114.507154219075687, 34.744689176749944 ], [ 114.507799199980127, 34.744709773010072 ], [ 114.50797831021805, 34.744719044418787 ], [ 114.508003408166246, 34.744717951637995 ], [ 114.508057266222295, 34.744710410630034 ], [ 114.508057966272531, 34.744710310676567 ], [ 114.508067267368119, 34.744708608617429 ], [ 114.508076353353772, 34.744706243897781 ], [ 114.508085155080039, 34.744703234514475 ], [ 114.50809360556002, 34.744699603370748 ], [ 114.508101640480504, 34.744695378101881 ], [ 114.508109198690704, 34.744690590865162 ], [ 114.508116222667695, 34.744685278093755 ], [ 114.508122658955244, 34.744679480221919 ], [ 114.508128458568876, 34.744673241374585 ], [ 114.508133577370586, 34.744666609033345 ], [ 114.508137976402963, 34.744659633674416 ], [ 114.508141622187168, 34.744652368384493 ], [ 114.508144486976221, 34.744644868457101 ], [ 114.508146548968057, 34.744637190971048 ], [ 114.508147133912644, 34.744634149768729 ], [ 114.508164650781964, 34.74453181975332 ], [ 114.508165701383405, 34.744521077985155 ], [ 114.508191370859322, 34.743499866206378 ], [ 114.508222423191796, 34.74261164450985 ], [ 114.50826972059599, 34.740971102775745 ], [ 114.508342697913349, 34.738326451378441 ], [ 114.508376523816992, 34.736659612205131 ], [ 114.508408936354954, 34.735478995948426 ], [ 114.508431869183482, 34.734888228272268 ], [ 114.508431921440206, 34.734886089876454 ], [ 114.508433284262082, 34.73475066187541 ], [ 114.508433288029892, 34.734749912951088 ], [ 114.508432872510753, 34.734742056533548 ], [ 114.508431629137135, 34.734734259908862 ], [ 114.508429567371763, 34.734726582413771 ], [ 114.508426702906377, 34.734719082479046 ], [ 114.50842623304186, 34.734718036927518 ], [ 114.508406037995655, 34.734673936944262 ], [ 114.508402575151649, 34.734667212569775 ], [ 114.508398463970025, 34.734660741819653 ], [ 114.508393345771196, 34.734654109475173 ], [ 114.508387546844801, 34.734647870625736 ], [ 114.508381111324411, 34.734642072752649 ], [ 114.508374088188248, 34.734636759981242 ], [ 114.508366530886292, 34.734631972744694 ], [ 114.508358496934648, 34.734627747476736 ], [ 114.508350047475915, 34.734624116333862 ], [ 114.508341246815803, 34.734621106951636 ], [ 114.508332161932344, 34.734618742232897 ], [ 114.508322861966803, 34.734617040174669 ], [ 114.508313417697195, 34.734616013730488 ], [ 114.50830390100009, 34.73461567071223 ], [ 114.508299527061013, 34.734615743062022 ], [ 114.50802607993262, 34.734624792625084 ], [ 114.505833832299913, 34.734656778700923 ], [ 114.503002297732223, 34.734703360378091 ], [ 114.49866009527841, 34.734761904702168 ], [ 114.49865946216039, 34.73476191474299 ], [ 114.495964613220963, 34.734811076965741 ], [ 114.494016850753042, 34.734822784751771 ], [ 114.493942849252335, 34.734812863456682 ], [ 114.493953825627273, 34.734789195559188 ], [ 114.494207266090939, 34.734478588894717 ], [ 114.49476754571026, 34.733888309505062 ], [ 114.49541264112986, 34.73336057662317 ], [ 114.495854151954859, 34.733007470155542 ], [ 114.496076807031272, 34.732838925678664 ], [ 114.496408605464353, 34.73264582297702 ], [ 114.49737346467839, 34.732164792414608 ], [ 114.497377445422444, 34.73216270969715 ], [ 114.498010325742143, 34.731815557387563 ], [ 114.498011946420888, 34.731814650999752 ], [ 114.49890145031236, 34.731307514079901 ], [ 114.499757228336989, 34.730862965377867 ], [ 114.499764875202345, 34.730858607378764 ], [ 114.500121713335261, 34.730636155188563 ], [ 114.500126100803641, 34.730633271024715 ], [ 114.500126726820213, 34.73063283403792 ], [ 114.500411867959883, 34.730432271903567 ], [ 114.500588359350559, 34.730317973387457 ], [ 114.500845561232268, 34.730196415042769 ], [ 114.500852961420151, 34.730192569405006 ], [ 114.500859809289068, 34.730188351287779 ], [ 114.501084688354808, 34.730038174162644 ], [ 114.501086204299668, 34.730037143031552 ], [ 114.501093112332228, 34.730031924805871 ], [ 114.501354351333362, 34.729816887642869 ], [ 114.50136090097169, 34.729810995363664 ], [ 114.501363610695535, 34.729808219591348 ], [ 114.501651786567095, 34.729500767389879 ], [ 114.501656280118596, 34.729495607154263 ], [ 114.501843462977718, 34.729263829016588 ], [ 114.501847175817488, 34.729258894147506 ], [ 114.501848745469488, 34.729256571087546 ], [ 114.502003618274557, 34.729019194967009 ], [ 114.502007116848063, 34.729013333141893 ], [ 114.502010091847637, 34.72900727746395 ], [ 114.502012956096905, 34.728999777517174 ], [ 114.502015017700273, 34.728992100011226 ], [ 114.502015763553118, 34.72898807924247 ], [ 114.502038662366999, 34.728842800222537 ], [ 114.502039346790866, 34.728836996282098 ], [ 114.502039575245817, 34.728831167951228 ], [ 114.502039494602968, 34.728827704139405 ], [ 114.502004548406376, 34.728077459593806 ], [ 114.50198437570134, 34.727701642035015 ], [ 114.501983964471492, 34.727696860229514 ], [ 114.501901900573444, 34.727003986301668 ], [ 114.501901015437852, 34.726998352427472 ], [ 114.50131309118342, 34.724000125214673 ], [ 114.501033350970374, 34.722350620075474 ], [ 114.501033193926673, 34.7223497266408 ], [ 114.500889005205977, 34.72155735264306 ], [ 114.50275749851221, 34.72115739523241 ], [ 114.505248751585214, 34.720824167930118 ], [ 114.507464923770044, 34.720531248119244 ], [ 114.507466623750474, 34.720531012029539 ], [ 114.507468533127621, 34.720530719562134 ], [ 114.509901077973495, 34.720139580488649 ], [ 114.512231216019018, 34.719831735134619 ], [ 114.512232986440381, 34.719831488858233 ], [ 114.515738843280246, 34.719317521663356 ], [ 114.519125703110149, 34.718825119074779 ], [ 114.521811559603066, 34.718445217861358 ], [ 114.525046678869444, 34.718031414825077 ], [ 114.52504903923591, 34.718031090914792 ], [ 114.527029318951577, 34.717739081950413 ], [ 114.527269677135678, 34.717702856484721 ], [ 114.527446025545828, 34.717725819187592 ], [ 114.527472545761725, 34.717726576519738 ], [ 114.527481988110139, 34.717725550070611 ], [ 114.527491286183022, 34.717723848003857 ], [ 114.527500369216227, 34.717721483273749 ], [ 114.527509168082361, 34.717718473877085 ], [ 114.527517615816237, 34.717714842717214 ], [ 114.527525648125447, 34.717710617429702 ], [ 114.527533203879329, 34.717705830171667 ], [ 114.527540225574057, 34.717700517376841 ], [ 114.527546659769996, 34.717694719479198 ], [ 114.527552457499041, 34.717688480604011 ], [ 114.527557574637399, 34.71768184823344 ], [ 114.527561972240164, 34.717674872843361 ], [ 114.527565616839524, 34.717667607521378 ], [ 114.527568480697823, 34.717660107560505 ], [ 114.527570542019589, 34.717652430040573 ], [ 114.527571785116947, 34.717644633391558 ], [ 114.527572200529676, 34.717636776951281 ], [ 114.52757178509637, 34.717628920511515 ], [ 114.527570541978889, 34.717621123864774 ], [ 114.527568480638479, 34.717613446348196 ], [ 114.527565616763468, 34.717605946392155 ], [ 114.527561972149442, 34.717598681076197 ], [ 114.52755757453474, 34.717591705693053 ], [ 114.527552457387856, 34.717585073329985 ], [ 114.52754665965324, 34.717578834463097 ], [ 114.527540225455596, 34.71757303657381 ], [ 114.527533203762687, 34.71756772378734 ], [ 114.527525648014262, 34.71756293653732 ], [ 114.527517615713577, 34.717558711257595 ], [ 114.527509167991752, 34.71755508010466 ], [ 114.527500369140171, 34.71755207071385 ], [ 114.527491286123905, 34.717549705988347 ], [ 114.527481988069667, 34.717548003925344 ], [ 114.527480036417842, 34.717547734809045 ], [ 114.527285346621397, 34.717522383835842 ], [ 114.527276869878733, 34.717521558974056 ], [ 114.527268341000195, 34.71752128345878 ], [ 114.5272588262618, 34.717521626477946 ], [ 114.527249383936351, 34.71752265292514 ], [ 114.527248738212279, 34.717522748592216 ], [ 114.526990523491122, 34.717561665652738 ], [ 114.525012010417868, 34.717853413875275 ], [ 114.521777275553745, 34.7182671677337 ], [ 114.521775551875294, 34.718267399856984 ], [ 114.5190883388168, 34.718647493431718 ], [ 114.515700843722243, 34.719139987899325 ], [ 114.512195797732943, 34.719653836180782 ], [ 114.50986476645312, 34.719961799536179 ], [ 114.509863056379459, 34.719962036960681 ], [ 114.509861144422302, 34.719962329844464 ], [ 114.507428598152615, 34.720353469126849 ], [ 114.505214036438701, 34.72064617614916 ], [ 114.502717564900081, 34.720980101377961 ], [ 114.502716064147307, 34.720980310975506 ], [ 114.502707623691663, 34.720981826300033 ], [ 114.500849648615485, 34.721379532202775 ], [ 114.500344351406966, 34.719403446434853 ], [ 114.499594708845621, 34.716389341869103 ], [ 114.499158830905117, 34.714649889834618 ], [ 114.499118489359375, 34.714470250894578 ], [ 114.499119295923265, 34.714460501859094 ], [ 114.49920842312099, 34.714436079380619 ], [ 114.500916363909937, 34.714207822225433 ], [ 114.502550800397444, 34.713994685022612 ], [ 114.502552632136826, 34.713994432939103 ], [ 114.504399682502253, 34.713726875249677 ], [ 114.505788501708707, 34.713532890136719 ], [ 114.50743075921423, 34.713314268445629 ], [ 114.507432340103605, 34.713314048134919 ], [ 114.50743543097974, 34.713313560061692 ], [ 114.508237446232556, 34.713176968695393 ], [ 114.508246753627986, 34.713175324363078 ], [ 114.508757640324916, 34.713088405825658 ], [ 114.50876170165543, 34.713087647255577 ], [ 114.511990369512205, 34.712430862151393 ], [ 114.51572511064569, 34.711673012971517 ], [ 114.515726025816889, 34.711672823783829 ], [ 114.517513770462756, 34.711296453011983 ], [ 114.518017533092006, 34.711256898405281 ], [ 114.519097759113379, 34.711206256650996 ], [ 114.520333489240784, 34.711199875870818 ], [ 114.520340105893638, 34.711199675853436 ], [ 114.522612093038788, 34.711073909457014 ], [ 114.52519085123572, 34.710942276842843 ], [ 114.525194213840678, 34.710942062056972 ], [ 114.527051308267914, 34.710799562418572 ], [ 114.528376681181044, 34.710705121863668 ], [ 114.52837748313425, 34.710705062254078 ], [ 114.529684323533274, 34.710603903146136 ], [ 114.529691439807834, 34.710603156764193 ], [ 114.530134643270344, 34.710544393702037 ], [ 114.530136293471628, 34.710544164175417 ], [ 114.530145590740858, 34.710542462106673 ], [ 114.530154672989056, 34.71054009737378 ], [ 114.530163471094397, 34.710537087973535 ], [ 114.530171918098063, 34.710533456809401 ], [ 114.530179949713215, 34.710529231516944 ], [ 114.530187504813966, 34.710524444253167 ], [ 114.530194525901493, 34.710519131452145 ], [ 114.530200959541276, 34.710513333547567 ], [ 114.53020675676953, 34.710507094665104 ], [ 114.530211873465419, 34.710500462286518 ], [ 114.530216270688243, 34.710493486888481 ], [ 114.530219914972463, 34.710486221557744 ], [ 114.530222778583266, 34.710478721588231 ], [ 114.530224839726543, 34.710471044059034 ], [ 114.530226082716581, 34.71046324740098 ], [ 114.530226498093498, 34.710455390951267 ], [ 114.530226082696004, 34.710447534502237 ], [ 114.53022483968607, 34.710439737846286 ], [ 114.530222778523807, 34.71043206032067 ], [ 114.530219914896179, 34.710424560355932 ], [ 114.530216270597521, 34.71041729503122 ], [ 114.530211873362759, 34.710410319639948 ], [ 114.530206756658117, 34.710403687269036 ], [ 114.530200959424747, 34.710397448394701 ], [ 114.530194525783145, 34.710391650498536 ], [ 114.53018750469721, 34.710386337705813 ], [ 114.530179949601802, 34.710381550450279 ], [ 114.530171917995517, 34.710377325165268 ], [ 114.530163471003675, 34.710373694008183 ], [ 114.530154672912886, 34.710370684613849 ], [ 114.530145590681741, 34.710368319885674 ], [ 114.530136293431269, 34.710366617820569 ], [ 114.530126851918794, 34.710365591372295 ], [ 114.530117338000082, 34.710365248352616 ], [ 114.530108657897927, 34.710365533790082 ], [ 114.530100032766882, 34.71036638829446 ], [ 114.529660373733122, 34.710424681409506 ], [ 114.528357509736907, 34.71052553271528 ], [ 114.527032182261905, 34.71061997003369 ], [ 114.527031465192294, 34.710620023092929 ], [ 114.525175695662256, 34.710762421070285 ], [ 114.522598341561093, 34.710893982014966 ], [ 114.522597772673748, 34.710894012279311 ], [ 114.520328810483534, 34.711019611231336 ], [ 114.519093640104415, 34.711025989121197 ], [ 114.519088134136609, 34.711026132305335 ], [ 114.518003083308258, 34.711077000250953 ], [ 114.517998936843696, 34.71107726013264 ], [ 114.517484675394144, 34.711117639089707 ], [ 114.517476052397456, 34.711118603831608 ], [ 114.517468039474693, 34.711120028601215 ], [ 114.515672549863439, 34.711498029866561 ], [ 114.511938208656147, 34.712255797827311 ], [ 114.508711503754512, 34.712912183547985 ], [ 114.508326074161687, 34.712977816952105 ], [ 114.508314332929217, 34.712198931045577 ], [ 114.50831425785168, 34.712196527253752 ], [ 114.508204088723232, 34.709872346010059 ], [ 114.508086033581549, 34.707258773074727 ], [ 114.508110384374959, 34.706807528302534 ], [ 114.508184481414219, 34.706765782789319 ], [ 114.508606545099951, 34.70671503827441 ], [ 114.508609773598096, 34.706714609231312 ], [ 114.508612318644964, 34.70671421286977 ], [ 114.510033835988793, 34.706478363741667 ], [ 114.511417294602211, 34.706255647989337 ], [ 114.512687941238482, 34.706057867873653 ], [ 114.51268915018079, 34.706057673852683 ], [ 114.513448368698846, 34.70593215092606 ], [ 114.514302817626458, 34.705792635472278 ], [ 114.515016150423548, 34.705680193558578 ], [ 114.516214499681041, 34.705488684767147 ], [ 114.516216392556771, 34.705488367882651 ], [ 114.517033717912341, 34.705345308748178 ], [ 114.517718056238209, 34.705224077563628 ], [ 114.518695724001986, 34.705067330460338 ], [ 114.518697341431448, 34.705067060642193 ], [ 114.519996302117761, 34.70484190922059 ], [ 114.521322079567767, 34.704643625984374 ], [ 114.52163525976971, 34.70461034128175 ], [ 114.521752709342081, 34.704610669473766 ], [ 114.521919684603631, 34.704669435950279 ], [ 114.522188770697994, 34.704853514415618 ], [ 114.522192496500793, 34.704855952187415 ], [ 114.522468430602657, 34.705028552334738 ], [ 114.522479758513555, 34.705034760880039 ], [ 114.522485374131065, 34.705037260625886 ], [ 114.522704777290301, 34.705128195712746 ], [ 114.52271640544086, 34.705132336449026 ], [ 114.522725652026566, 34.7051347375658 ], [ 114.523054805708966, 34.705207117624752 ], [ 114.523387798909084, 34.705283857012944 ], [ 114.523502016837028, 34.705310560939836 ], [ 114.523512795722013, 34.70531260025183 ], [ 114.523522236659687, 34.705313626703116 ], [ 114.523531750000188, 34.705313969723818 ], [ 114.523541263340462, 34.705313626703116 ], [ 114.523550704278364, 34.70531260025183 ], [ 114.523556474783845, 34.705311626718753 ], [ 114.523866657613098, 34.70525205390436 ], [ 114.524312788064435, 34.705171915058372 ], [ 114.524315343094372, 34.705171429479151 ], [ 114.524522595708618, 34.705129870685937 ], [ 114.524758965030742, 34.705098108468917 ], [ 114.525037171491817, 34.70506257456492 ], [ 114.525039442221214, 34.705062264255446 ], [ 114.525040664930771, 34.705062080273706 ], [ 114.525277567174157, 34.705025281235066 ], [ 114.525283821089602, 34.705024152033275 ], [ 114.525542256344693, 34.704970885978071 ], [ 114.52555315748566, 34.704968132451427 ], [ 114.525561192802456, 34.704965413626041 ], [ 114.525568940989615, 34.704962175907895 ], [ 114.525795077137445, 34.704858150810708 ], [ 114.525796537370297, 34.704857466882231 ], [ 114.525806553741631, 34.704852066002502 ], [ 114.526038076834766, 34.704711704881561 ], [ 114.526041177756269, 34.704709753614338 ], [ 114.52626022876882, 34.704566737030859 ], [ 114.5264639306032, 34.704459744663552 ], [ 114.526942411500386, 34.70421097346258 ], [ 114.527526104718277, 34.703933632710061 ], [ 114.527528805030443, 34.70393230431381 ], [ 114.528234850368904, 34.703573485977699 ], [ 114.528521638493544, 34.703449871730356 ], [ 114.528883139860341, 34.703308388391008 ], [ 114.528885575147115, 34.703307404500322 ], [ 114.528983222747343, 34.703266704538919 ], [ 114.529129081647739, 34.703234359521048 ], [ 114.529234987888572, 34.70322825462722 ], [ 114.5294364663024, 34.703251605342132 ], [ 114.529573548413737, 34.703270001142585 ], [ 114.529652078139748, 34.703281126095987 ], [ 114.529680045107852, 34.703282080733061 ], [ 114.52968948581497, 34.703281054281433 ], [ 114.52969878227168, 34.703279352210586 ], [ 114.529707863725889, 34.703276987474794 ], [ 114.529716661062366, 34.703273978071081 ], [ 114.529725107327977, 34.703270346902627 ], [ 114.529733138240999, 34.703266121604997 ], [ 114.529740692681457, 34.703261334335593 ], [ 114.52974771315553, 34.703256021528318 ], [ 114.529754146233131, 34.703250223616692 ], [ 114.529759942954456, 34.703243984726896 ], [ 114.529765059203214, 34.703237352340523 ], [ 114.529769456041663, 34.703230376933959 ], [ 114.529773100007446, 34.703223111594696 ], [ 114.529775963367911, 34.703215611616088 ], [ 114.529778024331222, 34.703207934077682 ], [ 114.529779267212689, 34.703200137410363 ], [ 114.529779682553226, 34.703192280951271 ], [ 114.529779267192112, 34.703184424492804 ], [ 114.529778024290863, 34.703176627827645 ], [ 114.52977596330868, 34.703168950292763 ], [ 114.529773099931276, 34.703161450319158 ], [ 114.529769455951055, 34.703154184985578 ], [ 114.529765059100669, 34.70314720958612 ], [ 114.52975994284327, 34.703140577207193 ], [ 114.529754146116375, 34.703134338325413 ], [ 114.529747713037295, 34.703128540422483 ], [ 114.529740692564928, 34.703123227623394 ], [ 114.529733138129927, 34.703118440362118 ], [ 114.529725107225318, 34.703114215072162 ], [ 114.529716660971985, 34.703110583910643 ], [ 114.529707863649833, 34.703107574512558 ], [ 114.529698782212336, 34.703105209781597 ], [ 114.52968923579806, 34.703103471807367 ], [ 114.529609982903139, 34.703092243911954 ], [ 114.52960903542089, 34.703092113228081 ], [ 114.52947031256565, 34.703073497247658 ], [ 114.529467974884938, 34.703073204964994 ], [ 114.529253983110266, 34.703048403991318 ], [ 114.529246417022478, 34.703047748196923 ], [ 114.529238814000223, 34.703047529244259 ], [ 114.529231213797289, 34.703047748034408 ], [ 114.529103360934755, 34.703055118026498 ], [ 114.5290920072365, 34.703056268713851 ], [ 114.52908265501901, 34.703057983138535 ], [ 114.528915764181306, 34.703094992100318 ], [ 114.528906738354863, 34.703097344512457 ], [ 114.528894890870561, 34.703101576521874 ], [ 114.528788427263635, 34.703145951014562 ], [ 114.528426253507746, 34.703287697452595 ], [ 114.528422493736002, 34.703289242768676 ], [ 114.528130425940276, 34.703415132649241 ], [ 114.528126353575999, 34.703416980075986 ], [ 114.5281237236685, 34.703418274986802 ], [ 114.527415768522587, 34.703778063661218 ], [ 114.526831591477389, 34.704055634137546 ], [ 114.526827943014382, 34.704057449907623 ], [ 114.526347199880547, 34.704307397676246 ], [ 114.526138349594248, 34.704417093572147 ], [ 114.526129233287861, 34.704422442469877 ], [ 114.525907319721568, 34.70456732784055 ], [ 114.525682876053793, 34.704703396927584 ], [ 114.525475352214812, 34.704798860105768 ], [ 114.525234065851123, 34.704848591600239 ], [ 114.52500205298054, 34.704884631150094 ], [ 114.524725174835794, 34.70491999539405 ], [ 114.524724327741296, 34.704920106404074 ], [ 114.524483390992486, 34.704952482370004 ], [ 114.524481966803933, 34.704952681741531 ], [ 114.524475165750459, 34.704953857558507 ], [ 114.524265107004226, 34.704995979040064 ], [ 114.523819494436452, 34.70507602485219 ], [ 114.523817968958042, 34.705076308337595 ], [ 114.523534420399528, 34.705130765846491 ], [ 114.523446870872817, 34.705110297272483 ], [ 114.523112857856063, 34.70503332254475 ], [ 114.52311160459351, 34.705033040351623 ], [ 114.522792668466082, 34.704962907115714 ], [ 114.522592251573428, 34.704879841223772 ], [ 114.522326200437078, 34.704713423152953 ], [ 114.522046716259524, 34.704522231702526 ], [ 114.522039409455374, 34.704517646862485 ], [ 114.522031662144286, 34.704513585090069 ], [ 114.522019879024697, 34.704508724688196 ], [ 114.521817968189453, 34.704437662758153 ], [ 114.521812507246523, 34.704435882531186 ], [ 114.521803425664075, 34.704433517800737 ], [ 114.521794129077307, 34.704431815733983 ], [ 114.521784872146213, 34.704430802701665 ], [ 114.521775544245656, 34.704430446780464 ], [ 114.521628633702562, 34.704430036522865 ], [ 114.521621468549142, 34.704430220786321 ], [ 114.521614516675754, 34.704430773595504 ], [ 114.521291445017596, 34.704465109559067 ], [ 114.521286174072316, 34.704465778461554 ], [ 114.519955911602324, 34.704664731979221 ], [ 114.519952940296662, 34.704665211588633 ], [ 114.518653307992167, 34.704890479408505 ], [ 114.517675404045349, 34.705047264370194 ], [ 114.517673311916042, 34.705047617358218 ], [ 114.516988192108897, 34.705168987113211 ], [ 114.516172074337646, 34.705311834732811 ], [ 114.514974947408518, 34.705503148322123 ], [ 114.514261534382626, 34.705615602728244 ], [ 114.514260826805298, 34.705615716261434 ], [ 114.513405769384917, 34.705755331194553 ], [ 114.512646899812239, 34.705880796290842 ], [ 114.511376526111803, 34.70607853391391 ], [ 114.511375857074654, 34.706078639834175 ], [ 114.509991758492447, 34.70630145860008 ], [ 114.509991141950081, 34.706301559372662 ], [ 114.508572192477118, 34.706536982442856 ], [ 114.508128073403554, 34.706590378665567 ], [ 114.508124844430313, 34.706590807765508 ], [ 114.508115547602301, 34.70659250983158 ], [ 114.50810646578384, 34.706594874561119 ], [ 114.508097668092887, 34.706597883957443 ], [ 114.508089221484852, 34.706601515116802 ], [ 114.508082283335966, 34.706605116481171 ], [ 114.507942252403154, 34.706684008411287 ], [ 114.507933604424693, 34.706689419663917 ], [ 114.507926583651169, 34.706694732459823 ], [ 114.507920150295831, 34.706700530359399 ], [ 114.507914353320302, 34.706706769237599 ], [ 114.507909236843261, 34.706713401612433 ], [ 114.507904839804269, 34.706720377007969 ], [ 114.5079011956675, 34.706727642337114 ], [ 114.507898332167315, 34.706735142306457 ], [ 114.507896271096797, 34.706742819836734 ], [ 114.507895266930745, 34.706748618968049 ], [ 114.507894721001094, 34.706754459716365 ], [ 114.507867739346239, 34.707254432692423 ], [ 114.507867631106478, 34.70725844595114 ], [ 114.507867706956176, 34.707261805924759 ], [ 114.507985929355527, 34.709879231790353 ], [ 114.508096043188402, 34.71220237711799 ], [ 114.508108289528423, 34.713014902705424 ], [ 114.507393663686344, 34.713136593741865 ], [ 114.505753337537044, 34.713354958319712 ], [ 114.50575250377949, 34.713355072041679 ], [ 114.504362942223565, 34.713549160836862 ], [ 114.504362284990293, 34.713549254338943 ], [ 114.502515824420811, 34.713816726583161 ], [ 114.500881894183181, 34.714029798099318 ], [ 114.499164904809163, 34.714259264207612 ], [ 114.499163388680813, 34.714259475877441 ], [ 114.499155604643192, 34.714260852613847 ], [ 114.499147962802112, 34.714262694096703 ], [ 114.49909683714634, 34.714276703456619 ], [ 114.499018526110717, 34.713971891893266 ], [ 114.499018225544319, 34.71397075799814 ], [ 114.498846194801445, 34.713341195112037 ], [ 114.498590679714312, 34.71230491829624 ], [ 114.498313403197926, 34.711187233415956 ], [ 114.498313158402425, 34.711186273255976 ], [ 114.498173457246025, 34.710652741167792 ], [ 114.498140513243243, 34.710510433017248 ], [ 114.498170642824221, 34.71044568132811 ], [ 114.498378660297135, 34.710298184384555 ], [ 114.498381271121048, 34.710296272438029 ], [ 114.498681562159845, 34.710069180258699 ], [ 114.498686680698711, 34.710065046497959 ], [ 114.498691460085752, 34.710060644551959 ], [ 114.498693632936806, 34.71005843630644 ], [ 114.498975073820361, 34.709763002111117 ], [ 114.498976532583583, 34.709761435782525 ], [ 114.49927952343171, 34.70942861556847 ], [ 114.499280520505749, 34.709427502635833 ], [ 114.499591224182382, 34.709075065267655 ], [ 114.500045445965384, 34.708651360668739 ], [ 114.500569860717064, 34.708166806848396 ], [ 114.501330096811216, 34.707486729236223 ], [ 114.501330970135882, 34.707485938619925 ], [ 114.502136234001114, 34.706748180091381 ], [ 114.50213826195295, 34.706746268613983 ], [ 114.503146383418539, 34.705768564007087 ], [ 114.503890454747534, 34.705118220060967 ], [ 114.503891802077078, 34.705117020820751 ], [ 114.504734860764302, 34.704352823190277 ], [ 114.50551116168117, 34.703645420772546 ], [ 114.506209125117039, 34.703078753684736 ], [ 114.506212826775368, 34.703075598185194 ], [ 114.506591233292397, 34.702736880653163 ], [ 114.506841588200018, 34.702581385957785 ], [ 114.5074336330199, 34.702263188346421 ], [ 114.507802578827523, 34.702064906913392 ], [ 114.507804495653545, 34.70206385281648 ], [ 114.508550270182582, 34.701644288490115 ], [ 114.510073626341295, 34.700794490579653 ], [ 114.511280941731002, 34.700142512165996 ], [ 114.512448511113917, 34.699545081507608 ], [ 114.512452576505666, 34.699542896552487 ], [ 114.513819724737004, 34.698771857801944 ], [ 114.515143749280355, 34.698053528028481 ], [ 114.5151460491644, 34.698052245374015 ], [ 114.515914180020559, 34.697612005357655 ], [ 114.516877520666412, 34.697076470795366 ], [ 114.516880395799944, 34.69707481644474 ], [ 114.51751846235868, 34.696694960323441 ], [ 114.518187594254528, 34.696347168240436 ], [ 114.518653561682527, 34.696132657902808 ], [ 114.518654995641441, 34.696131985994214 ], [ 114.518662268674234, 34.696128194668006 ], [ 114.518669157676527, 34.6961239421193 ], [ 114.519409527530456, 34.695628187882392 ], [ 114.519912935200523, 34.695292580589125 ], [ 114.519913979542025, 34.695291875504438 ], [ 114.521419082937769, 34.694262806656695 ], [ 114.521419684190846, 34.694262392533005 ], [ 114.522948030075554, 34.693200923938775 ], [ 114.523795121344506, 34.692639886473728 ], [ 114.523796998716534, 34.6926386144562 ], [ 114.523800298981655, 34.692636232259758 ], [ 114.524278775512698, 34.692276606650466 ], [ 114.52466778564883, 34.692030779079857 ], [ 114.526174436148267, 34.691210635835546 ], [ 114.526782567191958, 34.690886336492042 ], [ 114.527692630122942, 34.690397347470878 ], [ 114.528365623564696, 34.690035590799141 ], [ 114.528370797273624, 34.690032630892517 ], [ 114.528720169481971, 34.689820183140682 ], [ 114.528958002621607, 34.689679505100116 ], [ 114.529106987928913, 34.689595430946952 ], [ 114.529115574144612, 34.689590053490747 ], [ 114.529122593464308, 34.689584740671592 ], [ 114.529129025483826, 34.689578942747005 ], [ 114.529134821252114, 34.689572703843169 ], [ 114.52913993665959, 34.689566071441732 ], [ 114.529144332775104, 34.689559096019707 ], [ 114.52914797614153, 34.689551830663902 ], [ 114.529150839031217, 34.689544330668468 ], [ 114.529152899655628, 34.689536653112953 ], [ 114.529154142332686, 34.689528856428069 ], [ 114.529154557604897, 34.689520999951185 ], [ 114.529154142312109, 34.689513143475153 ], [ 114.529152899615269, 34.68950534679243 ], [ 114.5291508389721, 34.689497669240495 ], [ 114.529147976065701, 34.68949016924978 ], [ 114.529144332684496, 34.689482903900057 ], [ 114.529139936557272, 34.689475928484796 ], [ 114.529134821140929, 34.689469296091147 ], [ 114.529129025367297, 34.689463057195326 ], [ 114.52912259334596, 34.689457259279209 ], [ 114.529115574028083, 34.689451946468239 ], [ 114.52910802083511, 34.689447159196163 ], [ 114.529099991251542, 34.689442933896601 ], [ 114.529091546386667, 34.689439302726896 ], [ 114.529082750511179, 34.689436293322274 ], [ 114.529073670567072, 34.68943392858597 ], [ 114.529064375657867, 34.689432226515123 ], [ 114.529054936523039, 34.689431200063268 ], [ 114.529045425000163, 34.689430857042396 ], [ 114.529035913477173, 34.689431200063268 ], [ 114.529026474342345, 34.689432226515123 ], [ 114.529017179433026, 34.68943392858597 ], [ 114.529008099488919, 34.689436293322274 ], [ 114.528999303613546, 34.689439302726896 ], [ 114.528990858748898, 34.689442933896601 ], [ 114.528983862181803, 34.6894465690213 ], [ 114.528833881253377, 34.689531204946604 ], [ 114.528831904949016, 34.689532346855401 ], [ 114.528592508051929, 34.689673949732367 ], [ 114.5285913466995, 34.689674646255583 ], [ 114.528243932089481, 34.689885903428205 ], [ 114.527573594435125, 34.690246232256868 ], [ 114.526663862666283, 34.690735043294183 ], [ 114.526055615603809, 34.691059403951442 ], [ 114.526054754434313, 34.691059867946137 ], [ 114.524544467207875, 34.691881990212266 ], [ 114.524538206978946, 34.691885665212624 ], [ 114.524142450120166, 34.692135756000198 ], [ 114.524138613705759, 34.692138295498751 ], [ 114.524135313069905, 34.692140677981968 ], [ 114.523655914990627, 34.692500995761634 ], [ 114.522810490027382, 34.693060929018714 ], [ 114.522808568188339, 34.69306223185464 ], [ 114.521279569955595, 34.694124152296695 ], [ 114.519775309812417, 34.695152643442441 ], [ 114.51927224464464, 34.695488022172754 ], [ 114.518539033425554, 34.695978982296708 ], [ 114.518078784724253, 34.696190859871706 ], [ 114.5180773503198, 34.696191531983345 ], [ 114.518073789623713, 34.696193305435145 ], [ 114.51739929599762, 34.69654388411783 ], [ 114.517393608042084, 34.696547050852075 ], [ 114.516754179888835, 34.696927717224128 ], [ 114.515791649917674, 34.697462800697963 ], [ 114.515790368591524, 34.69746352398073 ], [ 114.515022741173198, 34.697903475094506 ], [ 114.513699059511168, 34.698621618298773 ], [ 114.513697432950948, 34.698622518097068 ], [ 114.512331480819057, 34.699392881652045 ], [ 114.511164841656068, 34.69998983592069 ], [ 114.511162592540131, 34.699991018382434 ], [ 114.509953478168313, 34.700643967797873 ], [ 114.509952115964211, 34.700644715499493 ], [ 114.508427726403852, 34.701495089634363 ], [ 114.507682548016987, 34.701914317815408 ], [ 114.507314565088564, 34.702112081623739 ], [ 114.506719411014501, 34.702431950081859 ], [ 114.506713341326304, 34.702435460060656 ], [ 114.506452116424498, 34.702597705922017 ], [ 114.506447560876381, 34.702600695617434 ], [ 114.506442377114467, 34.702604526851303 ], [ 114.506437499392291, 34.702608623011656 ], [ 114.506054187678728, 34.702951730675352 ], [ 114.50535587701961, 34.70351867883312 ], [ 114.505351518663474, 34.703522427345376 ], [ 114.50457329523681, 34.704231580632779 ], [ 114.503731095080525, 34.70499499848313 ], [ 114.50298576630405, 34.705646440407861 ], [ 114.502981999433587, 34.705649908008297 ], [ 114.501973045754198, 34.70662841784025 ], [ 114.501169245785604, 34.707364833888732 ], [ 114.500408852209944, 34.708045051216686 ], [ 114.500407669223932, 34.7080461267185 ], [ 114.499882324628857, 34.708531539590524 ], [ 114.499424308038556, 34.708958782505704 ], [ 114.499422420021688, 34.708960591381071 ], [ 114.499417790784833, 34.708965479524124 ], [ 114.499104514967939, 34.709320833672734 ], [ 114.498802746509568, 34.709652310394176 ], [ 114.49852754996914, 34.709941189155245 ], [ 114.498235111874806, 34.710162342329454 ], [ 114.498007515869631, 34.710323721441455 ], [ 114.498001003052536, 34.710328734606833 ], [ 114.497995006639144, 34.710334169394002 ], [ 114.497989209410207, 34.710340408268507 ], [ 114.497984092709544, 34.710347040639419 ], [ 114.497980109648211, 34.710353291012609 ], [ 114.497976731415179, 34.710359779717464 ], [ 114.497925551299886, 34.710469770675161 ], [ 114.497924871046393, 34.710471272356074 ], [ 114.49792200741706, 34.710478772320812 ], [ 114.497919946253887, 34.710486449846428 ], [ 114.497918703243045, 34.710494246502378 ], [ 114.49791828784555, 34.710502102951239 ], [ 114.497918703222467, 34.710509959400952 ], [ 114.497919946213074, 34.710517756058834 ], [ 114.497920229355827, 34.710519028620638 ], [ 114.497959266146268, 34.710687657654546 ], [ 114.497959790203367, 34.710689782529926 ], [ 114.498099642005513, 34.711223895184332 ], [ 114.498376770178538, 34.712340993524208 ], [ 114.498632485821872, 34.713378094711345 ], [ 114.498632968172046, 34.713379950760498 ], [ 114.498805095696525, 34.714009873732778 ], [ 114.498905428455828, 34.714400404784556 ], [ 114.498899725494425, 34.714469334991009 ], [ 114.498899471624782, 34.714475478951158 ], [ 114.498899887021707, 34.714483335395755 ], [ 114.498901130071999, 34.714491132048636 ], [ 114.498901301449791, 34.714491914427072 ], [ 114.498944365210491, 34.714683677464507 ], [ 114.498944799719425, 34.714685506626267 ], [ 114.499380869076958, 34.716425740159707 ], [ 114.50013059338346, 34.719440201411487 ], [ 114.50065893467945, 34.721506303604144 ], [ 114.500817184820107, 34.722376066930053 ], [ 114.501097006890518, 34.72402608007377 ], [ 114.501097355315096, 34.724027985964142 ], [ 114.501684908371772, 34.727024359834047 ], [ 114.501766352865275, 34.727712019258547 ], [ 114.501786368651096, 34.728084914363365 ], [ 114.501820934484499, 34.728827054797648 ], [ 114.501801818461786, 34.728948332307482 ], [ 114.501658927205426, 34.729167343335291 ], [ 114.501476728550983, 34.729392949201497 ], [ 114.50119520185217, 34.729693306800073 ], [ 114.500942945200336, 34.729900949888531 ], [ 114.500729289677793, 34.73004363163335 ], [ 114.500472800912917, 34.730164852875134 ], [ 114.500466075640134, 34.730168318821256 ], [ 114.500459830552472, 34.73017207630744 ], [ 114.500275350613265, 34.730291548206708 ], [ 114.500272556483878, 34.730293419932025 ], [ 114.500271930231975, 34.730293857084916 ], [ 114.499987554817722, 34.730493880389133 ], [ 114.499636994061802, 34.730712419063934 ], [ 114.498783176246093, 34.731155949189827 ], [ 114.498779278273673, 34.731158071415791 ], [ 114.497888659026557, 34.731665843818405 ], [ 114.497258557911437, 34.732011471390138 ], [ 114.496292407998453, 34.732493145115882 ], [ 114.496285939232962, 34.732496633731159 ], [ 114.495945260385042, 34.732694904557604 ], [ 114.495937987449906, 34.732699526959266 ], [ 114.49593437967485, 34.732702139825449 ], [ 114.495705460703903, 34.732875425688633 ], [ 114.495703279707413, 34.732877122712466 ], [ 114.495260248728755, 34.73323144443998 ], [ 114.495259366007076, 34.73323215844556 ], [ 114.494608966016017, 34.733764230040663 ], [ 114.494602178039599, 34.73377031761737 ], [ 114.494599875482663, 34.733772661576893 ], [ 114.494032949244115, 34.734369942182298 ], [ 114.494028335050643, 34.734375180653785 ], [ 114.493765742858727, 34.734697002461417 ], [ 114.493761741982894, 34.734702291819872 ], [ 114.493757729317622, 34.734708591400988 ], [ 114.493754331208152, 34.734715132698284 ], [ 114.493701807089565, 34.734828387655 ], [ 114.493701173956879, 34.734829787479612 ], [ 114.493698309487854, 34.734837287414337 ], [ 114.49369624771964, 34.73484496490903 ], [ 114.493695004344545, 34.734852761533716 ], [ 114.493694588824951, 34.734860617951085 ], [ 114.493695004323854, 34.734868474369364 ], [ 114.493696247679054, 34.734876270995983 ], [ 114.493698309428396, 34.734883948494485 ], [ 114.493701173880709, 34.734891448433984 ], [ 114.493704819235973, 34.734898713735561 ], [ 114.493709217751302, 34.734905689105744 ], [ 114.49371384804499, 34.734911741397582 ], [ 114.493719045471948, 34.734917471296797 ], [ 114.493747314461984, 34.734946185316232 ], [ 114.493748403853715, 34.734947274314777 ], [ 114.493754839386497, 34.734953072195879 ], [ 114.493761862540282, 34.734958384975641 ], [ 114.493769419863952, 34.734963172220205 ], [ 114.493777453842199, 34.73496739749578 ], [ 114.493785903331514, 34.734971028645191 ], [ 114.493794704025731, 34.734974038033329 ], [ 114.493803788946138, 34.734976402756843 ], [ 114.493813088951129, 34.734978104818651 ], [ 114.493814546189924, 34.734978308555924 ], [ 114.493990933374221, 34.735001956580959 ], [ 114.49400923096573, 34.735003119900568 ], [ 114.495967013091558, 34.734991351888027 ], [ 114.495968627920092, 34.734991332308653 ], [ 114.49866397375024, 34.734942161022445 ], [ 114.503006256708886, 34.734883615325941 ], [ 114.505837937556862, 34.734837031415907 ], [ 114.508031162738121, 34.734805031193673 ], [ 114.508033605651121, 34.734804972946392 ], [ 114.508214406212005, 34.734798989464252 ], [ 114.508213555326961, 34.734883522566179 ], [ 114.508190646047865, 34.735473643609964 ], [ 114.508190618052595, 34.735474488415605 ], [ 114.508158177141468, 34.736656059703193 ], [ 114.508124347101216, 34.738322888487687 ], [ 114.508051379380277, 34.740966905169557 ], [ 114.508004094117496, 34.742606899358009 ], [ 114.507973041914397, 34.743495030539918 ], [ 114.507973019965334, 34.743495760939823 ], [ 114.507947474292564, 34.744511941072972 ], [ 114.50794325458412, 34.744536591383905 ], [ 114.507811563962264, 34.744529774589637 ], [ 114.507808950215008, 34.744529665226651 ], [ 114.507162986195112, 34.744509037572072 ], [ 114.506090370848028, 34.744469524535816 ], [ 114.504999913382335, 34.744426642005578 ], [ 114.504999191734782, 34.744426615597718 ], [ 114.503822473350283, 34.744386767428693 ], [ 114.503138027417322, 34.744362729074794 ], [ 114.502248825428637, 34.744320463955773 ], [ 114.502243303892214, 34.74432031702122 ], [ 114.501840710329475, 34.744318013023701 ], [ 114.501839953000172, 34.744318010855977 ], [ 114.501830435190641, 34.744318353873723 ], [ 114.501820989816906, 34.744319380316256 ], [ 114.501811688764064, 34.744321082371869 ], [ 114.501802602818543, 34.744323447086856 ], [ 114.501793801129566, 34.744326456464307 ], [ 114.501785350683349, 34.74433008760127 ], [ 114.501778964648679, 34.744333378313513 ], [ 114.501698175688489, 34.744378275273618 ], [ 114.501688968569169, 34.744383997092029 ], [ 114.501681944607981, 34.74438930985491 ], [ 114.5016755083318, 34.74439510771856 ], [ 114.501669708724421, 34.74440134655805 ], [ 114.501664589924417, 34.744407978891843 ], [ 114.50166019088897, 34.744414954244064 ], [ 114.501656545097717, 34.744422219528246 ], [ 114.501653680297409, 34.744429719451091 ], [ 114.501651618291021, 34.744437396933733 ], [ 114.50165024976252, 34.744446478779423 ], [ 114.501642160643087, 34.744537828772422 ], [ 114.501641870084541, 34.744544399951224 ], [ 114.501642199969638, 34.744551401290437 ], [ 114.501643187651212, 34.744558360330018 ], [ 114.501821504714371, 34.745497295167468 ], [ 114.501814235580127, 34.745571162490023 ], [ 114.501770061702587, 34.745600403228195 ], [ 114.500932138613052, 34.745749656049327 ], [ 114.500930150913291, 34.745750026147789 ], [ 114.499458027330661, 34.746036056111393 ], [ 114.49926508908959, 34.746070530441102 ], [ 114.499257896157133, 34.746072028465051 ], [ 114.499250843030723, 34.746073926111137 ], [ 114.499242041156094, 34.746076935487906 ], [ 114.499233590531389, 34.746080566623675 ], [ 114.499225555471071, 34.746084791883789 ], [ 114.499217997126379, 34.746089579111299 ], [ 114.499210973020809, 34.746094891872701 ], [ 114.499204536612297, 34.746100689734988 ], [ 114.49919873688566, 34.746106928572544 ], [ 114.499193617980609, 34.746113560904575 ], [ 114.499189218854667, 34.746120536254807 ], [ 114.499185572988495, 34.746127801536886 ], [ 114.49918270812941, 34.746135301457571 ], [ 114.499180646080731, 34.746142978938053 ], [ 114.499179402536129, 34.746150775548358 ], [ 114.499178986960032, 34.746158631951175 ], [ 114.499179167896727, 34.746163818865 ], [ 114.499181858846441, 34.746202356867343 ], [ 114.499183336989972, 34.746212822966925 ], [ 114.499183895709393, 34.74621524438146 ], [ 114.499238708549342, 34.74643630574127 ], [ 114.499364911463431, 34.747049479737996 ], [ 114.499365027904901, 34.747050034964616 ], [ 114.499367089956763, 34.747057712447827 ], [ 114.499369954829149, 34.747065212372206 ], [ 114.499373600719309, 34.747072477659287 ], [ 114.499377999879471, 34.747079453015374 ], [ 114.49938311883011, 34.747086085353999 ], [ 114.499388918612453, 34.747092324198945 ], [ 114.499395355087017, 34.747098122068508 ], [ 114.499402379268417, 34.747103434837584 ], [ 114.499412164510431, 34.7471094755698 ], [ 114.499573110626898, 34.747197691684562 ], [ 114.499677631837812, 34.747486863698555 ], [ 114.499964736529478, 34.748612468011061 ], [ 114.499965471981, 34.748615148033139 ], [ 114.500274753149483, 34.749667457249416 ], [ 114.500501977265799, 34.750528058580926 ], [ 114.500850324064913, 34.751832602003219 ], [ 114.500993849900397, 34.752440076343191 ], [ 114.500995811619873, 34.752446938613616 ], [ 114.500998417163942, 34.752453653344958 ], [ 114.501002063290912, 34.752460918625388 ], [ 114.501006462736996, 34.752467893975506 ], [ 114.501011582019828, 34.75247452630822 ], [ 114.501017382179043, 34.752480765147538 ], [ 114.501023819071861, 34.752486563012098 ], [ 114.501030843709259, 34.7524918757764 ], [ 114.501038402630002, 34.752496663007264 ], [ 114.501046438305821, 34.752500888270617 ], [ 114.501054889580473, 34.75250451940957 ], [ 114.501063692134267, 34.752507528789124 ], [ 114.501072778974503, 34.75250989350576 ], [ 114.50108208094457, 34.752511595562567 ], [ 114.501091527250651, 34.752512622006009 ], [ 114.501101046000031, 34.752512965023868 ], [ 114.501110564749752, 34.752512622006009 ], [ 114.501120011055832, 34.752511595562567 ], [ 114.501129313025672, 34.75250989350576 ], [ 114.501138399865795, 34.752507528789124 ], [ 114.501147202419702, 34.75250451940957 ], [ 114.501155653694241, 34.752500888270617 ], [ 114.501163689370173, 34.752496663007264 ], [ 114.501171248290916, 34.7524918757764 ], [ 114.501178272928541, 34.752486563012098 ], [ 114.501184709821132, 34.752480765147538 ], [ 114.501190509980233, 34.75247452630822 ], [ 114.501195629263179, 34.752467893975506 ], [ 114.501200028709491, 34.752460918625388 ], [ 114.50120367483612, 34.752453653344958 ], [ 114.501206539894724, 34.752446153427115 ], [ 114.501208602080283, 34.752438475950839 ], [ 114.501209845698895, 34.752430679346617 ], [ 114.501210261285564, 34.752422822951075 ], [ 114.501209845678204, 34.752414966556387 ], [ 114.50120860203981, 34.752407169954267 ], [ 114.501208242055213, 34.752405569562654 ], [ 114.501064460298949, 34.751797018687341 ], [ 114.501063919758053, 34.751794870369906 ], [ 114.500715338805094, 34.750489463194299 ], [ 114.500487895152446, 34.749628038176979 ], [ 114.500487321232868, 34.749625980608471 ], [ 114.500178128444986, 34.748573981251127 ], [ 114.499890436032842, 34.747446084144599 ], [ 114.499888220478738, 34.747438883840573 ], [ 114.499771108106529, 34.747114878939783 ], [ 114.499769080226201, 34.747109819541947 ], [ 114.499765434317055, 34.747102554260948 ], [ 114.499761035139159, 34.74709557891174 ], [ 114.499755916173285, 34.747088946580959 ], [ 114.499750116377982, 34.747082707744312 ], [ 114.499743679893413, 34.747076909883106 ], [ 114.499736655704851, 34.747071597122556 ], [ 114.499726870282302, 34.747065556304563 ], [ 114.499572332469825, 34.746980852708816 ], [ 114.499453730722962, 34.746404617277335 ], [ 114.499453614258073, 34.74640406193879 ], [ 114.499453055519211, 34.746401640476847 ], [ 114.499410260974969, 34.746229050955492 ], [ 114.499505198156271, 34.746212087517222 ], [ 114.499507114668745, 34.74621173014458 ], [ 114.500979205200679, 34.745925706577452 ], [ 114.501841319309847, 34.745772144784098 ], [ 114.501848547057307, 34.745770642555385 ], [ 114.501855633832065, 34.745768736882951 ], [ 114.501864435670996, 34.745765727500157 ], [ 114.501872886259434, 34.745762096357112 ], [ 114.50187992411702, 34.745758440638554 ], [ 114.501886604583206, 34.745754353498512 ], [ 114.501987594613865, 34.745687503442525 ], [ 114.501989469532759, 34.74568623385386 ], [ 114.501996493594334, 34.745680921083533 ], [ 114.502002929958962, 34.745675123212379 ], [ 114.502008729642398, 34.745668884366125 ], [ 114.502013848505385, 34.745662252025909 ], [ 114.502018247590627, 34.745655276668231 ], [ 114.502021893418373, 34.745648011379387 ], [ 114.502024758241987, 34.745640511453189 ], [ 114.502026820258493, 34.745632833968443 ], [ 114.502028120840237, 34.745624478969944 ], [ 114.502040250679556, 34.745501214959233 ], [ 114.502040609165419, 34.745493916951148 ], [ 114.502040279250309, 34.745486915532865 ], [ 114.502039291517008, 34.745479956416943 ], [ 114.501860902704493, 34.744540656636559 ], [ 114.501864206826099, 34.744503342260998 ] ] ], [ [ [ 114.458665959565906, 34.759624923099864 ], [ 114.458656440000027, 34.759624580083027 ], [ 114.458646920434262, 34.759624923099864 ], [ 114.458637473317708, 34.759625949539952 ], [ 114.458628170548877, 34.759627651591245 ], [ 114.458619082926816, 34.759630016300207 ], [ 114.458610279613708, 34.759633025670041 ], [ 114.458601827608049, 34.759636656797795 ], [ 114.45859578570969, 34.75963975642253 ], [ 114.458458542778544, 34.759715387354959 ], [ 114.458451169282739, 34.759719829263304 ], [ 114.458187495443894, 34.759893060329091 ], [ 114.458031956762738, 34.759965539254324 ], [ 114.457316547606183, 34.759993646041096 ], [ 114.457309636536593, 34.759994099328651 ], [ 114.457302774233654, 34.759994913545256 ], [ 114.457295747017156, 34.759996133970446 ], [ 114.457241928070516, 34.76000701695915 ], [ 114.457230564755605, 34.760009863305413 ], [ 114.457221761402366, 34.760012872675077 ], [ 114.457213309357826, 34.76001650380266 ], [ 114.457205272947476, 34.760020729052997 ], [ 114.457197713332903, 34.760025516269707 ], [ 114.45719068804749, 34.760030829018888 ], [ 114.457184250557589, 34.760036626867816 ], [ 114.457178449856542, 34.760042865691162 ], [ 114.457173330091337, 34.760049498007902 ], [ 114.457169691062177, 34.76005515479153 ], [ 114.457166547911015, 34.760061010541904 ], [ 114.457060556792499, 34.760279082137174 ], [ 114.456936570273683, 34.760411012704992 ], [ 114.456617877927897, 34.760523473164938 ], [ 114.456079482364089, 34.760688803969629 ], [ 114.456078678504127, 34.760689053791168 ], [ 114.454744103662961, 34.76110875237049 ], [ 114.454734116184568, 34.761112374307913 ], [ 114.453650602504695, 34.761559843143232 ], [ 114.453372428433681, 34.761654965145965 ], [ 114.452638947039304, 34.761823618467304 ], [ 114.452634053146994, 34.761824846333639 ], [ 114.452152483590112, 34.761955911200346 ], [ 114.452149334878754, 34.761956812332471 ], [ 114.452140525027403, 34.761959824122584 ], [ 114.451742355334318, 34.76211307497357 ], [ 114.451734401668091, 34.762116470486035 ], [ 114.451088575214271, 34.762420496719585 ], [ 114.450527249632728, 34.762561663964561 ], [ 114.450525042903564, 34.762562240082389 ], [ 114.45034749306717, 34.762610307033526 ], [ 114.450344181584001, 34.762611252341685 ], [ 114.450335377954389, 34.762614261710098 ], [ 114.450326925644731, 34.76261789283609 ], [ 114.450318888982565, 34.762622118084664 ], [ 114.450311329130614, 34.762626905299214 ], [ 114.450304303624762, 34.762632218046235 ], [ 114.450297865932953, 34.762638015892549 ], [ 114.450292065050007, 34.762644254713223 ], [ 114.45028694512439, 34.762650887027121 ], [ 114.450282545121354, 34.762657862358367 ], [ 114.450278898528268, 34.762665127620721 ], [ 114.450276033097907, 34.762672627521113 ], [ 114.450273970638136, 34.762680304980677 ], [ 114.450272726845697, 34.762688101569665 ], [ 114.450272311186723, 34.762695957951166 ], [ 114.450272726825119, 34.762703814333179 ], [ 114.450273970597436, 34.762711610924327 ], [ 114.450275879162177, 34.762718809194382 ], [ 114.450278493764927, 34.762725854770395 ], [ 114.450837816260218, 34.764038786010019 ], [ 114.451676861771034, 34.766034662961601 ], [ 114.451677361792008, 34.766035826559346 ], [ 114.452546131284976, 34.768014367774128 ], [ 114.452547947274638, 34.768018217022473 ], [ 114.453217339454, 34.769346206431237 ], [ 114.453759050768213, 34.770475341255803 ], [ 114.454142609154701, 34.77145290799109 ], [ 114.454143660409045, 34.771455456736135 ], [ 114.454624540347936, 34.772566635416069 ], [ 114.455038224824193, 34.773631424574774 ], [ 114.455039180601261, 34.773633773113374 ], [ 114.455428530374888, 34.774548617631012 ], [ 114.456043894618574, 34.776192443614605 ], [ 114.456045370935726, 34.776196107095529 ], [ 114.45643090930264, 34.777088509004329 ], [ 114.45658291345751, 34.777595086584427 ], [ 114.456586300031063, 34.777604253217362 ], [ 114.456589947263979, 34.777611518467836 ], [ 114.456594348044632, 34.777618493788907 ], [ 114.45659946888054, 34.777625126094108 ], [ 114.456605270799287, 34.777631364907677 ], [ 114.456610029027388, 34.777635745211285 ], [ 114.456714959020132, 34.777726219278463 ], [ 114.456722369115369, 34.777732037038959 ], [ 114.457200192800201, 34.778073477277303 ], [ 114.457645761947106, 34.778409320861215 ], [ 114.457649221761244, 34.778411820482006 ], [ 114.457652585828328, 34.778414057540147 ], [ 114.458110181595998, 34.778706225856013 ], [ 114.458489254362235, 34.778978670515755 ], [ 114.458604758242814, 34.779105603881419 ], [ 114.458608434306711, 34.779109423893658 ], [ 114.458614212210136, 34.779114671591742 ], [ 114.458620472093457, 34.779119528390595 ], [ 114.459099425189834, 34.779462867668713 ], [ 114.45910085286971, 34.779463873469979 ], [ 114.45910553012277, 34.779466935933897 ], [ 114.459561004133434, 34.779748771173274 ], [ 114.460030134025715, 34.780087661976552 ], [ 114.460031875340178, 34.780088893462903 ], [ 114.460033723587571, 34.780090144876112 ], [ 114.460465673717977, 34.780376140115322 ], [ 114.460472369767785, 34.780380237103145 ], [ 114.460479424939535, 34.780383900912341 ], [ 114.460487879056586, 34.780387532034752 ], [ 114.460496684570899, 34.780390541400322 ], [ 114.460505774467265, 34.780392906106215 ], [ 114.460515079565994, 34.780394608155234 ], [ 114.460524529048939, 34.780395634593901 ], [ 114.460534051000195, 34.78039597761034 ], [ 114.460543572951224, 34.780395634593901 ], [ 114.460553022434397, 34.780394608155234 ], [ 114.460562327532898, 34.780392906106215 ], [ 114.460571417429264, 34.780390541400322 ], [ 114.460580222943804, 34.780387532034752 ], [ 114.460588677060855, 34.780383900912341 ], [ 114.460596715439351, 34.780379675668314 ], [ 114.460604276902586, 34.780374888459505 ], [ 114.460611303902738, 34.780369575719533 ], [ 114.46061774296038, 34.780363777881632 ], [ 114.460623545070121, 34.780357539070906 ], [ 114.460628666074854, 34.780350906768547 ], [ 114.460633067000686, 34.780343931450602 ], [ 114.460636714353768, 34.780336666203368 ], [ 114.460639580375982, 34.780329166319973 ], [ 114.460641643255144, 34.780321488878883 ], [ 114.460642887292011, 34.780313692310528 ], [ 114.460643303018628, 34.780305835951083 ], [ 114.46064288727132, 34.780297979592319 ], [ 114.460641643214558, 34.780290183026068 ], [ 114.460639580316524, 34.780282505588559 ], [ 114.460636714277371, 34.780275005709939 ], [ 114.460633066909622, 34.78026774046873 ], [ 114.460628665972195, 34.78026076515755 ], [ 114.460623544958594, 34.780254132863035 ], [ 114.460617742843169, 34.780247894060494 ], [ 114.460611303783708, 34.780242096230893 ], [ 114.460604276785375, 34.780236783499333 ], [ 114.460602428166112, 34.780235531845619 ], [ 114.460172305361084, 34.779950746787506 ], [ 114.459701826946912, 34.779610882255781 ], [ 114.459700085254099, 34.779609650492262 ], [ 114.459695407588583, 34.779606587786475 ], [ 114.459239766847418, 34.779324649647663 ], [ 114.458772530159308, 34.778989709727568 ], [ 114.458657068581601, 34.778862823142276 ], [ 114.458653392440624, 34.778859003047273 ], [ 114.458647663387865, 34.778853796381441 ], [ 114.458641459842738, 34.77884897405437 ], [ 114.458251306920033, 34.778568566281251 ], [ 114.458249773370881, 34.778567484480277 ], [ 114.458246408898276, 34.778565247173447 ], [ 114.457789835251674, 34.778273731760351 ], [ 114.457346491994258, 34.777939566360317 ], [ 114.457344328668796, 34.777937978641035 ], [ 114.456869280937781, 34.777598522437245 ], [ 114.456788012209699, 34.777528449998897 ], [ 114.45664169087388, 34.777040815454939 ], [ 114.456638549961099, 34.7770322114946 ], [ 114.456251964750891, 34.776137391601367 ], [ 114.455636672440278, 34.774493768816853 ], [ 114.45563536732368, 34.774490504473704 ], [ 114.455245822785059, 34.773575207661679 ], [ 114.454832047906507, 34.772510192685559 ], [ 114.454830899720605, 34.772507395775676 ], [ 114.454349964202493, 34.771396095030354 ], [ 114.453965831675873, 34.770417071244083 ], [ 114.453964555064658, 34.770414006659905 ], [ 114.45396347304893, 34.770411656097338 ], [ 114.453420128879088, 34.769279123544436 ], [ 114.45341942097798, 34.769277684346719 ], [ 114.452750641144917, 34.767950916144002 ], [ 114.45188301497376, 34.765974989729557 ], [ 114.451044061280754, 34.763979344164113 ], [ 114.450521585973661, 34.762752912515623 ], [ 114.450592037603656, 34.762733839584996 ], [ 114.451163933974271, 34.762590013878253 ], [ 114.451169451406258, 34.762588492648547 ], [ 114.451177997129321, 34.76258558218359 ], [ 114.451186214016275, 34.762582085776899 ], [ 114.451838751905598, 34.762274899918793 ], [ 114.452227021628573, 34.762125459390234 ], [ 114.452700043459913, 34.761996720863181 ], [ 114.453437439736717, 34.761827167348883 ], [ 114.453445481062204, 34.761825038659083 ], [ 114.453449934419382, 34.761823609201315 ], [ 114.453737817658748, 34.761725167103805 ], [ 114.453744886118557, 34.761722503101964 ], [ 114.454826993918459, 34.761275614660519 ], [ 114.45615606599813, 34.760857646483998 ], [ 114.456696509188532, 34.760691686850635 ], [ 114.45670136083686, 34.760690086959357 ], [ 114.457048478120441, 34.760567595838666 ], [ 114.457060148002029, 34.7605627781669 ], [ 114.457068184458876, 34.760558552909231 ], [ 114.457075744114377, 34.760553765684904 ], [ 114.457082769434919, 34.760548452927594 ], [ 114.457089206953015, 34.760542655070651 ], [ 114.457091844300066, 34.760539957482706 ], [ 114.457242547233704, 34.760379598377483 ], [ 114.457246898516587, 34.760374627966769 ], [ 114.457250830273551, 34.76036942491686 ], [ 114.457254469277018, 34.760363768172624 ], [ 114.457257612407034, 34.760357912465224 ], [ 114.457347526847911, 34.760172916927786 ], [ 114.458068261208268, 34.76014460092631 ], [ 114.45807517188598, 34.760144147632559 ], [ 114.458082033800565, 34.76014333345114 ], [ 114.458091336626467, 34.760141631396436 ], [ 114.45810042430287, 34.7601392666827 ], [ 114.458108752578369, 34.760136438995289 ], [ 114.45811677028837, 34.760133054711844 ], [ 114.4583024474083, 34.760046531631076 ], [ 114.458303356661759, 34.760046103173579 ], [ 114.458310234183955, 34.760042538452979 ], [ 114.458316771748969, 34.760038561847125 ], [ 114.458583650594733, 34.759863224939465 ], [ 114.458717094400072, 34.759789687546572 ], [ 114.458726648462516, 34.759783774693574 ], [ 114.458733673717688, 34.759778461935525 ], [ 114.458740111176326, 34.759772664078071 ], [ 114.458745911845199, 34.759766425246198 ], [ 114.458751031578458, 34.7597597929215 ], [ 114.458755431411305, 34.759752817579738 ], [ 114.458759077858417, 34.759745552308004 ], [ 114.458761943168838, 34.75973805239903 ], [ 114.458764005535841, 34.759730374932019 ], [ 114.458765249263593, 34.759722578337175 ], [ 114.458765664887096, 34.75971472195107 ], [ 114.458765249243015, 34.759706865565818 ], [ 114.458764005495368, 34.759699068973134 ], [ 114.458761943109494, 34.759691391509648 ], [ 114.458759077782133, 34.759683891605675 ], [ 114.458755431320355, 34.75967662633974 ], [ 114.458751031475458, 34.75966965100497 ], [ 114.458745911733672, 34.759663018687888 ], [ 114.458740111059569, 34.759656779864201 ], [ 114.458733673598886, 34.759650982014875 ], [ 114.458726648345646, 34.759645669265353 ], [ 114.458719088765633, 34.759640882048529 ], [ 114.458711052392118, 34.759636656797795 ], [ 114.458702600386459, 34.759633025670041 ], [ 114.458693797073352, 34.759630016300207 ], [ 114.45868470945129, 34.759627651591245 ], [ 114.45867540668246, 34.759625949539952 ], [ 114.458665959565906, 34.759624923099864 ] ] ], [ [ [ 114.273540440774582, 34.787125510154908 ], [ 114.273714741602362, 34.786886591022608 ], [ 114.273715767345266, 34.786885155114476 ], [ 114.273938288118757, 34.786566753004138 ], [ 114.274605376475961, 34.7857164644563 ], [ 114.275072849969661, 34.785190669079441 ], [ 114.275705394688316, 34.784585648147981 ], [ 114.276137528205027, 34.784204263830247 ], [ 114.27673870912156, 34.783693725535386 ], [ 114.277169029352763, 34.783327968455126 ], [ 114.27717308798924, 34.783324323640727 ], [ 114.277629813466774, 34.782890855888184 ], [ 114.27851508123149, 34.782128105286858 ], [ 114.279214484055842, 34.781534510547431 ], [ 114.279216065425317, 34.781533139902137 ], [ 114.279843148132159, 34.780978061236283 ], [ 114.280361644609229, 34.780524327587386 ], [ 114.280365405504313, 34.780520861421053 ], [ 114.280809048384185, 34.780090113121787 ], [ 114.280809487683428, 34.780089683884341 ], [ 114.280815297395293, 34.780083436092013 ], [ 114.280947994309031, 34.779927032995829 ], [ 114.2809531075834, 34.779920409771762 ], [ 114.280957508486381, 34.779913434453306 ], [ 114.280961155820592, 34.779906169205674 ], [ 114.280962754839607, 34.779902269516015 ], [ 114.281015008131817, 34.77976455109075 ], [ 114.281304599834925, 34.7794373100499 ], [ 114.281306674148141, 34.779434883089039 ], [ 114.281970127678051, 34.778630825603557 ], [ 114.281974433104892, 34.778625167781456 ], [ 114.281975747419892, 34.778623234989027 ], [ 114.282316187000447, 34.778107844724332 ], [ 114.28231921427664, 34.77810290677013 ], [ 114.283031530641324, 34.776846674778085 ], [ 114.283292288649363, 34.776422535602592 ], [ 114.283920947110687, 34.775508024062674 ], [ 114.283922535398688, 34.775505629785187 ], [ 114.284210686019946, 34.775055191559602 ], [ 114.284212606299889, 34.775052042051243 ], [ 114.284309104147496, 34.774885749974032 ], [ 114.284313228592055, 34.774877651231066 ], [ 114.284316094425549, 34.774870151340906 ], [ 114.284318157168741, 34.774862473893052 ], [ 114.28431961252636, 34.774852331250599 ], [ 114.284329006360508, 34.774725766242341 ], [ 114.284329210656097, 34.774720255951138 ], [ 114.284328991445477, 34.774714548451755 ], [ 114.284300041396705, 34.774338038085034 ], [ 114.284315614977913, 34.774175867021256 ], [ 114.284459842811316, 34.773866201467456 ], [ 114.285080382119986, 34.773413409317698 ], [ 114.285085688835238, 34.773409268144803 ], [ 114.285455550829056, 34.773100668912036 ], [ 114.285461561621105, 34.773095225950954 ], [ 114.285468146768835, 34.773088051255968 ], [ 114.285910141089289, 34.772552935520253 ], [ 114.286468711604584, 34.771887805220786 ], [ 114.286469522412062, 34.771886826027185 ], [ 114.287467577255597, 34.77066428811986 ], [ 114.288429413461472, 34.769508881127706 ], [ 114.288430884072682, 34.769507067887105 ], [ 114.289141067502101, 34.768608060360748 ], [ 114.289144183919916, 34.768603869724302 ], [ 114.289835381808189, 34.767613820702877 ], [ 114.291568755159346, 34.765180818189776 ], [ 114.292372452178142, 34.764071633882565 ], [ 114.292373360749707, 34.764070356106799 ], [ 114.293121039181756, 34.762996064750496 ], [ 114.293121806527438, 34.762994943721537 ], [ 114.293648308649495, 34.762212766603454 ], [ 114.293829133231498, 34.761945107456825 ], [ 114.293832797965251, 34.761939178202795 ], [ 114.294089040417589, 34.761483799349207 ], [ 114.294212275480049, 34.761287593978864 ], [ 114.294534201299371, 34.760846676354163 ], [ 114.294762797442672, 34.760545407042798 ], [ 114.294764816471115, 34.760542636915545 ], [ 114.29476806800028, 34.76053763123366 ], [ 114.294944914738835, 34.760243482093585 ], [ 114.294946889878361, 34.760240013528914 ], [ 114.295550991705227, 34.759117749858149 ], [ 114.296098472893959, 34.758117238893419 ], [ 114.29662463624652, 34.757192426730342 ], [ 114.296626199388811, 34.75718954947564 ], [ 114.297061200335179, 34.756349797317 ], [ 114.297526988391837, 34.755495674665099 ], [ 114.297527547322716, 34.755494632169416 ], [ 114.29795892052141, 34.754676094819501 ], [ 114.297959350568817, 34.754675267518621 ], [ 114.298292606725909, 34.754025223541078 ], [ 114.298414356419585, 34.753831405979611 ], [ 114.298828225756438, 34.753225170118412 ], [ 114.299054129497904, 34.752907356080073 ], [ 114.299054511763643, 34.752906813972174 ], [ 114.299055786880558, 34.752904939862788 ], [ 114.299105353819755, 34.752830009824436 ], [ 114.299109021409322, 34.752823931889679 ], [ 114.29911212428658, 34.752817643343064 ], [ 114.299114989357577, 34.75281014342562 ], [ 114.29911705155223, 34.752802465949856 ], [ 114.299118151240236, 34.752795925856788 ], [ 114.299118667949074, 34.752789336870194 ], [ 114.29912001289722, 34.752749704869018 ], [ 114.299120055712592, 34.752747180951076 ], [ 114.299119640103527, 34.752739324556785 ], [ 114.299118396460244, 34.752731527955177 ], [ 114.29911682141676, 34.752725406441584 ], [ 114.299114735575017, 34.752719389874983 ], [ 114.299048465025407, 34.752550619498777 ], [ 114.298932185986928, 34.752207610938228 ], [ 114.29893121098587, 34.752204729713924 ], [ 114.298930217178849, 34.7522019948928 ], [ 114.298928738272821, 34.752198153626694 ], [ 114.298772109599213, 34.751786585072693 ], [ 114.29856546403937, 34.751243672210478 ], [ 114.298189498730835, 34.750056112749348 ], [ 114.298037574387536, 34.749392302818819 ], [ 114.298036751188647, 34.749389038220272 ], [ 114.297821224100176, 34.748607096213618 ], [ 114.297905648315577, 34.747966158787278 ], [ 114.2983875334196, 34.747153934684206 ], [ 114.298389570925224, 34.747150297921678 ], [ 114.299042953423623, 34.745912560593922 ], [ 114.299519358408361, 34.745049592216276 ], [ 114.299841446799178, 34.744474119514962 ], [ 114.300010265103538, 34.74428514311478 ], [ 114.300399287600612, 34.744224929980703 ], [ 114.30041164901013, 34.744222392753954 ], [ 114.301586952343882, 34.743920082461614 ], [ 114.302522484242104, 34.743689696844683 ], [ 114.3025245974884, 34.743689157124265 ], [ 114.304706247513082, 34.743111893535342 ], [ 114.304706822653543, 34.74311173989679 ], [ 114.306637740125325, 34.742591033305018 ], [ 114.309933551425615, 34.741713570800925 ], [ 114.31166404360863, 34.741280211857145 ], [ 114.311665365320778, 34.741279873291546 ], [ 114.313502499031188, 34.740798706800376 ], [ 114.313503352320026, 34.740798480120191 ], [ 114.315362902086463, 34.740297502879855 ], [ 114.317578713716784, 34.739712100563167 ], [ 114.320828389969506, 34.73884497105314 ], [ 114.320830012643796, 34.738844526427272 ], [ 114.321386773622976, 34.73868796281954 ], [ 114.321755833681209, 34.738627855418883 ], [ 114.321756413343223, 34.738627759664155 ], [ 114.323091646947432, 34.73840407903208 ], [ 114.324772318859345, 34.73814798019697 ], [ 114.325508712072178, 34.7380509555054 ], [ 114.325510462751254, 34.738050712773713 ], [ 114.325513439471138, 34.73805024423865 ], [ 114.326341540342355, 34.737910040935446 ], [ 114.327608775908971, 34.737708431342412 ], [ 114.327610147366954, 34.737708205615604 ], [ 114.328616713645488, 34.737536991954926 ], [ 114.328852362549355, 34.737502836404019 ], [ 114.329375959563322, 34.73750075319839 ], [ 114.329377361943443, 34.737500740180906 ], [ 114.330159228792013, 34.737489334168629 ], [ 114.330164022165718, 34.737489177226223 ], [ 114.330568342602191, 34.737468587204262 ], [ 114.330571644677093, 34.737468377502182 ], [ 114.33092644983742, 34.737441370964007 ], [ 114.331576116741189, 34.73740502537737 ], [ 114.332257905522397, 34.737377338361512 ], [ 114.332259026401744, 34.737377288071229 ], [ 114.333098001439112, 34.737336071619268 ], [ 114.334547489559895, 34.737274979960432 ], [ 114.334548480730973, 34.737274934449658 ], [ 114.335654352925189, 34.737219988390905 ], [ 114.335657105399491, 34.737219822777774 ], [ 114.337431902451954, 34.737094390592802 ], [ 114.338814426985209, 34.737035717337903 ], [ 114.338816047555156, 34.737035638578163 ], [ 114.340001085149083, 34.736970739429182 ], [ 114.342733420169907, 34.736871064262914 ], [ 114.344310193414685, 34.736825266488495 ], [ 114.34431254472247, 34.736825177223352 ], [ 114.345338191831047, 34.736777085171923 ], [ 114.345338850832604, 34.736777052618777 ], [ 114.347183664572754, 34.73668128788114 ], [ 114.348566561973257, 34.736616108662474 ], [ 114.348579298423033, 34.736614885794609 ], [ 114.348582313928546, 34.736614410677987 ], [ 114.348903294966703, 34.73655996583949 ], [ 114.34950279855309, 34.736462092554177 ], [ 114.349511023751916, 34.736460474211526 ], [ 114.349674398909428, 34.736422755172612 ], [ 114.349679500807724, 34.736421465526576 ], [ 114.350150867239449, 34.73629183339466 ], [ 114.350153739127904, 34.736291006716385 ], [ 114.350600403209, 34.736156492323914 ], [ 114.350701291459586, 34.736129695376633 ], [ 114.351024979693875, 34.736074412036601 ], [ 114.35180383095576, 34.735974561400042 ], [ 114.352970583172919, 34.735858450107003 ], [ 114.353833462866987, 34.735796705514133 ], [ 114.354900395878076, 34.735748783117231 ], [ 114.354903340763144, 34.735748617848913 ], [ 114.355790228814499, 34.735688890537631 ], [ 114.356645069061074, 34.735644623680571 ], [ 114.357353625407995, 34.7356071558944 ], [ 114.357354691570663, 34.73560709518739 ], [ 114.358984654326377, 34.735507656081211 ], [ 114.358987185559499, 34.73550747717718 ], [ 114.359671309338864, 34.735452497144024 ], [ 114.360221271818659, 34.735410815658952 ], [ 114.36032329594309, 34.735403083759536 ], [ 114.360326640492985, 34.735402787318264 ], [ 114.361031267233557, 34.735331252043181 ], [ 114.361866648734917, 34.735245273956991 ], [ 114.36318966643023, 34.735120066278455 ], [ 114.363975711014973, 34.735044099059451 ], [ 114.365321599009803, 34.734922230826953 ], [ 114.365322627210276, 34.734922133646023 ], [ 114.36667164964399, 34.734789272504599 ], [ 114.366672314738025, 34.73478920528845 ], [ 114.367306098478934, 34.734723521685396 ], [ 114.368440978414355, 34.734627448120079 ], [ 114.369440655826679, 34.734542471495274 ], [ 114.370546960332831, 34.734445340121397 ], [ 114.371491869778083, 34.734370698654175 ], [ 114.371501325026429, 34.73436981155271 ], [ 114.371622451257053, 34.734360385179457 ], [ 114.373233205232282, 34.734229666809995 ], [ 114.373234812059081, 34.734229526482409 ], [ 114.374783890708954, 34.73408465632815 ], [ 114.374786413719789, 34.734084395762522 ], [ 114.375629910956604, 34.733989032814975 ], [ 114.376389002611063, 34.733927843604476 ], [ 114.376391561975652, 34.733927612111245 ], [ 114.376835156446646, 34.733883113063939 ], [ 114.376840945799017, 34.733882401834649 ], [ 114.376841855880571, 34.73388226607409 ], [ 114.377632579695501, 34.733761450946929 ], [ 114.377634748729065, 34.733761100752417 ], [ 114.378630556743246, 34.733591665574693 ], [ 114.37863418348195, 34.733590995160569 ], [ 114.379337215252008, 34.733450621389125 ], [ 114.380319052338677, 34.733264857264317 ], [ 114.380332005204309, 34.733261699057266 ], [ 114.380335277643098, 34.733260666386968 ], [ 114.380655635914081, 34.733154678281551 ], [ 114.380664121992027, 34.733151517736303 ], [ 114.380933904147014, 34.733039377910188 ], [ 114.381793441613695, 34.732699917754758 ], [ 114.382670096094785, 34.732354573795647 ], [ 114.382670754105334, 34.732354312345535 ], [ 114.384782287299799, 34.731508110372886 ], [ 114.385448686413497, 34.73124003195727 ], [ 114.385453281912078, 34.731238070717893 ], [ 114.385764032013412, 34.731097650707682 ], [ 114.386009058354375, 34.730995768926846 ], [ 114.386012814682772, 34.730994130645854 ], [ 114.386085215730418, 34.730961050614837 ], [ 114.386086938522794, 34.730960246547113 ], [ 114.386094972113256, 34.730956021268867 ], [ 114.386102529072446, 34.73095123402112 ], [ 114.386109551887102, 34.730945921238003 ], [ 114.386115987109292, 34.730940123352809 ], [ 114.386121785763294, 34.730933884491492 ], [ 114.386126903717695, 34.730927252135132 ], [ 114.386131302022136, 34.730920276760514 ], [ 114.386134947202663, 34.730913011454106 ], [ 114.386137811517642, 34.730905511509832 ], [ 114.386139873168077, 34.730897834006385 ], [ 114.38614111606239, 34.730890041161786 ], [ 114.386141531942485, 34.730882188554688 ], [ 114.386141540803351, 34.730794333237156 ], [ 114.386144249294716, 34.730364444570284 ], [ 114.386195066110872, 34.729701947018725 ], [ 114.386195200144698, 34.729699790297673 ], [ 114.386205946848463, 34.729474054288232 ], [ 114.386206031086544, 34.729470513951185 ], [ 114.386205392883767, 34.729460781959403 ], [ 114.386114295988932, 34.728768234039421 ], [ 114.386114115221403, 34.728766946137 ], [ 114.386029280030357, 34.728198316393048 ], [ 114.386041321255334, 34.727471092198016 ], [ 114.386041331455658, 34.727469859951213 ], [ 114.386041269134125, 34.727466814787419 ], [ 114.386013222406859, 34.726781770617947 ], [ 114.385998614115579, 34.725820694237711 ], [ 114.386018771961517, 34.724996264398783 ], [ 114.386018792578625, 34.724994936478083 ], [ 114.386021500736206, 34.724584800994478 ], [ 114.386035665309237, 34.724315635757364 ], [ 114.386072646968501, 34.724202351642816 ], [ 114.386214890482734, 34.724110829550511 ], [ 114.386350777171515, 34.724071134423355 ], [ 114.386772808353385, 34.724044512363037 ], [ 114.388886648419771, 34.724059695043422 ], [ 114.388888084927885, 34.724059697545556 ], [ 114.390971605304458, 34.724051991653994 ], [ 114.392659701450611, 34.724053427398871 ], [ 114.392667788726385, 34.724053186593608 ], [ 114.393489542335374, 34.724003486386266 ], [ 114.394692098998917, 34.723986598121087 ], [ 114.397138552430533, 34.72400681894112 ], [ 114.397139730548929, 34.724006823418279 ], [ 114.399420198269581, 34.724005309465781 ], [ 114.401533369589401, 34.72400622730737 ], [ 114.402637796677482, 34.724004005177676 ], [ 114.402650331647578, 34.724003383629736 ], [ 114.402921378935503, 34.723976960601533 ], [ 114.402927535536946, 34.723976212979267 ], [ 114.402936834309685, 34.723974510914502 ], [ 114.402945918026376, 34.723972146186725 ], [ 114.402954717554621, 34.723969136793073 ], [ 114.402963165924234, 34.723965505637068 ], [ 114.402968883533276, 34.723962582661784 ], [ 114.403035562373134, 34.723926102523592 ], [ 114.403333335478351, 34.723876873199515 ], [ 114.403533585173363, 34.723973996290567 ], [ 114.403534295070244, 34.723974337636946 ], [ 114.403542743440767, 34.723977968792894 ], [ 114.403551542969808, 34.723980978186546 ], [ 114.403560626687636, 34.723983342914323 ], [ 114.403569925461284, 34.723985044979145 ], [ 114.403578258083485, 34.723985986494426 ], [ 114.403586653760954, 34.723986395637382 ], [ 114.404570261827757, 34.724002984654987 ], [ 114.404572691889939, 34.724003003294172 ], [ 114.40719366024075, 34.723998993285818 ], [ 114.40840269658338, 34.723997078665548 ], [ 114.410254782808465, 34.724000947160391 ], [ 114.410255373226619, 34.724000947071033 ], [ 114.413004662210824, 34.72399436206382 ], [ 114.413007757363403, 34.723994318381074 ], [ 114.413197873057243, 34.723989408310331 ], [ 114.413224494966926, 34.724109952256526 ], [ 114.413226526914855, 34.724117366226096 ], [ 114.413229308185237, 34.724124612488708 ], [ 114.413232953067791, 34.724131877803075 ], [ 114.413237351012754, 34.72413885318548 ], [ 114.413242468548674, 34.724145485549286 ], [ 114.413248266728715, 34.724151724417538 ], [ 114.413254701424876, 34.724157522309156 ], [ 114.4132617236653, 34.724162835098298 ], [ 114.413269280006602, 34.724167622351388 ], [ 114.413277312940409, 34.724171847634238 ], [ 114.413285761331167, 34.724175478790244 ], [ 114.413294560881013, 34.724178488183725 ], [ 114.413303644620555, 34.724180852911502 ], [ 114.413312943416372, 34.724182554976267 ], [ 114.413322386498635, 34.724183581424541 ], [ 114.413331902000095, 34.724183924444048 ], [ 114.413333903504963, 34.724183909295277 ], [ 114.414389176649593, 34.72416792927811 ], [ 114.414397686655775, 34.724167525589337 ], [ 114.414406132580325, 34.72416657497655 ], [ 114.41441118783689, 34.724165736936186 ], [ 114.415478625909827, 34.723967016728579 ], [ 114.415487465275987, 34.723965046160515 ], [ 114.417081363761554, 34.723549768736689 ], [ 114.417082048969746, 34.723549588154413 ], [ 114.417860717573603, 34.723342036083238 ], [ 114.419234357200253, 34.722980775273527 ], [ 114.419238561580187, 34.722979591200385 ], [ 114.419239560634878, 34.722979286404552 ], [ 114.420395925644698, 34.722621188045593 ], [ 114.420401046680354, 34.722619478937361 ], [ 114.421517196582272, 34.722219554544552 ], [ 114.421517770947389, 34.722219347122063 ], [ 114.424674506473139, 34.721070359996531 ], [ 114.424679318775702, 34.721068491460983 ], [ 114.425696186882078, 34.72064838487006 ], [ 114.426040634664673, 34.720569853586881 ], [ 114.42716615287793, 34.720507820308285 ], [ 114.42717393397561, 34.720507159522867 ], [ 114.427629399455668, 34.720454805467398 ], [ 114.427633303732932, 34.720454297030699 ], [ 114.427637423303054, 34.720453629585961 ], [ 114.428293104966201, 34.720336542463542 ], [ 114.42829803516554, 34.720335562556045 ], [ 114.430201253565656, 34.719918430096243 ], [ 114.431507626835128, 34.719649687318736 ], [ 114.432190711931298, 34.719528132487255 ], [ 114.434426448632735, 34.719247486393897 ], [ 114.434428448081007, 34.719247219698218 ], [ 114.43615721834658, 34.719003007270203 ], [ 114.438586216255885, 34.71865013684328 ], [ 114.439280039138225, 34.718567243276595 ], [ 114.439664112254604, 34.718550568349031 ], [ 114.439933506489069, 34.718547733204957 ], [ 114.439942322773618, 34.718547345613842 ], [ 114.439951072297617, 34.718546371058494 ], [ 114.439960370462472, 34.718544668992081 ], [ 114.439969453585377, 34.718542304262144 ], [ 114.439978252538253, 34.718539294866048 ], [ 114.439986700355576, 34.718535663706689 ], [ 114.439994732744253, 34.718531438419745 ], [ 114.440002288572714, 34.718526651162222 ], [ 114.440009310337018, 34.718521338368248 ], [ 114.440015744596394, 34.718515540471344 ], [ 114.440021542382851, 34.71850930159701 ], [ 114.440026659571572, 34.718502669227348 ], [ 114.440031057217993, 34.718495693838406 ], [ 114.440034701853165, 34.718488428517219 ], [ 114.440037565739885, 34.718480928557483 ], [ 114.440039627081887, 34.718473251038404 ], [ 114.440040870191524, 34.718465454390468 ], [ 114.440041285608572, 34.718457597951215 ], [ 114.44004087017106, 34.718449741512529 ], [ 114.440039627041415, 34.718441944866868 ], [ 114.440037565680541, 34.71843426735137 ], [ 114.440034701777108, 34.718426767396409 ], [ 114.440031057127158, 34.718419502081304 ], [ 114.440026659468913, 34.71841252669924 ], [ 114.440021542271438, 34.718405894337025 ], [ 114.440015744479524, 34.718399655470876 ], [ 114.440009310218329, 34.718393857582328 ], [ 114.440002288456185, 34.718388544796767 ], [ 114.43999473263284, 34.718383757547372 ], [ 114.439986700252916, 34.718379532268045 ], [ 114.439978252447418, 34.718375901115621 ], [ 114.43996945350932, 34.71837289172521 ], [ 114.439960370403014, 34.718370527000218 ], [ 114.439951072256918, 34.718368824937386 ], [ 114.439941629835289, 34.718367798490362 ], [ 114.439932115000147, 34.718367455471252 ], [ 114.439930723514294, 34.718367462793935 ], [ 114.439659157808933, 34.718370320790768 ], [ 114.43965481644932, 34.718370437832448 ], [ 114.439263601872085, 34.71838742281426 ], [ 114.439253700182121, 34.718388227571722 ], [ 114.438553303918525, 34.71847190648316 ], [ 114.438550018706337, 34.71847234126875 ], [ 114.436119891411636, 34.718825376260213 ], [ 114.434392628318733, 34.719069375266088 ], [ 114.432154581749501, 34.719350311305334 ], [ 114.432152031519081, 34.71935065695169 ], [ 114.432147988483052, 34.719351310761624 ], [ 114.431459924179421, 34.719473751633473 ], [ 114.431456530485889, 34.719474402486924 ], [ 114.430147658778765, 34.719743659207268 ], [ 114.430146041036892, 34.719744002868367 ], [ 114.428244469841957, 34.72016077425701 ], [ 114.427595254006405, 34.720276706748336 ], [ 114.42714770443331, 34.720328150899149 ], [ 114.426015011363347, 34.720390579623199 ], [ 114.42600332428151, 34.720391748966904 ], [ 114.425993223759974, 34.720393631202967 ], [ 114.425627803113002, 34.720476944117081 ], [ 114.42561952154449, 34.720479128754619 ], [ 114.425608008572453, 34.720483220924564 ], [ 114.424583994485147, 34.720906279595681 ], [ 114.421429983357143, 34.722054274684183 ], [ 114.420316657723333, 34.722453186982762 ], [ 114.419165460455361, 34.722809684924869 ], [ 114.417794040762146, 34.723170362197436 ], [ 114.417015309596195, 34.723377930543961 ], [ 114.415426126214356, 34.723791979412056 ], [ 114.414374030258273, 34.723987843430564 ], [ 114.413422665306939, 34.724002249964656 ], [ 114.413400393771212, 34.723901405682739 ], [ 114.413398361807481, 34.723893991699015 ], [ 114.413395580521183, 34.723886745424124 ], [ 114.413391935631807, 34.723879480115443 ], [ 114.413387537684343, 34.723872504739631 ], [ 114.413382420150469, 34.723865872383442 ], [ 114.413376621977477, 34.723859633522977 ], [ 114.413370187293253, 34.723853835639545 ], [ 114.413363165069313, 34.723848522858759 ], [ 114.413355608749498, 34.723843735613684 ], [ 114.413347575841499, 34.723839510338109 ], [ 114.413339127480526, 34.723835879189039 ], [ 114.413330327963877, 34.723832869801413 ], [ 114.413323098495084, 34.723830929789017 ], [ 114.413243889571049, 34.72381216480818 ], [ 114.413232736499026, 34.723810038016779 ], [ 114.413223293458714, 34.723809011570836 ], [ 114.413213778000227, 34.723808668551897 ], [ 114.413210364417409, 34.723808712623509 ], [ 114.413002478535191, 34.72381408164091 ], [ 114.41025503773426, 34.723820662221442 ], [ 114.408402752381448, 34.723816793704543 ], [ 114.407193248025237, 34.723818708712599 ], [ 114.404573504819382, 34.723822716846314 ], [ 114.403619608462463, 34.723806628930276 ], [ 114.403408028868284, 34.723704010789277 ], [ 114.403407318752215, 34.723703669336373 ], [ 114.403398870405113, 34.723700038187076 ], [ 114.403390070902674, 34.723697028799506 ], [ 114.403380987214405, 34.723694664076504 ], [ 114.403371688472362, 34.723692962015093 ], [ 114.403362245445123, 34.72369193556915 ], [ 114.403352730000051, 34.72369159255021 ], [ 114.403343214555093, 34.72369193556915 ], [ 114.403333771527855, 34.723692962015093 ], [ 114.403331294020632, 34.723693347104017 ], [ 114.402971681387839, 34.723752800041552 ], [ 114.4029636442732, 34.723754392201215 ], [ 114.402955776070712, 34.723756481800251 ], [ 114.402946976562021, 34.723759491188048 ], [ 114.402938528208892, 34.723763122337118 ], [ 114.40293281053323, 34.723766045348953 ], [ 114.4028699488955, 34.723800437061186 ], [ 114.402630974392878, 34.723823733475797 ], [ 114.401533160700183, 34.723825942494329 ], [ 114.399420172856594, 34.723825024566565 ], [ 114.397140146574884, 34.723826538189599 ], [ 114.394692811224218, 34.72380631007934 ], [ 114.394691717000114, 34.723806305551989 ], [ 114.394689859587402, 34.723806318598065 ], [ 114.39348276589692, 34.723823270579942 ], [ 114.393476645403098, 34.723823498458103 ], [ 114.392655875745959, 34.72387313915641 ], [ 114.390971200251329, 34.723871707019327 ], [ 114.388887827346593, 34.723879411796759 ], [ 114.386770068877354, 34.723864200971605 ], [ 114.386769118000302, 34.723864197552871 ], [ 114.386760800650677, 34.723864459511105 ], [ 114.386319700125114, 34.723892284481337 ], [ 114.386309058482198, 34.723893392017999 ], [ 114.386300234733881, 34.723894989936241 ], [ 114.386291601185462, 34.723897184663826 ], [ 114.3861253473342, 34.723945750614746 ], [ 114.386124421985528, 34.723946024802899 ], [ 114.386115622456714, 34.723949034190468 ], [ 114.386107174084486, 34.723952665339539 ], [ 114.386100767635753, 34.723955968284997 ], [ 114.386094653099121, 34.723959629030844 ], [ 114.3859096241614, 34.724078679930471 ], [ 114.385906555734778, 34.724080728861452 ], [ 114.38589953349117, 34.724086041642067 ], [ 114.38589309878887, 34.724091839525158 ], [ 114.385887300599734, 34.724098078385396 ], [ 114.385882183051535, 34.724104710741415 ], [ 114.385877785092021, 34.724111686116885 ], [ 114.385874140192186, 34.724118951425226 ], [ 114.385871317949636, 34.724126322777636 ], [ 114.385821696770449, 34.724278323735234 ], [ 114.385819593393649, 34.724286129881932 ], [ 114.385818582388993, 34.724291978871861 ], [ 114.385818037626905, 34.724297869979864 ], [ 114.385803259258864, 34.724578684966957 ], [ 114.385803157964233, 34.72458210642651 ], [ 114.385800441809351, 34.724993289392444 ], [ 114.385780261958303, 34.72581853048564 ], [ 114.385780239713313, 34.725820349951107 ], [ 114.385780248306446, 34.725821480993602 ], [ 114.385794891040064, 34.726784990006593 ], [ 114.385794944758459, 34.726786904090261 ], [ 114.385822941321976, 34.727470766902684 ], [ 114.385810831784056, 34.728202000693557 ], [ 114.385810821580321, 34.728203232951216 ], [ 114.385811640488782, 34.728214252691373 ], [ 114.385897288760361, 34.728788342359053 ], [ 114.385987428411113, 34.729473626624156 ], [ 114.385977049238249, 34.729691630561717 ], [ 114.385926113034884, 34.730355661838928 ], [ 114.385925896220442, 34.730360889982535 ], [ 114.385923167912551, 34.730793856663922 ], [ 114.385923163556527, 34.730829039751825 ], [ 114.385908932321513, 34.730835541998033 ], [ 114.385664133919704, 34.730937328954496 ], [ 114.385660823979833, 34.73093876439134 ], [ 114.385350703885251, 34.731078899641602 ], [ 114.384686777172533, 34.731345983400217 ], [ 114.382575720088767, 34.73219199414774 ], [ 114.381699298596345, 34.732537246204572 ], [ 114.380838667181138, 34.732877138228957 ], [ 114.380836682907443, 34.732877942350683 ], [ 114.380570075465698, 34.732988762498394 ], [ 114.380261957038556, 34.733090701114008 ], [ 114.379287792698506, 34.733275013535717 ], [ 114.379286514873343, 34.733275261979259 ], [ 114.378584653101598, 34.73341540212482 ], [ 114.377591749623093, 34.733584343090001 ], [ 114.376805447844845, 34.733704482566509 ], [ 114.376366498169318, 34.733748515672403 ], [ 114.375606582227078, 34.733809771328026 ], [ 114.375602377419568, 34.73381017833583 ], [ 114.374758044169653, 34.73390563579926 ], [ 114.373211034764154, 34.734050312437773 ], [ 114.371644433058918, 34.734177447843422 ], [ 114.371680904779964, 34.734095101229116 ], [ 114.371953219805391, 34.73374302595937 ], [ 114.371954324194576, 34.733741567602522 ], [ 114.372344700955182, 34.733214956428696 ], [ 114.372736370198709, 34.732723552269022 ], [ 114.37273971675836, 34.732719074121917 ], [ 114.372744115157616, 34.732712098749289 ], [ 114.372747760417042, 34.732704833445155 ], [ 114.37274854244265, 34.732702998264301 ], [ 114.372779366360191, 34.73262809123861 ], [ 114.372781747513955, 34.732621485560514 ], [ 114.372783510391741, 34.732614749001982 ], [ 114.37278475371329, 34.73260695237235 ], [ 114.372785169200711, 34.73259909595123 ], [ 114.372784805045171, 34.7325917401634 ], [ 114.372783715027026, 34.732584433439285 ], [ 114.372696665476724, 34.732148507515149 ], [ 114.372696550087539, 34.732147940924108 ], [ 114.372333557205366, 34.730399609069138 ], [ 114.372332905218173, 34.730396780191597 ], [ 114.372022169690354, 34.729157288460442 ], [ 114.372021868145794, 34.729156124392887 ], [ 114.371809754411174, 34.728362928997626 ], [ 114.371800288579834, 34.728119283699925 ], [ 114.371833862363133, 34.728065132739061 ], [ 114.372197579525846, 34.727997211207878 ], [ 114.374017533433403, 34.727711401142699 ], [ 114.375225690039429, 34.727532878344164 ], [ 114.375228683507316, 34.727532400293683 ], [ 114.375719165006103, 34.727448188205358 ], [ 114.375726798700498, 34.727446638901199 ], [ 114.375734277587867, 34.727444640138287 ], [ 114.375743077484003, 34.727441630746455 ], [ 114.375751526206955, 34.727437999592382 ], [ 114.375759559456696, 34.727433774311635 ], [ 114.375767116095403, 34.727428987061217 ], [ 114.375774473318188, 34.72742339673357 ], [ 114.375883033316654, 34.727332985665441 ], [ 114.375889133469968, 34.727327465387305 ], [ 114.375894931871699, 34.727321226522236 ], [ 114.375900049603388, 34.72731459416201 ], [ 114.37590444771638, 34.727307618783129 ], [ 114.375908092738428, 34.727300353472629 ], [ 114.375909311750888, 34.727297433616627 ], [ 114.375968978890114, 34.727146150928604 ], [ 114.376009960456599, 34.727085858874204 ], [ 114.376127449129399, 34.726967407692541 ], [ 114.376403598832894, 34.72670630830919 ], [ 114.376627233980457, 34.726582930911832 ], [ 114.377217560706754, 34.726466642703258 ], [ 114.378363280078361, 34.726298545101827 ], [ 114.37957384709307, 34.726115663147425 ], [ 114.379577795365321, 34.726115004285646 ], [ 114.380279483444156, 34.725986741908571 ], [ 114.381616559053555, 34.72575664272091 ], [ 114.38161764941492, 34.725756450270922 ], [ 114.383317415130819, 34.725448924949262 ], [ 114.383324467995976, 34.725447443874828 ], [ 114.383331385689075, 34.725445578166159 ], [ 114.383340185373186, 34.725442568773246 ], [ 114.383348633892751, 34.725438937618151 ], [ 114.383356666949112, 34.725434712335982 ], [ 114.383364223405806, 34.725429925083915 ], [ 114.383371245753438, 34.725424612295853 ], [ 114.383377680547824, 34.725418814405543 ], [ 114.383383478816199, 34.725412575538485 ], [ 114.383388596430223, 34.725405943176099 ], [ 114.383392994442147, 34.725398967795115 ], [ 114.383396639380408, 34.72539170248217 ], [ 114.383399503504961, 34.725384202530904 ], [ 114.383401565018403, 34.725376525020522 ], [ 114.383402808231608, 34.725368728381682 ], [ 114.383403223682762, 34.725360871951125 ], [ 114.383402808210803, 34.725353015521478 ], [ 114.38340156497793, 34.72534521888474 ], [ 114.383399503445844, 34.725337541377939 ], [ 114.383396639304351, 34.725330041431505 ], [ 114.383392994351425, 34.725322776124528 ], [ 114.383388596327563, 34.725315800750309 ], [ 114.383383478704673, 34.725309168395711 ], [ 114.383377680430954, 34.725302929536724 ], [ 114.383371245634976, 34.725297131654713 ], [ 114.38336422328905, 34.725291818875178 ], [ 114.383356666837813, 34.725287031631296 ], [ 114.383348633790092, 34.725282806356631 ], [ 114.383340185282464, 34.725279175208414 ], [ 114.383331385612678, 34.725276165821356 ], [ 114.383322301751718, 34.725273801099092 ], [ 114.383313002832779, 34.725272099038193 ], [ 114.383303559626142, 34.72527107259242 ], [ 114.383294044000195, 34.725270729573651 ], [ 114.38328452837402, 34.72527107259242 ], [ 114.383275085167497, 34.725272099038193 ], [ 114.383270672919139, 34.725272819045188 ], [ 114.381571455101607, 34.725580245217373 ], [ 114.380234265353693, 34.725810364032725 ], [ 114.38023294197717, 34.725810598842941 ], [ 114.379532561591077, 34.725938622175704 ], [ 114.378324525806079, 34.726121122321331 ], [ 114.377176218917043, 34.726289598954509 ], [ 114.377169981903648, 34.726290669848481 ], [ 114.37655751351349, 34.726411319722729 ], [ 114.376545509875768, 34.726414294837298 ], [ 114.376536710085361, 34.726417304223617 ], [ 114.376528261461885, 34.726420935371266 ], [ 114.376522192025391, 34.72642405153357 ], [ 114.376270230151249, 34.726563056409759 ], [ 114.376260709631993, 34.726568952889693 ], [ 114.376254450680221, 34.726573641478581 ], [ 114.376248649726335, 34.726578715717778 ], [ 114.375961831662494, 34.726849901526862 ], [ 114.375960434009812, 34.726851249551487 ], [ 114.375959600161423, 34.726852080043273 ], [ 114.375834956119547, 34.726977744957992 ], [ 114.375829618420198, 34.726983596112916 ], [ 114.37582487376676, 34.726989785762783 ], [ 114.375824214403565, 34.726990742090607 ], [ 114.375773282344653, 34.727065673051413 ], [ 114.37576926377767, 34.727072191481682 ], [ 114.375765898535178, 34.727078957440312 ], [ 114.375764679497479, 34.727081877347985 ], [ 114.375709705278837, 34.727221260517013 ], [ 114.37564253214623, 34.727277203640199 ], [ 114.375185717427144, 34.727355635383617 ], [ 114.373978479252173, 34.727534022463487 ], [ 114.373977310792725, 34.727534200536866 ], [ 114.372154926665758, 34.727820392235969 ], [ 114.372151240375501, 34.727821025674018 ], [ 114.371735861792786, 34.727898594592943 ], [ 114.371729172338974, 34.727900028949023 ], [ 114.371722606206845, 34.72790180985794 ], [ 114.371713806258867, 34.727904819243577 ], [ 114.371705357483961, 34.727908450390373 ], [ 114.371697324182378, 34.727912675663106 ], [ 114.371689767492171, 34.727917462904998 ], [ 114.371682744924215, 34.727922775682259 ], [ 114.371676309924624, 34.727928573561769 ], [ 114.371670511467642, 34.727934812417914 ], [ 114.371665393682861, 34.72794144476984 ], [ 114.371662758880802, 34.727945442284692 ], [ 114.371593067783579, 34.728057846229717 ], [ 114.37158765931315, 34.72806808944523 ], [ 114.371584795077183, 34.728075589388311 ], [ 114.371582733477226, 34.728083266891701 ], [ 114.371581490202971, 34.728091063524914 ], [ 114.371581074717369, 34.728098919951208 ], [ 114.371581130832283, 34.728101809721011 ], [ 114.371591824470784, 34.728377076730396 ], [ 114.371592350348237, 34.728383481944718 ], [ 114.371593427080029, 34.728389840012767 ], [ 114.371594335783357, 34.728393620328916 ], [ 114.371808478392609, 34.729194410347702 ], [ 114.372118684792554, 34.73043180414669 ], [ 114.372481253061437, 34.73217811571368 ], [ 114.372563796207828, 34.732591479880796 ], [ 114.37254626317042, 34.732634087695658 ], [ 114.37216128760349, 34.733117092372595 ], [ 114.3721593682817, 34.73311958862115 ], [ 114.371768599648931, 34.733646726836525 ], [ 114.37149042206579, 34.734006380763276 ], [ 114.371487889771743, 34.734009821814823 ], [ 114.371483525283224, 34.734016737050808 ], [ 114.371479901045632, 34.734023937801567 ], [ 114.371403437639515, 34.734196577571254 ], [ 114.37052558616972, 34.734265920497705 ], [ 114.370524437779409, 34.734266016265167 ], [ 114.369417924157915, 34.734363166252933 ], [ 114.368418655703977, 34.734448107866001 ], [ 114.367282588930834, 34.734544281900071 ], [ 114.367280125618095, 34.734544513778928 ], [ 114.366645445920653, 34.734610290236276 ], [ 114.365297272634052, 34.734743067747388 ], [ 114.363951505451723, 34.734864925041052 ], [ 114.363950713218969, 34.734864999189597 ], [ 114.363164533736949, 34.73494097957564 ], [ 114.361841240548074, 34.735066213196092 ], [ 114.361840166916409, 34.735066319244993 ], [ 114.361004430750086, 34.735152333896167 ], [ 114.360308857481982, 34.735222949980368 ], [ 114.360274586026094, 34.734959294319538 ], [ 114.360274158342804, 34.734956435451011 ], [ 114.360193843736965, 34.734482012521426 ], [ 114.360193698669718, 34.734481183700325 ], [ 114.36007589684084, 34.733829534803533 ], [ 114.360075433962152, 34.733827186906524 ], [ 114.360075152962622, 34.733825923965526 ], [ 114.359844900687449, 34.732830986786837 ], [ 114.359679858902041, 34.732110961880096 ], [ 114.359675182480942, 34.732069734854917 ], [ 114.359760236304737, 34.731984885625081 ], [ 114.359765771674574, 34.731978866689644 ], [ 114.359770676908283, 34.731972486127461 ], [ 114.359775075267862, 34.731965510753923 ], [ 114.359778720494205, 34.731958245448936 ], [ 114.35978158484545, 34.731950745505685 ], [ 114.359783646521805, 34.731943068003716 ], [ 114.359784889833122, 34.731935271373175 ], [ 114.359785305317359, 34.731927414951144 ], [ 114.359784979130495, 34.731920452561724 ], [ 114.359784002536685, 34.731913531770317 ], [ 114.359692970925494, 34.731431393849789 ], [ 114.359692571773166, 34.731429424794669 ], [ 114.359582712394285, 34.730928219328007 ], [ 114.359473403102356, 34.730440477235788 ], [ 114.359323852559555, 34.729511434867618 ], [ 114.359323476028408, 34.729509292975251 ], [ 114.35920453431288, 34.72888547273709 ], [ 114.359208855371094, 34.728736713537671 ], [ 114.359398903293368, 34.728520870015075 ], [ 114.36004997249961, 34.72785305022893 ], [ 114.361230498462191, 34.726707001211992 ], [ 114.361230964844594, 34.726706545393313 ], [ 114.361234815458261, 34.726702530302646 ], [ 114.361918370182707, 34.725946600074565 ], [ 114.362567755395503, 34.725732112951562 ], [ 114.364569004525833, 34.725261414038982 ], [ 114.364569935074996, 34.725261191472498 ], [ 114.367511843872421, 34.72454581473778 ], [ 114.367513078455886, 34.724545507957373 ], [ 114.369874203405857, 34.723946191583252 ], [ 114.37170486816467, 34.72355241761926 ], [ 114.3717098346699, 34.723551245023373 ], [ 114.373325843181647, 34.723135303598212 ], [ 114.373326415638076, 34.723135154823751 ], [ 114.376587276021496, 34.722279503351899 ], [ 114.381781436915276, 34.721001820471372 ], [ 114.381782261116768, 34.721001614784711 ], [ 114.384549174717904, 34.720301226067875 ], [ 114.384551348106015, 34.720300655315725 ], [ 114.385784778239326, 34.719964983974535 ], [ 114.385785737717697, 34.719964718775429 ], [ 114.386438675311069, 34.719781462589765 ], [ 114.386440879142015, 34.71978082224507 ], [ 114.386442296987411, 34.719780386935895 ], [ 114.38663939115861, 34.719718587874013 ], [ 114.386647456662104, 34.719715747923544 ], [ 114.386655220128887, 34.719712382691682 ], [ 114.386663252631251, 34.719708157405421 ], [ 114.386670808567033, 34.719703370148977 ], [ 114.386677830430472, 34.719698057355913 ], [ 114.386684264781138, 34.719692259460089 ], [ 114.386690062649791, 34.719686020587176 ], [ 114.386695179911044, 34.719679388218594 ], [ 114.386699577619538, 34.719672412831017 ], [ 114.386703222306778, 34.719665147511307 ], [ 114.38670608623363, 34.719657647552935 ], [ 114.386708147604963, 34.719649970035334 ], [ 114.386709390732335, 34.719642173388991 ], [ 114.386709806154954, 34.719634316951158 ], [ 114.386709390711758, 34.719626460514064 ], [ 114.386708147564491, 34.719618663869994 ], [ 114.386706086174513, 34.719610986355917 ], [ 114.386703222230381, 34.719603486402377 ], [ 114.386699577528816, 34.719596221088693 ], [ 114.386695179808385, 34.71958924570788 ], [ 114.386690062538264, 34.719582613347086 ], [ 114.386684264664382, 34.719576374482187 ], [ 114.38667783031201, 34.71957057659472 ], [ 114.386670808450276, 34.719565263810182 ], [ 114.386663252520179, 34.719560476561696 ], [ 114.386655220026228, 34.719556251283109 ], [ 114.386646772101017, 34.719552620131367 ], [ 114.386637973038205, 34.719549610741637 ], [ 114.386628889803433, 34.719547246017044 ], [ 114.386619591525573, 34.719545543954553 ], [ 114.386610148970021, 34.7195445175077 ], [ 114.386600634000047, 34.71954417448876 ], [ 114.386591119030072, 34.7195445175077 ], [ 114.38658167647452, 34.719545543954553 ], [ 114.386572378197002, 34.719547246017044 ], [ 114.38656329496223, 34.719549610741637 ], [ 114.386561876920382, 34.719550046112658 ], [ 114.386366582570076, 34.71961128082296 ], [ 114.385715947512381, 34.719793890731125 ], [ 114.384484083465964, 34.720129135804598 ], [ 114.381718677234062, 34.720829142844309 ], [ 114.376523985073732, 34.722106956208393 ], [ 114.376522085397255, 34.722107439039632 ], [ 114.373260569942204, 34.722963262248015 ], [ 114.371647317884253, 34.723378494122642 ], [ 114.369816862688253, 34.723772222964897 ], [ 114.369812302390528, 34.723773291647092 ], [ 114.367449531974898, 34.724373025583589 ], [ 114.364508711404028, 34.725088137588216 ], [ 114.362502517461735, 34.725559999466668 ], [ 114.362495087258935, 34.725561986825369 ], [ 114.362491875937053, 34.725562999390718 ], [ 114.361808721515104, 34.725788640166456 ], [ 114.361801580745919, 34.725791246930157 ], [ 114.361794683873882, 34.725794268363245 ], [ 114.361786650776708, 34.725798493637399 ], [ 114.361779094278859, 34.725803280880882 ], [ 114.361772071889959, 34.725808593660076 ], [ 114.361765637054191, 34.725814391541519 ], [ 114.361761786017496, 34.725818407131555 ], [ 114.361061911342517, 34.726592383494562 ], [ 114.359882672336994, 34.727737180935208 ], [ 114.359882205117174, 34.727737637559983 ], [ 114.359880789937733, 34.727739059205703 ], [ 114.3592271116961, 34.728409553755569 ], [ 114.359223850907483, 34.728413072006333 ], [ 114.359012203786847, 34.728653445854945 ], [ 114.359005962863307, 34.728661377775154 ], [ 114.359001564662208, 34.728668353145451 ], [ 114.358997919562398, 34.728675618448506 ], [ 114.358995055305627, 34.728683118390677 ], [ 114.358992993690549, 34.728690795893385 ], [ 114.358991872309844, 34.728697516515695 ], [ 114.358991366307009, 34.728704287732171 ], [ 114.358985992063936, 34.728889287727384 ], [ 114.358985960675341, 34.728891448951117 ], [ 114.358986293192061, 34.728898478797191 ], [ 114.358987288735989, 34.728905465824141 ], [ 114.359107558103119, 34.729536257862435 ], [ 114.359257299217347, 34.73046649916779 ], [ 114.359258006385744, 34.730470277007498 ], [ 114.359258169844111, 34.730471023938378 ], [ 114.359367905150862, 34.730960670649495 ], [ 114.359477406138467, 34.731460246356846 ], [ 114.35956066162862, 34.731901205059103 ], [ 114.359478137775682, 34.731983530238836 ], [ 114.359472602349342, 34.731989549203206 ], [ 114.359467697065497, 34.731995929799893 ], [ 114.359463298687842, 34.732002905166269 ], [ 114.359459653441718, 34.73201017046523 ], [ 114.359456789069895, 34.732017670403309 ], [ 114.359454727372054, 34.732025347901811 ], [ 114.359453484038795, 34.732033144530021 ], [ 114.359453068533526, 34.732041000951142 ], [ 114.359453544140592, 34.732049405435362 ], [ 114.359462910033358, 34.732131976443497 ], [ 114.359464093224346, 34.732139225003152 ], [ 114.359464338347038, 34.732140332210633 ], [ 114.359630365338489, 34.732864663047678 ], [ 114.359860234614757, 34.733857956714758 ], [ 114.359977632428581, 34.734507380051355 ], [ 114.360057634116174, 34.734979961825445 ], [ 114.360091384931138, 34.735239617340312 ], [ 114.359651045778037, 34.735272990185763 ], [ 114.359650447730928, 34.735273036879448 ], [ 114.358967291072076, 34.735327939189688 ], [ 114.357339131106414, 34.735427268314879 ], [ 114.356631253059732, 34.735464700273212 ], [ 114.355775535460566, 34.735509012524517 ], [ 114.355773492301864, 34.735509134213146 ], [ 114.354887056388748, 34.73556883107625 ], [ 114.353819848290527, 34.735616765830002 ], [ 114.353816350081502, 34.73561696949821 ], [ 114.352949902011801, 34.735678969432058 ], [ 114.352946261837019, 34.735679280714123 ], [ 114.351775846080386, 34.735795756590335 ], [ 114.351772156956486, 34.735796176504948 ], [ 114.350988771776883, 34.735896608398662 ], [ 114.350986566741085, 34.735896910193333 ], [ 114.35098340542288, 34.73589741013177 ], [ 114.350651305760948, 34.735954130072116 ], [ 114.350639983732549, 34.735956592950913 ], [ 114.350531512833072, 34.735985403921575 ], [ 114.350527572780493, 34.735986519338326 ], [ 114.350080380949748, 34.736121192631629 ], [ 114.349613009026029, 34.736249726194103 ], [ 114.349456279036986, 34.736285911032894 ], [ 114.348860530106322, 34.736383171338105 ], [ 114.348859736791155, 34.736383303374168 ], [ 114.348546161352715, 34.736436492070823 ], [ 114.34717090253514, 34.736501311266352 ], [ 114.347170272190965, 34.736501342482256 ], [ 114.345325476412768, 34.73659710628948 ], [ 114.344301336514604, 34.73664512766976 ], [ 114.342725251303477, 34.736690905461273 ], [ 114.342724267885842, 34.736690937682056 ], [ 114.339990240846419, 34.736790674575502 ], [ 114.33998783118102, 34.736790784489699 ], [ 114.338802402439228, 34.736855705061373 ], [ 114.337418834524556, 34.736914422597806 ], [ 114.33741512471272, 34.736914632354456 ], [ 114.335639853400153, 34.73704009805914 ], [ 114.334535856855155, 34.737094950926121 ], [ 114.333086407020687, 34.737156040972877 ], [ 114.333085486705841, 34.737156082971467 ], [ 114.332246613851339, 34.737197294404325 ], [ 114.331564377228233, 34.737224999607633 ], [ 114.331562358425685, 34.737225097061014 ], [ 114.330910361128986, 34.737261573022124 ], [ 114.330907717962873, 34.737261747524826 ], [ 114.330553242460837, 34.737288728970896 ], [ 114.330152970542485, 34.737309112822516 ], [ 114.329374205139743, 34.737320473590614 ], [ 114.328842062016747, 34.737322590798044 ], [ 114.328823704313436, 34.737323947899313 ], [ 114.328577326487903, 34.737359658538196 ], [ 114.328574211653518, 34.737360149559265 ], [ 114.327566759594447, 34.737531513877741 ], [ 114.326299574437257, 34.737733115440903 ], [ 114.326298298731331, 34.737733324903616 ], [ 114.325471916757806, 34.737873237176814 ], [ 114.324736589735835, 34.73797012138823 ], [ 114.324734838267545, 34.737970364223486 ], [ 114.32473397755939, 34.737970492443424 ], [ 114.32305105529565, 34.738226934173326 ], [ 114.323049158339586, 34.738227237565809 ], [ 114.321713270081091, 34.738451027853841 ], [ 114.321337337749242, 34.738512254511875 ], [ 114.321323262916621, 34.738515364722275 ], [ 114.320760401412372, 34.738673643790889 ], [ 114.317511842013118, 34.739540475319586 ], [ 114.315296034654807, 34.740125876203081 ], [ 114.315295438034354, 34.740126035379774 ], [ 114.313436019836786, 34.740626977078534 ], [ 114.311599976273328, 34.741107857961197 ], [ 114.309869237091561, 34.741541278688942 ], [ 114.309867416256452, 34.741541749033956 ], [ 114.306570308472942, 34.742419556880975 ], [ 114.304639288799308, 34.742940290594731 ], [ 114.302458983536212, 34.743517198254153 ], [ 114.301523877710906, 34.74374747890954 ], [ 114.301522607956485, 34.743747798545769 ], [ 114.300352763739056, 34.744048704598015 ], [ 114.299927759886714, 34.744114486944511 ], [ 114.299919051355232, 34.7441161419124 ], [ 114.29991053591084, 34.744118379083886 ], [ 114.299901734243576, 34.744121388461565 ], [ 114.299893283818164, 34.744125019598528 ], [ 114.299885248947021, 34.744129244859948 ], [ 114.299877690780363, 34.74413403208905 ], [ 114.299870666840661, 34.744139344852215 ], [ 114.299864230583808, 34.744145142716263 ], [ 114.299859993452969, 34.744149586877256 ], [ 114.299659073344515, 34.74437449773427 ], [ 114.299652391952918, 34.744382924891738 ], [ 114.299647829659079, 34.744390190584681 ], [ 114.299320846319802, 34.744974408024632 ], [ 114.298843825709127, 34.745838486343018 ], [ 114.298843085372255, 34.745839857525993 ], [ 114.298190306897709, 34.747076444982099 ], [ 114.297701067931598, 34.747901060847312 ], [ 114.297696524784442, 34.747909875545929 ], [ 114.297693659863853, 34.74791737546451 ], [ 114.29769159777095, 34.747925052942719 ], [ 114.297690578421225, 34.747930962884766 ], [ 114.297602105552869, 34.748602623807017 ], [ 114.297601465730622, 34.748612366951249 ], [ 114.297601881298306, 34.748620223351566 ], [ 114.297603124859506, 34.74862801996062 ], [ 114.2976041867297, 34.748632363497393 ], [ 114.297823322576733, 34.749427405642223 ], [ 114.297975568737684, 34.750092629219409 ], [ 114.297977218498204, 34.750098685983573 ], [ 114.298354806082898, 34.751291379306679 ], [ 114.298356278771507, 34.751295606566487 ], [ 114.298563724078804, 34.751840624169233 ], [ 114.298720857013222, 34.752253294820832 ], [ 114.29872184197643, 34.752256033391461 ], [ 114.298838706726542, 34.752600949358168 ], [ 114.298839989546764, 34.752604457980055 ], [ 114.298901139946338, 34.752760189925937 ], [ 114.29890105706761, 34.752762631952805 ], [ 114.298864875405457, 34.752817327359594 ], [ 114.298639340368595, 34.753134621674121 ], [ 114.298638957976209, 34.753135163956642 ], [ 114.29863839062557, 34.753135984922835 ], [ 114.298223119149498, 34.75374427260283 ], [ 114.298221310568351, 34.753747033060108 ], [ 114.298096723398771, 34.753945366962284 ], [ 114.298093100166739, 34.753951730671133 ], [ 114.297758394056814, 34.754604599822926 ], [ 114.297327512241736, 34.755422201028182 ], [ 114.296861581878716, 34.756276580877341 ], [ 114.296860751528811, 34.756278142795566 ], [ 114.296426093786636, 34.757117228499453 ], [ 114.295900396985076, 34.758041216767708 ], [ 114.29589972026838, 34.758042429442469 ], [ 114.295351766311683, 34.759043800000711 ], [ 114.29535149229423, 34.759044304877705 ], [ 114.294748195000011, 34.760165068938647 ], [ 114.294574782275618, 34.760453505155795 ], [ 114.294348556459454, 34.760751649714962 ], [ 114.294347574822268, 34.760752968449765 ], [ 114.294023357503193, 34.761197023203977 ], [ 114.294022319780879, 34.761198475016329 ], [ 114.294019939552413, 34.761202062957693 ], [ 114.29389400038076, 34.761402572858799 ], [ 114.293891907553871, 34.761406089923128 ], [ 114.293636363754445, 34.761860225250871 ], [ 114.293457421427206, 34.762125097469607 ], [ 114.29293121444573, 34.762906833349177 ], [ 114.292184461758666, 34.76397979128518 ], [ 114.291381047120922, 34.765088582434601 ], [ 114.291380632890878, 34.765089158958858 ], [ 114.289646805082384, 34.767522791636281 ], [ 114.289646345125902, 34.76752344346346 ], [ 114.288956405286626, 34.768511687280409 ], [ 114.288248584099847, 34.769407702000251 ], [ 114.287287213986929, 34.770562546103577 ], [ 114.287286655428034, 34.770563223637907 ], [ 114.286288723077973, 34.771785608247967 ], [ 114.285730320132188, 34.77245053730644 ], [ 114.285729840654085, 34.772451113000272 ], [ 114.285293209122415, 34.772979734704904 ], [ 114.284932910770863, 34.773280353923099 ], [ 114.284295090111868, 34.773745755263178 ], [ 114.284289215054059, 34.773750374076769 ], [ 114.284283771712694, 34.773755339998445 ], [ 114.284277970051789, 34.773761578807751 ], [ 114.28427284943939, 34.773768211109598 ], [ 114.284268864720048, 34.773774459019307 ], [ 114.284265484827415, 34.773780945094302 ], [ 114.284105990468561, 34.774123386962401 ], [ 114.284105307340496, 34.774124893678731 ], [ 114.284102441513824, 34.774132393564969 ], [ 114.284100378769153, 34.774140071010152 ], [ 114.28409906046727, 34.774148603375011 ], [ 114.284081620230268, 34.77433020735964 ], [ 114.28408127884893, 34.774337327951059 ], [ 114.284081498041246, 34.774343035424863 ], [ 114.284110509311972, 34.774720354920134 ], [ 114.284102834513874, 34.774823755347029 ], [ 114.284016464644083, 34.774972593551695 ], [ 114.283730082948296, 34.775420264960474 ], [ 114.283100985279248, 34.776335412378046 ], [ 114.283098581898457, 34.776339106131616 ], [ 114.282835886525618, 34.776766394924209 ], [ 114.282834361987625, 34.776768975720927 ], [ 114.282122727465321, 34.778023999955906 ], [ 114.281786475386866, 34.778533048998781 ], [ 114.281127070783896, 34.779332197381109 ], [ 114.280827902110104, 34.779670259671263 ], [ 114.280821521693156, 34.779678345153229 ], [ 114.280817120786537, 34.779685320465148 ], [ 114.280813473444368, 34.779692585707039 ], [ 114.280811874400797, 34.779696485443424 ], [ 114.280759287040723, 34.779835083418277 ], [ 114.280639229750591, 34.779976588475733 ], [ 114.280200726847283, 34.780402345370703 ], [ 114.279683950461276, 34.780854573026033 ], [ 114.279683522763776, 34.780854949451168 ], [ 114.279057008671657, 34.781409523857633 ], [ 114.278358118032202, 34.782002682957625 ], [ 114.2783575458526, 34.782003172248722 ], [ 114.277470173792153, 34.782767734681443 ], [ 114.277466629234254, 34.78277093960952 ], [ 114.277010146760404, 34.783204175923004 ], [ 114.27658194918854, 34.78356812824552 ], [ 114.275980068221315, 34.784079260224757 ], [ 114.275978618315435, 34.784080515441474 ], [ 114.275544275268999, 34.784463849160545 ], [ 114.275541356450049, 34.78446653068346 ], [ 114.27490456829446, 34.785075609256637 ], [ 114.274903604279984, 34.785076544106516 ], [ 114.2748992020679, 34.785081171079469 ], [ 114.274427289807363, 34.785611957742617 ], [ 114.274423666854204, 34.785616292669317 ], [ 114.273753315304589, 34.786470738171261 ], [ 114.27375040006325, 34.786474670896496 ], [ 114.27352698741413, 34.786794348139949 ], [ 114.273365894203039, 34.787015162533578 ], [ 114.273359730112134, 34.787018540424242 ], [ 114.27333613866881, 34.787016141546133 ], [ 114.272980014828022, 34.786846285258378 ], [ 114.272971532540623, 34.786842641035832 ], [ 114.27296272633771, 34.786839631679527 ], [ 114.272953635732165, 34.786837266981024 ], [ 114.272944329909024, 34.786835564937405 ], [ 114.272934879691093, 34.786834538502092 ], [ 114.272925357000076, 34.786834195486676 ], [ 114.272915834309174, 34.786834538502092 ], [ 114.272906384091129, 34.786835564937405 ], [ 114.272897078268329, 34.786837266981024 ], [ 114.272887987662784, 34.786839631679527 ], [ 114.27287918145953, 34.786842641035832 ], [ 114.272870726679002, 34.786846272147443 ], [ 114.272862687667384, 34.786850497379135 ], [ 114.272855125605474, 34.786855284574528 ], [ 114.272848098045756, 34.786860597300404 ], [ 114.272841658472089, 34.786866395123582 ], [ 114.272835855893277, 34.786872633919415 ], [ 114.272830734470858, 34.786879266206824 ], [ 114.27282633318157, 34.786886241510388 ], [ 114.272822685522556, 34.786893506743581 ], [ 114.272819819254437, 34.786901006614016 ], [ 114.272817756191785, 34.786908684043169 ], [ 114.272816512035547, 34.786916480600894 ], [ 114.272816096255042, 34.786924336951131 ], [ 114.27281651201497, 34.78693219330205 ], [ 114.272817756150971, 34.786939989861935 ], [ 114.272819819195092, 34.786947667294669 ], [ 114.272822685446158, 34.786955167169879 ], [ 114.27282633309062, 34.786962432409098 ], [ 114.272830734367858, 34.786969407719596 ], [ 114.272835855781523, 34.786976040014622 ], [ 114.272841658355105, 34.786982278818584 ], [ 114.272848097926953, 34.786988076650175 ], [ 114.272855125488377, 34.786993389384406 ], [ 114.272862661535783, 34.786998161552106 ], [ 114.272870671562373, 34.787002375605425 ], [ 114.273246046127952, 34.787181413798407 ], [ 114.273254528268581, 34.787185057943304 ], [ 114.273263334505373, 34.787188067305635 ], [ 114.273272425147638, 34.787190432008742 ], [ 114.273281731009433, 34.787192134055942 ], [ 114.273287338440468, 34.78719282653492 ], [ 114.273373133531663, 34.787201550544182 ], [ 114.273396021733333, 34.787201884493413 ], [ 114.273405471992646, 34.787200858055826 ], [ 114.273414777855578, 34.787199156008569 ], [ 114.273423868498639, 34.787196791305462 ], [ 114.273432674736341, 34.787193781943131 ], [ 114.273441129547791, 34.787190150824813 ], [ 114.273446952354675, 34.787187172687595 ], [ 114.273507281385378, 34.787154112658015 ], [ 114.273517059642813, 34.787148078382529 ], [ 114.273524087217424, 34.787142765648639 ], [ 114.273530526801437, 34.787136967817105 ], [ 114.273535755314015, 34.787131398898453 ], [ 114.273540440774582, 34.787125510154908 ] ] ], [ [ [ 114.254171034897809, 34.88051501507374 ], [ 114.254263828807439, 34.880388854003343 ], [ 114.254265015567626, 34.880387201026053 ], [ 114.254269931930253, 34.880379311038382 ], [ 114.254306163867, 34.880313368009013 ], [ 114.254309305503625, 34.880307017695657 ], [ 114.254311569974561, 34.880301304890338 ], [ 114.254353333224458, 34.880182683881117 ], [ 114.254464464310104, 34.879939628117882 ], [ 114.254583185979641, 34.879728947107651 ], [ 114.254662011554274, 34.879594366657557 ], [ 114.254666289606007, 34.879586013699225 ], [ 114.254667110135415, 34.879584088373065 ], [ 114.254712783757441, 34.879472908013724 ], [ 114.254787106047615, 34.879354257041314 ], [ 114.254858399300019, 34.879251514852115 ], [ 114.254862041885985, 34.879245799776413 ], [ 114.254961348729239, 34.879075436697065 ], [ 114.254961833336324, 34.879074594205292 ], [ 114.25503050335135, 34.878953598038777 ], [ 114.255112160405474, 34.878842114227439 ], [ 114.255211138105778, 34.878741536107952 ], [ 114.255309798357189, 34.878653722445449 ], [ 114.25543890770939, 34.878577719406394 ], [ 114.255439741336204, 34.878577223781178 ], [ 114.255587410142653, 34.878488556042043 ], [ 114.255763694640564, 34.878418411045914 ], [ 114.255767268901991, 34.87841692171088 ], [ 114.255931332056662, 34.87834542139268 ], [ 114.256068138371234, 34.878299930864728 ], [ 114.256273944307964, 34.878232232317316 ], [ 114.256762838821487, 34.878112709354752 ], [ 114.257000270754475, 34.878060196694946 ], [ 114.257165163458012, 34.87802370702002 ], [ 114.258081243502374, 34.877883396434811 ], [ 114.258083100722843, 34.877883098249868 ], [ 114.258430387603198, 34.87782476547909 ], [ 114.25899633735321, 34.877731175307417 ], [ 114.25899790967344, 34.877730905380758 ], [ 114.259604243290028, 34.877622978267084 ], [ 114.259606305603143, 34.877622593940941 ], [ 114.260341129162839, 34.877479486045274 ], [ 114.261231536420496, 34.877309899079989 ], [ 114.261238469444606, 34.877308379596229 ], [ 114.261702223382713, 34.87719319437025 ], [ 114.262537483073288, 34.877009633368459 ], [ 114.262538586821734, 34.877009385696738 ], [ 114.262874156588737, 34.876932530615136 ], [ 114.263483504484384, 34.876804113698597 ], [ 114.26370633294016, 34.876761350116908 ], [ 114.263709918793552, 34.87676060907927 ], [ 114.263829282910365, 34.876734167051893 ], [ 114.263831890045708, 34.876733560881462 ], [ 114.264023909121306, 34.876686792317173 ], [ 114.26478989625582, 34.876531909547452 ], [ 114.264790876339248, 34.876531707411516 ], [ 114.265470948952043, 34.876388690943202 ], [ 114.266014192766647, 34.876285281636626 ], [ 114.266015761288486, 34.876284973001589 ], [ 114.266493170763624, 34.8761879619002 ], [ 114.266502471859553, 34.876185707156765 ], [ 114.266747485564451, 34.876116449923757 ], [ 114.267181458446657, 34.876026978269351 ], [ 114.267184888268389, 34.876026222189125 ], [ 114.268095221809745, 34.875812435735554 ], [ 114.269283112010044, 34.875536861443607 ], [ 114.269937473373489, 34.875384701916005 ], [ 114.269938233357379, 34.875384522747652 ], [ 114.270876464511161, 34.875160302075244 ], [ 114.272318695010654, 34.874888236517052 ], [ 114.272320390571622, 34.874887904914772 ], [ 114.275307063370633, 34.874283005520738 ], [ 114.276544159288505, 34.874035656916192 ], [ 114.276548756759667, 34.874034649928603 ], [ 114.278034133244205, 34.873680622491918 ], [ 114.279059918287771, 34.873455531986053 ], [ 114.280763595308258, 34.873075560169355 ], [ 114.280765366694254, 34.873075151876606 ], [ 114.283132082687757, 34.872511886646919 ], [ 114.284945736657733, 34.872080126881542 ], [ 114.286512375891903, 34.871727785247629 ], [ 114.286703647564877, 34.871685847207232 ], [ 114.286709955663241, 34.871684295129114 ], [ 114.286966985048821, 34.871614044399109 ], [ 114.289134952761515, 34.871080931041888 ], [ 114.290729604615308, 34.870716260393579 ], [ 114.290731382650279, 34.870715840395803 ], [ 114.292130963881391, 34.870374648711504 ], [ 114.293131262781344, 34.870160350986168 ], [ 114.293135016938663, 34.870159487561978 ], [ 114.294731631420746, 34.869766864462974 ], [ 114.295062218432918, 34.86970886052211 ], [ 114.295073148384745, 34.869706449592911 ], [ 114.295300877596219, 34.869645652530551 ], [ 114.295302606471637, 34.869645177817119 ], [ 114.295703448482868, 34.869532047718621 ], [ 114.295940641328571, 34.869491046786379 ], [ 114.295945057083941, 34.86949020438891 ], [ 114.296321455456336, 34.869411591306857 ], [ 114.296323560513656, 34.869411133224219 ], [ 114.297814579400665, 34.869073541826879 ], [ 114.298633784890171, 34.868885508116307 ], [ 114.30008781144079, 34.868568938299347 ], [ 114.301281354678849, 34.868305942326629 ], [ 114.302269710610403, 34.868131357029483 ], [ 114.303467795703, 34.867946291940541 ], [ 114.304336437603979, 34.867837328019107 ], [ 114.304338972495088, 34.867836984877044 ], [ 114.30434244053049, 34.86783643314169 ], [ 114.30523950035797, 34.867681290885685 ], [ 114.306356144569236, 34.867515813585385 ], [ 114.306357339136525, 34.867515630903426 ], [ 114.307746112655423, 34.867296657357087 ], [ 114.308829524857401, 34.867124369860278 ], [ 114.308830143260593, 34.867124269993155 ], [ 114.311258921848093, 34.866726023136835 ], [ 114.311405879786207, 34.866711869106382 ], [ 114.311408114811911, 34.866711634583737 ], [ 114.31172278114559, 34.86667589754552 ], [ 114.31172684322803, 34.866675371894019 ], [ 114.31172814357592, 34.866675176228853 ], [ 114.313571816159197, 34.866388241519246 ], [ 114.314628688682433, 34.866225962316207 ], [ 114.315921595703685, 34.86604337521004 ], [ 114.315923259351734, 34.866043126177431 ], [ 114.31738804686529, 34.8658139609351 ], [ 114.317388735325039, 34.865813851335645 ], [ 114.319201458811335, 34.865520288864786 ], [ 114.319532166298018, 34.865467535805976 ], [ 114.319822819904289, 34.865438787198912 ], [ 114.319828779943464, 34.865438059912094 ], [ 114.31982951736893, 34.865437950592252 ], [ 114.319898575067441, 34.865427510747338 ], [ 114.320182989735599, 34.865384518535564 ], [ 114.320184046199529, 34.865384354407468 ], [ 114.321396980920895, 34.865190818052383 ], [ 114.322689542105536, 34.864986219425987 ], [ 114.324426386960909, 34.864730236173273 ], [ 114.325799960653853, 34.864534156901868 ], [ 114.327068855507036, 34.864347118398939 ], [ 114.327965180258616, 34.86422456813068 ], [ 114.327966273664515, 34.864224413929776 ], [ 114.327972209317522, 34.864223410792818 ], [ 114.328443990391634, 34.864132384327149 ], [ 114.328462409051099, 34.864132166763966 ], [ 114.328471941989505, 34.864131940085883 ], [ 114.328659730578806, 34.864129887481226 ], [ 114.328668491243661, 34.864129495985878 ], [ 114.328677185642618, 34.864128526931154 ], [ 114.328684803591955, 34.864127187613178 ], [ 114.32869228655693, 34.864125404758624 ], [ 114.328905164753792, 34.864067839699601 ], [ 114.328908477236155, 34.864066895233179 ], [ 114.328909946186855, 34.864066444701166 ], [ 114.329248437148294, 34.863960345613236 ], [ 114.329795779708775, 34.863791194587805 ], [ 114.329798827007835, 34.863790209721913 ], [ 114.331294619336063, 34.863285352901357 ], [ 114.332560110027543, 34.862883149295158 ], [ 114.332561885426912, 34.862882570294289 ], [ 114.335085951795577, 34.862038298220682 ], [ 114.337020993366309, 34.861428156778629 ], [ 114.338384041986956, 34.860996872887199 ], [ 114.338384701139375, 34.860996662301659 ], [ 114.340208289708244, 34.860408450712214 ], [ 114.340212777762758, 34.860406907307834 ], [ 114.341183256111094, 34.860052079788318 ], [ 114.341271124415584, 34.860029241921438 ], [ 114.341275640407616, 34.860027978289565 ], [ 114.341278908435697, 34.860026948753102 ], [ 114.341492526556635, 34.859956403470221 ], [ 114.341787774877844, 34.859862300526117 ], [ 114.341997541899559, 34.859829950595781 ], [ 114.342353772531624, 34.859796911407102 ], [ 114.342607885583789, 34.859783614641117 ], [ 114.343045155052778, 34.859789314543889 ], [ 114.343610634901324, 34.859810183829211 ], [ 114.343974185752586, 34.859827086391931 ], [ 114.343981032129932, 34.859827227646804 ], [ 114.344307734486279, 34.859825532644948 ], [ 114.344315637355976, 34.859825255824603 ], [ 114.34485524493914, 34.859790202786996 ], [ 114.344860656362471, 34.859789739348287 ], [ 114.345676850846871, 34.859702871874333 ], [ 114.346616234149224, 34.859649708692587 ], [ 114.346617394783152, 34.859649637887003 ], [ 114.347307574892852, 34.859604485684144 ], [ 114.348000438286704, 34.859567018058158 ], [ 114.348002674060922, 34.85956687816082 ], [ 114.348605241711084, 34.859524047114746 ], [ 114.34861483558393, 34.859523010998657 ], [ 114.348620186079302, 34.859522119307826 ], [ 114.349015214477731, 34.8594477802298 ], [ 114.349022380859196, 34.859446219201516 ], [ 114.349477662291633, 34.859333308085183 ], [ 114.34948301457689, 34.859331855727476 ], [ 114.349891713990132, 34.859211246953123 ], [ 114.349894191252702, 34.859210482119579 ], [ 114.350432512717362, 34.859038056946588 ], [ 114.350437701009014, 34.859036267211479 ], [ 114.350947913414416, 34.85884741302624 ], [ 114.350953860402115, 34.858845031131182 ], [ 114.351429265735646, 34.858639750935481 ], [ 114.351433198741915, 34.858637966906429 ], [ 114.351434410833008, 34.8586373814789 ], [ 114.351861033248611, 34.858428280117948 ], [ 114.352286349268184, 34.858251389948236 ], [ 114.352388921564966, 34.85822716469994 ], [ 114.352396202591422, 34.858225215314746 ], [ 114.352397933995917, 34.858224682160596 ], [ 114.352568428233894, 34.858170823702437 ], [ 114.352906815731217, 34.858069652437848 ], [ 114.353338517560019, 34.85794714283719 ], [ 114.353340321465339, 34.8579466163186 ], [ 114.353340901917477, 34.857946440638159 ], [ 114.353767142946595, 34.857816304596327 ], [ 114.354331303342178, 34.857654058164542 ], [ 114.354332681332835, 34.8576536533227 ], [ 114.354333841497123, 34.857653299110552 ], [ 114.354799903905473, 34.857508526964807 ], [ 114.354802885813569, 34.857507559329065 ], [ 114.355952489532228, 34.857118371320325 ], [ 114.356692369998655, 34.856897936713608 ], [ 114.356693737419505, 34.856897519418737 ], [ 114.357481510447087, 34.856652141616621 ], [ 114.357767686011584, 34.856561678830019 ], [ 114.358000048764438, 34.856491162989016 ], [ 114.358007084398082, 34.856488795925998 ], [ 114.358217828273723, 34.856410746017616 ], [ 114.358959994244856, 34.856148684009611 ], [ 114.359410909178337, 34.856026070053133 ], [ 114.35941405259598, 34.856025171345323 ], [ 114.35941621863185, 34.856024499998625 ], [ 114.359523328756723, 34.855990220275032 ], [ 114.359532169821136, 34.855987296907699 ], [ 114.359726850534798, 34.855925116529022 ], [ 114.360574606564796, 34.85565563776629 ], [ 114.360575673498374, 34.855655293308359 ], [ 114.361367296173512, 34.855395764048922 ], [ 114.361368665652321, 34.855395306207868 ], [ 114.362104058689056, 34.85514466508755 ], [ 114.362592139380467, 34.854978232624717 ], [ 114.362995821809818, 34.854847105168972 ], [ 114.362996497585186, 34.854846883513574 ], [ 114.363739958216001, 34.854600660267693 ], [ 114.363740940531784, 34.854600330365031 ], [ 114.364512584537351, 34.854337572344548 ], [ 114.365189765512127, 34.854106453020165 ], [ 114.365807930326923, 34.853919338170101 ], [ 114.365810963999024, 34.853918377477783 ], [ 114.366354437966606, 34.853738586022132 ], [ 114.366853710401529, 34.853577548423573 ], [ 114.36685462570972, 34.853577249269279 ], [ 114.36741463118517, 34.853391809084314 ], [ 114.367416494373856, 34.853391175602042 ], [ 114.368152445759847, 34.853134382599023 ], [ 114.369459799340348, 34.852700977814777 ], [ 114.369706855023992, 34.852634541059103 ], [ 114.369710342060898, 34.852633549392806 ], [ 114.369715341558958, 34.852631933676548 ], [ 114.369969630169635, 34.85254375558452 ], [ 114.371057344812925, 34.852172476250985 ], [ 114.372267302182081, 34.851789973907444 ], [ 114.372270608817189, 34.851788877277613 ], [ 114.373488925191396, 34.851365674539522 ], [ 114.374456817522287, 34.851049385232955 ], [ 114.375338728735869, 34.850759237428178 ], [ 114.375345660147559, 34.850756724247731 ], [ 114.375771320565832, 34.850587654159654 ], [ 114.375910017383376, 34.85054497508537 ], [ 114.375915934165278, 34.85054299021192 ], [ 114.376193942143686, 34.850441827567465 ], [ 114.377597198694502, 34.849951607344963 ], [ 114.378203528366839, 34.849746144961728 ], [ 114.378263355958211, 34.84972744241162 ], [ 114.37826593174259, 34.849726734306557 ], [ 114.378272401784557, 34.849724911563385 ], [ 114.378552518954393, 34.849639826788973 ], [ 114.378561680369444, 34.849636647060095 ], [ 114.378849940221698, 34.84952361982954 ], [ 114.379679187286456, 34.849219431374138 ], [ 114.380330089761742, 34.84900396786594 ], [ 114.380332779357445, 34.849003043040398 ], [ 114.38104271888858, 34.848749717295277 ], [ 114.381854343022042, 34.848467812336366 ], [ 114.382586313679667, 34.848216514513467 ], [ 114.382987219451138, 34.848076834296535 ], [ 114.383154472058095, 34.848031684890032 ], [ 114.383157842978335, 34.848030724457033 ], [ 114.383163470230784, 34.848028889045565 ], [ 114.383428665472366, 34.847935313982134 ], [ 114.384086711775126, 34.847706189459927 ], [ 114.384770994609312, 34.847467376759653 ], [ 114.385563212772922, 34.847203426438853 ], [ 114.386152500631397, 34.847014112777913 ], [ 114.386153956852354, 34.847013635011308 ], [ 114.387446626643055, 34.846580644857681 ], [ 114.388597252309523, 34.846191792748243 ], [ 114.388598120866277, 34.846191495612231 ], [ 114.389923577627542, 34.845732524745813 ], [ 114.390554802726342, 34.845522780187025 ], [ 114.391421002411107, 34.845251230385486 ], [ 114.391687431513219, 34.845169890810951 ], [ 114.391688129373961, 34.845169675524346 ], [ 114.39183296950057, 34.845124528478948 ], [ 114.391834842909361, 34.845123928248654 ], [ 114.392396773387645, 34.8449389680639 ], [ 114.392399830392833, 34.844937917305856 ], [ 114.393331249874791, 34.844604023088323 ], [ 114.394790011387499, 34.84413833664388 ], [ 114.395497178220126, 34.843927319014767 ], [ 114.395503726079482, 34.84392516023172 ], [ 114.395771949365667, 34.843828342520226 ], [ 114.396033937552033, 34.843734036601916 ], [ 114.396811344107505, 34.843467334064371 ], [ 114.397407199998042, 34.843275128029802 ], [ 114.39740838163857, 34.843274740314371 ], [ 114.399036888605337, 34.842731319616746 ], [ 114.400131785788062, 34.842368289832052 ], [ 114.401970196815228, 34.841750161252435 ], [ 114.401972021583447, 34.841749531759717 ], [ 114.40269553721896, 34.841493571493402 ], [ 114.402762638128365, 34.84147437305819 ], [ 114.402765445321847, 34.841473643921802 ], [ 114.402767344448307, 34.84147312036032 ], [ 114.402768473817559, 34.841472801365171 ], [ 114.402771698844731, 34.841471882232156 ], [ 114.402780549712361, 34.841468998086782 ], [ 114.403565566891643, 34.841225505499949 ], [ 114.403568361362204, 34.84122460191486 ], [ 114.404019432889527, 34.841072824798459 ], [ 114.405332074135231, 34.840626480389233 ], [ 114.405333006573528, 34.840626159155136 ], [ 114.40612241439635, 34.840350656854696 ], [ 114.406941582363061, 34.840081474728322 ], [ 114.407156409466324, 34.840020681589124 ], [ 114.407328109545915, 34.839972364606524 ], [ 114.407330187333287, 34.83997176056954 ], [ 114.407330800974364, 34.839971574709864 ], [ 114.408513280016678, 34.839610106345447 ], [ 114.40851655628876, 34.839609055108099 ], [ 114.40950849413116, 34.839275534720457 ], [ 114.410588247431292, 34.838940116097092 ], [ 114.410964867126381, 34.838828666078825 ], [ 114.411202686615638, 34.838763101123561 ], [ 114.411205408786373, 34.838762317586259 ], [ 114.411207426285046, 34.838761693523679 ], [ 114.411462490505869, 34.838680422442053 ], [ 114.411463821176881, 34.838679990179685 ], [ 114.412422248353209, 34.83836265780559 ], [ 114.414095253277537, 34.837812518070393 ], [ 114.414795750474127, 34.837578610108949 ], [ 114.414938459867017, 34.837539658003777 ], [ 114.414947541699121, 34.837537240671111 ], [ 114.415034027546312, 34.837513703510638 ], [ 114.415036076171077, 34.837513126854049 ], [ 114.415398610497391, 34.837407762747091 ], [ 114.415399657173907, 34.837407453605238 ], [ 114.415402980792464, 34.837406405391278 ], [ 114.416968744319433, 34.836888338249764 ], [ 114.418940140817199, 34.836233928588172 ], [ 114.419047311879694, 34.836208933500416 ], [ 114.419053945494056, 34.836207196523617 ], [ 114.419325243738172, 34.836128235443425 ], [ 114.41932624459514, 34.836127939622997 ], [ 114.419328975110034, 34.836127085975875 ], [ 114.421905068315255, 34.835289066137818 ], [ 114.421905917729077, 34.835288786414765 ], [ 114.423587970674021, 34.834728110336584 ], [ 114.423889126224708, 34.834641128328997 ], [ 114.423890374922848, 34.834640760643765 ], [ 114.423893860773092, 34.834639658589822 ], [ 114.424922192898975, 34.834297827183264 ], [ 114.426638450385326, 34.833750011620793 ], [ 114.426639664484242, 34.833749617193007 ], [ 114.428867062463382, 34.833013275893393 ], [ 114.428899141991565, 34.833002844479438 ], [ 114.428907974940103, 34.83299990239874 ], [ 114.429750919318963, 34.832726320168092 ], [ 114.429755976252181, 34.832724556146786 ], [ 114.430039758690214, 34.832618558484967 ], [ 114.430465880356564, 34.832490506638692 ], [ 114.430469327796004, 34.832489415928933 ], [ 114.430950007802721, 34.832329605554378 ], [ 114.432115853259006, 34.831950836604847 ], [ 114.433236068089059, 34.83159185334398 ], [ 114.433554831286074, 34.831492097608361 ], [ 114.433621853758609, 34.831706842638312 ], [ 114.433623554959354, 34.831711720127146 ], [ 114.434002317653267, 34.832692785905635 ], [ 114.434581372964544, 34.834237349145781 ], [ 114.43491153470984, 34.835103319254699 ], [ 114.435126102648496, 34.835726990689238 ], [ 114.435126899673151, 34.835729199399566 ], [ 114.435438516262593, 34.836554018261893 ], [ 114.435637214758117, 34.837094840596706 ], [ 114.436322481251977, 34.838980406939925 ], [ 114.436323145930601, 34.838982169945155 ], [ 114.436811757807959, 34.840232821474331 ], [ 114.437402550089018, 34.841930020447307 ], [ 114.437403236274918, 34.841931913176836 ], [ 114.437627659596046, 34.842527094366858 ], [ 114.437628627449044, 34.84252953769419 ], [ 114.43787812337996, 34.843130221732338 ], [ 114.438256646058107, 34.844127954978433 ], [ 114.438463591552591, 34.844675777525197 ], [ 114.438464154123608, 34.844677223715564 ], [ 114.4385938821938, 34.845001297612725 ], [ 114.438685393000242, 34.845261843631988 ], [ 114.438740081142214, 34.84544729694511 ], [ 114.438790396080208, 34.845729118249892 ], [ 114.43879064283874, 34.845730432960352 ], [ 114.438807526729647, 34.845816195975203 ], [ 114.438807775575583, 34.845817407710115 ], [ 114.438809840087856, 34.845825085068213 ], [ 114.438812708378578, 34.845832584870777 ], [ 114.438816358618965, 34.845839850039681 ], [ 114.438820763028502, 34.845846825282479 ], [ 114.438825888087081, 34.845853457513215 ], [ 114.438831694789769, 34.845859696256809 ], [ 114.438838138944448, 34.845865494032239 ], [ 114.438845171507296, 34.8458708067148 ], [ 114.438852738955916, 34.845875593872108 ], [ 114.438860783697578, 34.845879819070433 ], [ 114.438869244507032, 34.845883450153622 ], [ 114.438878056991825, 34.845886459486849 ], [ 114.438887154083773, 34.845888824167218 ], [ 114.438896466548158, 34.845890526197877 ], [ 114.438905923511356, 34.845891552625517 ], [ 114.43891545300005, 34.84589189563826 ], [ 114.438924982488743, 34.845891552625517 ], [ 114.438934439451941, 34.845890526197877 ], [ 114.438943751916554, 34.845888824167218 ], [ 114.438952849008501, 34.845886459486849 ], [ 114.438961661493295, 34.845883450153622 ], [ 114.438970122302521, 34.845879819070433 ], [ 114.438978167044183, 34.845875593872108 ], [ 114.438985734493031, 34.8458708067148 ], [ 114.438992767055652, 34.845865494032239 ], [ 114.43899921121033, 34.845859696256809 ], [ 114.439005017913246, 34.845853457513215 ], [ 114.439010142971824, 34.845846825282479 ], [ 114.439014547381134, 34.845839850039681 ], [ 114.439018197621749, 34.845832584870777 ], [ 114.43902106591247, 34.845825085068213 ], [ 114.439023130424516, 34.845817407710115 ], [ 114.439024375446024, 34.845809611225548 ], [ 114.439024791501652, 34.845801754951026 ], [ 114.439024437857825, 34.845794511010638 ], [ 114.439023379232822, 34.845787313929293 ], [ 114.439006624393528, 34.845702207570355 ], [ 114.438955690519833, 34.845416923698792 ], [ 114.438955194899791, 34.845414397193736 ], [ 114.438953761313542, 34.845408755710537 ], [ 114.438897319082002, 34.845217355759189 ], [ 114.438896099434373, 34.845213578569087 ], [ 114.43880336712698, 34.844949556648146 ], [ 114.438802173170075, 34.844946378086036 ], [ 114.438672100497115, 34.844621445371672 ], [ 114.43846538780997, 34.844074242875195 ], [ 114.438086385727274, 34.843075252510459 ], [ 114.438085474142895, 34.843072958008122 ], [ 114.43783600753568, 34.842472348181673 ], [ 114.43761240139338, 34.841879338155024 ], [ 114.437021450866837, 34.840181696965772 ], [ 114.437020427412449, 34.840178925553005 ], [ 114.436531617327546, 34.83892777474108 ], [ 114.435846573014715, 34.837042833577016 ], [ 114.435647653898172, 34.836501413770975 ], [ 114.43564740219972, 34.836500738246968 ], [ 114.435336071883739, 34.835676682620601 ], [ 114.435121463558517, 34.835052898403205 ], [ 114.435120581287038, 34.83505046506383 ], [ 114.434790111601274, 34.834183694710589 ], [ 114.434211071869868, 34.832639181676484 ], [ 114.434210797082756, 34.832638459463624 ], [ 114.433832826836692, 34.831659452651479 ], [ 114.433766967435417, 34.831448435918503 ], [ 114.433789724989992, 34.831446318872224 ], [ 114.434228832819713, 34.831405562578425 ], [ 114.434630309022623, 34.831395256194185 ], [ 114.434631842123167, 34.831395207953676 ], [ 114.435029681555534, 34.831380382937823 ], [ 114.435031017689425, 34.831380326388739 ], [ 114.435391237079898, 34.831363257370356 ], [ 114.435403402643942, 34.831362114544447 ], [ 114.435758520559602, 34.831312009451381 ], [ 114.435768103928012, 34.831310268376342 ], [ 114.435777199416293, 34.831307903690288 ], [ 114.435780568916698, 34.831306840202501 ], [ 114.435939184050881, 34.831254287150102 ], [ 114.435952304925195, 34.831249077934501 ], [ 114.436090765014342, 34.831184406874172 ], [ 114.436091544587839, 34.831184039259426 ], [ 114.436099587900003, 34.831179814050813 ], [ 114.436107154004048, 34.831175026882079 ], [ 114.436112582926057, 34.831171008626825 ], [ 114.436117674734987, 34.831166700751567 ], [ 114.436280324710424, 34.83101957464504 ], [ 114.436283278177598, 34.831016790398451 ], [ 114.43628908383846, 34.831010551639793 ], [ 114.436294207977085, 34.831003919392685 ], [ 114.436294546286376, 34.831003432729858 ], [ 114.436424949139678, 34.830814485629389 ], [ 114.436426310753063, 34.830812452207454 ], [ 114.436727791811109, 34.830348182169757 ], [ 114.436808732030499, 34.830234340219477 ], [ 114.436809098095864, 34.830233821398394 ], [ 114.436810337109591, 34.830232003588662 ], [ 114.436915292627077, 34.830073760585435 ], [ 114.437059203774766, 34.829959068553592 ], [ 114.437246589269421, 34.82988223925156 ], [ 114.437420755727089, 34.829864095663595 ], [ 114.437688528240074, 34.829856953754813 ], [ 114.437694507811329, 34.829856658859683 ], [ 114.438082190871455, 34.829828731133944 ], [ 114.438440304978144, 34.829807349489613 ], [ 114.438441075510923, 34.829807301224719 ], [ 114.438801352899873, 34.829783677199487 ], [ 114.438803085076415, 34.829783552176139 ], [ 114.439117663414549, 34.82975876614978 ], [ 114.439126405671232, 34.829757782275465 ], [ 114.439251586723572, 34.829739269097615 ], [ 114.439260736360325, 34.82973757905819 ], [ 114.439269676705521, 34.829735248712325 ], [ 114.439270996313098, 34.829734844714949 ], [ 114.43948476249966, 34.829668105647897 ], [ 114.439488277906889, 34.829666950359069 ], [ 114.439789418156465, 34.829562968255971 ], [ 114.439791174699508, 34.829562346789714 ], [ 114.440034680358167, 34.829474107481019 ], [ 114.440221911565004, 34.829410601301163 ], [ 114.440341599241151, 34.829381333888136 ], [ 114.440347907544719, 34.829379617717279 ], [ 114.440356635543822, 34.829376640150485 ], [ 114.440519315669917, 34.829314224089501 ], [ 114.440524500852689, 34.829312095095304 ], [ 114.440694467500066, 34.829237610531891 ], [ 114.440866572576169, 34.829188509162691 ], [ 114.440868217458274, 34.829188027719908 ], [ 114.440870200655695, 34.829187414506976 ], [ 114.441086669842662, 34.829118501437904 ], [ 114.441088256268245, 34.829117984633911 ], [ 114.44125901041275, 34.829061084577177 ], [ 114.441260127387181, 34.829060706438213 ], [ 114.44144892678014, 34.828995783367191 ], [ 114.441669955743123, 34.828928640822539 ], [ 114.441671987508585, 34.828928004640773 ], [ 114.44189921670386, 34.828854715567445 ], [ 114.441904036838423, 34.828853050295777 ], [ 114.442160506816435, 34.828758439613466 ], [ 114.442806886368317, 34.828541306492923 ], [ 114.442809605656748, 34.828540357505744 ], [ 114.443321394060035, 34.828354990355137 ], [ 114.443671782017304, 34.828240769050524 ], [ 114.4436731522336, 34.828240313525328 ], [ 114.444156470913413, 34.82807649461347 ], [ 114.444361434750817, 34.828010026954018 ], [ 114.444362186114176, 34.828009780644152 ], [ 114.444506802558863, 34.827961861284848 ], [ 114.444752277158273, 34.827883329870929 ], [ 114.444754637561346, 34.82788254856365 ], [ 114.445365159069866, 34.827673627356205 ], [ 114.445365792275425, 34.827673408746023 ], [ 114.445852009448231, 34.827504062544222 ], [ 114.446698419761105, 34.827218918021515 ], [ 114.446941607831604, 34.827138078436008 ], [ 114.446944050454817, 34.827137237977979 ], [ 114.447070305852776, 34.827092308459044 ], [ 114.447458746981624, 34.826975182566059 ], [ 114.447465875787998, 34.826972739894359 ], [ 114.447503984428295, 34.826979277412477 ], [ 114.447504605958557, 34.826979382484694 ], [ 114.447863533326313, 34.827039165547774 ], [ 114.447866193875598, 34.827039580473468 ], [ 114.447867938529271, 34.827039822160884 ], [ 114.448843203193519, 34.827168238968 ], [ 114.449878857260387, 34.827301022556242 ], [ 114.452017291472544, 34.82762632728145 ], [ 114.452018139740971, 34.827626453464916 ], [ 114.452019733807219, 34.827626675232807 ], [ 114.453542433402617, 34.827828967447431 ], [ 114.453546066613626, 34.827829398625852 ], [ 114.454165174769855, 34.827894141936667 ], [ 114.455224237108837, 34.82806633033141 ], [ 114.455226400639731, 34.828066663458571 ], [ 114.455228870976384, 34.828066998638235 ], [ 114.455992323966825, 34.828163192093427 ], [ 114.457096883209601, 34.828313968718021 ], [ 114.457851154387527, 34.828424488952408 ], [ 114.458533434085552, 34.828522860828912 ], [ 114.458538850011564, 34.828523526879621 ], [ 114.459344889440331, 34.828605691642395 ], [ 114.460284602469528, 34.828699945285507 ], [ 114.460634816660331, 34.828754641132662 ], [ 114.461286052403352, 34.828974732300537 ], [ 114.462539600006494, 34.829410869011099 ], [ 114.462544707440657, 34.829412522716723 ], [ 114.462551216846805, 34.829414287890131 ], [ 114.462917231196116, 34.829503159981698 ], [ 114.462929127309735, 34.829505461437634 ], [ 114.462934049738806, 34.829506082175556 ], [ 114.463343524973766, 34.829549873031851 ], [ 114.463933335597631, 34.829621600307689 ], [ 114.463945947800994, 34.829622522866941 ], [ 114.464333515222734, 34.829632282877526 ], [ 114.464346379615449, 34.829631981866044 ], [ 114.464355834719527, 34.829630955435732 ], [ 114.464364810915299, 34.829629326825454 ], [ 114.464627703524684, 34.829571976319585 ], [ 114.464951108476612, 34.829534311007819 ], [ 114.465193913248072, 34.829585533229988 ], [ 114.465202025290978, 34.829586976436303 ], [ 114.465211480389939, 34.829588002866615 ], [ 114.465221008000071, 34.829588345880381 ], [ 114.465230270552638, 34.829588021720497 ], [ 114.465653562967759, 34.82955833972801 ], [ 114.466018443431608, 34.829536243793825 ], [ 114.466659853231477, 34.829502716292552 ], [ 114.466661670383473, 34.829502608759356 ], [ 114.467156392781249, 34.829469912708873 ], [ 114.468173320347546, 34.829431920484922 ], [ 114.468176636540079, 34.82943175490783 ], [ 114.46888542501415, 34.829387440139442 ], [ 114.469934880111055, 34.82932980365257 ], [ 114.470663034794825, 34.829303293297244 ], [ 114.472136757805288, 34.829312709183796 ], [ 114.4721389755681, 34.829312704789118 ], [ 114.473733878551911, 34.829296192353581 ], [ 114.474270804578168, 34.829335747301172 ], [ 114.47427537902513, 34.829336004681977 ], [ 114.475309195147929, 34.829376228725266 ], [ 114.475313732321297, 34.829376327458363 ], [ 114.476487570600511, 34.829381764464244 ], [ 114.476491978124614, 34.829381711574285 ], [ 114.477191990886126, 34.829361663552731 ], [ 114.477198942589894, 34.82936128125408 ], [ 114.477795789977563, 34.829312662381426 ], [ 114.478524555055401, 34.829292819773173 ], [ 114.478533316597805, 34.829292289952889 ], [ 114.479760896711241, 34.829177003818984 ], [ 114.481615875061379, 34.82900854404113 ], [ 114.481618729462866, 34.829008253409995 ], [ 114.482665650655804, 34.828890103475885 ], [ 114.483298823506743, 34.828820398087771 ], [ 114.483303339533222, 34.828819821447496 ], [ 114.483312650075618, 34.828818119412006 ], [ 114.4833217452898, 34.828815754725099 ], [ 114.483330555955718, 34.828812745383345 ], [ 114.483339015018714, 34.828809114290038 ], [ 114.483347058099866, 34.828804889079606 ], [ 114.483354623986543, 34.828800101908939 ], [ 114.483361655097838, 34.828794789211486 ], [ 114.483368097922607, 34.828788991419742 ], [ 114.483373903426809, 34.828782752658753 ], [ 114.483379027427532, 34.828776120409316 ], [ 114.483383430928029, 34.82876914514685 ], [ 114.483387080414786, 34.828761879957483 ], [ 114.483389948113768, 34.828754380133773 ], [ 114.483392012199602, 34.828746702754188 ], [ 114.483393256964177, 34.828738906247793 ], [ 114.483393672934085, 34.828731049951045 ], [ 114.4833932569436, 34.82872319365498 ], [ 114.483392012158902, 34.828715397150745 ], [ 114.483389948054082, 34.828707719774513 ], [ 114.483387080338275, 34.828700219955749 ], [ 114.483383430836739, 34.828692954772464 ], [ 114.483379027324304, 34.828685979516877 ], [ 114.483373903314828, 34.828679347275113 ], [ 114.483368097805169, 34.82867310852231 ], [ 114.483361654978808, 34.828667310739092 ], [ 114.483354623869445, 34.828661998049768 ], [ 114.483347057987999, 34.828657210887286 ], [ 114.483339014915487, 34.828652985684698 ], [ 114.483330555864427, 34.828649354598156 ], [ 114.483321745213175, 34.828646345262428 ], [ 114.483312650015932, 34.828643980580296 ], [ 114.483303339492522, 34.828642278548386 ], [ 114.483293884501222, 34.828641252120178 ], [ 114.483284357000116, 34.828640909107094 ], [ 114.483277107805634, 34.828641107526153 ], [ 114.483269890524866, 34.828641701909532 ], [ 114.482636361328446, 34.82871144677398 ], [ 114.481590509670013, 34.828829475757914 ], [ 114.479736559533649, 34.82899784247229 ], [ 114.478512945132366, 34.829112755859342 ], [ 114.477784997749495, 34.829132576204188 ], [ 114.477777857788851, 34.829132963796155 ], [ 114.477180917913188, 34.829181590203405 ], [ 114.476486593125287, 34.829201475324737 ], [ 114.475317231462554, 34.829196059053572 ], [ 114.474287975322113, 34.829156012430474 ], [ 114.473747794985229, 34.829116217739738 ], [ 114.473738067000227, 34.829115860114143 ], [ 114.473736693691649, 34.829115867227586 ], [ 114.472137341256257, 34.829132425729881 ], [ 114.470661893801889, 34.829122998825255 ], [ 114.470661046000259, 34.829122996114393 ], [ 114.470656223695073, 34.82912308386301 ], [ 114.469924014490516, 34.829149741834499 ], [ 114.469921570645738, 34.829149853417789 ], [ 114.468870395783711, 34.829207584355856 ], [ 114.468869394711987, 34.829207643137977 ], [ 114.468161764132901, 34.829251885513429 ], [ 114.46714460277019, 34.829289886472793 ], [ 114.4671408160998, 34.829290082274213 ], [ 114.466645111706157, 34.829322843224986 ], [ 114.466004066478945, 34.829356351670071 ], [ 114.466002975240372, 34.829356413229164 ], [ 114.465636921636246, 34.829378580205343 ], [ 114.465635665010723, 34.829378662309637 ], [ 114.465230179411833, 34.829407095657928 ], [ 114.464984337955343, 34.829355232820717 ], [ 114.464976225655846, 34.829353789558809 ], [ 114.464966770583032, 34.829352763130657 ], [ 114.464957243000072, 34.829352420117743 ], [ 114.464949579926838, 34.829352641865 ], [ 114.46494195455557, 34.829353306016003 ], [ 114.464590715926988, 34.829394212972431 ], [ 114.464587021335205, 34.829394696559461 ], [ 114.464578044880227, 34.829396325228061 ], [ 114.464324280006736, 34.829451684495098 ], [ 114.463958960793093, 34.829442484755248 ], [ 114.46337448099132, 34.829371405765471 ], [ 114.463372590794847, 34.829371189775031 ], [ 114.462970719214013, 34.829328212083055 ], [ 114.462618900920916, 34.82924278695458 ], [ 114.461370526943256, 34.828808450405234 ], [ 114.461369486176295, 34.828808093493592 ], [ 114.46070748973159, 34.828584365715983 ], [ 114.460703421184576, 34.828583068261537 ], [ 114.460694993222432, 34.828580852868868 ], [ 114.460686375627915, 34.828579206632128 ], [ 114.4603217350043, 34.828522257692327 ], [ 114.460320374465027, 34.828522052546589 ], [ 114.460314590955591, 34.828521342578881 ], [ 114.459371500541465, 34.828426750269557 ], [ 114.458568392007123, 34.828344884186095 ], [ 114.457889109706798, 34.828246944627551 ], [ 114.457134426945345, 34.828136363987653 ], [ 114.457133225493067, 34.828136194289755 ], [ 114.4560273606495, 34.827985239449845 ], [ 114.456026018184502, 34.827985063256222 ], [ 114.455264220723166, 34.82788907839597 ], [ 114.454203791938198, 34.827716667845948 ], [ 114.454201627279872, 34.827716334534784 ], [ 114.454196397694545, 34.827715681301981 ], [ 114.45357539460224, 34.827650739828584 ], [ 114.452055733886027, 34.827448851337465 ], [ 114.449917006700275, 34.827123502058214 ], [ 114.449916156144013, 34.827123375526185 ], [ 114.449913968039027, 34.827123076216594 ], [ 114.448877234811448, 34.82699015465198 ], [ 114.447904624021476, 34.826862086913025 ], [ 114.447667131411208, 34.826822530066522 ], [ 114.447678777089209, 34.826806682015615 ], [ 114.447679956171669, 34.826805038423856 ], [ 114.447684359567347, 34.826798063159231 ], [ 114.447688008967248, 34.82679079796759 ], [ 114.447688512647915, 34.82678963197958 ], [ 114.447727518546685, 34.826697335946903 ], [ 114.447731891895614, 34.826683578078473 ], [ 114.447756437284056, 34.826570673606398 ], [ 114.447789781833762, 34.826476372635454 ], [ 114.447790480055005, 34.826474306880016 ], [ 114.447908938669116, 34.826106992182076 ], [ 114.448070443109714, 34.825595702446719 ], [ 114.448071228873346, 34.825593050899158 ], [ 114.44813844012026, 34.825350369965292 ], [ 114.448162929318642, 34.825264022708836 ], [ 114.448227482603102, 34.82509826965719 ], [ 114.448228797216416, 34.825094632877779 ], [ 114.448370060718162, 34.824671495757059 ], [ 114.448371241739665, 34.824667625243194 ], [ 114.448509882868052, 34.824166638771146 ], [ 114.448677520127831, 34.823762345118951 ], [ 114.44867959016608, 34.823756769884767 ], [ 114.44885452628057, 34.823224711624221 ], [ 114.448898567501487, 34.823089494418412 ], [ 114.449015195498873, 34.822766453392887 ], [ 114.449015638591732, 34.822765192595 ], [ 114.449249323182357, 34.822081673010928 ], [ 114.449438575412614, 34.821580600983168 ], [ 114.449440430196319, 34.821575077425564 ], [ 114.449588410763113, 34.821072814621232 ], [ 114.449628217993904, 34.820938377096127 ], [ 114.449775587626505, 34.820517029423286 ], [ 114.449775853300366, 34.820516256920712 ], [ 114.450020579810712, 34.819792389662439 ], [ 114.450228264155271, 34.81920022581204 ], [ 114.45039292112267, 34.818801094100934 ], [ 114.45039529717701, 34.81879452522054 ], [ 114.45047490482284, 34.818539398013741 ], [ 114.455614852960707, 34.818351071475888 ], [ 114.457782619172008, 34.818303196717522 ], [ 114.457786725604933, 34.818303042219952 ], [ 114.459530072165308, 34.818210319242553 ], [ 114.461735795439949, 34.818105637642077 ], [ 114.463148101645629, 34.818051907260724 ], [ 114.46314973360154, 34.81805183507737 ], [ 114.464438921997953, 34.817986831007545 ], [ 114.464440300125716, 34.817986754300534 ], [ 114.465689165475055, 34.817910695218984 ], [ 114.465692530421734, 34.817910447092345 ], [ 114.466875004776057, 34.817808032944072 ], [ 114.467577030367352, 34.81776704902893 ], [ 114.467579362614288, 34.817766892157806 ], [ 114.468207976592794, 34.817719017321792 ], [ 114.469167396316493, 34.817644647172983 ], [ 114.470245195877169, 34.817588174650325 ], [ 114.470246755997437, 34.817588083652026 ], [ 114.471972328859806, 34.817477184533345 ], [ 114.471973652905376, 34.817477092749357 ], [ 114.473156889999245, 34.817389087539993 ], [ 114.474189393617394, 34.817332575167597 ], [ 114.474193221165592, 34.817332309874075 ], [ 114.474370906356285, 34.817317396858186 ], [ 114.474378819894127, 34.817316490615781 ], [ 114.474388129142312, 34.817314788576937 ], [ 114.474397223092069, 34.817312423885539 ], [ 114.474406032533238, 34.817309414538101 ], [ 114.474414490420031, 34.817305783437916 ], [ 114.474422532383301, 34.817301558219469 ], [ 114.47443009721826, 34.817296771039935 ], [ 114.474437127351848, 34.817291458332193 ], [ 114.474443569280993, 34.817285660529421 ], [ 114.474449373978132, 34.817279421756723 ], [ 114.474454497266606, 34.817272789494666 ], [ 114.474458900154673, 34.817265814219013 ], [ 114.474462549134273, 34.817258549016003 ], [ 114.474465416434441, 34.817251049178083 ], [ 114.47446748023367, 34.817243371783718 ], [ 114.474468724825101, 34.8172355752626 ], [ 114.474469140737028, 34.817227718950903 ], [ 114.474468724804524, 34.817219862640115 ], [ 114.474467480192857, 34.817212066121158 ], [ 114.474465416375097, 34.817204388730488 ], [ 114.474462549057876, 34.817196888897399 ], [ 114.474458900063496, 34.817189623700244 ], [ 114.474454497163379, 34.817182648431697 ], [ 114.474449373866264, 34.817176016177314 ], [ 114.474443569163782, 34.81716977741263 ], [ 114.474437127232818, 34.817163979618385 ], [ 114.474430097101163, 34.817158666918942 ], [ 114.474422532271319, 34.817153879747536 ], [ 114.474414490317031, 34.81714965453682 ], [ 114.474406032441948, 34.817146023443513 ], [ 114.474397223015671, 34.817143014102101 ], [ 114.474388129082627, 34.817140649415364 ], [ 114.474378819853655, 34.817138947380215 ], [ 114.474369366176575, 34.817137920950074 ], [ 114.474359840000034, 34.817137577936478 ], [ 114.474348773667998, 34.817138041139799 ], [ 114.474173000032579, 34.817152793719913 ], [ 114.47314112351728, 34.817209271770253 ], [ 114.473138542841752, 34.817209438343127 ], [ 114.471954680933436, 34.817297490024998 ], [ 114.470230553515762, 34.817408296249823 ], [ 114.469151885306815, 34.817464814287518 ], [ 114.469148586093979, 34.81746502854088 ], [ 114.468187697333633, 34.817539512623966 ], [ 114.467560426533169, 34.817587285105219 ], [ 114.466857717410448, 34.817628308925634 ], [ 114.466854018334516, 34.817628577015 ], [ 114.465671379758646, 34.817731005387088 ], [ 114.464424890678515, 34.817806919748989 ], [ 114.463137210101081, 34.817871847792389 ], [ 114.461725100899798, 34.817925570680245 ], [ 114.461723856184904, 34.817925623894382 ], [ 114.459517136576778, 34.818030352781989 ], [ 114.459516379522938, 34.81803039087805 ], [ 114.45777470997109, 34.818123024662611 ], [ 114.455608039194203, 34.818170875229896 ], [ 114.455606109884343, 34.818170931886243 ], [ 114.450532262720685, 34.818356836719829 ], [ 114.450704311596724, 34.817812213996888 ], [ 114.450868047522363, 34.81734515892299 ], [ 114.450868603557751, 34.817343514631375 ], [ 114.451056971873754, 34.816765372470172 ], [ 114.451058249588755, 34.816761022696312 ], [ 114.451171922769845, 34.816327244353488 ], [ 114.451356719162959, 34.815782490054744 ], [ 114.451357317163342, 34.815780652711112 ], [ 114.451629602965227, 34.814907347627923 ], [ 114.451865331137014, 34.814309991623816 ], [ 114.45186697482643, 34.814305418572872 ], [ 114.451936946571323, 34.814089981513064 ], [ 114.451938319202895, 34.814085247343371 ], [ 114.452046878906685, 34.813660422279156 ], [ 114.452183285525507, 34.813213579226328 ], [ 114.452258180428203, 34.812990694826283 ], [ 114.452364375576167, 34.812683252935187 ], [ 114.452364800016767, 34.812681989340604 ], [ 114.452553141350904, 34.812104999844053 ], [ 114.452625394146139, 34.811885311280378 ], [ 114.45274693026829, 34.811551484064694 ], [ 114.452937456286918, 34.811081324777945 ], [ 114.452938703956079, 34.811078038375854 ], [ 114.453027506665649, 34.810827438300407 ], [ 114.453028608892168, 34.810824089775906 ], [ 114.453084910985126, 34.810639030233631 ], [ 114.453141166711021, 34.810466158512099 ], [ 114.453225910931224, 34.810207943295779 ], [ 114.453227846372556, 34.810200955191476 ], [ 114.453267185456411, 34.810027392136703 ], [ 114.45337190046655, 34.809735051399286 ], [ 114.453374306960768, 34.809726980616858 ], [ 114.453446445197301, 34.809425776812532 ], [ 114.453468987193787, 34.809351564283077 ], [ 114.454233612860094, 34.809275312800423 ], [ 114.455702270520646, 34.809137787726286 ], [ 114.455705542904411, 34.809137439937786 ], [ 114.457410710303861, 34.808934576019965 ], [ 114.458254873760211, 34.808844198194379 ], [ 114.458256093366799, 34.808844061852767 ], [ 114.459921820126738, 34.808649951646316 ], [ 114.459923944704542, 34.808649686454316 ], [ 114.460913217272605, 34.808517982629951 ], [ 114.462288732778006, 34.80835768021683 ], [ 114.463460828835764, 34.808245175872173 ], [ 114.46346237348655, 34.808245018397599 ], [ 114.464399056752427, 34.8081439311037 ], [ 114.465464911941012, 34.808027800572177 ], [ 114.466877409694121, 34.807875247939421 ], [ 114.467964321844647, 34.807766998103489 ], [ 114.467966734576294, 34.807766735286691 ], [ 114.46952261621891, 34.807582684091074 ], [ 114.469524334232347, 34.807582469338968 ], [ 114.470110127888915, 34.807505309352621 ], [ 114.470677162100515, 34.807463500106451 ], [ 114.471269485714743, 34.807467253550556 ], [ 114.471281431701868, 34.807466789499756 ], [ 114.472064837541438, 34.80740077742928 ], [ 114.472066848485156, 34.807400592444594 ], [ 114.472443718886552, 34.807363007404433 ], [ 114.472449577611997, 34.807362289761272 ], [ 114.472452178882804, 34.807361884590591 ], [ 114.472901764343078, 34.807287194511957 ], [ 114.472909747396898, 34.807285608718246 ], [ 114.472917563563101, 34.807283533025384 ], [ 114.472926371936865, 34.807280523672944 ], [ 114.472934828799112, 34.807276892566733 ], [ 114.472942869787971, 34.807272667341408 ], [ 114.472950433706387, 34.807267880153859 ], [ 114.472951532849152, 34.807267109185659 ], [ 114.473010808348704, 34.807224972413735 ], [ 114.473069035107756, 34.807230525464377 ], [ 114.473198736034192, 34.807298070077991 ], [ 114.473202438185808, 34.807299914566499 ], [ 114.473210895050556, 34.807303545672767 ], [ 114.473219703426821, 34.80730655502515 ], [ 114.473228105377984, 34.80730876502497 ], [ 114.473395009540127, 34.807346620064095 ], [ 114.47340500839141, 34.807348476761263 ], [ 114.473414460950039, 34.807349503195496 ], [ 114.473423986000057, 34.807349846210343 ], [ 114.473431980928922, 34.807349604684987 ], [ 114.473919264455162, 34.807320122653437 ], [ 114.473922160223538, 34.807319915478502 ], [ 114.474953282329466, 34.807234731387439 ], [ 114.474956027144913, 34.807234475681241 ], [ 114.475967599660407, 34.807129538666629 ], [ 114.477076114056558, 34.807027081471688 ], [ 114.477078293788395, 34.807026861683426 ], [ 114.47835223224422, 34.806887671870527 ], [ 114.479577722072122, 34.806796698286973 ], [ 114.479586902481969, 34.80679569176948 ], [ 114.479587988509934, 34.80679552915268 ], [ 114.480261124205185, 34.806691836043115 ], [ 114.480272220727329, 34.806689626405841 ], [ 114.48197396834621, 34.806272066976135 ], [ 114.48198018410551, 34.806270373039581 ], [ 114.48198821856306, 34.8062676582839 ], [ 114.482461315933733, 34.806089386109818 ], [ 114.482470546012792, 34.806085460582153 ], [ 114.482478586886032, 34.806081235355975 ], [ 114.482486150695536, 34.806076448167516 ], [ 114.482493179876315, 34.806071135449997 ], [ 114.482499620932231, 34.806065337636539 ], [ 114.48250542484277, 34.806059098852131 ], [ 114.482510547436732, 34.806052466577853 ], [ 114.482514949728056, 34.80604549128941 ], [ 114.482518598213119, 34.806038226072872 ], [ 114.482521465124591, 34.806030726221309 ], [ 114.482523528644037, 34.806023048812733 ], [ 114.482524773066757, 34.806015252277234 ], [ 114.482525188922409, 34.806007395950985 ], [ 114.48252477304618, 34.805999539625589 ], [ 114.482523528603451, 34.80599174309225 ], [ 114.482521465065133, 34.805984065687369 ], [ 114.482518598136721, 34.80597656584041 ], [ 114.482514949636879, 34.805969300629954 ], [ 114.482510547333504, 34.805962325348275 ], [ 114.482505424730903, 34.805955693081785 ], [ 114.482499620815133, 34.805949454305505 ], [ 114.482493179757284, 34.80594365650046 ], [ 114.482486150578325, 34.805938343791411 ], [ 114.482478586774164, 34.805933556610967 ], [ 114.482470545909791, 34.805929331392576 ], [ 114.482462089181013, 34.805925700292562 ], [ 114.482453280948789, 34.805922690945465 ], [ 114.482444188248337, 34.805920326254466 ], [ 114.482434880280948, 34.805918624216304 ], [ 114.48242542788546, 34.805917597784003 ], [ 114.48241590300006, 34.805917254769895 ], [ 114.482406378114661, 34.805917597784003 ], [ 114.482396925719172, 34.805918624216304 ], [ 114.482387617751783, 34.805920326254466 ], [ 114.482378525051445, 34.805922690945465 ], [ 114.482370490156427, 34.805925405872244 ], [ 114.48190433238949, 34.8061010630027 ], [ 114.480215377224567, 34.806515483471117 ], [ 114.479552961242803, 34.806617525258957 ], [ 114.478330357269897, 34.806708284613649 ], [ 114.478325800889706, 34.806708702462117 ], [ 114.477050680722186, 34.806848021387225 ], [ 114.475942525155119, 34.806950445416533 ], [ 114.475941056808438, 34.806950589427913 ], [ 114.474930123334616, 34.80705546015048 ], [ 114.47390182386539, 34.807140411055627 ], [ 114.47343478869675, 34.807168668004977 ], [ 114.473301705924541, 34.807138483899053 ], [ 114.473164670942083, 34.807067119964415 ], [ 114.473160968659499, 34.807065275407183 ], [ 114.47315251181476, 34.807061644307851 ], [ 114.473143703461574, 34.807058634961322 ], [ 114.473134610636748, 34.807056270270834 ], [ 114.473125302541348, 34.807054568232843 ], [ 114.47311887775777, 34.807053795370337 ], [ 114.47298831189687, 34.80704134338373 ], [ 114.472975759000064, 34.80704074678664 ], [ 114.472966233985517, 34.807041089800748 ], [ 114.472956781461903, 34.807042116232708 ], [ 114.472947473367867, 34.807043818270643 ], [ 114.472938380544292, 34.80704618296113 ], [ 114.472929572192356, 34.807049192307716 ], [ 114.472921115348868, 34.807052823407048 ], [ 114.472913074375469, 34.807057048624699 ], [ 114.472905510468763, 34.807061835804291 ], [ 114.472904411248351, 34.807062606827174 ], [ 114.472830530915189, 34.807115125575251 ], [ 114.472413224424827, 34.807184453112598 ], [ 114.472041616094998, 34.807221513369655 ], [ 114.471265175835129, 34.807286938500738 ], [ 114.470673545934346, 34.807283189452392 ], [ 114.470672706000187, 34.807283186790187 ], [ 114.470662974772267, 34.807283544845063 ], [ 114.470086898392083, 34.807326020799735 ], [ 114.470079394187678, 34.807326790739751 ], [ 114.469490724036291, 34.807404329612325 ], [ 114.467936909921377, 34.807588136229526 ], [ 114.466850663342143, 34.807696319778586 ], [ 114.466849573839795, 34.807696432864475 ], [ 114.465436410107827, 34.80784905745287 ], [ 114.464370565238369, 34.807965186863669 ], [ 114.463434788258951, 34.808066176315833 ], [ 114.462262136443655, 34.808178734005196 ], [ 114.462259478138094, 34.808179016442239 ], [ 114.460881573593838, 34.808339597271413 ], [ 114.460879447296293, 34.808339862681862 ], [ 114.459890176217868, 34.808471566304434 ], [ 114.458226125775923, 34.8086654811637 ], [ 114.457381806167518, 34.808755875706424 ], [ 114.457380270329281, 34.808756049274734 ], [ 114.455675972058884, 34.80895880978926 ], [ 114.454208561075234, 34.809096218124466 ], [ 114.454207769929781, 34.809096294612061 ], [ 114.453528986816877, 34.809163985819055 ], [ 114.453578428215451, 34.809014252552174 ], [ 114.453578893748045, 34.809012794706632 ], [ 114.453745619159008, 34.808472370791719 ], [ 114.453819409838161, 34.808242205614533 ], [ 114.453917450019617, 34.807943803289277 ], [ 114.454066715729823, 34.807502233022319 ], [ 114.45406746806691, 34.80749988562377 ], [ 114.454205472166564, 34.807044557694098 ], [ 114.45438776682272, 34.806540896483455 ], [ 114.454390217242917, 34.806532764754536 ], [ 114.454412985240992, 34.806438732533081 ], [ 114.45451147031963, 34.806203840311298 ], [ 114.454513666366324, 34.806197960104384 ], [ 114.454719556626515, 34.805571397928418 ], [ 114.454720092611183, 34.805569701661113 ], [ 114.454836932716717, 34.805184624079686 ], [ 114.455039868586482, 34.804563226871721 ], [ 114.455040164277193, 34.804562301935675 ], [ 114.455148586517225, 34.804215701248324 ], [ 114.455177512093314, 34.804137312072839 ], [ 114.455179859440364, 34.804129805980551 ], [ 114.455217540259923, 34.803983578948078 ], [ 114.455218267989039, 34.803980490817992 ], [ 114.455219703568901, 34.803970615006165 ], [ 114.455239913228297, 34.803711040988276 ], [ 114.455240137883948, 34.803705263951088 ], [ 114.455240134143423, 34.803704518261725 ], [ 114.455234803317012, 34.803173081203624 ], [ 114.455226807275153, 34.802543241671799 ], [ 114.455229559150098, 34.801868267586315 ], [ 114.455229539331185, 34.801866386040899 ], [ 114.455213493938231, 34.801176891413775 ], [ 114.45522296130946, 34.800515859139011 ], [ 114.45522976758798, 34.799770900324177 ], [ 114.455229770690835, 34.799770220951018 ], [ 114.455229743740119, 34.799768219200246 ], [ 114.455206983050402, 34.798923003007417 ], [ 114.455200405969777, 34.797467707492899 ], [ 114.455201481444078, 34.797330525551388 ], [ 114.455639038927188, 34.797252082114028 ], [ 114.455642709763765, 34.797251369078879 ], [ 114.456681195831038, 34.797033977241369 ], [ 114.457273027842916, 34.796924483342423 ], [ 114.457274005057116, 34.796924298659064 ], [ 114.458353414821886, 34.796715992535042 ], [ 114.459452712010261, 34.796545363145185 ], [ 114.461743926118629, 34.79624958219074 ], [ 114.464894054100569, 34.795841658751215 ], [ 114.465643473747832, 34.795762291551796 ], [ 114.46564859781131, 34.795761646610117 ], [ 114.466451923647242, 34.795643983707237 ], [ 114.467052195968449, 34.795570608066043 ], [ 114.467752798299102, 34.795554987157175 ], [ 114.468723779533775, 34.795544313377263 ], [ 114.468740199215517, 34.79554310698353 ], [ 114.468913822396644, 34.79551935595839 ], [ 114.468914920897987, 34.795519200934336 ], [ 114.468924227695425, 34.79551749888941 ], [ 114.468933319251391, 34.795515134189486 ], [ 114.468945038495121, 34.795510961016419 ], [ 114.469008299540974, 34.795484717991258 ], [ 114.469013843016455, 34.795482250718294 ], [ 114.469021882860147, 34.795478025484954 ], [ 114.469029445701267, 34.795473238288025 ], [ 114.469036473982214, 34.795467925561184 ], [ 114.469042914213333, 34.795462127737665 ], [ 114.469048717380701, 34.795455888942399 ], [ 114.469053839318917, 34.795449256656582 ], [ 114.469058241046582, 34.795442281355861 ], [ 114.469061889064506, 34.79543501612676 ], [ 114.469064755608997, 34.795427516262009 ], [ 114.469066818864349, 34.795419838840132 ], [ 114.469068063127679, 34.795412042290934 ], [ 114.469068478930012, 34.795404185950986 ], [ 114.469068063107102, 34.795396329611947 ], [ 114.469066818823535, 34.795388533064909 ], [ 114.469064755549539, 34.795380855646556 ], [ 114.469061888988108, 34.795373355786637 ], [ 114.469058240955519, 34.795366090563334 ], [ 114.469053839215917, 34.795359115269775 ], [ 114.469048717268947, 34.795352482991575 ], [ 114.469042914096235, 34.795346244204325 ], [ 114.469036473863525, 34.795340446389275 ], [ 114.469029445584283, 34.795335133670847 ], [ 114.469021882748393, 34.795330346482217 ], [ 114.469013842913796, 34.79532612125638 ], [ 114.469005387267657, 34.795322490149942 ], [ 114.468996580163093, 34.79531948079773 ], [ 114.468987488626908, 34.795317116102581 ], [ 114.468978181851298, 34.795315414061236 ], [ 114.468968730666006, 34.7953143876274 ], [ 114.468959207000012, 34.795314044612496 ], [ 114.468949683334131, 34.7953143876274 ], [ 114.468940232148839, 34.795315414061236 ], [ 114.468930925373229, 34.795317116102581 ], [ 114.468921833837044, 34.79531948079773 ], [ 114.468910114554546, 34.795323653988191 ], [ 114.468861688431502, 34.79534374292848 ], [ 114.468712601547395, 34.795364137475872 ], [ 114.467749138526756, 34.795374728610057 ], [ 114.467747641254732, 34.795374753529529 ], [ 114.467039725024392, 34.795390537512503 ], [ 114.467026659688031, 34.795391478274837 ], [ 114.466418343328542, 34.79546583719582 ], [ 114.466415320825604, 34.795466242447446 ], [ 114.46561304078341, 34.795583752168739 ], [ 114.464864707079641, 34.795663004360733 ], [ 114.464861673521341, 34.795663361353377 ], [ 114.461710085660911, 34.796071473834104 ], [ 114.459417263414593, 34.796367462376907 ], [ 114.45941518190773, 34.796367748076534 ], [ 114.459413950064118, 34.796367933263696 ], [ 114.458310649202417, 34.796539184083088 ], [ 114.458305962912277, 34.79653999955309 ], [ 114.457224710960077, 34.79674866116676 ], [ 114.456631881806402, 34.796858339536811 ], [ 114.456628916266709, 34.796858924140622 ], [ 114.455590782095555, 34.797076242290586 ], [ 114.45520289410149, 34.797145781188988 ], [ 114.455154678733948, 34.796288333270638 ], [ 114.45515460993829, 34.796287250541525 ], [ 114.455119683291286, 34.795794293572385 ], [ 114.45511939244966, 34.795791139687935 ], [ 114.455076373956672, 34.795412587725934 ], [ 114.455076073836267, 34.795410269700312 ], [ 114.45500617021537, 34.794929332761853 ], [ 114.455005569624518, 34.79492579518984 ], [ 114.454912362409118, 34.794446177778127 ], [ 114.454904611792244, 34.794327683233462 ], [ 114.454903793906396, 34.794320515305174 ], [ 114.454804434008452, 34.793711560169584 ], [ 114.454757497776882, 34.793379986751802 ], [ 114.454756978462001, 34.79337680962567 ], [ 114.454734116304962, 34.793253535645874 ], [ 114.45473371304729, 34.793251515059524 ], [ 114.454731649826613, 34.793243837638329 ], [ 114.454728783339078, 34.793236337775738 ], [ 114.454725135400622, 34.793229072549934 ], [ 114.454720733774479, 34.793222097253874 ], [ 114.454715611959728, 34.7932154649734 ], [ 114.454709808936741, 34.79320922618399 ], [ 114.454703368870014, 34.793203428366837 ], [ 114.454696340772102, 34.793198115646589 ], [ 114.454688778131413, 34.793193328456255 ], [ 114.454680675898544, 34.793189073456517 ], [ 114.454620082331076, 34.793160301710429 ], [ 114.454611686587441, 34.793156704956459 ], [ 114.454602945185911, 34.793153720767521 ], [ 114.454593853887445, 34.793151356071576 ], [ 114.454584547355239, 34.793149654029662 ], [ 114.45457454956636, 34.793148589268412 ], [ 114.454457521692575, 34.79314063127697 ], [ 114.454448545000105, 34.793140326580271 ], [ 114.454440701935255, 34.793140559085487 ], [ 114.454432899329845, 34.793141255401395 ], [ 114.454197314272619, 34.793169372460284 ], [ 114.45382453035927, 34.793214782500797 ], [ 114.453823587533634, 34.793214900818782 ], [ 114.453455534070031, 34.793262444960021 ], [ 114.453348467291107, 34.7932753577212 ], [ 114.453347374019359, 34.793275494238685 ], [ 114.452945165441065, 34.793327436183631 ], [ 114.452943839251247, 34.793327614346197 ], [ 114.452535309311997, 34.793384625401075 ], [ 114.452208860188421, 34.793414443072777 ], [ 114.452206400609384, 34.793414691044575 ], [ 114.451922574909872, 34.793446004011173 ], [ 114.451918738490235, 34.793446484603805 ], [ 114.451557314283377, 34.793497191707388 ], [ 114.451252403894387, 34.793531559360133 ], [ 114.451248221557421, 34.793532099035133 ], [ 114.451239712471306, 34.793533627455872 ], [ 114.451231377949398, 34.793535710014339 ], [ 114.451080921193807, 34.793578774802882 ], [ 114.450848895660897, 34.793592431621676 ], [ 114.450645528226801, 34.793584547953003 ], [ 114.45064428755893, 34.793584505683555 ], [ 114.450542420094962, 34.793581513195363 ], [ 114.450437632082185, 34.79354664768573 ], [ 114.450278484752516, 34.79348176472115 ], [ 114.450028138795801, 34.793365789556049 ], [ 114.450025059516065, 34.793364416095926 ], [ 114.449842164942993, 34.793285935735071 ], [ 114.449752833076104, 34.793247573327221 ], [ 114.449535949153642, 34.793150879970085 ], [ 114.449533027965799, 34.793149529045365 ], [ 114.449164620896113, 34.792972969720722 ], [ 114.449161513257536, 34.7929715402272 ], [ 114.448742557140122, 34.792786145204843 ], [ 114.448409350049928, 34.792633927340773 ], [ 114.448318856053788, 34.792587612998545 ], [ 114.448315886106343, 34.792586146221083 ], [ 114.448308338812126, 34.792582868632053 ], [ 114.44798649122265, 34.792456075530652 ], [ 114.447681262094306, 34.792330080940246 ], [ 114.447374415623585, 34.79217257702976 ], [ 114.447071320198575, 34.79201069894691 ], [ 114.447069526227892, 34.792009761098484 ], [ 114.446741410414575, 34.791841893251785 ], [ 114.446738455614422, 34.791840434211622 ], [ 114.446737155507208, 34.791839824727958 ], [ 114.446645247404831, 34.791797422324009 ], [ 114.446602268404718, 34.791770969419304 ], [ 114.446473741610816, 34.791670877407455 ], [ 114.446468970474484, 34.791667373629195 ], [ 114.446465309283894, 34.791664947916217 ], [ 114.446308634096681, 34.791565635089455 ], [ 114.446217591188883, 34.791479158486709 ], [ 114.44619485159717, 34.791432598704887 ], [ 114.446191733246678, 34.791426809482118 ], [ 114.446188129717257, 34.791421215240575 ], [ 114.446187745856719, 34.791420671145886 ], [ 114.446088244752445, 34.791280761221685 ], [ 114.446083287497572, 34.791274415464159 ], [ 114.446077703975675, 34.791268434165488 ], [ 114.446071039652907, 34.791262451754335 ], [ 114.445956192079052, 34.791168254030367 ], [ 114.44586014651918, 34.791086217308987 ], [ 114.445852207264352, 34.791080079349854 ], [ 114.445803058611432, 34.791045709500111 ], [ 114.445795286502744, 34.791040776430009 ], [ 114.44578724708424, 34.79103655120133 ], [ 114.445778791876137, 34.791032920092221 ], [ 114.445769985227571, 34.791029910737848 ], [ 114.445760894162277, 34.791027546041107 ], [ 114.445751587868585, 34.791025843998511 ], [ 114.445742137172715, 34.791024817563937 ], [ 114.445732614, 34.791024474548919 ], [ 114.445723090827414, 34.791024817563937 ], [ 114.445713640131544, 34.791025843998511 ], [ 114.445704333837853, 34.791027546041107 ], [ 114.445695242772445, 34.791029910737848 ], [ 114.445686436123879, 34.791032920092221 ], [ 114.445677980916003, 34.791036551201103 ], [ 114.445669941497272, 34.791040776430009 ], [ 114.445662379053147, 34.791045563622163 ], [ 114.44565535113793, 34.791050876344343 ], [ 114.44564891123855, 34.791056674163428 ], [ 114.445643108366539, 34.791062912954999 ], [ 114.445637986684801, 34.791069545237974 ], [ 114.445633585172914, 34.791076520536535 ], [ 114.445629937329272, 34.791083785764954 ], [ 114.445627070916203, 34.791091285630216 ], [ 114.445625007749186, 34.791098963053855 ], [ 114.445623763530079, 34.791106759606464 ], [ 114.445623347728656, 34.791114615951017 ], [ 114.445623763509616, 34.791122472296593 ], [ 114.445625007708486, 34.791130268851134 ], [ 114.445627070856744, 34.791137946278525 ], [ 114.445629937252761, 34.791145446148562 ], [ 114.44563358508185, 34.791152711382892 ], [ 114.445637986581801, 34.791159686688331 ], [ 114.445643108254671, 34.791166318978981 ], [ 114.445648911121452, 34.79117255777868 ], [ 114.445655157320061, 34.791178195408406 ], [ 114.445661959606923, 34.791183376580534 ], [ 114.445706743554183, 34.79121469488922 ], [ 114.445799774356942, 34.79129415670144 ], [ 114.445801329227265, 34.791295458124239 ], [ 114.445906921774281, 34.791382065025971 ], [ 114.445995170794276, 34.791506153628632 ], [ 114.446021736258444, 34.791560547235065 ], [ 114.446024854594953, 34.791566336450046 ], [ 114.446028458110845, 34.791571930685336 ], [ 114.446033579809296, 34.791578562975417 ], [ 114.446039382704839, 34.791584801774604 ], [ 114.44604059014182, 34.791585968565187 ], [ 114.446150849116293, 34.791690697638955 ], [ 114.446156741862637, 34.791695868730585 ], [ 114.446163109497775, 34.791700641330863 ], [ 114.446166770542959, 34.791703066957496 ], [ 114.446327761989096, 34.791805115864065 ], [ 114.446456853282257, 34.791905647626891 ], [ 114.446461624320932, 34.791909151328582 ], [ 114.446466519757905, 34.791912347990149 ], [ 114.446520314778581, 34.791945458018688 ], [ 114.44653102131258, 34.791951273763686 ], [ 114.446532321327595, 34.791951883205627 ], [ 114.446628332666705, 34.791996178689885 ], [ 114.446953447147507, 34.792162511134222 ], [ 114.447256474854385, 34.792324353169647 ], [ 114.447258131117678, 34.792325220441967 ], [ 114.447570111294453, 34.792485359587999 ], [ 114.447573202959347, 34.792486888756798 ], [ 114.447578941432994, 34.792489436807955 ], [ 114.447889600659551, 34.792617672931215 ], [ 114.447891408850865, 34.792618402225685 ], [ 114.448208748443676, 34.792743419436874 ], [ 114.448296442892683, 34.792788301016742 ], [ 114.448299412759525, 34.792789767752993 ], [ 114.448301112543845, 34.792790560718117 ], [ 114.448637327765709, 34.792944152862276 ], [ 114.448638610357193, 34.792944729574288 ], [ 114.449056579259377, 34.793129687835119 ], [ 114.449426360238476, 34.793306881040792 ], [ 114.449429111521795, 34.793308105718438 ], [ 114.449434844423081, 34.793310616828649 ], [ 114.449649660628779, 34.793406502106677 ], [ 114.449651167347042, 34.793407161528705 ], [ 114.44974128683441, 34.793445862186672 ], [ 114.449922659432559, 34.793523689506742 ], [ 114.450173989267228, 34.793640120529062 ], [ 114.450179079819577, 34.793642335373761 ], [ 114.450344513941445, 34.793709781438679 ], [ 114.450352053527808, 34.79371256786186 ], [ 114.45047847663443, 34.79375463190371 ], [ 114.450481976542733, 34.793755739214021 ], [ 114.450491067905773, 34.793758103914627 ], [ 114.450500374505395, 34.793759805960065 ], [ 114.450507889763685, 34.79376067835625 ], [ 114.45051546030129, 34.793761118311522 ], [ 114.450635889971409, 34.793764656088342 ], [ 114.450845094989859, 34.793772766054246 ], [ 114.450858000402604, 34.793772636850349 ], [ 114.451110875675681, 34.793757752834381 ], [ 114.451122073494162, 34.793756611959964 ], [ 114.451130582516157, 34.793755083554686 ], [ 114.451138916976333, 34.793753001021742 ], [ 114.451292751264759, 34.793708969482623 ], [ 114.451588667462261, 34.793675615600307 ], [ 114.451592195171088, 34.79367516944626 ], [ 114.451953466485975, 34.793624483791461 ], [ 114.452234141346253, 34.793593518439764 ], [ 114.452562472189811, 34.793563528892776 ], [ 114.452568672358893, 34.793562813710878 ], [ 114.452979628344337, 34.793505464095176 ], [ 114.45338062770179, 34.793453678309902 ], [ 114.453487696856428, 34.793440765261835 ], [ 114.453488794116311, 34.793440628228154 ], [ 114.453856925404807, 34.793393074032736 ], [ 114.454228921720301, 34.793347759736776 ], [ 114.454451922375938, 34.793321144809454 ], [ 114.454526514468284, 34.793326217132801 ], [ 114.454540659602799, 34.79340248953099 ], [ 114.454587480766463, 34.793733256193036 ], [ 114.454587719845222, 34.793734825511422 ], [ 114.454686623489124, 34.794340994077231 ], [ 114.454694448033479, 34.794460623676116 ], [ 114.454695666953057, 34.794470035632457 ], [ 114.454789439555157, 34.794952568826659 ], [ 114.454858915908858, 34.795430574781847 ], [ 114.454901622568286, 34.79580639137464 ], [ 114.454936397705296, 34.796297228169863 ], [ 114.454985881603193, 34.797177276500918 ], [ 114.454984338263557, 34.797249810684946 ], [ 114.454984039811734, 34.797257669725127 ], [ 114.454983238294176, 34.797292043741095 ], [ 114.454983220863824, 34.797293172914465 ], [ 114.454981857634266, 34.79746700091323 ], [ 114.454981855727056, 34.797467751925467 ], [ 114.454988435184191, 34.798924507905838 ], [ 114.454988461370363, 34.798926173681764 ], [ 114.455011206162339, 34.799770882272696 ], [ 114.455004414193809, 34.80051411472499 ], [ 114.454994930081625, 34.801176158946191 ], [ 114.45499492245267, 34.801177223951015 ], [ 114.454994942575581, 34.801178953847057 ], [ 114.455010995011776, 34.801868829353623 ], [ 114.455008242959138, 34.802543410314684 ], [ 114.455008248638705, 34.802544505754156 ], [ 114.455016248549327, 34.803174770692863 ], [ 114.455021543116573, 34.803702744966586 ], [ 114.455002096186831, 34.803952513986303 ], [ 114.454967046464958, 34.804088529220053 ], [ 114.45493880688116, 34.804165058812316 ], [ 114.454937537196315, 34.80416878506594 ], [ 114.454828672660483, 34.804516796829319 ], [ 114.454625631738281, 34.805138510863173 ], [ 114.454625139908217, 34.805140072347285 ], [ 114.454508319451634, 34.805525081924714 ], [ 114.454303681977194, 34.80614782681738 ], [ 114.454203986489915, 34.806385604516606 ], [ 114.454200100927324, 34.806397412172259 ], [ 114.454176872681614, 34.806493344199907 ], [ 114.453995325660117, 34.806994936271224 ], [ 114.453994021538165, 34.806998860403041 ], [ 114.453855774994054, 34.807454984399214 ], [ 114.453706796813663, 34.807895700759332 ], [ 114.453706586073054, 34.807896333063297 ], [ 114.453608267217078, 34.808195584491898 ], [ 114.453534173439948, 34.808426689940973 ], [ 114.453533916956189, 34.808427505344582 ], [ 114.453367289674929, 34.808967606706062 ], [ 114.453280054532684, 34.809231796281722 ], [ 114.453279490161208, 34.809233576968211 ], [ 114.453275667981302, 34.809246184636038 ], [ 114.453273481495785, 34.809253824716222 ], [ 114.453233746980573, 34.809384170928809 ], [ 114.453232542462274, 34.809388608352037 ], [ 114.453160846542346, 34.80968796208532 ], [ 114.45305597225547, 34.809980745420148 ], [ 114.453053354893541, 34.809989720749059 ], [ 114.453013784829636, 34.81016430088448 ], [ 114.452930115477329, 34.810419239397618 ], [ 114.452873566925518, 34.810593009206286 ], [ 114.452873117387526, 34.810594437180498 ], [ 114.452817109207786, 34.810778529108859 ], [ 114.452729481894494, 34.81102581046423 ], [ 114.4525390822605, 34.811495654973157 ], [ 114.452538062935105, 34.811498305633279 ], [ 114.452415619548105, 34.811834622529375 ], [ 114.452414814116082, 34.81183694758812 ], [ 114.452342122790469, 34.81205796812759 ], [ 114.452153932681767, 34.812634489529046 ], [ 114.452047847127574, 34.812941611883616 ], [ 114.452047634862538, 34.812942234876289 ], [ 114.451972288599109, 34.813166460812056 ], [ 114.451971626152613, 34.813168527079029 ], [ 114.45183438261347, 34.813618107961247 ], [ 114.451833424372126, 34.813621526657357 ], [ 114.451725033637672, 34.814045686209113 ], [ 114.451656573727746, 34.814256466802988 ], [ 114.451420674259452, 34.814854253088129 ], [ 114.451418751940764, 34.81485970143143 ], [ 114.451145894126398, 34.815734833963006 ], [ 114.450960524257425, 34.816281274695882 ], [ 114.450958948997709, 34.816286519309131 ], [ 114.450845155840057, 34.816720751208493 ], [ 114.450657759077899, 34.817295906967956 ], [ 114.450493905997178, 34.817763292846735 ], [ 114.450493136158912, 34.817765603446787 ], [ 114.450288579334938, 34.818413126024609 ], [ 114.45028369753993, 34.818428779947908 ], [ 114.450184625377346, 34.818746274942839 ], [ 114.450020490506859, 34.819144138672357 ], [ 114.450018969463486, 34.819148126659684 ], [ 114.449810432772324, 34.81974271648221 ], [ 114.449810144611661, 34.81974355319727 ], [ 114.449565405503222, 34.820467452276262 ], [ 114.449417543944719, 34.820890203360022 ], [ 114.449416382366849, 34.820893801964814 ], [ 114.449376009333946, 34.821030149269802 ], [ 114.449228818734127, 34.821529726361348 ], [ 114.449040158083221, 34.82202922876678 ], [ 114.449039314272, 34.822031574513687 ], [ 114.448805441432, 34.822715639638943 ], [ 114.448688619192467, 34.823039216417499 ], [ 114.448687816198003, 34.823041555433235 ], [ 114.448643459650953, 34.823177740191454 ], [ 114.448469515526426, 34.823706776791198 ], [ 114.448301161493987, 34.824112796651093 ], [ 114.448298021929531, 34.824121905784409 ], [ 114.448158638856967, 34.824625568623844 ], [ 114.44801862771385, 34.825044951263408 ], [ 114.447953423275521, 34.825212375198248 ], [ 114.447951059938077, 34.825219410145792 ], [ 114.4479254326518, 34.825309772094613 ], [ 114.447858461728856, 34.82555158028822 ], [ 114.447697514688912, 34.826061103611664 ], [ 114.447579532204713, 34.826426936759958 ], [ 114.447544923115629, 34.826524813244475 ], [ 114.447542268294342, 34.826534139848832 ], [ 114.447518222665394, 34.826644744191753 ], [ 114.447485844575453, 34.826721357004033 ], [ 114.447449231782002, 34.826771181465062 ], [ 114.447392671752596, 34.826799414528068 ], [ 114.447384586501357, 34.826803554839444 ], [ 114.447373696180421, 34.826808871328353 ], [ 114.446992305442336, 34.82692387130237 ], [ 114.446986532527035, 34.826925767050966 ], [ 114.446858638796812, 34.826971279574707 ], [ 114.446616206378621, 34.827051868472552 ], [ 114.44576872801224, 34.827337372192403 ], [ 114.445767536408766, 34.827337780405969 ], [ 114.445281042062447, 34.827507223089697 ], [ 114.444672013098739, 34.827715633479954 ], [ 114.444427113134566, 34.82779398103628 ], [ 114.444425892845629, 34.827794378389228 ], [ 114.44428104312351, 34.827842375031935 ], [ 114.44407567750693, 34.82790897296519 ], [ 114.444074125445013, 34.827909487622662 ], [ 114.443590717063216, 34.828073336887485 ], [ 114.4432391153656, 34.828187953820475 ], [ 114.443235342017601, 34.828189251660547 ], [ 114.442723034336154, 34.828374806824854 ], [ 114.442076311260507, 34.828592055275521 ], [ 114.442072912045205, 34.828593252780195 ], [ 114.441817141155184, 34.828687605537084 ], [ 114.441593358617524, 34.828759782926682 ], [ 114.441371188531775, 34.828827272096305 ], [ 114.441366901539141, 34.828828659611474 ], [ 114.4411765339147, 34.828894121934354 ], [ 114.441007130592766, 34.82895057184237 ], [ 114.440793259719726, 34.829018657717995 ], [ 114.440614937660939, 34.829069532773588 ], [ 114.440613292595572, 34.829070014268268 ], [ 114.44060622788038, 34.829072367575179 ], [ 114.440599379123796, 34.829075120955963 ], [ 114.440424455614448, 34.82915177772793 ], [ 114.44027171080586, 34.829210381846963 ], [ 114.440154403943325, 34.829239067071342 ], [ 114.440148095518452, 34.829240783270791 ], [ 114.440143898201086, 34.829242124312373 ], [ 114.439950305363141, 34.829307788247093 ], [ 114.439947910191449, 34.829308628280728 ], [ 114.43970408837481, 34.829396982124251 ], [ 114.439405575723413, 34.829500056898212 ], [ 114.439203036353433, 34.829563290870055 ], [ 114.439092391465692, 34.829579654450583 ], [ 114.438783154452494, 34.829604019627482 ], [ 114.438424129669215, 34.829627561517725 ], [ 114.438065591427289, 34.829648968485799 ], [ 114.438063971790939, 34.829649075168277 ], [ 114.43767846505682, 34.829676846117593 ], [ 114.437408585064759, 34.829684044236103 ], [ 114.437398417147733, 34.829684707990339 ], [ 114.437200805357861, 34.829705293968402 ], [ 114.437195524263757, 34.82970595256387 ], [ 114.437186213620407, 34.829707654595666 ], [ 114.437177118306295, 34.829710019277286 ], [ 114.437165835681981, 34.829714010387647 ], [ 114.436946719843149, 34.829803849301186 ], [ 114.436940732322569, 34.829806498699384 ], [ 114.436932689137961, 34.829810723901289 ], [ 114.436925123151241, 34.829815511062861 ], [ 114.436919419287847, 34.829819747731506 ], [ 114.436751390296422, 34.829953660627893 ], [ 114.436743619891899, 34.829960534534678 ], [ 114.436737814291632, 34.82996677328623 ], [ 114.436732690202689, 34.82997340552663 ], [ 114.436731451129276, 34.829975223423389 ], [ 114.43661929641587, 34.830144320173645 ], [ 114.436538110987385, 34.830258506644611 ], [ 114.436537744875636, 34.830259025528733 ], [ 114.436536044733543, 34.830261545952624 ], [ 114.436234230223477, 34.830726327832963 ], [ 114.436110544659073, 34.830905541329628 ], [ 114.435967838246711, 34.83103462712927 ], [ 114.435850894743794, 34.831089248327146 ], [ 114.435709874656482, 34.831135971698302 ], [ 114.43537257129276, 34.831183562702677 ], [ 114.43501914220019, 34.83120030996281 ], [ 114.434622738242524, 34.831215081487755 ], [ 114.434217603426873, 34.831225481793297 ], [ 114.434208776590594, 34.831226003867414 ], [ 114.433765241248921, 34.831267171107129 ], [ 114.433707736478596, 34.831272520550158 ], [ 114.433453639061327, 34.830566243687201 ], [ 114.433452712392295, 34.83056379615914 ], [ 114.433188221743876, 34.829898622582675 ], [ 114.432763921054175, 34.828788046439968 ], [ 114.432328688239068, 34.82763076160046 ], [ 114.432328470875518, 34.827630190334617 ], [ 114.431845114808198, 34.826374449849652 ], [ 114.431407529505805, 34.825160807881389 ], [ 114.430988471602404, 34.823972784737521 ], [ 114.430987662758184, 34.823970595648291 ], [ 114.430723311665702, 34.823286411598588 ], [ 114.430710985597671, 34.823078233866681 ], [ 114.430812410875092, 34.82223154145305 ], [ 114.430812480066379, 34.822230943483362 ], [ 114.430936219620776, 34.821122492374343 ], [ 114.430936485897064, 34.821119596819415 ], [ 114.431033394334236, 34.819779895572594 ], [ 114.431097980470781, 34.818801383886523 ], [ 114.431104059259496, 34.818724852329979 ], [ 114.432084041595886, 34.81879903675781 ], [ 114.433226888475019, 34.818923519016096 ], [ 114.433229793200894, 34.818923802836025 ], [ 114.434495819557355, 34.819033353952989 ], [ 114.434502529024485, 34.819033762806896 ], [ 114.435666495288842, 34.819075035851256 ], [ 114.435672304648961, 34.819075114349175 ], [ 114.436333974431022, 34.819069547610468 ], [ 114.4370772250046, 34.819119712098882 ], [ 114.437441064634186, 34.819154204318579 ], [ 114.437450427999352, 34.819154757328533 ], [ 114.438150785761195, 34.819171243346204 ], [ 114.438154960051293, 34.819171275827614 ], [ 114.43896020092825, 34.819164856820748 ], [ 114.438960849945147, 34.819164850055529 ], [ 114.440098182183419, 34.819150204039715 ], [ 114.440101196240221, 34.819150130907133 ], [ 114.440480386028753, 34.819136610363671 ], [ 114.440719758757609, 34.819142420027902 ], [ 114.440732500407535, 34.819142116021112 ], [ 114.440741954312784, 34.819141089589039 ], [ 114.44075126376606, 34.819139387550877 ], [ 114.440760357916361, 34.819137022860048 ], [ 114.440769167551707, 34.819134013513462 ], [ 114.44077762562506, 34.819130382414357 ], [ 114.440785667765681, 34.819126157197331 ], [ 114.440793232767305, 34.819121370019047 ], [ 114.440800263055962, 34.819116057313067 ], [ 114.440806705127216, 34.819110259512058 ], [ 114.440812509952252, 34.819104020741122 ], [ 114.440817633353504, 34.819097388481055 ], [ 114.440822036338886, 34.819090413207562 ], [ 114.440825685398977, 34.819083148006655 ], [ 114.440828552762355, 34.819075648171065 ], [ 114.440830616606945, 34.819067970779031 ], [ 114.440831861225774, 34.819060174260358 ], [ 114.44083227714691, 34.819052317950991 ], [ 114.440831861205197, 34.819044461642306 ], [ 114.440830616566245, 34.81903666512585 ], [ 114.440828552702897, 34.81902898773734 ], [ 114.440825685322466, 34.819021487906696 ], [ 114.440822036247596, 34.819014222711701 ], [ 114.44081763325039, 34.819007247445086 ], [ 114.440812509840384, 34.819000615192635 ], [ 114.440806705009777, 34.818994376429885 ], [ 114.440800262936932, 34.818988578637459 ], [ 114.440793232650094, 34.818983265939778 ], [ 114.440785667653586, 34.818978478769623 ], [ 114.44077762552206, 34.818974253560327 ], [ 114.440769167460417, 34.81897062246793 ], [ 114.440760357839963, 34.81896761312737 ], [ 114.440751263706488, 34.818965248441543 ], [ 114.440741954272085, 34.818963546406906 ], [ 114.440734101029761, 34.818962645254373 ], [ 114.440726189235534, 34.818962215970885 ], [ 114.440482847500334, 34.818956309977182 ], [ 114.440479632000233, 34.818956270963383 ], [ 114.440474910354055, 34.818956355106195 ], [ 114.44009326039054, 34.818969963370932 ], [ 114.438957762444375, 34.818984585765975 ], [ 114.438154935440025, 34.818990985530775 ], [ 114.437461361989108, 34.818974659211449 ], [ 114.43710040972951, 34.818940440716062 ], [ 114.437096842252913, 34.818940151307402 ], [ 114.436346799061653, 34.818889528361524 ], [ 114.436337883000078, 34.818889227962359 ], [ 114.436336767627608, 34.818889232655692 ], [ 114.435672981429207, 34.81889481720043 ], [ 114.434515283357541, 34.818853766418613 ], [ 114.433254061402749, 34.818744631032928 ], [ 114.432110510709549, 34.818620072114015 ], [ 114.432106188454441, 34.818619673279954 ], [ 114.431012315630937, 34.818536867368493 ], [ 114.431002324000019, 34.818536489957182 ], [ 114.430992797662384, 34.818536832970608 ], [ 114.430983343825801, 34.818537859400578 ], [ 114.430974034439259, 34.81853956143533 ], [ 114.430964940352737, 34.818541926121554 ], [ 114.430956130777417, 34.818544935462285 ], [ 114.430947672759316, 34.818548566554853 ], [ 114.430939630668945, 34.818552791764375 ], [ 114.430932065711545, 34.818557578934815 ], [ 114.430925035460859, 34.818562891632837 ], [ 114.430918593421097, 34.818568689425831 ], [ 114.43091278862039, 34.81857492818915 ], [ 114.430907665236646, 34.818581560441942 ], [ 114.430903262262177, 34.818588535709068 ], [ 114.430899613206179, 34.818595800904404 ], [ 114.430896745840414, 34.818603300735788 ], [ 114.430894681987752, 34.818610978124639 ], [ 114.430893255175306, 34.818620738883055 ], [ 114.4308798029532, 34.818790095871236 ], [ 114.430879730769334, 34.818791088548096 ], [ 114.430815140942855, 34.819769628264169 ], [ 114.430718366976976, 34.821107411523315 ], [ 114.430594819341536, 34.822214117355884 ], [ 114.430492635037467, 34.82306712735965 ], [ 114.430492105538178, 34.823075988950961 ], [ 114.430492235592396, 34.823080384904586 ], [ 114.430505650294094, 34.823306958916419 ], [ 114.430507180864424, 34.82331821576804 ], [ 114.430508692075705, 34.823324120208156 ], [ 114.430510678959536, 34.823329928035832 ], [ 114.430778939933703, 34.824024236019 ], [ 114.431197789353405, 34.825211673807075 ], [ 114.431635841349703, 34.826426621457472 ], [ 114.431636430478989, 34.826428202167619 ], [ 114.432119977221873, 34.827684446229114 ], [ 114.432555245411891, 34.828841831359625 ], [ 114.432979881188203, 34.829953293399683 ], [ 114.432980270283565, 34.829954291529305 ], [ 114.433244473100558, 34.830618745422612 ], [ 114.433495934401549, 34.831317699981753 ], [ 114.433158082012824, 34.831423429579445 ], [ 114.43315727080801, 34.831423686486971 ], [ 114.432036177043869, 34.831782951836203 ], [ 114.430869454312301, 34.832162005166083 ], [ 114.43086864787972, 34.832162270215917 ], [ 114.430389278814687, 34.832321644697174 ], [ 114.429960995102078, 34.832450346218423 ], [ 114.429953318610615, 34.832452928940768 ], [ 114.429668259592063, 34.832559403387449 ], [ 114.42893209246904, 34.832798409634563 ], [ 114.428872254485441, 34.832635060206201 ], [ 114.428871401875767, 34.832632836992389 ], [ 114.428522382844676, 34.831762085928631 ], [ 114.428181375320037, 34.830870318663813 ], [ 114.427951872265567, 34.830276732051061 ], [ 114.427641833827465, 34.82943136725936 ], [ 114.427641464368548, 34.829430380308906 ], [ 114.427203997126867, 34.828285065004309 ], [ 114.426939776023232, 34.827528149726277 ], [ 114.426938381122454, 34.827524454111426 ], [ 114.426691875750066, 34.826917598333921 ], [ 114.426470765167778, 34.826298962766941 ], [ 114.426383650135108, 34.825951900088626 ], [ 114.426325017217778, 34.825630948273272 ], [ 114.426324576142179, 34.825628723142813 ], [ 114.426322512114439, 34.825621045762659 ], [ 114.426319644505497, 34.8256135459402 ], [ 114.426315995140044, 34.825606280753163 ], [ 114.426311591792228, 34.825599305494052 ], [ 114.426306467973859, 34.825592673248877 ], [ 114.42630066268066, 34.825586434492891 ], [ 114.426294220094633, 34.825580636706604 ], [ 114.42628718924766, 34.825575324014665 ], [ 114.426279623648497, 34.825570536849852 ], [ 114.426271580876346, 34.825566311644934 ], [ 114.426263122140767, 34.825562680556629 ], [ 114.426254311818184, 34.82555967121948 ], [ 114.426245216960297, 34.825557306536098 ], [ 114.4262359067842, 34.825555604503279 ], [ 114.426226452145784, 34.825554578074389 ], [ 114.426216925000062, 34.825554235061304 ], [ 114.426207397854455, 34.825554578074389 ], [ 114.426197943215925, 34.825555604503279 ], [ 114.426188633039828, 34.825557306536098 ], [ 114.426179538182168, 34.82555967121948 ], [ 114.426170727859585, 34.825562680556629 ], [ 114.426162269124006, 34.825566311644934 ], [ 114.426154226351855, 34.825570536849852 ], [ 114.426146660752693, 34.825575324014665 ], [ 114.426139629905492, 34.825580636706604 ], [ 114.426133187319465, 34.825586434492891 ], [ 114.42612738202638, 34.825592673248877 ], [ 114.426122258208011, 34.825599305494052 ], [ 114.426117854860081, 34.825606280753163 ], [ 114.426114205494628, 34.8256135459402 ], [ 114.426111337885914, 34.825621045762659 ], [ 114.42610927385806, 34.825628723142813 ], [ 114.42610802911986, 34.825636519650914 ], [ 114.426107613144836, 34.825644375951072 ], [ 114.426107918467437, 34.825651108596446 ], [ 114.426108832747445, 34.825657803631032 ], [ 114.426167909334595, 34.825981188682761 ], [ 114.426168350396324, 34.825983413761151 ], [ 114.42616895861579, 34.825986031306797 ], [ 114.426257592178331, 34.826339147383806 ], [ 114.426259782418015, 34.82634636022874 ], [ 114.426482732696286, 34.826970147418251 ], [ 114.426483933482814, 34.82697329359263 ], [ 114.426730327247924, 34.827579878347649 ], [ 114.4269942730308, 34.828336010408464 ], [ 114.426995056865167, 34.82833815523162 ], [ 114.427432741392408, 34.829484046955315 ], [ 114.427742833134516, 34.830329562913903 ], [ 114.427743317897011, 34.830330849884092 ], [ 114.427972962371769, 34.830924805377265 ], [ 114.428314088985644, 34.831816890704431 ], [ 114.428314551027484, 34.831818070625332 ], [ 114.428663360276687, 34.832688303754765 ], [ 114.428728082914063, 34.832864988832227 ], [ 114.426558907070444, 34.833582082633598 ], [ 114.424842553178564, 34.834129928816083 ], [ 114.424841141438719, 34.834130388736526 ], [ 114.423814453735986, 34.834471673412224 ], [ 114.423513249123857, 34.834558669570242 ], [ 114.423512000114215, 34.834559037344889 ], [ 114.423508415930087, 34.834560172130125 ], [ 114.421824394611576, 34.835121504153449 ], [ 114.419250583277972, 34.835958781442741 ], [ 114.418984447786897, 34.836036239891314 ], [ 114.418874989292021, 34.836061768464162 ], [ 114.418867354433928, 34.836063801365981 ], [ 114.418863914890494, 34.836064888014789 ], [ 114.416887197602364, 34.836721063758773 ], [ 114.415323716497369, 34.837238375526567 ], [ 114.415001936682188, 34.83733189504386 ], [ 114.414959206755725, 34.83705171399555 ], [ 114.414958758665989, 34.837049088409969 ], [ 114.414824796590779, 34.836339887963675 ], [ 114.414690870933555, 34.835477142964123 ], [ 114.414552737308327, 34.834518602896367 ], [ 114.414389171116568, 34.833384500255761 ], [ 114.414324875522652, 34.832857446614526 ], [ 114.414323763541233, 34.832850815161407 ], [ 114.414323612334897, 34.83285012384988 ], [ 114.41422972688224, 34.832430252762833 ], [ 114.41406337737385, 34.831662844911079 ], [ 114.414063038636641, 34.831661354694575 ], [ 114.413918290330457, 34.831052862449042 ], [ 114.413715239441444, 34.830109128939 ], [ 114.413611163498217, 34.829227395904525 ], [ 114.413530806894187, 34.828302544423593 ], [ 114.413530598988018, 34.828300483498481 ], [ 114.413461953558908, 34.827703052791435 ], [ 114.413470703005942, 34.827643065697032 ], [ 114.413474225921391, 34.827629472210731 ], [ 114.413513248585446, 34.827585181962263 ], [ 114.41355888673138, 34.827550626796608 ], [ 114.413563956228359, 34.827546530438156 ], [ 114.413568692660419, 34.827542171431503 ], [ 114.413574498077196, 34.827535932669264 ], [ 114.413579622000498, 34.827529300418462 ], [ 114.413584025434716, 34.827522325154689 ], [ 114.413587674866562, 34.827515059963957 ], [ 114.413590542522229, 34.827507560138656 ], [ 114.41359260657714, 34.827499882757252 ], [ 114.413593851322958, 34.827492086249435 ], [ 114.413594267286385, 34.827484229950926 ], [ 114.413593851302153, 34.827476373653269 ], [ 114.41359260653644, 34.827468577147556 ], [ 114.413590542462543, 34.827460899769733 ], [ 114.413587674790051, 34.827453399949434 ], [ 114.413584025343425, 34.8274461347645 ], [ 114.413579621897497, 34.827439159507719 ], [ 114.413574497965215, 34.827432527264477 ], [ 114.413568692542981, 34.82742628851048 ], [ 114.413566301830087, 34.827424017158648 ], [ 114.412966599132801, 34.826873092217397 ], [ 114.412935258352377, 34.826843733269072 ], [ 114.41311625328342, 34.826722613001834 ], [ 114.413117488734088, 34.826721773801466 ], [ 114.413407243516758, 34.826521997978375 ], [ 114.41342227663722, 34.826515244895177 ], [ 114.413435865993165, 34.826519456464553 ], [ 114.413436935748109, 34.826519782757146 ], [ 114.413446030709906, 34.826522147444962 ], [ 114.413455340994005, 34.826523849481021 ], [ 114.413464795742811, 34.826524875912014 ], [ 114.413474323000059, 34.826525218925838 ], [ 114.413475730897858, 34.826525211449109 ], [ 114.414166960209513, 34.826517867592031 ], [ 114.414842967018899, 34.826512746910055 ], [ 114.415809229916363, 34.826531963731782 ], [ 114.415813612767238, 34.826531978403239 ], [ 114.416530645548278, 34.826522521393144 ], [ 114.416534665185395, 34.826522407343191 ], [ 114.417156381859968, 34.826495315313991 ], [ 114.417169594999564, 34.826494071481534 ], [ 114.417178905280252, 34.826492369445361 ], [ 114.417188000238639, 34.826490004757545 ], [ 114.417196810656833, 34.826486995414712 ], [ 114.41720526948211, 34.826483364319813 ], [ 114.417213312337367, 34.826479139108017 ], [ 114.417220878011335, 34.82647435193536 ], [ 114.417227908924815, 34.826469039235747 ], [ 114.417234351568368, 34.8264632414419 ], [ 114.417240156909315, 34.82645700267841 ], [ 114.417245280765997, 34.826450370426528 ], [ 114.417249684142689, 34.826443395161505 ], [ 114.417253333526901, 34.826436129969352 ], [ 114.417256201145278, 34.8264286301428 ], [ 114.417258265173132, 34.826420952760145 ], [ 114.417259509902806, 34.826413156250794 ], [ 114.41725992586089, 34.826405299950977 ], [ 114.417259509882001, 34.826397443651899 ], [ 114.417258265132432, 34.826389647144822 ], [ 114.417256201085593, 34.826381969765578 ], [ 114.41725333345039, 34.826374469943971 ], [ 114.417249684051399, 34.826367204757844 ], [ 114.417245280662769, 34.826360229499585 ], [ 114.417240156797561, 34.82635359725532 ], [ 114.417234351450929, 34.826347358500072 ], [ 114.417227908805557, 34.826341560714525 ], [ 114.417220877893897, 34.826336248023267 ], [ 114.417213312225272, 34.826331460858967 ], [ 114.417205269378883, 34.826327235654787 ], [ 114.417196810565656, 34.826323604566824 ], [ 114.417188000162128, 34.826320595230072 ], [ 114.417178905220567, 34.826318230547031 ], [ 114.417169594958864, 34.826316528514383 ], [ 114.417160140233364, 34.826315502085663 ], [ 114.417150613000103, 34.826315159072578 ], [ 114.417144844152858, 34.826315284684426 ], [ 114.416525137395297, 34.826342289129684 ], [ 114.415812308904606, 34.826351690689421 ], [ 114.414846419131891, 34.826332481287693 ], [ 114.414843783000038, 34.826332455072929 ], [ 114.414842778526918, 34.826332458878596 ], [ 114.414164547808923, 34.826337596715405 ], [ 114.413493504673852, 34.826344725799231 ], [ 114.413452366981346, 34.826331976541212 ], [ 114.413451297167057, 34.826331650230145 ], [ 114.413442202224473, 34.82632928554716 ], [ 114.413432891961293, 34.826327583514512 ], [ 114.413423437234542, 34.826326557085793 ], [ 114.413413910000259, 34.826326214072878 ], [ 114.413404382765634, 34.826326557085793 ], [ 114.413394928038883, 34.826327583514512 ], [ 114.41338561777593, 34.82632928554716 ], [ 114.413376522833119, 34.826331650230145 ], [ 114.413368943932824, 34.826334193664593 ], [ 114.413361616981661, 34.826337197458088 ], [ 114.413293144027762, 34.826367956428953 ], [ 114.413290780593684, 34.826369049655398 ], [ 114.413282816432115, 34.826373229467094 ], [ 114.413275319308468, 34.826377960327079 ], [ 114.412977867346171, 34.826583042852064 ], [ 114.412794554886432, 34.826705713855915 ], [ 114.412793171791691, 34.826706655027522 ], [ 114.412790534742385, 34.826708539638389 ], [ 114.412708632755653, 34.826768986589855 ], [ 114.412703014907038, 34.826773440184809 ], [ 114.412697796113321, 34.82677821250428 ], [ 114.412691990736334, 34.826784451259016 ], [ 114.412686866844297, 34.82679108350294 ], [ 114.412682463432816, 34.82679805876046 ], [ 114.412678814014953, 34.826805323946076 ], [ 114.412675946364629, 34.826812823767284 ], [ 114.412673882307104, 34.826820501145846 ], [ 114.412672637551168, 34.826828297652355 ], [ 114.412672221570119, 34.826836153950921 ], [ 114.412672637530363, 34.82684401025017 ], [ 114.41267388226629, 34.826851806759066 ], [ 114.412675946305171, 34.826859484141153 ], [ 114.412678813938555, 34.826866983967136 ], [ 114.412682463341639, 34.826874249158607 ], [ 114.412686866741296, 34.826881224423232 ], [ 114.412691990624467, 34.82688785667483 ], [ 114.412697795995769, 34.826894095437751 ], [ 114.412699482923131, 34.826895713932913 ], [ 114.412802844901648, 34.826992540001697 ], [ 114.412803548157058, 34.826993192390773 ], [ 114.413334686452345, 34.827481130594776 ], [ 114.413283730345825, 34.82753896501589 ], [ 114.413277498979483, 34.82754687750861 ], [ 114.41327309552787, 34.827553852765277 ], [ 114.41326944607647, 34.827561117949983 ], [ 114.413267104846454, 34.82756705410003 ], [ 114.413265267443307, 34.827573109628361 ], [ 114.413255863398717, 34.827609395620186 ], [ 114.413255110276509, 34.827612581147946 ], [ 114.413254231719861, 34.827617469949132 ], [ 114.413243485624662, 34.827691144939706 ], [ 114.413242703426363, 34.827701908951042 ], [ 114.413243190781373, 34.827710411342764 ], [ 114.413312824705258, 34.828316458931226 ], [ 114.413393188874807, 34.829241425549867 ], [ 114.413393423506704, 34.829243715954931 ], [ 114.413498048351812, 34.83013011904734 ], [ 114.413499204990899, 34.830137086370939 ], [ 114.413703186796056, 34.83108515816906 ], [ 114.413703550078367, 34.831086762085022 ], [ 114.413848310354183, 34.831695311279532 ], [ 114.414014601884446, 34.832462457056295 ], [ 114.414107779705773, 34.832879172041658 ], [ 114.414171723766685, 34.833403355345183 ], [ 114.414171939765083, 34.83340497825003 ], [ 114.414335618661312, 34.834539882989247 ], [ 114.414473806790738, 34.835498818741371 ], [ 114.414473927714084, 34.8354996267052 ], [ 114.414608102599345, 34.836363991823362 ], [ 114.414608520203387, 34.836366419376816 ], [ 114.41474246183293, 34.837075521385771 ], [ 114.414790450286091, 34.837390188120196 ], [ 114.414723745747551, 34.837408358411608 ], [ 114.414720649825767, 34.837409244384673 ], [ 114.414717002578868, 34.837410400167357 ], [ 114.41401371279153, 34.837645241236601 ], [ 114.412341005977055, 34.838195282234949 ], [ 114.411383002316143, 34.838512474152651 ], [ 114.411130955942099, 34.838592783635818 ], [ 114.410894390675708, 34.838658002798525 ], [ 114.410892127732495, 34.838658649477281 ], [ 114.410513342140575, 34.838770740883888 ], [ 114.410511957480935, 34.838771162009778 ], [ 114.409430024427934, 34.839107257671628 ], [ 114.409427285958714, 34.839108143209501 ], [ 114.408435615720691, 34.839441573517774 ], [ 114.407256126255675, 34.839802127916187 ], [ 114.407085600685264, 34.839850114448097 ], [ 114.406868080884351, 34.839911669500339 ], [ 114.406866180693783, 34.83991222341956 ], [ 114.406863095139443, 34.839913193100585 ], [ 114.406040382840388, 34.840183539830491 ], [ 114.40603824186087, 34.840184265102266 ], [ 114.405248234979126, 34.840459976381851 ], [ 114.403936434751017, 34.840906035005673 ], [ 114.403487126532355, 34.841057218426272 ], [ 114.402848081891079, 34.841255548073548 ], [ 114.40290251776878, 34.839628434437884 ], [ 114.40290255898617, 34.839626176742172 ], [ 114.402908101974617, 34.837816905057537 ], [ 114.403026113765918, 34.836319870462603 ], [ 114.403026339356984, 34.836314850881365 ], [ 114.40304529652758, 34.834610864252795 ], [ 114.403069548205394, 34.833518318291169 ], [ 114.403096470002311, 34.83241118251135 ], [ 114.403131070212112, 34.831808004013055 ], [ 114.40324965979471, 34.83117772841905 ], [ 114.403450945939426, 34.830667791439453 ], [ 114.403453059557137, 34.830661722155355 ], [ 114.403454652683877, 34.830655545749153 ], [ 114.403454879443643, 34.830654445546713 ], [ 114.403558853943878, 34.830130353828054 ], [ 114.403767125290869, 34.829447845009895 ], [ 114.403767371538379, 34.829447021700105 ], [ 114.403945903801514, 34.828837796546395 ], [ 114.40394730131095, 34.828832276753985 ], [ 114.403947478756095, 34.828831422960491 ], [ 114.404057570064879, 34.828285975864276 ], [ 114.404057714323926, 34.82828524247833 ], [ 114.404306099673931, 34.826988690260919 ], [ 114.40430682785086, 34.826984140478658 ], [ 114.404403520875007, 34.826233024393446 ], [ 114.404404131620595, 34.826223508950932 ], [ 114.404403715642729, 34.826215652651683 ], [ 114.404402470896002, 34.826207856144265 ], [ 114.404400406853597, 34.826200178764964 ], [ 114.40439753922476, 34.826192678943073 ], [ 114.404393889833614, 34.826185413756775 ], [ 114.404389486454761, 34.826178438498346 ], [ 114.404384362600695, 34.82617180625374 ], [ 114.404378557266909, 34.826165567498435 ], [ 114.404372114635748, 34.826159769712717 ], [ 114.404365083739549, 34.826154457021289 ], [ 114.404357518087409, 34.826149669856818 ], [ 114.404349475258641, 34.826145444652468 ], [ 114.404341016464059, 34.826141813564504 ], [ 114.404332206079857, 34.826138804227526 ], [ 114.404323111158419, 34.826136439544314 ], [ 114.404313800916952, 34.826134737511666 ], [ 114.404304346212371, 34.826133711082946 ], [ 114.404294819000256, 34.826133368069861 ], [ 114.404285291787801, 34.826133711082946 ], [ 114.404275837083105, 34.826134737511666 ], [ 114.404266526841752, 34.826136439544314 ], [ 114.4042574319202, 34.826138804227526 ], [ 114.404248621536112, 34.826141813564504 ], [ 114.40424016274153, 34.826145444652468 ], [ 114.404232119912763, 34.826149669856818 ], [ 114.40422455426085, 34.826154457021289 ], [ 114.404217523364423, 34.826159769712717 ], [ 114.404211080733262, 34.826165567498435 ], [ 114.404205275399477, 34.82617180625374 ], [ 114.40420015154541, 34.826178438498346 ], [ 114.404195748166558, 34.826185413756775 ], [ 114.404192098775752, 34.826192678943073 ], [ 114.404189231146574, 34.826200178764964 ], [ 114.404187167104283, 34.826207856144265 ], [ 114.404186117150061, 34.826213993509725 ], [ 114.404089716025851, 34.826962826820477 ], [ 114.403841831998534, 34.828256744546138 ], [ 114.403732461241134, 34.828798614678021 ], [ 114.403554975292536, 34.82940426407373 ], [ 114.40334570194193, 34.830090050717899 ], [ 114.40334405804424, 34.830096394154225 ], [ 114.403343831264579, 34.830097494449376 ], [ 114.403240459047311, 34.830618543464368 ], [ 114.403039031550406, 34.831128835299808 ], [ 114.403036917863233, 34.831134904665248 ], [ 114.403035324684311, 34.831141081156943 ], [ 114.403034956268243, 34.83114291427529 ], [ 114.402914120449736, 34.831785119169353 ], [ 114.402912950103428, 34.831794680044993 ], [ 114.402878002300781, 34.832403890014064 ], [ 114.402877902178716, 34.832406341884962 ], [ 114.402850943882981, 34.833514861596143 ], [ 114.402826676607674, 34.834607976309769 ], [ 114.402826662897951, 34.834608799037255 ], [ 114.402807724603122, 34.836310684592206 ], [ 114.40268968527937, 34.837808018335068 ], [ 114.402689455410496, 34.837813637164572 ], [ 114.402683902476724, 34.839624592076632 ], [ 114.402627099244683, 34.841322332884829 ], [ 114.402620672979197, 34.841324151868889 ], [ 114.402618781055025, 34.841324703439284 ], [ 114.402613061908596, 34.841326571478476 ], [ 114.40188670574355, 34.84158353655971 ], [ 114.400049703824834, 34.842201191737729 ], [ 114.398955073385878, 34.842564132519897 ], [ 114.397326931607836, 34.843107431071644 ], [ 114.396730580596227, 34.843299796763347 ], [ 114.396728412584025, 34.843300518224453 ], [ 114.395949052232822, 34.843567890958923 ], [ 114.395947307582333, 34.843568504172026 ], [ 114.395684348793566, 34.843663159462949 ], [ 114.395419300625804, 34.843758831026037 ], [ 114.394714358124475, 34.843969184867603 ], [ 114.394712179976295, 34.843969858305627 ], [ 114.39325021323998, 34.84443656783759 ], [ 114.393246093937591, 34.844437963007806 ], [ 114.392314152427502, 34.84477204424428 ], [ 114.391754694407155, 34.844956190561845 ], [ 114.391611143251112, 34.845000935819826 ], [ 114.391344616800097, 34.845082305093968 ], [ 114.391343723653904, 34.845082581424776 ], [ 114.39047606941017, 34.845354587151348 ], [ 114.390474057215329, 34.845355236791818 ], [ 114.389841094751318, 34.845565558582052 ], [ 114.389839626121102, 34.845566056827579 ], [ 114.388513872672092, 34.846025130278861 ], [ 114.387363997386728, 34.846413728911386 ], [ 114.386072369057274, 34.846846369852756 ], [ 114.385483175958257, 34.847035653018111 ], [ 114.385481905686106, 34.84703606865645 ], [ 114.38468822435766, 34.847300506392912 ], [ 114.384686568265693, 34.847301071220727 ], [ 114.384001544240846, 34.847540142531898 ], [ 114.383343098986415, 34.847769406434168 ], [ 114.383081846265782, 34.847861589770332 ], [ 114.382914831171547, 34.847906675052002 ], [ 114.382911460077594, 34.847907635531158 ], [ 114.382906291337122, 34.847909310172383 ], [ 114.382501712213184, 34.848050270862927 ], [ 114.381769853193873, 34.848301530024173 ], [ 114.380957320309903, 34.848583750108787 ], [ 114.380956340152125, 34.848584095193473 ], [ 114.380247250030152, 34.848837117758137 ], [ 114.379595831874894, 34.849052751903685 ], [ 114.379592122511895, 34.849054045673086 ], [ 114.378759772176977, 34.849359372372987 ], [ 114.378757258502901, 34.849360326031103 ], [ 114.37847224266261, 34.849472081231568 ], [ 114.378324430912357, 34.849516978683766 ], [ 114.378274700668157, 34.849225012581599 ], [ 114.378213208687725, 34.848810291221412 ], [ 114.378212355316805, 34.848805575202562 ], [ 114.378211437670757, 34.848801766564179 ], [ 114.377999952546247, 34.848013279368104 ], [ 114.377818304842776, 34.847281241797475 ], [ 114.377687341934916, 34.846643015918005 ], [ 114.37768721249904, 34.846642398197048 ], [ 114.377685401508074, 34.846635515450373 ], [ 114.377493276071618, 34.846022081229478 ], [ 114.377525033926418, 34.845886258165194 ], [ 114.377763252033219, 34.845248599376305 ], [ 114.377763449627309, 34.845248064564828 ], [ 114.378090377326316, 34.844353240277258 ], [ 114.378309785180249, 34.843775878528447 ], [ 114.378569064059889, 34.84313110179761 ], [ 114.37876110006323, 34.84269723753863 ], [ 114.379053412577832, 34.842272839058182 ], [ 114.379498381159806, 34.841831427159491 ], [ 114.379959676637327, 34.841505584699973 ], [ 114.380830137884573, 34.840914917805719 ], [ 114.380831005876644, 34.840914322542176 ], [ 114.381713028867125, 34.840302057497809 ], [ 114.382135164834381, 34.840028873565984 ], [ 114.382137936525737, 34.84002701878137 ], [ 114.382138647893044, 34.840026522368873 ], [ 114.38249523597301, 34.839775525163645 ], [ 114.382501885289685, 34.83977043673849 ], [ 114.38250800003641, 34.839764911315001 ], [ 114.382512892068121, 34.83975973270509 ], [ 114.382517314047846, 34.83975427431136 ], [ 114.382589709980266, 34.83965745425661 ], [ 114.382591326881197, 34.839655220328552 ], [ 114.382595730960816, 34.839648245078479 ], [ 114.382599380927672, 34.839640979902299 ], [ 114.382602249003753, 34.839633480092118 ], [ 114.382604313361412, 34.839625802726005 ], [ 114.382605557897364, 34.839618009928813 ], [ 114.382605974313833, 34.839610157369691 ], [ 114.382605983195049, 34.839519992660371 ], [ 114.382605567150108, 34.839512132668801 ], [ 114.382604322203179, 34.839504336178607 ], [ 114.382601865982679, 34.839495484878796 ], [ 114.382544507598936, 34.839328071842829 ], [ 114.382467657534448, 34.839087457673202 ], [ 114.382464009487762, 34.838946284759459 ], [ 114.382495960677375, 34.838408763085909 ], [ 114.382538370388829, 34.837976547562448 ], [ 114.382640119171015, 34.837488453061098 ], [ 114.382727839490599, 34.837396947106299 ], [ 114.38312460813188, 34.83732075306267 ], [ 114.384875390494699, 34.837069099927362 ], [ 114.385726526116514, 34.836943164480601 ], [ 114.386071679095608, 34.836894306661293 ], [ 114.38663302706982, 34.836864543959848 ], [ 114.386635497387942, 34.836864389786456 ], [ 114.386929124704238, 34.836843302763839 ], [ 114.386938622374601, 34.836842273330376 ], [ 114.386948337136687, 34.836840481512297 ], [ 114.387206369528258, 34.836782602722565 ], [ 114.387712240555629, 34.836730290021535 ], [ 114.387717619348564, 34.836729621331926 ], [ 114.387726930781355, 34.836727919298539 ], [ 114.387736026865468, 34.836725554614645 ], [ 114.387743930460033, 34.83672289019006 ], [ 114.387946404618901, 34.836646894115745 ], [ 114.387955772195824, 34.836642918189284 ], [ 114.387963816038791, 34.836638692984366 ], [ 114.387971382642149, 34.836633905819951 ], [ 114.387980458784227, 34.8366268617213 ], [ 114.388337149753966, 34.836316557491728 ], [ 114.388337777261313, 34.836316006985044 ], [ 114.388748516890814, 34.835952626850883 ], [ 114.389758671142431, 34.835102868904755 ], [ 114.389759120176791, 34.835102488933842 ], [ 114.390868195121584, 34.834158436227597 ], [ 114.390869084603196, 34.834157670114053 ], [ 114.391321044563483, 34.833763779823016 ], [ 114.391325376955137, 34.833759771372343 ], [ 114.39132991284896, 34.833754996744176 ], [ 114.391454644778833, 34.833614186654927 ], [ 114.391461038955754, 34.833606090373394 ], [ 114.39146544271307, 34.833599115116613 ], [ 114.391469092413331, 34.8335918499331 ], [ 114.391471887646503, 34.83358457248795 ], [ 114.391473926081062, 34.833577126130308 ], [ 114.391491415182259, 34.833497714428574 ], [ 114.391492709218937, 34.833489691241653 ], [ 114.391493125212605, 34.833481834950931 ], [ 114.39149270919836, 34.833473978661061 ], [ 114.391491464342153, 34.833466182163079 ], [ 114.391490962001285, 34.833463991849158 ], [ 114.391370321389104, 34.832971409954098 ], [ 114.391370150207308, 34.832970724721235 ], [ 114.391194528739902, 34.832281265782228 ], [ 114.390901114867233, 34.831137228301486 ], [ 114.390757840429274, 34.830536404760494 ], [ 114.390756356412112, 34.830531049142337 ], [ 114.390489106393716, 34.829686037237252 ], [ 114.390287358200453, 34.828834431056123 ], [ 114.390287223301243, 34.828833871052893 ], [ 114.390044610989548, 34.827843139692447 ], [ 114.389816747754594, 34.826913978319055 ], [ 114.389815948844102, 34.826910983665812 ], [ 114.389691922183374, 34.826481060448941 ], [ 114.389626561427917, 34.826190429328733 ], [ 114.389601996590841, 34.82589105899541 ], [ 114.389634899960697, 34.825400637824885 ], [ 114.389744083383334, 34.824821014077315 ], [ 114.389745152814612, 34.824812970637595 ], [ 114.389759924566079, 34.824623804624423 ], [ 114.389760150499342, 34.824618011950918 ], [ 114.389760052860311, 34.824614202964369 ], [ 114.389750689619973, 34.824431644972492 ], [ 114.389749195045169, 34.824420124828919 ], [ 114.389627196060019, 34.823837151036855 ], [ 114.389626315547503, 34.823833447589493 ], [ 114.389453521847827, 34.823179615849995 ], [ 114.389279343582189, 34.822487116351908 ], [ 114.389116269976171, 34.821851067056343 ], [ 114.388966525310479, 34.821109457305852 ], [ 114.388736110348191, 34.819992644022022 ], [ 114.388562421542588, 34.81907167091731 ], [ 114.388490540358021, 34.818514433728694 ], [ 114.388458924159977, 34.818157469305163 ], [ 114.388480231141102, 34.817497601071466 ], [ 114.38855270472925, 34.816700857865669 ], [ 114.392473358306006, 34.816819912831022 ], [ 114.39828672448516, 34.816978729737855 ], [ 114.398299866158368, 34.816978436053148 ], [ 114.398309319816462, 34.816977409620677 ], [ 114.398318351201965, 34.81697576865281 ], [ 114.399585050595078, 34.816698788425924 ], [ 114.400423886160411, 34.816934185116736 ], [ 114.400466658989444, 34.816946826067749 ], [ 114.400475504423525, 34.816949096288397 ], [ 114.400484551189834, 34.816950740621053 ], [ 114.400494004844973, 34.816951767053524 ], [ 114.40050353100014, 34.816952110067859 ], [ 114.400513057155422, 34.816951767053524 ], [ 114.400522510810333, 34.816950740621053 ], [ 114.400531820017136, 34.816949038582209 ], [ 114.400540913926761, 34.816946673890641 ], [ 114.400549723329163, 34.816943664543032 ], [ 114.400558181178553, 34.81694003344262 ], [ 114.400566223106352, 34.816935808224059 ], [ 114.400573787907774, 34.816931021043956 ], [ 114.400580818010326, 34.816925708335987 ], [ 114.400587259910822, 34.816919910533045 ], [ 114.400593064582381, 34.816913671759835 ], [ 114.400598187848118, 34.816907039497437 ], [ 114.400602590716971, 34.816900064221272 ], [ 114.400606239680428, 34.816892799017921 ], [ 114.400609106967977, 34.816885299179432 ], [ 114.400611170757998, 34.816877621784727 ], [ 114.400612415343971, 34.816869825263097 ], [ 114.400612831253966, 34.816861968951059 ], [ 114.400612415323167, 34.816854112639703 ], [ 114.400611170717184, 34.816846316120177 ], [ 114.400609106908632, 34.816838638728996 ], [ 114.400606239603803, 34.816831138895566 ], [ 114.400602590625681, 34.81682387369807 ], [ 114.400598187745118, 34.816816898428954 ], [ 114.400593064470513, 34.81681026617423 ], [ 114.40058725979361, 34.816804027409148 ], [ 114.400580817891296, 34.816798229614392 ], [ 114.400573787790336, 34.816792916914778 ], [ 114.400566222994257, 34.816788129743031 ], [ 114.400558181075667, 34.816783904532087 ], [ 114.400549723237873, 34.81678027343844 ], [ 114.400540658392856, 34.816777188008587 ], [ 114.400496800973997, 34.816764225933071 ], [ 114.400495137424514, 34.816763746736342 ], [ 114.399624187218706, 34.816519337984971 ], [ 114.399616152409749, 34.816517363316507 ], [ 114.399607957710828, 34.816515902371009 ], [ 114.399598504104915, 34.816514875940868 ], [ 114.399588978000224, 34.816514532927101 ], [ 114.399579451895306, 34.816514875940868 ], [ 114.399569998289621, 34.816515902371009 ], [ 114.399560965586147, 34.816517543634689 ], [ 114.398277879149191, 34.816798107067598 ], [ 114.392480999223949, 34.816639740851656 ], [ 114.388455605919603, 34.816517505035335 ], [ 114.388451582000243, 34.816517443927239 ], [ 114.38844205589487, 34.816517786940835 ], [ 114.388432602288958, 34.816518813371204 ], [ 114.388423293129449, 34.816520515406467 ], [ 114.388414199264616, 34.81652288009343 ], [ 114.388405389904278, 34.816525889435013 ], [ 114.388396932092519, 34.816529520528832 ], [ 114.388388890198485, 34.816533745739946 ], [ 114.388381325425598, 34.816538532911864 ], [ 114.388374295346352, 34.816543845611818 ], [ 114.388367853463819, 34.816549643406574 ], [ 114.388362048804765, 34.816555882171997 ], [ 114.388356925546191, 34.816562514426948 ], [ 114.388352522678815, 34.816569489696349 ], [ 114.388348873711948, 34.816576754894243 ], [ 114.388346006416214, 34.81658425472807 ], [ 114.388343942613801, 34.816591932119593 ], [ 114.388342588353112, 34.816600841690047 ], [ 114.388262044193425, 34.817486283618905 ], [ 114.388261776652143, 34.817490627312509 ], [ 114.388240252772903, 34.818157158293502 ], [ 114.388240214032521, 34.818159557951049 ], [ 114.3882405044302, 34.818166124514676 ], [ 114.38827264795475, 34.818529053542989 ], [ 114.388272970813205, 34.81853202236249 ], [ 114.388345321085012, 34.819092907426409 ], [ 114.388346006238635, 34.819097224804182 ], [ 114.38852021806224, 34.820020983956738 ], [ 114.388520468086995, 34.820022250286343 ], [ 114.38875094630589, 34.821139382597437 ], [ 114.388901014685985, 34.8218826068412 ], [ 114.388901190730621, 34.821883453771875 ], [ 114.388901894252967, 34.821886447113116 ], [ 114.389065369973537, 34.822524069617941 ], [ 114.389239572417182, 34.823216674004925 ], [ 114.389239801207509, 34.823217561167098 ], [ 114.389412201815389, 34.823869911859504 ], [ 114.389532561817191, 34.82444506263738 ], [ 114.3895413807669, 34.824617017274704 ], [ 114.389527298813277, 34.824797343692694 ], [ 114.389418037908968, 34.825377370730678 ], [ 114.389416909405327, 34.82538622738349 ], [ 114.389383334747208, 34.825886634353935 ], [ 114.389383167818323, 34.825891613950944 ], [ 114.389383417183694, 34.825897699225607 ], [ 114.389408862776804, 34.826207813248061 ], [ 114.389410274092029, 34.826217380760568 ], [ 114.389410445939802, 34.826218164187367 ], [ 114.389477461566116, 34.826516157245862 ], [ 114.389478596626304, 34.826520582133867 ], [ 114.389602826778287, 34.826951214562655 ], [ 114.389830312961863, 34.827878848211981 ], [ 114.390072848125328, 34.828869275009993 ], [ 114.39027517968907, 34.829723353025599 ], [ 114.390276689540542, 34.829728817536022 ], [ 114.390543954514214, 34.830573883554962 ], [ 114.390686734776182, 34.831172641269859 ], [ 114.390687046240828, 34.831173899960959 ], [ 114.390980587155809, 34.832318444111763 ], [ 114.391156088534672, 34.833007438808295 ], [ 114.391272494462783, 34.833482735293501 ], [ 114.39126328296777, 34.833524559143086 ], [ 114.391157445171416, 34.833644039326714 ], [ 114.390710699704528, 34.83403338446027 ], [ 114.389602295740019, 34.834976864517387 ], [ 114.388591402945281, 34.835827242404605 ], [ 114.388589500904118, 34.835828883228942 ], [ 114.388178135197791, 34.836192816636128 ], [ 114.387836418403595, 34.836490093553152 ], [ 114.3876685008712, 34.836553119217456 ], [ 114.387171507020753, 34.836604513919099 ], [ 114.387166127680189, 34.836605182664698 ], [ 114.38715641266549, 34.83660697454178 ], [ 114.38690039181472, 34.83666440211897 ], [ 114.386617758803141, 34.836684699579166 ], [ 114.386051870560209, 34.836714703006464 ], [ 114.386040386964964, 34.836715817039646 ], [ 114.385689122331087, 34.83676553998697 ], [ 114.385688473230744, 34.83676563363565 ], [ 114.384837251569593, 34.836891581984446 ], [ 114.383083923275649, 34.837143600535001 ], [ 114.383078003031983, 34.837144596059034 ], [ 114.382640987470836, 34.837228518971187 ], [ 114.382628394905964, 34.837231605382328 ], [ 114.382619583340102, 34.837234614713793 ], [ 114.382611123411152, 34.837238245795163 ], [ 114.382603079503724, 34.837242470991725 ], [ 114.382595512836929, 34.837247258147443 ], [ 114.382588480997697, 34.83725257082915 ], [ 114.382582037502516, 34.837258368604353 ], [ 114.38258001632073, 34.837260414719083 ], [ 114.382451316268543, 34.837394668629656 ], [ 114.382446622989505, 34.837399947664494 ], [ 114.382442406694963, 34.837405493581628 ], [ 114.382438002718459, 34.837412468827097 ], [ 114.382434352832206, 34.837419734000093 ], [ 114.382431484813992, 34.837427233807944 ], [ 114.382429379994051, 34.837435102958977 ], [ 114.382322044845637, 34.837949986650756 ], [ 114.382320820904624, 34.837957987158745 ], [ 114.382277875331738, 34.838395652120596 ], [ 114.382277650354695, 34.83839850844879 ], [ 114.382245424640473, 34.838940624420275 ], [ 114.382245293565461, 34.838945036951031 ], [ 114.382245318365676, 34.83894695691265 ], [ 114.382249324160853, 34.839101989916344 ], [ 114.382249823043367, 34.839108882172695 ], [ 114.38225096030294, 34.839115722727286 ], [ 114.382252903583662, 34.839123024335493 ], [ 114.382333304284316, 34.839374757404585 ], [ 114.38233381715213, 34.839376306981194 ], [ 114.38238732154241, 34.83953247244915 ], [ 114.382387316270638, 34.839584593703819 ], [ 114.382340196385258, 34.839647610175348 ], [ 114.38199838440471, 34.839888206411956 ], [ 114.381576543421147, 34.840161199163958 ], [ 114.381573701394359, 34.840163102665485 ], [ 114.380690709245982, 34.84077603975004 ], [ 114.379819884469157, 34.841366952663122 ], [ 114.379819085335384, 34.841367500194224 ], [ 114.379818228473368, 34.841368099187946 ], [ 114.379349080576731, 34.841699487917367 ], [ 114.379342508848481, 34.841704530031848 ], [ 114.379336295782878, 34.841710162754396 ], [ 114.378879043429038, 34.842163758550157 ], [ 114.378873419630168, 34.842169845436729 ], [ 114.378868442232147, 34.84217630361718 ], [ 114.378868053787642, 34.842176862921974 ], [ 114.378566444446392, 34.842614757689546 ], [ 114.378558809584206, 34.842628368391615 ], [ 114.378363070459727, 34.843070596628763 ], [ 114.378362015676885, 34.843073096191972 ], [ 114.378101938954387, 34.843719852973095 ], [ 114.37810138501618, 34.843721269537696 ], [ 114.377881525357679, 34.844299816351565 ], [ 114.377881170469664, 34.844300768622873 ], [ 114.377554164216235, 34.84519580172315 ], [ 114.377314299299201, 34.84583786433069 ], [ 114.377311431926728, 34.845847335165615 ], [ 114.377273889726098, 34.846007895132914 ], [ 114.377273574325613, 34.846009304195263 ], [ 114.3772723292808, 34.846017100677329 ], [ 114.377271913203344, 34.846024956950998 ], [ 114.377272329259995, 34.846032813225406 ], [ 114.377273574284914, 34.846040609709576 ], [ 114.377275385191183, 34.846047492287425 ], [ 114.377472502540968, 34.846676870251031 ], [ 114.377602999215469, 34.847312832101352 ], [ 114.377603128627129, 34.847313449706178 ], [ 114.377603685872032, 34.847315862391156 ], [ 114.377785879960243, 34.84805010954949 ], [ 114.377786240248611, 34.848051505158992 ], [ 114.377996776449891, 34.848836462007682 ], [ 114.378057748746414, 34.849247685736145 ], [ 114.378058003172782, 34.849249283036045 ], [ 114.37811456682914, 34.849581373185572 ], [ 114.377513509303412, 34.849785048972535 ], [ 114.377512415470278, 34.849785425353616 ], [ 114.376107866627422, 34.850276096867731 ], [ 114.37610637469902, 34.850276628870972 ], [ 114.375830547085798, 34.850376998079525 ], [ 114.375690141820996, 34.850420202857094 ], [ 114.37568091762148, 34.850423445898457 ], [ 114.375254148952877, 34.850592956105231 ], [ 114.374375992484829, 34.850881868647093 ], [ 114.373407248850526, 34.85119843592139 ], [ 114.373405082260433, 34.851199166126605 ], [ 114.372187331725854, 34.851622172171574 ], [ 114.370977692950078, 34.852004573694273 ], [ 114.370975011746509, 34.852005454917901 ], [ 114.369885681656001, 34.852377285548357 ], [ 114.36988511531581, 34.852377480395319 ], [ 114.369634722231808, 34.852464307631237 ], [ 114.369388490278766, 34.852530522861514 ], [ 114.369385002985382, 34.852531514595682 ], [ 114.369381602567842, 34.852532588035842 ], [ 114.368069932680669, 34.852967423601967 ], [ 114.368068107104591, 34.852968044636782 ], [ 114.367332175704632, 34.853224830580928 ], [ 114.366773563183983, 34.853409809447783 ], [ 114.366274308109382, 34.853570841400881 ], [ 114.366273425621671, 34.853571129687282 ], [ 114.365731020273074, 34.85375056757016 ], [ 114.365112296299912, 34.853937851627563 ], [ 114.365108157619716, 34.85393918362962 ], [ 114.364429005603824, 34.854170975605086 ], [ 114.363657933728405, 34.854433538706473 ], [ 114.362915303816862, 34.854679486756709 ], [ 114.362511102618669, 34.85481078268532 ], [ 114.362509392565244, 34.854811351934131 ], [ 114.362020476939051, 34.854978069052095 ], [ 114.361285785300424, 34.855228471037663 ], [ 114.360495382971294, 34.855487600137167 ], [ 114.359647939715273, 34.855756979518389 ], [ 114.359613130611365, 34.85576811631563 ], [ 114.359647340920446, 34.855495934300905 ], [ 114.359739776073525, 34.85494605810851 ], [ 114.359810130048231, 34.854867067633734 ], [ 114.36029327036465, 34.854545032564033 ], [ 114.36094816736329, 34.854110976540028 ], [ 114.360949936498514, 34.85410977862108 ], [ 114.360953955316177, 34.854106857553461 ], [ 114.361758911195011, 34.853492227624599 ], [ 114.363080505617859, 34.852553878912659 ], [ 114.364406325695427, 34.851630989021714 ], [ 114.364410529331622, 34.851627906702788 ], [ 114.365379183835444, 34.850879960466671 ], [ 114.366946452875823, 34.849745465793887 ], [ 114.368507089602758, 34.848628766891977 ], [ 114.368513375907924, 34.848623897246341 ], [ 114.368519177005965, 34.84861863423032 ], [ 114.368524983902489, 34.848612395489795 ], [ 114.368530109131939, 34.848605763262071 ], [ 114.368533993617575, 34.848599694270888 ], [ 114.368537306829353, 34.848593399261233 ], [ 114.368613688660275, 34.848431680198189 ], [ 114.368614545849596, 34.848429803857698 ], [ 114.368617414230584, 34.848422304058317 ], [ 114.368619478807659, 34.848414626703402 ], [ 114.368620723868275, 34.848406830222245 ], [ 114.36862113993709, 34.84839897395085 ], [ 114.368620723847471, 34.848391117680364 ], [ 114.368619478766846, 34.848383321201538 ], [ 114.368616917376244, 34.848374165796429 ], [ 114.368482057411484, 34.84798580143655 ], [ 114.368341149862545, 34.847276534932348 ], [ 114.36834092632364, 34.847275451198698 ], [ 114.368339885295086, 34.847271188054208 ], [ 114.368105793475934, 34.846419302272523 ], [ 114.367752497936976, 34.844984852262598 ], [ 114.367749806228176, 34.844976164463446 ], [ 114.367310509889535, 34.843804692835477 ], [ 114.36730915682449, 34.843801321395688 ], [ 114.366904669792689, 34.842856288733913 ], [ 114.366904306921697, 34.842855454027585 ], [ 114.366903198500495, 34.842853050524752 ], [ 114.366110599546005, 34.841205474589003 ], [ 114.365537667469653, 34.839960019349462 ], [ 114.365535679246022, 34.839955992851003 ], [ 114.365345093884116, 34.839595190322882 ], [ 114.364753074238592, 34.838327671484535 ], [ 114.364338250467313, 34.837376809312275 ], [ 114.364336629331547, 34.837373340097486 ], [ 114.363550356878704, 34.835789083141265 ], [ 114.363138925361227, 34.834798124562269 ], [ 114.363138224909449, 34.834796488986683 ], [ 114.36313770067602, 34.834795326356868 ], [ 114.361738262461245, 34.831755760516444 ], [ 114.361734816607736, 34.831749096177816 ], [ 114.361730732822707, 34.831742681539595 ], [ 114.361725608623829, 34.831736049301185 ], [ 114.361719802899529, 34.831729810551394 ], [ 114.361713359834994, 34.831724012771019 ], [ 114.361706328465743, 34.831718700084537 ], [ 114.361698762304854, 34.831713912924386 ], [ 114.361690718935165, 34.831709687723901 ], [ 114.361682259571694, 34.831706056639348 ], [ 114.361673448594843, 34.831703047305041 ], [ 114.361664353061428, 34.83170068262416 ], [ 114.361655042194002, 34.831698980593103 ], [ 114.361645586853228, 34.831697954165236 ], [ 114.361636059000148, 34.831697611152549 ], [ 114.361626531146953, 34.831697954165236 ], [ 114.361617075806407, 34.831698980593103 ], [ 114.36160776493864, 34.83170068262416 ], [ 114.361598669405566, 34.831703047305041 ], [ 114.361589858428601, 34.831706056639348 ], [ 114.361581399064903, 34.831709687723901 ], [ 114.361573355695327, 34.831713912924386 ], [ 114.361565789534325, 34.831718700084537 ], [ 114.361558758165074, 34.831724012771019 ], [ 114.361552315100653, 34.831729810551394 ], [ 114.36154650937624, 34.831736049301185 ], [ 114.361541385177588, 34.831742681539595 ], [ 114.361536981502468, 34.831749656791601 ], [ 114.361533331866099, 34.831756921971191 ], [ 114.361530464044222, 34.831764421786374 ], [ 114.361528399863005, 34.831772099158684 ], [ 114.361527155032491, 34.831779895658826 ], [ 114.361526739026544, 34.831787751950969 ], [ 114.361527155011686, 34.831795608243851 ], [ 114.361528399822191, 34.831803404746154 ], [ 114.361530463984536, 34.831811082122044 ], [ 114.36153333178936, 34.831818581942002 ], [ 114.361533855459925, 34.831819743397659 ], [ 114.362932646745321, 34.834857920390846 ], [ 114.363344529469032, 34.835849971695779 ], [ 114.363345229780293, 34.835851606921551 ], [ 114.363346780201596, 34.835854915172149 ], [ 114.364133369307069, 34.837439817947029 ], [ 114.364547805350298, 34.838389796771708 ], [ 114.364548585715056, 34.838391520262576 ], [ 114.365141888380322, 34.839661792753304 ], [ 114.36514367802306, 34.839665390910795 ], [ 114.36533415174074, 34.840025983732914 ], [ 114.365906438132583, 34.841270042039753 ], [ 114.365907034125485, 34.841271308736907 ], [ 114.366699160042685, 34.84291790976647 ], [ 114.367102230302407, 34.843859637798232 ], [ 114.367539279479615, 34.845025124764334 ], [ 114.367891732232692, 34.84645616795035 ], [ 114.367892247697341, 34.846458146649866 ], [ 114.368125878337992, 34.847308362129411 ], [ 114.368267280191958, 34.848020126096458 ], [ 114.368267503705283, 34.848021209704484 ], [ 114.36827006502017, 34.848030364996475 ], [ 114.368396536878436, 34.848394576285159 ], [ 114.368343331908022, 34.848507223665308 ], [ 114.366802868832337, 34.849609486157988 ], [ 114.36680239484815, 34.849609827281029 ], [ 114.365233569142674, 34.850745447363067 ], [ 114.365230965692945, 34.850747393838731 ], [ 114.364263082574098, 34.851494743422734 ], [ 114.362939003739598, 34.852416420177917 ], [ 114.362938188672501, 34.852416993187489 ], [ 114.361614691955083, 34.853356691421538 ], [ 114.361611745711343, 34.853358860886715 ], [ 114.360808147304851, 34.853972453478718 ], [ 114.360155995943273, 34.85440468949156 ], [ 114.359661610081389, 34.854734219650652 ], [ 114.3596600759696, 34.854735261346264 ], [ 114.359653042642776, 34.854740574012681 ], [ 114.359646597784263, 34.854746371771 ], [ 114.359642220705268, 34.854750966294716 ], [ 114.359547113652525, 34.854857748226607 ], [ 114.359540557695709, 34.854866024711214 ], [ 114.359536152788905, 34.854872999936731 ], [ 114.359532502131515, 34.854880265088582 ], [ 114.359529633507577, 34.854887764875173 ], [ 114.359527568748945, 34.854895442218208 ], [ 114.359526942449179, 34.854898722338362 ], [ 114.35943044971134, 34.855472727253641 ], [ 114.359429996946346, 34.855475810348139 ], [ 114.359384044087619, 34.855841410076891 ], [ 114.359339715636452, 34.855855592486478 ], [ 114.358887008313104, 34.855978693809732 ], [ 114.358883864425138, 34.855979592643791 ], [ 114.358878206571717, 34.855981438658375 ], [ 114.358130830183541, 34.856245340397379 ], [ 114.35812907252307, 34.856245976133494 ], [ 114.357920921584991, 34.8563230657075 ], [ 114.357691437519293, 34.856392707926773 ], [ 114.357690062045322, 34.856393134016173 ], [ 114.357403701536668, 34.856483655820796 ], [ 114.35661716987272, 34.856728646316412 ], [ 114.35587582835899, 34.856949516163809 ], [ 114.355871569304554, 34.856950873043729 ], [ 114.354721280413401, 34.85734029288983 ], [ 114.354257981998444, 34.857484206423521 ], [ 114.353694114243694, 34.857646368658607 ], [ 114.353692735670506, 34.857646773667113 ], [ 114.353692154783175, 34.857646949480568 ], [ 114.353266125403024, 34.857777020870856 ], [ 114.352834773907034, 34.85789943102651 ], [ 114.352833083732662, 34.85789992347452 ], [ 114.352492870772949, 34.858001640521934 ], [ 114.352491081935227, 34.858002190880256 ], [ 114.352324108783364, 34.858054937026907 ], [ 114.352216184606732, 34.85808042626411 ], [ 114.352208903473297, 34.858082375673121 ], [ 114.352197044212744, 34.858086603248012 ], [ 114.351759134530539, 34.858268731073053 ], [ 114.351753717500856, 34.858271144065498 ], [ 114.351752505011405, 34.858271729689477 ], [ 114.35132516507781, 34.85848118259571 ], [ 114.350855301486718, 34.858684069762717 ], [ 114.350350673292724, 34.858870856892622 ], [ 114.349816342058148, 34.859042003940999 ], [ 114.349411948937814, 34.859161341224876 ], [ 114.348962918260781, 34.859272702118005 ], [ 114.348578897120547, 34.859344969770859 ], [ 114.347985000999302, 34.859387184437253 ], [ 114.347292510480884, 34.859424631899969 ], [ 114.347291016489294, 34.859424721159769 ], [ 114.346600671392139, 34.859469884156852 ], [ 114.34565860388841, 34.859523199248429 ], [ 114.345652089796431, 34.859523729742079 ], [ 114.344835348299398, 34.859610655434153 ], [ 114.344302399952312, 34.859645275886635 ], [ 114.343983081747183, 34.85964693257813 ], [ 114.343622318629627, 34.859630159624771 ], [ 114.343621051031732, 34.859630106769089 ], [ 114.343053357649069, 34.859609155791816 ], [ 114.343050194922284, 34.859609076833124 ], [ 114.342607011405562, 34.859603299839307 ], [ 114.342605282000136, 34.859603288566859 ], [ 114.342598353698463, 34.859603469654189 ], [ 114.342337260981594, 34.859617131639538 ], [ 114.342331961278887, 34.859617515832838 ], [ 114.341969123667241, 34.859651167796869 ], [ 114.34196236138655, 34.859651972001757 ], [ 114.341961239693887, 34.859652140005153 ], [ 114.341737634925266, 34.859686623968742 ], [ 114.341728892253741, 34.859688280791318 ], [ 114.341720343745578, 34.859690522695587 ], [ 114.341718306326584, 34.859691152939035 ], [ 114.341413030590729, 34.859788451841439 ], [ 114.341411799464936, 34.859788851302881 ], [ 114.341201407000199, 34.859858331323949 ], [ 114.341111634740969, 34.859881664043655 ], [ 114.341107118658329, 34.859882927698266 ], [ 114.341100179544128, 34.859885234026024 ], [ 114.340126319753949, 34.860241297742846 ], [ 114.338305327953435, 34.860828671559489 ], [ 114.336942728845088, 34.861259813134325 ], [ 114.335006777834678, 34.861870241136387 ], [ 114.335004726524289, 34.861870907533103 ], [ 114.33248052691215, 34.862715223917178 ], [ 114.331214876150511, 34.863117478286881 ], [ 114.331212777818337, 34.863118165766309 ], [ 114.329717457493871, 34.863622863120099 ], [ 114.329171169223969, 34.863791688810409 ], [ 114.328834570935896, 34.863897194088338 ], [ 114.328821907455449, 34.863900618459013 ], [ 114.329236566448344, 34.863733283609918 ], [ 114.331000364934425, 34.863067288468187 ], [ 114.332975752106449, 34.862407315931307 ], [ 114.33514351598069, 34.861730826369524 ], [ 114.33514988885122, 34.861728645664471 ], [ 114.335653306249014, 34.861540823480368 ], [ 114.335662889660398, 34.86153676786904 ], [ 114.33567093592626, 34.861532542681573 ], [ 114.335678504808698, 34.861527755536827 ], [ 114.335680320397387, 34.861526471656987 ], [ 114.335988273455655, 34.861303838476999 ], [ 114.335994332748442, 34.861299108829598 ], [ 114.335999936853909, 34.861294012109397 ], [ 114.336005744641056, 34.861287773381775 ], [ 114.336010870656764, 34.861281141167922 ], [ 114.336015275888712, 34.861274165942916 ], [ 114.33601892681088, 34.86126690079243 ], [ 114.336019468624954, 34.861265644962543 ], [ 114.336187839368108, 34.860866055137478 ], [ 114.336326829670952, 34.860556424976664 ], [ 114.336329798728798, 34.860548700011634 ], [ 114.336331863608962, 34.86054102267218 ], [ 114.336333108852159, 34.860533226206655 ], [ 114.33633352498191, 34.860525369950949 ], [ 114.336333108831354, 34.860517513696095 ], [ 114.336331863567921, 34.860509717232674 ], [ 114.336329710359792, 34.860501769915061 ], [ 114.336177984951064, 34.86004075426041 ], [ 114.33567561350651, 34.858053082835795 ], [ 114.335317127378971, 34.856521998787457 ], [ 114.334939932442012, 34.854907524275859 ], [ 114.334605538439973, 34.853321394650379 ], [ 114.334605135781544, 34.853319604746332 ], [ 114.334193029349194, 34.851585866470884 ], [ 114.333588814209065, 34.848951324857921 ], [ 114.333471484607571, 34.84820215484956 ], [ 114.333470723525579, 34.848198044201069 ], [ 114.333469341722775, 34.848192579254146 ], [ 114.333213279924507, 34.847316590449623 ], [ 114.332973049366046, 34.84613715097413 ], [ 114.332972897840023, 34.846136425195596 ], [ 114.332972236461501, 34.84613359780144 ], [ 114.332817607131346, 34.845525001348221 ], [ 114.332636082737395, 34.844547049863593 ], [ 114.33263567976735, 34.844545032191547 ], [ 114.332635286778782, 34.844543294554683 ], [ 114.332180394779243, 34.842635880209457 ], [ 114.331605045126366, 34.840086408305069 ], [ 114.331184820595126, 34.838250823267686 ], [ 114.331182820256572, 34.838243688933346 ], [ 114.331180124182993, 34.838236712004061 ], [ 114.331176474260474, 34.838229446832315 ], [ 114.331172070240427, 34.838222471587756 ], [ 114.331166945640234, 34.83821583935628 ], [ 114.331161139461074, 34.838209600613254 ], [ 114.331154695891655, 34.838203802839075 ], [ 114.331147663971592, 34.838198490158106 ], [ 114.33114009721794, 34.838193703003299 ], [ 114.331132053217857, 34.838189477807248 ], [ 114.331123593191705, 34.83818584672656 ], [ 114.331114781524434, 34.838182837395493 ], [ 114.331105685278317, 34.838180472717056 ], [ 114.331096373681362, 34.838178770687819 ], [ 114.331086917599691, 34.838177744261202 ], [ 114.331077389000143, 34.838177401248686 ], [ 114.331067860400367, 34.838177744261202 ], [ 114.331058404318924, 34.838178770687819 ], [ 114.331049092721742, 34.838180472717056 ], [ 114.331039996475852, 34.838182837395493 ], [ 114.33103118480858, 34.83818584672656 ], [ 114.331022724782315, 34.838189477807248 ], [ 114.331014680782346, 34.838193703003299 ], [ 114.331007114028694, 34.838198490158106 ], [ 114.331000082108403, 34.838203802839075 ], [ 114.330993638538985, 34.838209600613254 ], [ 114.330987832359824, 34.83821583935628 ], [ 114.330982707759858, 34.838222471587756 ], [ 114.330978303739585, 34.838229446832315 ], [ 114.330974653817066, 34.838236712004061 ], [ 114.330971785770544, 34.838244211811059 ], [ 114.330969721427664, 34.83825188917541 ], [ 114.330968476499606, 34.838259685667254 ], [ 114.330968060461373, 34.838267541951041 ], [ 114.330968476479029, 34.838275398235339 ], [ 114.330969721386964, 34.838283194729456 ], [ 114.330969957361617, 34.838284260637352 ], [ 114.331390124673931, 34.84011961573691 ], [ 114.331965517399794, 34.842669308698191 ], [ 114.331965726556405, 34.842670209955088 ], [ 114.332420275012623, 34.844576204514055 ], [ 114.33260189897544, 34.845554706199948 ], [ 114.332602301915358, 34.845556723710729 ], [ 114.332602963247155, 34.845559550969881 ], [ 114.332757753825717, 34.846168788275293 ], [ 114.332998253096207, 34.847349562140948 ], [ 114.332998404579143, 34.847350287705979 ], [ 114.332999786287928, 34.847355752431724 ], [ 114.333255358653332, 34.848230074569983 ], [ 114.333372338392564, 34.848977023157431 ], [ 114.333373099454548, 34.848981133701841 ], [ 114.333373341581478, 34.848982226323642 ], [ 114.333978211275848, 34.851619651850683 ], [ 114.333978348338519, 34.851620238800592 ], [ 114.334390294878858, 34.853353323330168 ], [ 114.334724654483011, 34.854939309398674 ], [ 114.334724989540518, 34.854940812422171 ], [ 114.33510237660289, 34.856556127209672 ], [ 114.335461019769809, 34.858087898980784 ], [ 114.335461336738831, 34.8580892011081 ], [ 114.335964531271316, 34.860080149544956 ], [ 114.33596604712875, 34.860085364862925 ], [ 114.336109463395132, 34.860521136676937 ], [ 114.335982232047627, 34.86080456987969 ], [ 114.335981589889798, 34.860806051091117 ], [ 114.335822335074909, 34.861184004085885 ], [ 114.335548313484651, 34.861382106429119 ], [ 114.335062842370689, 34.861563232887306 ], [ 114.332897123994258, 34.862239083936061 ], [ 114.332894762784008, 34.862239846683224 ], [ 114.330915948456209, 34.862900964023822 ], [ 114.330911480816098, 34.862902552874687 ], [ 114.329144193201273, 34.863569865221734 ], [ 114.329141650318775, 34.863570858183891 ], [ 114.328646230196796, 34.863770783965265 ], [ 114.32845442384837, 34.863848363864918 ], [ 114.328447920808003, 34.863851222137271 ], [ 114.328439874310448, 34.863855447315359 ], [ 114.328432305207116, 34.863860234450158 ], [ 114.32842527110347, 34.86386554710856 ], [ 114.328418825533163, 34.863871344858183 ], [ 114.328413017551156, 34.863877583574947 ], [ 114.328407891359461, 34.863884215778171 ], [ 114.328403485971876, 34.863891190993229 ], [ 114.328399834916127, 34.86389845613445 ], [ 114.328397676074815, 34.863903872012884 ], [ 114.328377654725614, 34.863960029025236 ], [ 114.327925848346581, 34.864047201522169 ], [ 114.327032383719029, 34.864169360735218 ], [ 114.327031157979491, 34.864169534296479 ], [ 114.325762109936818, 34.864356595989591 ], [ 114.324388538260905, 34.864552674965012 ], [ 114.3226503534122, 34.864808854952287 ], [ 114.322648976321602, 34.864809065412032 ], [ 114.32135556912533, 34.865013797994038 ], [ 114.320143003325711, 34.86520727542279 ], [ 114.319981979873887, 34.865231616261269 ], [ 114.319969899634543, 34.865050751237675 ], [ 114.319968403473808, 34.865040053244456 ], [ 114.319968009750369, 34.865038312943057 ], [ 114.31981595881939, 34.864401017860928 ], [ 114.319699930047364, 34.863748279846334 ], [ 114.319699423786233, 34.863745694241004 ], [ 114.319698694920362, 34.86374260380552 ], [ 114.319437718669406, 34.862730709032064 ], [ 114.319437410271348, 34.862729550764072 ], [ 114.31935513056419, 34.862429952892796 ], [ 114.319165624911761, 34.861491921830179 ], [ 114.319165448847116, 34.861491075235222 ], [ 114.319164685069495, 34.861487849861987 ], [ 114.318954802345047, 34.860680122580675 ], [ 114.318903236828078, 34.860459021705424 ], [ 114.319012418453781, 34.860323475222458 ], [ 114.319014326707588, 34.860321020947936 ], [ 114.319509776248196, 34.859660528574295 ], [ 114.319511468796691, 34.859658194179929 ], [ 114.319513090614009, 34.859655795039316 ], [ 114.319963016041811, 34.858965697687779 ], [ 114.319966614998634, 34.858959645165896 ], [ 114.320285320425342, 34.858368722907585 ], [ 114.320286453468498, 34.858366545425895 ], [ 114.320549771598166, 34.857841556821882 ], [ 114.320647013570806, 34.857659852516008 ], [ 114.320649721318091, 34.857654300810793 ], [ 114.320652590019449, 34.857646801022838 ], [ 114.320654654826626, 34.857639123679633 ], [ 114.320655900026168, 34.857631327210356 ], [ 114.320656316141481, 34.857623470950898 ], [ 114.320656007199091, 34.85761670011027 ], [ 114.320655082136, 34.857609967526571 ], [ 114.320612259838299, 34.857376997564131 ], [ 114.3206118324822, 34.857374848224595 ], [ 114.32061143660826, 34.857373098755545 ], [ 114.320337479380328, 34.856225367557329 ], [ 114.320193327699371, 34.855476701968939 ], [ 114.320055545130344, 34.854732970246175 ], [ 114.320055245376011, 34.854731440433227 ], [ 114.319930795613345, 34.854129230542071 ], [ 114.319930645304794, 34.854128521584016 ], [ 114.319787672838743, 34.853476763140691 ], [ 114.319612594626847, 34.852536122608115 ], [ 114.319612198174468, 34.852534140212185 ], [ 114.319612024857406, 34.852533350510384 ], [ 114.319491784660045, 34.851999072411104 ], [ 114.319403595099175, 34.851557942790066 ], [ 114.319115774353122, 34.850165050292901 ], [ 114.319114971890144, 34.850161626489808 ], [ 114.318993182309214, 34.8496913055954 ], [ 114.318992792708173, 34.849689859358875 ], [ 114.318707714465177, 34.848671232605227 ], [ 114.318707206243971, 34.848669495423621 ], [ 114.318449132400588, 34.847824200033358 ], [ 114.318379106182192, 34.847576129067591 ], [ 114.318371222163933, 34.847477056567357 ], [ 114.318395359356828, 34.847369036821135 ], [ 114.318575754184735, 34.846639289019777 ], [ 114.318683564146795, 34.846244077537733 ], [ 114.318858754901839, 34.845870651294035 ], [ 114.318859522666912, 34.84586896487076 ], [ 114.318862390958998, 34.845861465068197 ], [ 114.318864455471953, 34.845853787710098 ], [ 114.31886570049403, 34.845845991225531 ], [ 114.318866116549884, 34.845838134951009 ], [ 114.318865700473225, 34.845830278676942 ], [ 114.31886445543114, 34.845822482194933 ], [ 114.318862390899312, 34.845814804840359 ], [ 114.318859522590174, 34.84580730504257 ], [ 114.318855872333529, 34.845800039879691 ], [ 114.318851467910235, 34.845793064643885 ], [ 114.318846342840629, 34.845786432420709 ], [ 114.318840536129755, 34.845780193685528 ], [ 114.318834091970416, 34.845774395918625 ], [ 114.318827059406544, 34.84576908324442 ], [ 114.318819491959971, 34.84576429609541 ], [ 114.318811447223538, 34.845760070904589 ], [ 114.31880298642227, 34.845756439828335 ], [ 114.318794173948277, 34.845753430501134 ], [ 114.31878507686929, 34.845751065825596 ], [ 114.318775764419797, 34.845749363798404 ], [ 114.318766307472401, 34.845748337373095 ], [ 114.318756778000079, 34.845747994361091 ], [ 114.318747248527984, 34.845748337373095 ], [ 114.318737791580702, 34.845749363798404 ], [ 114.318728479130868, 34.845751065825596 ], [ 114.318719382052222, 34.845753430501134 ], [ 114.318710569577888, 34.845756439828335 ], [ 114.318702108776847, 34.845760070904589 ], [ 114.318694064040415, 34.84576429609541 ], [ 114.318686496593955, 34.84576908324442 ], [ 114.318679464029742, 34.845774395918625 ], [ 114.318673019870403, 34.845780193685528 ], [ 114.318667213159529, 34.845786432420709 ], [ 114.31866208809015, 34.845793064643885 ], [ 114.318658150309375, 34.845799225518135 ], [ 114.318654801178582, 34.845805618620545 ], [ 114.318476688780379, 34.846185270473256 ], [ 114.318475920938226, 34.846186957044495 ], [ 114.318473741807225, 34.846192431231486 ], [ 114.318471991319257, 34.846198009003842 ], [ 114.31836216182603, 34.846600619908827 ], [ 114.318361699635034, 34.846602397767413 ], [ 114.318180876726387, 34.847333869610338 ], [ 114.318180483790798, 34.847335539484845 ], [ 114.318153693640056, 34.84745543046165 ], [ 114.318153545441078, 34.847456108198969 ], [ 114.318152300374436, 34.847463904679103 ], [ 114.318151884289705, 34.847471760950953 ], [ 114.318152118814623, 34.847477661783159 ], [ 114.318161478659931, 34.847595283791463 ], [ 114.318162905247164, 34.847605035705385 ], [ 114.318164089715992, 34.847609813859265 ], [ 114.318236363404026, 34.847865848921572 ], [ 114.31823682471645, 34.847867419262059 ], [ 114.318494871153121, 34.848712631979993 ], [ 114.318779501215204, 34.849729666676637 ], [ 114.318900627274616, 34.850197429889192 ], [ 114.319187910064215, 34.851587737149941 ], [ 114.319276180584666, 34.852029281529667 ], [ 114.319276386482215, 34.852030276693995 ], [ 114.319276559772561, 34.852031066289555 ], [ 114.319396688001689, 34.852564853035744 ], [ 114.319571726134882, 34.853505291449665 ], [ 114.319572164490637, 34.853507467259419 ], [ 114.319715295688752, 34.854159957044828 ], [ 114.319839492735696, 34.854760951633466 ], [ 114.31997722919084, 34.855504439803894 ], [ 114.320121794541478, 34.856255268955636 ], [ 114.320122103974995, 34.856256791683165 ], [ 114.320122499781291, 34.856258540911142 ], [ 114.320396379793578, 34.857405961094742 ], [ 114.320434079496863, 34.857611065069079 ], [ 114.320349151339428, 34.857769759322196 ], [ 114.32034814514941, 34.85777170070628 ], [ 114.320084885788106, 34.858296569588163 ], [ 114.319768425223174, 34.858883326949808 ], [ 114.319322005582308, 34.859568044672471 ], [ 114.318829229356993, 34.860224971242189 ], [ 114.318696301554041, 34.860389997610014 ], [ 114.318692700359634, 34.860394786752295 ], [ 114.318688295157926, 34.860401761971445 ], [ 114.318684644256336, 34.860409027116702 ], [ 114.318681775440382, 34.860416526896358 ], [ 114.31867971054362, 34.860424204232459 ], [ 114.318678465281664, 34.860432000695823 ], [ 114.318678049131677, 34.860439856950848 ], [ 114.318678465260859, 34.860447713206781 ], [ 114.318679710502806, 34.860455509672306 ], [ 114.31868001541784, 34.860456873613771 ], [ 114.318740236094641, 34.860715088666325 ], [ 114.318740694880375, 34.860716949861796 ], [ 114.318950290161752, 34.861523578956678 ], [ 114.319139897855734, 34.862462127240576 ], [ 114.31914007388616, 34.862462973667164 ], [ 114.319141111047429, 34.862467222070734 ], [ 114.31922392688216, 34.862768774929691 ], [ 114.319484023274072, 34.863777268306876 ], [ 114.319599929079345, 34.864429324159744 ], [ 114.31960043531933, 34.864431909662017 ], [ 114.319600829003207, 34.864433649829664 ], [ 114.319751921343823, 34.865066934037657 ], [ 114.319764050569461, 34.86524853965642 ], [ 114.319765008611967, 34.865262931149402 ], [ 114.319502208438507, 34.865288924767469 ], [ 114.319496248090786, 34.865289652084357 ], [ 114.31949445854957, 34.865289924835054 ], [ 114.319159592874485, 34.865343341374171 ], [ 114.317346910661286, 34.865636896960041 ], [ 114.315883431102975, 34.86586585756254 ], [ 114.314590707991101, 34.866048418690525 ], [ 114.314589407819767, 34.866048611375334 ], [ 114.31353149373831, 34.866211050636821 ], [ 114.311690230377849, 34.866497610242902 ], [ 114.311379373219324, 34.866532914668085 ], [ 114.31122918440326, 34.866547379875612 ], [ 114.311222886801374, 34.86654814010268 ], [ 114.311220537284385, 34.866548503423246 ], [ 114.30878777541966, 34.866947403395329 ], [ 114.307704843411557, 34.867119614578087 ], [ 114.306316837500503, 34.867338467024979 ], [ 114.305199235634745, 34.867504086234874 ], [ 114.305196128600414, 34.867504585016718 ], [ 114.304300507813423, 34.867659478387566 ], [ 114.303433033349165, 34.86776829586131 ], [ 114.303430497520822, 34.86776863912047 ], [ 114.303429341861147, 34.86776881234897 ], [ 114.302228028104423, 34.867954376152795 ], [ 114.302225254074301, 34.867954835325577 ], [ 114.301232836084523, 34.868130138141055 ], [ 114.301227506685109, 34.86813119530359 ], [ 114.300031630634635, 34.868394705483468 ], [ 114.298577213809267, 34.868711360027135 ], [ 114.298575803429912, 34.868711675407042 ], [ 114.297756264743498, 34.868899785858844 ], [ 114.29626666699528, 34.869237055155793 ], [ 114.295893522210349, 34.869314988697909 ], [ 114.295651946968519, 34.86935674716392 ], [ 114.295638964230648, 34.869359689288501 ], [ 114.29523260358792, 34.869474376892299 ], [ 114.29501113091942, 34.869533503628645 ], [ 114.294681792957022, 34.869591288410788 ], [ 114.294673294601807, 34.869593075835041 ], [ 114.293074344690808, 34.869986273176949 ], [ 114.292074172263824, 34.870200543782971 ], [ 114.292070664076505, 34.870201346947965 ], [ 114.29067022633717, 34.870542747380341 ], [ 114.289075450995369, 34.87090744621986 ], [ 114.289073420915088, 34.870907927900134 ], [ 114.286902857983023, 34.871441679349573 ], [ 114.286899700169784, 34.871442498932367 ], [ 114.28664422607585, 34.871512324559433 ], [ 114.286455799682585, 34.871553638741545 ], [ 114.286455124462691, 34.871553788695564 ], [ 114.284887368990439, 34.871906381329381 ], [ 114.284885808913714, 34.871906742438398 ], [ 114.283071387994482, 34.872338684721228 ], [ 114.280705562777825, 34.87290173786846 ], [ 114.279003205438585, 34.87328141569435 ], [ 114.277976725134863, 34.873506658349982 ], [ 114.277974478875876, 34.873507172429072 ], [ 114.276490270664794, 34.87386092136569 ], [ 114.27525517225547, 34.87410787076476 ], [ 114.272269033226053, 34.874712661788067 ], [ 114.270824603498795, 34.874985142190781 ], [ 114.270818544802864, 34.87498643647632 ], [ 114.269877688227211, 34.875211284545003 ], [ 114.269223772350756, 34.875363340470415 ], [ 114.268035608424725, 34.875638978458369 ], [ 114.267126645121721, 34.875852442846963 ], [ 114.266689868044978, 34.875942492629349 ], [ 114.266680925986748, 34.875944673903689 ], [ 114.266436088122418, 34.876013881417521 ], [ 114.265964173655789, 34.876109775906343 ], [ 114.265420498834374, 34.876213267248602 ], [ 114.265418070044802, 34.876213753730724 ], [ 114.264737277230779, 34.876356921639001 ], [ 114.263969297565382, 34.87651220728344 ], [ 114.263964359833722, 34.876513307158461 ], [ 114.263771187005432, 34.876560356726088 ], [ 114.263654916616701, 34.876586113414987 ], [ 114.263432740338089, 34.876628751831845 ], [ 114.26343044862233, 34.876629213165245 ], [ 114.262818861226833, 34.876758102030863 ], [ 114.262816671913356, 34.876758583375079 ], [ 114.262480562466294, 34.876835562048484 ], [ 114.261644158806348, 34.87701937443245 ], [ 114.261640778179299, 34.877020165513784 ], [ 114.26117877898912, 34.877134914884493 ], [ 114.260291343121025, 34.877303936469332 ], [ 114.259557023308844, 34.877446945681243 ], [ 114.258952509313872, 34.877554548895432 ], [ 114.258387022621378, 34.877648062697801 ], [ 114.258040338521141, 34.877706294006487 ], [ 114.257120962494582, 34.877847109411505 ], [ 114.257112581833667, 34.877848675952691 ], [ 114.256943550766778, 34.877886081416307 ], [ 114.256704750845643, 34.877938896626119 ], [ 114.256701993695401, 34.877939538435896 ], [ 114.256206931167867, 34.878060569311003 ], [ 114.256200629425507, 34.878062282951987 ], [ 114.256197490357977, 34.878063269748225 ], [ 114.255986659841142, 34.878132621416967 ], [ 114.255844249265238, 34.878179975107912 ], [ 114.255834043079631, 34.878183883336874 ], [ 114.255666769782579, 34.878256782628966 ], [ 114.255483407592806, 34.878329743862992 ], [ 114.255476277219486, 34.878332853323627 ], [ 114.255466554713166, 34.878338064265336 ], [ 114.255311330177506, 34.878431268757652 ], [ 114.255173547463983, 34.878512377488391 ], [ 114.255166817731606, 34.87851667461689 ], [ 114.255156864909395, 34.878524485824926 ], [ 114.255048177895901, 34.878621223754067 ], [ 114.255044648567036, 34.878624522999019 ], [ 114.255043483642339, 34.878625686717953 ], [ 114.25493747460439, 34.878733409644894 ], [ 114.254928785926495, 34.8787436057832 ], [ 114.254840225839416, 34.878864513715939 ], [ 114.254839143177833, 34.878866024889533 ], [ 114.254834789872916, 34.878872906771051 ], [ 114.254763910421275, 34.878997795426244 ], [ 114.254666545250757, 34.879164826840508 ], [ 114.254596031722258, 34.87926644501789 ], [ 114.254593788937768, 34.879269844424641 ], [ 114.254514616828715, 34.879396237362187 ], [ 114.254511618828815, 34.879401422380283 ], [ 114.254509027617473, 34.879406754213221 ], [ 114.25450820706817, 34.879408679579399 ], [ 114.254462060404762, 34.879521010747624 ], [ 114.254385813415638, 34.879651188199205 ], [ 114.254385113837998, 34.879652405752552 ], [ 114.254264332636239, 34.879866740655416 ], [ 114.254261182184109, 34.879872923575931 ], [ 114.25414711091878, 34.880122408481157 ], [ 114.254146682725491, 34.880123361216818 ], [ 114.254144418231817, 34.88012907405556 ], [ 114.254103645735086, 34.880244880172256 ], [ 114.254073344660242, 34.880300028643148 ], [ 114.254007901126784, 34.88038900432025 ], [ 114.253958841821941, 34.880356654263437 ], [ 114.25387599541807, 34.880196420398136 ], [ 114.25358969459694, 34.879575020382617 ], [ 114.253583672201216, 34.879564172760411 ], [ 114.253398650401891, 34.879281928943271 ], [ 114.252967324975657, 34.87861703001056 ], [ 114.252611321481822, 34.878038195490376 ], [ 114.252060268098603, 34.877112377842934 ], [ 114.251376252187811, 34.875957748054873 ], [ 114.251041016375098, 34.875379993738647 ], [ 114.251039890966695, 34.875378110811937 ], [ 114.250704458488258, 34.874832997077533 ], [ 114.250703098557096, 34.874830858521534 ], [ 114.250487999136453, 34.874503347587108 ], [ 114.250388315249893, 34.874283506035738 ], [ 114.250295635016641, 34.873967129584628 ], [ 114.250279459322996, 34.873719076971327 ], [ 114.2503591034191, 34.873366786638996 ], [ 114.250542408442357, 34.872885209392109 ], [ 114.250860209431607, 34.872237898692106 ], [ 114.250861266265133, 34.87223566078535 ], [ 114.251365543047768, 34.871124230668727 ], [ 114.251853772729191, 34.870114255396061 ], [ 114.252048613997772, 34.869773403193619 ], [ 114.252337949459502, 34.869320206111581 ], [ 114.253083303840413, 34.868234252905324 ], [ 114.253084027488626, 34.868233181623907 ], [ 114.25349442675406, 34.867615782777193 ], [ 114.254108878278544, 34.866712413825326 ], [ 114.254762514970253, 34.865743749116518 ], [ 114.255927239610855, 34.864014486320798 ], [ 114.256697455205426, 34.862875482987363 ], [ 114.257302510480827, 34.861976260541155 ], [ 114.257931638600894, 34.861052911150978 ], [ 114.2579320418929, 34.861052313954019 ], [ 114.258748160662435, 34.859832924241289 ], [ 114.259351375068377, 34.859168237861923 ], [ 114.259352867779171, 34.859166552699321 ], [ 114.260350980166436, 34.858011908978256 ], [ 114.260352362796084, 34.858010271438161 ], [ 114.262179452491068, 34.855794350097881 ], [ 114.26217983560332, 34.855793882294677 ], [ 114.263366797630283, 34.854334667459852 ], [ 114.264766617478358, 34.852633226212561 ], [ 114.265667428790493, 34.851657328057229 ], [ 114.266486515678025, 34.850771106929471 ], [ 114.267250604149808, 34.849961816069708 ], [ 114.267251503359489, 34.849960850265347 ], [ 114.268061507961988, 34.849078572692747 ], [ 114.268063299938376, 34.849076563641688 ], [ 114.269318083112239, 34.847628189446027 ], [ 114.270798057906518, 34.845965156905891 ], [ 114.270800034356512, 34.845962861634177 ], [ 114.271037376192226, 34.845677909460676 ], [ 114.271041931771492, 34.845671954283887 ], [ 114.27104633617148, 34.845664979040748 ], [ 114.271049986404137, 34.845657713871674 ], [ 114.271051010099427, 34.845655288137209 ], [ 114.271293738426266, 34.845052584932887 ], [ 114.271295430194414, 34.845047976003627 ], [ 114.271560421561958, 34.844249726186092 ], [ 114.27207496707922, 34.843240461917674 ], [ 114.272664557297503, 34.842125832286058 ], [ 114.27413539353995, 34.839384618720089 ], [ 114.275230657777342, 34.837330968127731 ], [ 114.275233490215669, 34.837327302345727 ], [ 114.275237894171255, 34.837320327093209 ], [ 114.27524154403568, 34.837313061914131 ], [ 114.275244062813726, 34.837306611309145 ], [ 114.275245986719938, 34.837300022916338 ], [ 114.275247329713352, 34.837294522915386 ], [ 114.275247819323113, 34.837292384732052 ], [ 114.275249064216382, 34.837284588236685 ], [ 114.275249480229036, 34.837276731950965 ], [ 114.275249064195577, 34.83726887566587 ], [ 114.275247819282413, 34.837261079172833 ], [ 114.275245754964317, 34.837253401807459 ], [ 114.275242886952128, 34.837245901999211 ], [ 114.275239237073379, 34.837238636826044 ], [ 114.275234833106083, 34.837231661580404 ], [ 114.275229708567167, 34.837225029348019 ], [ 114.275223902457697, 34.837218790603913 ], [ 114.275217458965699, 34.837212992828711 ], [ 114.27521042712965, 34.837207680147003 ], [ 114.275202860466607, 34.837202892991286 ], [ 114.27519481656293, 34.837198667794553 ], [ 114.275186356638073, 34.837195036713183 ], [ 114.275177545076303, 34.837192027381718 ], [ 114.275168448939439, 34.83718966270294 ], [ 114.275159137453784, 34.837187960673305 ], [ 114.275149681485573, 34.837186934246574 ], [ 114.275140153000166, 34.837186591234001 ], [ 114.275130624514645, 34.837186934246574 ], [ 114.27512116854632, 34.837187960673305 ], [ 114.275111857060892, 34.83718966270294 ], [ 114.275102760923915, 34.837192027381718 ], [ 114.275093949362258, 34.837195036713183 ], [ 114.275085489437288, 34.837198667794553 ], [ 114.275077445533611, 34.837202892991286 ], [ 114.275069878870568, 34.837207680147003 ], [ 114.275062847034633, 34.837212992828711 ], [ 114.275056403542521, 34.837218790603913 ], [ 114.275050597432937, 34.837225029348019 ], [ 114.275045472894135, 34.837231661580404 ], [ 114.275040073784339, 34.837240448293073 ], [ 114.273935328485663, 34.839311867038759 ], [ 114.272464351658755, 34.84205333155694 ], [ 114.271874236554481, 34.843168946827689 ], [ 114.271873662425264, 34.843170052272626 ], [ 114.271356058406013, 34.844185310849582 ], [ 114.271354110420816, 34.84418940903447 ], [ 114.271351394815156, 34.844196444133388 ], [ 114.27108528305655, 34.844998062819514 ], [ 114.270848349461858, 34.84558637383293 ], [ 114.270620732555017, 34.845859649563465 ], [ 114.269141352388374, 34.847522009971556 ], [ 114.269140532938763, 34.847522943198555 ], [ 114.267886221174081, 34.848970769682182 ], [ 114.26707757438794, 34.849851566278687 ], [ 114.266313592632741, 34.850660742333787 ], [ 114.266312904793608, 34.850661478653365 ], [ 114.265493433404572, 34.851548113808917 ], [ 114.264590773973282, 34.85252601190507 ], [ 114.26458729494891, 34.852530002034939 ], [ 114.263185475165869, 34.85423387075889 ], [ 114.261998379338138, 34.85569324503615 ], [ 114.260172159404306, 34.857908105674312 ], [ 114.259175482745604, 34.859061085650183 ], [ 114.258568494733595, 34.859729928643276 ], [ 114.258561356111272, 34.859738852747398 ], [ 114.258560309195786, 34.859740381607082 ], [ 114.257740734438016, 34.860964930801572 ], [ 114.257111522298601, 34.86188840170206 ], [ 114.256506292822451, 34.862787878841004 ], [ 114.255736096469491, 34.863926849768745 ], [ 114.254571319026013, 34.865656184937109 ], [ 114.253917901552768, 34.866624521969584 ], [ 114.253303368217303, 34.867528007617125 ], [ 114.253302851114086, 34.867528776619736 ], [ 114.252892552093613, 34.868146022512178 ], [ 114.252146742410218, 34.869232635443893 ], [ 114.252145147544979, 34.869235043870276 ], [ 114.251853913158584, 34.869691213641715 ], [ 114.251851762240335, 34.869694770837498 ], [ 114.251654466918581, 34.870039914679182 ], [ 114.251651803245068, 34.870044969728553 ], [ 114.251161902196372, 34.871058397324589 ], [ 114.251161063000154, 34.871060188547801 ], [ 114.250656886104707, 34.872171392448422 ], [ 114.250337977983804, 34.872820954960787 ], [ 114.25033658881091, 34.872823935179724 ], [ 114.250335007079002, 34.872827784592403 ], [ 114.250148419520656, 34.873317982434401 ], [ 114.250145255464986, 34.873328452362443 ], [ 114.2500620150023, 34.873696646289829 ], [ 114.250061826237356, 34.873697504266659 ], [ 114.250060580775312, 34.87370530071297 ], [ 114.250060164558249, 34.873713156950942 ], [ 114.25006032215515, 34.873717994218453 ], [ 114.25007773780294, 34.873985072233779 ], [ 114.250079241848198, 34.873995887637307 ], [ 114.250080634740584, 34.87400138902882 ], [ 114.250177223340984, 34.874331110112109 ], [ 114.250180764923243, 34.874340785726019 ], [ 114.250181088653335, 34.874341509101896 ], [ 114.250285741406969, 34.87457231018891 ], [ 114.250292007617304, 34.874583664231636 ], [ 114.250510020033175, 34.874915611673089 ], [ 114.250844212937864, 34.875458713045134 ], [ 114.251179089999368, 34.876035851449728 ], [ 114.251179476547122, 34.876036510740164 ], [ 114.251863773916057, 34.877191620084488 ], [ 114.252415229495455, 34.878118117322515 ], [ 114.252415867815216, 34.878119172243657 ], [ 114.25277273330596, 34.878699410526167 ], [ 114.252773835622293, 34.878701155324393 ], [ 114.253205947999618, 34.879367268840781 ], [ 114.253387748087107, 34.879644599941798 ], [ 114.253672247663417, 34.880262093769602 ], [ 114.253673878227346, 34.88026543059442 ], [ 114.253768372045101, 34.880448192671736 ], [ 114.253774273351496, 34.880457930025386 ], [ 114.253779400557619, 34.880464562218322 ], [ 114.253785209693547, 34.880470800926219 ], [ 114.253791656548628, 34.880476598668736 ], [ 114.253798692057899, 34.880481911321112 ], [ 114.253800661365403, 34.880483241173408 ], [ 114.253884073157451, 34.88053824356524 ], [ 114.253890516530191, 34.880553622940511 ], [ 114.253893517183997, 34.880561068480517 ], [ 114.254331103765139, 34.88161960341256 ], [ 114.255179764268405, 34.883722206073458 ], [ 114.255180650388752, 34.883724313963853 ], [ 114.25581754806376, 34.885180803236153 ], [ 114.256258600847104, 34.886231800013775 ], [ 114.256259066591724, 34.886232887270069 ], [ 114.256873323570289, 34.887638113276751 ], [ 114.257260770592893, 34.888530999816908 ], [ 114.257658985105763, 34.889469019984062 ], [ 114.257659382438078, 34.889469939898163 ], [ 114.258107372575296, 34.890489606458061 ], [ 114.25810801260468, 34.890491022272045 ], [ 114.258486022560987, 34.891306204862758 ], [ 114.258723577984142, 34.89197178891925 ], [ 114.258737532033138, 34.892343842060825 ], [ 114.258706860917641, 34.892499554303186 ], [ 114.258473113823243, 34.893129149006882 ], [ 114.258175279009038, 34.893758004392396 ], [ 114.258174391743182, 34.893759943286057 ], [ 114.258171521768304, 34.893767443024501 ], [ 114.258169456037422, 34.89377512031831 ], [ 114.258168210272288, 34.893782916739099 ], [ 114.258167793954158, 34.893790772950922 ], [ 114.258168210251597, 34.893798629163314 ], [ 114.258169455996608, 34.893806425586206 ], [ 114.258171521708618, 34.893814102883766 ], [ 114.258174391666444, 34.893821602626986 ], [ 114.258178044028227, 34.893828867738364 ], [ 114.258182450997424, 34.89383584292608 ], [ 114.25818757903437, 34.893842475104407 ], [ 114.258193389111966, 34.893848713798604 ], [ 114.25819983701183, 34.893854511528048 ], [ 114.258206873661607, 34.893859824168828 ], [ 114.258214445508429, 34.893864611288166 ], [ 114.258222494925349, 34.893868836453066 ], [ 114.258230960651986, 34.893872467507663 ], [ 114.258239778258371, 34.893875476817072 ], [ 114.258248880637325, 34.893877841478798 ], [ 114.258258198513772, 34.893879543495984 ], [ 114.258267660973161, 34.893880569915495 ], [ 114.258277196000108, 34.893880912925511 ], [ 114.258286731027169, 34.893880569915495 ], [ 114.258296193486444, 34.893879543495984 ], [ 114.258305511363233, 34.893877841478798 ], [ 114.258314613741959, 34.893875476817072 ], [ 114.258323431348344, 34.893872467507663 ], [ 114.258331897074981, 34.893868836453066 ], [ 114.258339946491901, 34.893864611288166 ], [ 114.258347518338724, 34.893859824168828 ], [ 114.2583545549885, 34.893854511528048 ], [ 114.258361002888364, 34.893848713798604 ], [ 114.25836681296596, 34.893842475104407 ], [ 114.258371941002906, 34.89383584292608 ], [ 114.2583758099953, 34.893829804218058 ], [ 114.258379113072465, 34.893823541522238 ], [ 114.258678442410655, 34.893191527274723 ], [ 114.258679329546567, 34.89318958863015 ], [ 114.258681141916327, 34.893185126827461 ], [ 114.258918270182335, 34.892546420626104 ], [ 114.258921393344735, 34.89253570558941 ], [ 114.258921642458859, 34.892534493216658 ], [ 114.258955192241729, 34.89236416418737 ], [ 114.258956251345126, 34.892356967494379 ], [ 114.258956605135722, 34.892349723950815 ], [ 114.258956552928339, 34.892346939611627 ], [ 114.25894183940909, 34.891954664624734 ], [ 114.258941315025709, 34.891948206643235 ], [ 114.258940229569362, 34.891941796313745 ], [ 114.25893744718951, 34.891932017309443 ], [ 114.258694712399233, 34.89125192651619 ], [ 114.258692559126075, 34.891246528273257 ], [ 114.258691951181618, 34.891245185327421 ], [ 114.258312741432519, 34.890427419729406 ], [ 114.257865311176261, 34.889409033079176 ], [ 114.257467165789762, 34.888471181261991 ], [ 114.257466914411793, 34.888470595604076 ], [ 114.257079252148515, 34.887577218529032 ], [ 114.256465142396451, 34.886172336966638 ], [ 114.256024084919886, 34.885121335268536 ], [ 114.256023614115861, 34.885120236417038 ], [ 114.255386932470287, 34.88366424945832 ], [ 114.254538569308693, 34.881562396552908 ], [ 114.254538316432445, 34.881561777522734 ], [ 114.25412277265923, 34.880556589910668 ], [ 114.254151811280622, 34.880534431280694 ], [ 114.254161285363125, 34.880526232925831 ], [ 114.254166420985143, 34.880520777956178 ], [ 114.254171034897809, 34.88051501507374 ] ] ] ] } },
{ "type": "Feature", "properties": { "Id": 441, "GRIDCODE": 9 }, "geometry": { "type": "MultiPolygon", "coordinates": [ [ [ [ 114.257876873016357, 34.889402389526367 ], [ 114.257876873016357, 34.889734983444214 ], [ 114.257973432540894, 34.889734983444214 ], [ 114.257973432540894, 34.889895915985107 ], [ 114.25805926322937, 34.889895915985107 ], [ 114.25805926322937, 34.889981746673584 ], [ 114.257973432540894, 34.889981746673584 ], [ 114.257973432540894, 34.890153408050537 ], [ 114.258134365081787, 34.890153408050537 ], [ 114.258134365081787, 34.890228509902954 ], [ 114.258220195770264, 34.890228509902954 ], [ 114.258220195770264, 34.890400171279907 ], [ 114.2583167552948, 34.890400171279907 ], [ 114.2583167552948, 34.890561103820801 ], [ 114.258381128311157, 34.890561103820801 ], [ 114.258381128311157, 34.890893697738647 ], [ 114.258477687835693, 34.890893697738647 ], [ 114.258477687835693, 34.891065359115601 ], [ 114.258542060852051, 34.891065359115601 ], [ 114.258542060852051, 34.891151189804077 ], [ 114.258638620376587, 34.891151189804077 ], [ 114.258638620376587, 34.891397953033447 ], [ 114.258724451065063, 34.891397953033447 ], [ 114.258724451065063, 34.891483783721924 ], [ 114.258638620376587, 34.891483783721924 ], [ 114.258638620376587, 34.891558885574341 ], [ 114.258724451065063, 34.891558885574341 ], [ 114.258724451065063, 34.891730546951294 ], [ 114.25879955291748, 34.891730546951294 ], [ 114.25879955291748, 34.892148971557617 ], [ 114.258885383605957, 34.892148971557617 ], [ 114.258885383605957, 34.892395734786987 ], [ 114.25879955291748, 34.892395734786987 ], [ 114.25879955291748, 34.892481565475464 ], [ 114.258724451065063, 34.892481565475464 ], [ 114.258724451065063, 34.892642498016357 ], [ 114.258638620376587, 34.892642498016357 ], [ 114.258638620376587, 34.892975091934204 ], [ 114.258542060852051, 34.892975091934204 ], [ 114.258542060852051, 34.893060922622681 ], [ 114.258885383605957, 34.893060922622681 ], [ 114.258885383605957, 34.892814159393311 ], [ 114.258981943130493, 34.892814159393311 ], [ 114.258981943130493, 34.892234802246094 ], [ 114.259046316146851, 34.892234802246094 ], [ 114.259046316146851, 34.892148971557617 ], [ 114.258981943130493, 34.892148971557617 ], [ 114.258981943130493, 34.891891479492188 ], [ 114.259046316146851, 34.891891479492188 ], [ 114.259046316146851, 34.891816377639771 ], [ 114.258981943130493, 34.891816377639771 ], [ 114.258981943130493, 34.891730546951294 ], [ 114.258885383605957, 34.891730546951294 ], [ 114.258885383605957, 34.891483783721924 ], [ 114.25879955291748, 34.891483783721924 ], [ 114.25879955291748, 34.891312122344971 ], [ 114.258724451065063, 34.891312122344971 ], [ 114.258724451065063, 34.891065359115601 ], [ 114.258638620376587, 34.891065359115601 ], [ 114.258638620376587, 34.89081859588623 ], [ 114.258542060852051, 34.89081859588623 ], [ 114.258542060852051, 34.890732765197754 ], [ 114.258477687835693, 34.890732765197754 ], [ 114.258477687835693, 34.890486001968384 ], [ 114.258381128311157, 34.890486001968384 ], [ 114.258381128311157, 34.890314340591431 ], [ 114.2583167552948, 34.890314340591431 ], [ 114.2583167552948, 34.890153408050537 ], [ 114.258220195770264, 34.890153408050537 ], [ 114.258220195770264, 34.889895915985107 ], [ 114.258134365081787, 34.889895915985107 ], [ 114.258134365081787, 34.889734983444214 ], [ 114.25805926322937, 34.889734983444214 ], [ 114.25805926322937, 34.889649152755737 ], [ 114.257973432540894, 34.889649152755737 ], [ 114.257973432540894, 34.889402389526367 ], [ 114.257876873016357, 34.889402389526367 ] ] ] ] } },
{ "type": "Feature", "properties": { "Id": 450, "GRIDCODE": 9 }, "geometry": { "type": "MultiPolygon", "coordinates": [ [ [ [ 114.257876873016357, 34.889402389526367 ], [ 114.257876873016357, 34.889144897460938 ], [ 114.2578125, 34.889144897460938 ], [ 114.2578125, 34.888983964920044 ], [ 114.257715940475464, 34.888983964920044 ], [ 114.257715940475464, 34.888726472854614 ], [ 114.257651567459106, 34.888726472854614 ], [ 114.257651567459106, 34.888640642166138 ], [ 114.25755500793457, 34.888640642166138 ], [ 114.25755500793457, 34.888393878936768 ], [ 114.257469177246094, 34.888393878936768 ], [ 114.257469177246094, 34.888232946395874 ], [ 114.257394075393677, 34.888232946395874 ], [ 114.257394075393677, 34.888061285018921 ], [ 114.2573082447052, 34.888061285018921 ], [ 114.2573082447052, 34.887814521789551 ], [ 114.257211685180664, 34.887814521789551 ], [ 114.257211685180664, 34.887481927871704 ], [ 114.257147312164307, 34.887481927871704 ], [ 114.257147312164307, 34.887396097183228 ], [ 114.257050752639771, 34.887396097183228 ], [ 114.257050752639771, 34.887310266494751 ], [ 114.256964921951294, 34.887310266494751 ], [ 114.256964921951294, 34.887149333953857 ], [ 114.2568039894104, 34.887149333953857 ], [ 114.2568039894104, 34.887224435806274 ], [ 114.256889820098877, 34.887224435806274 ], [ 114.256889820098877, 34.887481927871704 ], [ 114.256964921951294, 34.887481927871704 ], [ 114.256964921951294, 34.887642860412598 ], [ 114.257050752639771, 34.887642860412598 ], [ 114.257050752639771, 34.887728691101074 ], [ 114.256964921951294, 34.887728691101074 ], [ 114.256964921951294, 34.887814521789551 ], [ 114.257147312164307, 34.887814521789551 ], [ 114.257147312164307, 34.887975454330444 ], [ 114.257050752639771, 34.887975454330444 ], [ 114.257050752639771, 34.888061285018921 ], [ 114.257211685180664, 34.888061285018921 ], [ 114.257211685180664, 34.888232946395874 ], [ 114.2573082447052, 34.888232946395874 ], [ 114.2573082447052, 34.888308048248291 ], [ 114.257394075393677, 34.888308048248291 ], [ 114.257394075393677, 34.888640642166138 ], [ 114.257469177246094, 34.888640642166138 ], [ 114.257469177246094, 34.888812303543091 ], [ 114.25755500793457, 34.888812303543091 ], [ 114.25755500793457, 34.888898134231567 ], [ 114.257469177246094, 34.888898134231567 ], [ 114.257469177246094, 34.888983964920044 ], [ 114.257651567459106, 34.888983964920044 ], [ 114.257651567459106, 34.889069795608521 ], [ 114.257715940475464, 34.889069795608521 ], [ 114.257715940475464, 34.889230728149414 ], [ 114.2578125, 34.889230728149414 ], [ 114.2578125, 34.889402389526367 ], [ 114.257876873016357, 34.889402389526367 ] ] ] ] } },
{ "type": "Feature", "properties": { "Id": 454, "GRIDCODE": 9 }, "geometry": { "type": "MultiPolygon", "coordinates": [ [ [ [ 114.256728887557983, 34.886559247970581 ], [ 114.256643056869507, 34.886559247970581 ], [ 114.256643056869507, 34.886730909347534 ], [ 114.256728887557983, 34.886730909347534 ], [ 114.256728887557983, 34.886559247970581 ] ] ] ] } },
{ "type": "Feature", "properties": { "Id": 457, "GRIDCODE": 9 }, "geometry": { "type": "MultiPolygon", "coordinates": [ [ [ [ 114.256643056869507, 34.886398315429688 ], [ 114.256546497344971, 34.886398315429688 ], [ 114.256546497344971, 34.886484146118164 ], [ 114.256643056869507, 34.886484146118164 ], [ 114.256643056869507, 34.886398315429688 ] ] ] ] } },
{ "type": "Feature", "properties": { "Id": 464, "GRIDCODE": 9 }, "geometry": { "type": "MultiPolygon", "coordinates": [ [ [ [ 114.255881309509277, 34.884649515151978 ], [ 114.255881309509277, 34.884810447692871 ], [ 114.255977869033813, 34.884810447692871 ], [ 114.255977869033813, 34.884649515151978 ], [ 114.255881309509277, 34.884649515151978 ] ] ] ] } },
{ "type": "Feature", "properties": { "Id": 466, "GRIDCODE": 9 }, "geometry": { "type": "MultiPolygon", "coordinates": [ [ [ [ 114.255881309509277, 34.884649515151978 ], [ 114.255881309509277, 34.884477853775024 ], [ 114.25581693649292, 34.884477853775024 ], [ 114.25581693649292, 34.884402751922607 ], [ 114.255720376968384, 34.884402751922607 ], [ 114.255720376968384, 34.884563684463501 ], [ 114.25581693649292, 34.884563684463501 ], [ 114.25581693649292, 34.884649515151978 ], [ 114.255881309509277, 34.884649515151978 ] ] ] ] } },
{ "type": "Feature", "properties": { "Id": 467, "GRIDCODE": 9 }, "geometry": { "type": "MultiPolygon", "coordinates": [ [ [ [ 114.25555944442749, 34.884070158004761 ], [ 114.25555944442749, 34.884231090545654 ], [ 114.255634546279907, 34.884231090545654 ], [ 114.255634546279907, 34.884316921234131 ], [ 114.25581693649292, 34.884316921234131 ], [ 114.25581693649292, 34.884231090545654 ], [ 114.255720376968384, 34.884231090545654 ], [ 114.255720376968384, 34.884145259857178 ], [ 114.255634546279907, 34.884145259857178 ], [ 114.255634546279907, 34.884070158004761 ], [ 114.25555944442749, 34.884070158004761 ] ] ] ] } },
{ "type": "Feature", "properties": { "Id": 469, "GRIDCODE": 9 }, "geometry": { "type": "MultiPolygon", "coordinates": [ [ [ [ 114.25555944442749, 34.884070158004761 ], [ 114.25555944442749, 34.883812665939331 ], [ 114.255473613739014, 34.883812665939331 ], [ 114.255473613739014, 34.883651733398438 ], [ 114.255387783050537, 34.883651733398438 ], [ 114.255387783050537, 34.883737564086914 ], [ 114.25531268119812, 34.883737564086914 ], [ 114.25531268119812, 34.883812665939331 ], [ 114.255387783050537, 34.883812665939331 ], [ 114.255387783050537, 34.883898496627808 ], [ 114.255473613739014, 34.883898496627808 ], [ 114.255473613739014, 34.884070158004761 ], [ 114.25555944442749, 34.884070158004761 ] ] ] ] } },
{ "type": "Feature", "properties": { "Id": 473, "GRIDCODE": 9 }, "geometry": { "type": "MultiPolygon", "coordinates": [ [ [ [ 114.25531268119812, 34.883222579956055 ], [ 114.255216121673584, 34.883222579956055 ], [ 114.255216121673584, 34.883480072021484 ], [ 114.255387783050537, 34.883480072021484 ], [ 114.255387783050537, 34.883319139480591 ], [ 114.25531268119812, 34.883319139480591 ], [ 114.25531268119812, 34.883222579956055 ] ] ] ] } },
{ "type": "Feature", "properties": { "Id": 478, "GRIDCODE": 9 }, "geometry": { "type": "MultiPolygon", "coordinates": [ [ [ [ 114.255216121673584, 34.882975816726685 ], [ 114.255130290985107, 34.882975816726685 ], [ 114.255130290985107, 34.883147478103638 ], [ 114.255216121673584, 34.883147478103638 ], [ 114.255216121673584, 34.882975816726685 ] ] ] ] } },
{ "type": "Feature", "properties": { "Id": 483, "GRIDCODE": 9 }, "geometry": { "type": "MultiPolygon", "coordinates": [ [ [ [ 114.254722595214844, 34.881806373596191 ], [ 114.254647493362427, 34.881806373596191 ], [ 114.254647493362427, 34.882149696350098 ], [ 114.254722595214844, 34.882149696350098 ], [ 114.254722595214844, 34.882310628890991 ], [ 114.25480842590332, 34.882310628890991 ], [ 114.25480842590332, 34.882482290267944 ], [ 114.254894256591797, 34.882482290267944 ], [ 114.254894256591797, 34.882729053497314 ], [ 114.254969358444214, 34.882729053497314 ], [ 114.254969358444214, 34.882889986038208 ], [ 114.255130290985107, 34.882889986038208 ], [ 114.255130290985107, 34.882814884185791 ], [ 114.25505518913269, 34.882814884185791 ], [ 114.25505518913269, 34.882557392120361 ], [ 114.254969358444214, 34.882557392120361 ], [ 114.254969358444214, 34.882310628890991 ], [ 114.254894256591797, 34.882310628890991 ], [ 114.254894256591797, 34.882063865661621 ], [ 114.25480842590332, 34.882063865661621 ], [ 114.25480842590332, 34.881978034973145 ], [ 114.254722595214844, 34.881978034973145 ], [ 114.254722595214844, 34.881806373596191 ] ] ] ] } },
{ "type": "Feature", "properties": { "Id": 486, "GRIDCODE": 9 }, "geometry": { "type": "MultiPolygon", "coordinates": [ [ [ [ 114.254550933837891, 34.881312847137451 ], [ 114.254465103149414, 34.881312847137451 ], [ 114.254465103149414, 34.881559610366821 ], [ 114.254550933837891, 34.881559610366821 ], [ 114.254550933837891, 34.881731271743774 ], [ 114.254647493362427, 34.881731271743774 ], [ 114.254647493362427, 34.881473779678345 ], [ 114.254550933837891, 34.881473779678345 ], [ 114.254550933837891, 34.881312847137451 ] ] ] ] } },
{ "type": "Feature", "properties": { "Id": 491, "GRIDCODE": 9 }, "geometry": { "type": "MultiPolygon", "coordinates": [ [ [ [ 114.254143238067627, 34.880400896072388 ], [ 114.25405740737915, 34.880400896072388 ], [ 114.25405740737915, 34.880561828613281 ], [ 114.254143238067627, 34.880561828613281 ], [ 114.254143238067627, 34.880894422531128 ], [ 114.254304170608521, 34.880894422531128 ], [ 114.254304170608521, 34.880808591842651 ], [ 114.254218339920044, 34.880808591842651 ], [ 114.254218339920044, 34.880475997924805 ], [ 114.254143238067627, 34.880475997924805 ], [ 114.254143238067627, 34.880400896072388 ] ] ] ] } },
{ "type": "Feature", "properties": { "Id": 493, "GRIDCODE": 9 }, "geometry": { "type": "MultiPolygon", "coordinates": [ [ [ [ 114.253478050231934, 34.879231452941895 ], [ 114.253295660018921, 34.879231452941895 ], [ 114.253295660018921, 34.879317283630371 ], [ 114.253478050231934, 34.879317283630371 ], [ 114.253478050231934, 34.879231452941895 ] ] ] ] } },
{ "type": "Feature", "properties": { "Id": 494, "GRIDCODE": 9 }, "geometry": { "type": "MultiPolygon", "coordinates": [ [ [ [ 114.253220558166504, 34.878813028335571 ], [ 114.253134727478027, 34.878813028335571 ], [ 114.253134727478027, 34.878898859024048 ], [ 114.253220558166504, 34.878898859024048 ], [ 114.253220558166504, 34.878813028335571 ] ] ] ] } },
{ "type": "Feature", "properties": { "Id": 496, "GRIDCODE": 9 }, "geometry": { "type": "MultiPolygon", "coordinates": [ [ [ [ 114.25305962562561, 34.878566265106201 ], [ 114.252973794937134, 34.878566265106201 ], [ 114.252973794937134, 34.878652095794678 ], [ 114.25305962562561, 34.878652095794678 ], [ 114.25305962562561, 34.878566265106201 ] ] ] ] } },
{ "type": "Feature", "properties": { "Id": 498, "GRIDCODE": 9 }, "geometry": { "type": "MultiPolygon", "coordinates": [ [ [ [ 114.256138801574707, 34.878147840499878 ], [ 114.255977869033813, 34.878147840499878 ], [ 114.255977869033813, 34.878233671188354 ], [ 114.255881309509277, 34.878233671188354 ], [ 114.255881309509277, 34.878319501876831 ], [ 114.25605297088623, 34.878319501876831 ], [ 114.25605297088623, 34.878233671188354 ], [ 114.256138801574707, 34.878233671188354 ], [ 114.256138801574707, 34.878147840499878 ] ] ] ] } },
{ "type": "Feature", "properties": { "Id": 499, "GRIDCODE": 9 }, "geometry": { "type": "MultiPolygon", "coordinates": [ [ [ [ 114.252630472183228, 34.877986907958984 ], [ 114.252555370330811, 34.877986907958984 ], [ 114.252555370330811, 34.878062009811401 ], [ 114.252630472183228, 34.878062009811401 ], [ 114.252630472183228, 34.877986907958984 ] ] ] ] } },
{ "type": "Feature", "properties": { "Id": 500, "GRIDCODE": 9 }, "geometry": { "type": "MultiPolygon", "coordinates": [ [ [ [ 114.25955057144165, 34.877471923828125 ], [ 114.259389638900757, 34.877471923828125 ], [ 114.259389638900757, 34.877557754516602 ], [ 114.25955057144165, 34.877557754516602 ], [ 114.25955057144165, 34.877471923828125 ] ] ] ] } },
{ "type": "Feature", "properties": { "Id": 501, "GRIDCODE": 9 }, "geometry": { "type": "MultiPolygon", "coordinates": [ [ [ [ 114.259968996047974, 34.877396821975708 ], [ 114.259711503982544, 34.877396821975708 ], [ 114.259711503982544, 34.877557754516602 ], [ 114.25980806350708, 34.877557754516602 ], [ 114.25980806350708, 34.877471923828125 ], [ 114.259968996047974, 34.877471923828125 ], [ 114.259968996047974, 34.877396821975708 ] ] ] ] } },
{ "type": "Feature", "properties": { "Id": 502, "GRIDCODE": 9 }, "geometry": { "type": "MultiPolygon", "coordinates": [ [ [ [ 114.260376691818237, 34.877310991287231 ], [ 114.260151386260986, 34.877310991287231 ], [ 114.260151386260986, 34.877396821975708 ], [ 114.260376691818237, 34.877396821975708 ], [ 114.260376691818237, 34.877310991287231 ] ] ] ] } },
{ "type": "Feature", "properties": { "Id": 503, "GRIDCODE": 9 }, "geometry": { "type": "MultiPolygon", "coordinates": [ [ [ [ 114.252222776412964, 34.877225160598755 ], [ 114.252147674560547, 34.877225160598755 ], [ 114.252147674560547, 34.877310991287231 ], [ 114.252222776412964, 34.877310991287231 ], [ 114.252222776412964, 34.877225160598755 ] ] ] ] } },
{ "type": "Feature", "properties": { "Id": 504, "GRIDCODE": 9 }, "geometry": { "type": "MultiPolygon", "coordinates": [ [ [ [ 114.260720014572144, 34.877225160598755 ], [ 114.26055908203125, 34.877225160598755 ], [ 114.26055908203125, 34.877310991287231 ], [ 114.260634183883667, 34.877310991287231 ], [ 114.260634183883667, 34.877396821975708 ], [ 114.260720014572144, 34.877396821975708 ], [ 114.260720014572144, 34.877225160598755 ] ] ] ] } },
{ "type": "Feature", "properties": { "Id": 506, "GRIDCODE": 9 }, "geometry": { "type": "MultiPolygon", "coordinates": [ [ [ [ 114.251965284347534, 34.876892566680908 ], [ 114.251965284347534, 34.877139329910278 ], [ 114.25206184387207, 34.877139329910278 ], [ 114.25206184387207, 34.876892566680908 ], [ 114.251965284347534, 34.876892566680908 ] ] ] ] } },
{ "type": "Feature", "properties": { "Id": 507, "GRIDCODE": 9 }, "geometry": { "type": "MultiPolygon", "coordinates": [ [ [ [ 114.251890182495117, 34.876731634140015 ], [ 114.251890182495117, 34.876892566680908 ], [ 114.251965284347534, 34.876892566680908 ], [ 114.251965284347534, 34.876731634140015 ], [ 114.251890182495117, 34.876731634140015 ] ] ] ] } },
{ "type": "Feature", "properties": { "Id": 508, "GRIDCODE": 9 }, "geometry": { "type": "MultiPolygon", "coordinates": [ [ [ [ 114.26305890083313, 34.876731634140015 ], [ 114.262897968292236, 34.876731634140015 ], [ 114.262897968292236, 34.876806735992432 ], [ 114.26305890083313, 34.876806735992432 ], [ 114.26305890083313, 34.876731634140015 ] ] ] ] } },
{ "type": "Feature", "properties": { "Id": 509, "GRIDCODE": 9 }, "geometry": { "type": "MultiPolygon", "coordinates": [ [ [ [ 114.251804351806641, 34.876645803451538 ], [ 114.251804351806641, 34.876731634140015 ], [ 114.251890182495117, 34.876731634140015 ], [ 114.251890182495117, 34.876645803451538 ], [ 114.251804351806641, 34.876645803451538 ] ] ] ] } },
{ "type": "Feature", "properties": { "Id": 510, "GRIDCODE": 9 }, "geometry": { "type": "MultiPolygon", "coordinates": [ [ [ [ 114.251804351806641, 34.876645803451538 ], [ 114.251804351806641, 34.876559972763062 ], [ 114.251718521118164, 34.876559972763062 ], [ 114.251718521118164, 34.876645803451538 ], [ 114.251804351806641, 34.876645803451538 ] ] ] ] } },
{ "type": "Feature", "properties": { "Id": 511, "GRIDCODE": 9 }, "geometry": { "type": "MultiPolygon", "coordinates": [ [ [ [ 114.26404595375061, 34.876474142074585 ], [ 114.263970851898193, 34.876474142074585 ], [ 114.263970851898193, 34.876559972763062 ], [ 114.26404595375061, 34.876559972763062 ], [ 114.26404595375061, 34.876474142074585 ] ] ] ] } },
{ "type": "Feature", "properties": { "Id": 512, "GRIDCODE": 9 }, "geometry": { "type": "MultiPolygon", "coordinates": [ [ [ [ 114.251718521118164, 34.876399040222168 ], [ 114.251643419265747, 34.876399040222168 ], [ 114.251643419265747, 34.876474142074585 ], [ 114.251718521118164, 34.876474142074585 ], [ 114.251718521118164, 34.876399040222168 ] ] ] ] } },
{ "type": "Feature", "properties": { "Id": 513, "GRIDCODE": 9 }, "geometry": { "type": "MultiPolygon", "coordinates": [ [ [ [ 114.26455020904541, 34.876399040222168 ], [ 114.26430344581604, 34.876399040222168 ], [ 114.26430344581604, 34.876474142074585 ], [ 114.26455020904541, 34.876474142074585 ], [ 114.26455020904541, 34.876399040222168 ] ] ] ] } },
{ "type": "Feature", "properties": { "Id": 514, "GRIDCODE": 9 }, "geometry": { "type": "MultiPolygon", "coordinates": [ [ [ [ 114.264893531799316, 34.876313209533691 ], [ 114.26479697227478, 34.876313209533691 ], [ 114.26479697227478, 34.876399040222168 ], [ 114.264893531799316, 34.876399040222168 ], [ 114.264893531799316, 34.876313209533691 ] ] ] ] } },
{ "type": "Feature", "properties": { "Id": 517, "GRIDCODE": 9 }, "geometry": { "type": "MultiPolygon", "coordinates": [ [ [ [ 114.265719652175903, 34.876141548156738 ], [ 114.26555871963501, 34.876141548156738 ], [ 114.26555871963501, 34.876227378845215 ], [ 114.265719652175903, 34.876227378845215 ], [ 114.265719652175903, 34.876141548156738 ] ] ] ] } },
{ "type": "Feature", "properties": { "Id": 518, "GRIDCODE": 9 }, "geometry": { "type": "MultiPolygon", "coordinates": [ [ [ [ 114.266470670700073, 34.875980615615845 ], [ 114.26630973815918, 34.875980615615845 ], [ 114.26630973815918, 34.876066446304321 ], [ 114.266470670700073, 34.876066446304321 ], [ 114.266470670700073, 34.875980615615845 ] ] ] ] } },
{ "type": "Feature", "properties": { "Id": 521, "GRIDCODE": 9 }, "geometry": { "type": "MultiPolygon", "coordinates": [ [ [ [ 114.251396656036377, 34.875808954238892 ], [ 114.251300096511841, 34.875808954238892 ], [ 114.251300096511841, 34.875894784927368 ], [ 114.251396656036377, 34.875894784927368 ], [ 114.251396656036377, 34.875808954238892 ] ] ] ] } },
{ "type": "Feature", "properties": { "Id": 522, "GRIDCODE": 9 }, "geometry": { "type": "MultiPolygon", "coordinates": [ [ [ [ 114.267232418060303, 34.875808954238892 ], [ 114.26705002784729, 34.875808954238892 ], [ 114.26705002784729, 34.875894784927368 ], [ 114.267232418060303, 34.875894784927368 ], [ 114.267232418060303, 34.875808954238892 ] ] ] ] } },
{ "type": "Feature", "properties": { "Id": 527, "GRIDCODE": 9 }, "geometry": { "type": "MultiPolygon", "coordinates": [ [ [ [ 114.250978231430054, 34.875143766403198 ], [ 114.250892400741577, 34.875143766403198 ], [ 114.250892400741577, 34.875229597091675 ], [ 114.250978231430054, 34.875229597091675 ], [ 114.250978231430054, 34.875143766403198 ] ] ] ] } },
{ "type": "Feature", "properties": { "Id": 529, "GRIDCODE": 9 }, "geometry": { "type": "MultiPolygon", "coordinates": [ [ [ [ 114.250892400741577, 34.874982833862305 ], [ 114.250892400741577, 34.875057935714722 ], [ 114.250978231430054, 34.875057935714722 ], [ 114.250978231430054, 34.874982833862305 ], [ 114.250892400741577, 34.874982833862305 ] ] ] ] } },
{ "type": "Feature", "properties": { "Id": 530, "GRIDCODE": 9 }, "geometry": { "type": "MultiPolygon", "coordinates": [ [ [ [ 114.250892400741577, 34.874982833862305 ], [ 114.250892400741577, 34.874897003173828 ], [ 114.250795841217041, 34.874897003173828 ], [ 114.250795841217041, 34.874982833862305 ], [ 114.250892400741577, 34.874982833862305 ] ] ] ] } },
{ "type": "Feature", "properties": { "Id": 533, "GRIDCODE": 9 }, "geometry": { "type": "MultiPolygon", "coordinates": [ [ [ [ 114.250634908676147, 34.874478578567505 ], [ 114.250473976135254, 34.874478578567505 ], [ 114.250473976135254, 34.874564409255981 ], [ 114.250549077987671, 34.874564409255981 ], [ 114.250549077987671, 34.874650239944458 ], [ 114.250634908676147, 34.874650239944458 ], [ 114.250634908676147, 34.874478578567505 ] ] ] ] } },
{ "type": "Feature", "properties": { "Id": 534, "GRIDCODE": 9 }, "geometry": { "type": "MultiPolygon", "coordinates": [ [ [ [ 114.250473976135254, 34.874231815338135 ], [ 114.250388145446777, 34.874231815338135 ], [ 114.250388145446777, 34.874317646026611 ], [ 114.250473976135254, 34.874317646026611 ], [ 114.250473976135254, 34.874231815338135 ] ] ] ] } },
{ "type": "Feature", "properties": { "Id": 539, "GRIDCODE": 9 }, "geometry": { "type": "MultiPolygon", "coordinates": [ [ [ [ 114.250388145446777, 34.873985052108765 ], [ 114.25031304359436, 34.873985052108765 ], [ 114.25031304359436, 34.874145984649658 ], [ 114.250388145446777, 34.874145984649658 ], [ 114.250388145446777, 34.873985052108765 ] ] ] ] } },
{ "type": "Feature", "properties": { "Id": 544, "GRIDCODE": 9 }, "geometry": { "type": "MultiPolygon", "coordinates": [ [ [ [ 114.250549077987671, 34.872901439666748 ], [ 114.250473976135254, 34.872901439666748 ], [ 114.250473976135254, 34.872976541519165 ], [ 114.250549077987671, 34.872976541519165 ], [ 114.250549077987671, 34.872901439666748 ] ] ] ] } },
{ "type": "Feature", "properties": { "Id": 549, "GRIDCODE": 9 }, "geometry": { "type": "MultiPolygon", "coordinates": [ [ [ [ 114.250634908676147, 34.872568845748901 ], [ 114.250549077987671, 34.872568845748901 ], [ 114.250549077987671, 34.872643947601318 ], [ 114.250634908676147, 34.872643947601318 ], [ 114.250634908676147, 34.872568845748901 ] ] ] ] } },
{ "type": "Feature", "properties": { "Id": 551, "GRIDCODE": 9 }, "geometry": { "type": "MultiPolygon", "coordinates": [ [ [ [ 114.250795841217041, 34.872397184371948 ], [ 114.250731468200684, 34.872397184371948 ], [ 114.250731468200684, 34.872483015060425 ], [ 114.250795841217041, 34.872483015060425 ], [ 114.250795841217041, 34.872397184371948 ] ] ] ] } },
{ "type": "Feature", "properties": { "Id": 552, "GRIDCODE": 9 }, "geometry": { "type": "MultiPolygon", "coordinates": [ [ [ [ 114.250892400741577, 34.872150421142578 ], [ 114.250795841217041, 34.872150421142578 ], [ 114.250795841217041, 34.872236251831055 ], [ 114.250892400741577, 34.872236251831055 ], [ 114.250892400741577, 34.872150421142578 ] ] ] ] } },
{ "type": "Feature", "properties": { "Id": 554, "GRIDCODE": 9 }, "geometry": { "type": "MultiPolygon", "coordinates": [ [ [ [ 114.250978231430054, 34.871807098388672 ], [ 114.250892400741577, 34.871807098388672 ], [ 114.250892400741577, 34.871892929077148 ], [ 114.250795841217041, 34.871892929077148 ], [ 114.250795841217041, 34.871978759765625 ], [ 114.251053333282471, 34.871978759765625 ], [ 114.251053333282471, 34.871892929077148 ], [ 114.250978231430054, 34.871892929077148 ], [ 114.250978231430054, 34.871807098388672 ] ] ] ] } },
{ "type": "Feature", "properties": { "Id": 564, "GRIDCODE": 9 }, "geometry": { "type": "MultiPolygon", "coordinates": [ [ [ [ 114.251224994659424, 34.871313571929932 ], [ 114.251139163970947, 34.871313571929932 ], [ 114.251139163970947, 34.871388673782349 ], [ 114.251224994659424, 34.871388673782349 ], [ 114.251224994659424, 34.871313571929932 ] ] ] ] } },
{ "type": "Feature", "properties": { "Id": 571, "GRIDCODE": 9 }, "geometry": { "type": "MultiPolygon", "coordinates": [ [ [ [ 114.251461029052734, 34.870895147323608 ], [ 114.251396656036377, 34.870895147323608 ], [ 114.251396656036377, 34.870980978012085 ], [ 114.251461029052734, 34.870980978012085 ], [ 114.251461029052734, 34.870895147323608 ] ] ] ] } },
{ "type": "Feature", "properties": { "Id": 575, "GRIDCODE": 9 }, "geometry": { "type": "MultiPolygon", "coordinates": [ [ [ [ 114.251643419265747, 34.870648384094238 ], [ 114.251557588577271, 34.870648384094238 ], [ 114.251557588577271, 34.870723485946655 ], [ 114.251643419265747, 34.870723485946655 ], [ 114.251643419265747, 34.870648384094238 ] ] ] ] } },
{ "type": "Feature", "properties": { "Id": 584, "GRIDCODE": 9 }, "geometry": { "type": "MultiPolygon", "coordinates": [ [ [ [ 114.251804351806641, 34.870058298110962 ], [ 114.251718521118164, 34.870058298110962 ], [ 114.251718521118164, 34.870144128799438 ], [ 114.251804351806641, 34.870144128799438 ], [ 114.251804351806641, 34.870058298110962 ] ] ] ] } },
{ "type": "Feature", "properties": { "Id": 588, "GRIDCODE": 9 }, "geometry": { "type": "MultiPolygon", "coordinates": [ [ [ [ 114.251965284347534, 34.869897365570068 ], [ 114.251804351806641, 34.869897365570068 ], [ 114.251804351806641, 34.869983196258545 ], [ 114.251965284347534, 34.869983196258545 ], [ 114.251965284347534, 34.869897365570068 ] ] ] ] } },
{ "type": "Feature", "properties": { "Id": 590, "GRIDCODE": 9 }, "geometry": { "type": "MultiPolygon", "coordinates": [ [ [ [ 114.294483661651611, 34.869725704193115 ], [ 114.294387102127075, 34.869725704193115 ], [ 114.294387102127075, 34.869811534881592 ], [ 114.294483661651611, 34.869811534881592 ], [ 114.294483661651611, 34.869725704193115 ] ] ] ] } },
{ "type": "Feature", "properties": { "Id": 592, "GRIDCODE": 9 }, "geometry": { "type": "MultiPolygon", "coordinates": [ [ [ [ 114.294805526733398, 34.869639873504639 ], [ 114.294644594192505, 34.869639873504639 ], [ 114.294644594192505, 34.869811534881592 ], [ 114.294719696044922, 34.869811534881592 ], [ 114.294719696044922, 34.869725704193115 ], [ 114.294805526733398, 34.869725704193115 ], [ 114.294805526733398, 34.869639873504639 ] ] ] ] } },
{ "type": "Feature", "properties": { "Id": 594, "GRIDCODE": 9 }, "geometry": { "type": "MultiPolygon", "coordinates": [ [ [ [ 114.295148849487305, 34.869564771652222 ], [ 114.294966459274292, 34.869564771652222 ], [ 114.294966459274292, 34.869639873504639 ], [ 114.295148849487305, 34.869639873504639 ], [ 114.295148849487305, 34.869564771652222 ] ] ] ] } },
{ "type": "Feature", "properties": { "Id": 597, "GRIDCODE": 9 }, "geometry": { "type": "MultiPolygon", "coordinates": [ [ [ [ 114.252383708953857, 34.869146347045898 ], [ 114.25230860710144, 34.869146347045898 ], [ 114.25230860710144, 34.869232177734375 ], [ 114.252383708953857, 34.869232177734375 ], [ 114.252383708953857, 34.869146347045898 ] ] ] ] } },
{ "type": "Feature", "properties": { "Id": 600, "GRIDCODE": 9 }, "geometry": { "type": "MultiPolygon", "coordinates": [ [ [ [ 114.252727031707764, 34.868566989898682 ], [ 114.252630472183228, 34.868566989898682 ], [ 114.252630472183228, 34.868642091751099 ], [ 114.252555370330811, 34.868642091751099 ], [ 114.252555370330811, 34.868727922439575 ], [ 114.25281286239624, 34.868727922439575 ], [ 114.25281286239624, 34.868642091751099 ], [ 114.252727031707764, 34.868642091751099 ], [ 114.252727031707764, 34.868566989898682 ] ] ] ] } },
{ "type": "Feature", "properties": { "Id": 606, "GRIDCODE": 9 }, "geometry": { "type": "MultiPolygon", "coordinates": [ [ [ [ 114.239981174468994, 34.867150783538818 ], [ 114.239884614944458, 34.867150783538818 ], [ 114.239884614944458, 34.867225885391235 ], [ 114.239981174468994, 34.867225885391235 ], [ 114.239981174468994, 34.867150783538818 ] ] ] ] } },
{ "type": "Feature", "properties": { "Id": 607, "GRIDCODE": 9 }, "geometry": { "type": "MultiPolygon", "coordinates": [ [ [ [ 114.253885746002197, 34.866893291473389 ], [ 114.253799915313721, 34.866893291473389 ], [ 114.253799915313721, 34.866979122161865 ], [ 114.253885746002197, 34.866979122161865 ], [ 114.253885746002197, 34.866893291473389 ] ] ] ] } },
{ "type": "Feature", "properties": { "Id": 614, "GRIDCODE": 9 }, "geometry": { "type": "MultiPolygon", "coordinates": [ [ [ [ 114.239981174468994, 34.867150783538818 ], [ 114.240045547485352, 34.867150783538818 ], [ 114.240045547485352, 34.867225885391235 ], [ 114.239981174468994, 34.867225885391235 ], [ 114.239981174468994, 34.867311716079712 ], [ 114.240045547485352, 34.867311716079712 ], [ 114.240045547485352, 34.867397546768188 ], [ 114.240142107009888, 34.867397546768188 ], [ 114.240142107009888, 34.867483377456665 ], [ 114.240388870239258, 34.867483377456665 ], [ 114.240388870239258, 34.867397546768188 ], [ 114.240485429763794, 34.867397546768188 ], [ 114.240485429763794, 34.867483377456665 ], [ 114.240549802780151, 34.867483377456665 ], [ 114.240549802780151, 34.867397546768188 ], [ 114.240710735321045, 34.867397546768188 ], [ 114.240710735321045, 34.867311716079712 ], [ 114.240893125534058, 34.867311716079712 ], [ 114.240893125534058, 34.867225885391235 ], [ 114.241054058074951, 34.867225885391235 ], [ 114.241054058074951, 34.867150783538818 ], [ 114.240968227386475, 34.867150783538818 ], [ 114.240968227386475, 34.867064952850342 ], [ 114.240807294845581, 34.867064952850342 ], [ 114.240807294845581, 34.866979122161865 ], [ 114.240646362304688, 34.866979122161865 ], [ 114.240646362304688, 34.866893291473389 ], [ 114.240549802780151, 34.866893291473389 ], [ 114.240549802780151, 34.866979122161865 ], [ 114.240485429763794, 34.866979122161865 ], [ 114.240485429763794, 34.866893291473389 ], [ 114.240388870239258, 34.866893291473389 ], [ 114.240388870239258, 34.866818189620972 ], [ 114.240303039550781, 34.866818189620972 ], [ 114.240303039550781, 34.866732358932495 ], [ 114.240142107009888, 34.866732358932495 ], [ 114.240142107009888, 34.866646528244019 ], [ 114.240045547485352, 34.866646528244019 ], [ 114.240045547485352, 34.866560697555542 ], [ 114.239981174468994, 34.866560697555542 ], [ 114.239981174468994, 34.866485595703125 ], [ 114.239723682403564, 34.866485595703125 ], [ 114.239723682403564, 34.866560697555542 ], [ 114.239637851715088, 34.866560697555542 ], [ 114.239637851715088, 34.866818189620972 ], [ 114.239723682403564, 34.866818189620972 ], [ 114.239723682403564, 34.866893291473389 ], [ 114.239884614944458, 34.866893291473389 ], [ 114.239884614944458, 34.866979122161865 ], [ 114.239981174468994, 34.866979122161865 ], [ 114.239981174468994, 34.867150783538818 ] ] ] ] } },
{ "type": "Feature", "properties": { "Id": 615, "GRIDCODE": 9 }, "geometry": { "type": "MultiPolygon", "coordinates": [ [ [ [ 114.254218339920044, 34.866313934326172 ], [ 114.254143238067627, 34.866313934326172 ], [ 114.254143238067627, 34.866560697555542 ], [ 114.254304170608521, 34.866560697555542 ], [ 114.254304170608521, 34.866485595703125 ], [ 114.254218339920044, 34.866485595703125 ], [ 114.254218339920044, 34.866313934326172 ] ] ] ] } },
{ "type": "Feature", "properties": { "Id": 616, "GRIDCODE": 9 }, "geometry": { "type": "MultiPolygon", "coordinates": [ [ [ [ 114.254390001296997, 34.866228103637695 ], [ 114.254304170608521, 34.866228103637695 ], [ 114.254304170608521, 34.866399765014648 ], [ 114.254390001296997, 34.866399765014648 ], [ 114.254390001296997, 34.866228103637695 ] ] ] ] } },
{ "type": "Feature", "properties": { "Id": 619, "GRIDCODE": 9 }, "geometry": { "type": "MultiPolygon", "coordinates": [ [ [ [ 114.254465103149414, 34.866056442260742 ], [ 114.254390001296997, 34.866056442260742 ], [ 114.254390001296997, 34.866142272949219 ], [ 114.254465103149414, 34.866142272949219 ], [ 114.254465103149414, 34.866056442260742 ] ] ] ] } },
{ "type": "Feature", "properties": { "Id": 621, "GRIDCODE": 9 }, "geometry": { "type": "MultiPolygon", "coordinates": [ [ [ [ 114.25480842590332, 34.865562915802002 ], [ 114.254722595214844, 34.865562915802002 ], [ 114.254722595214844, 34.865638017654419 ], [ 114.25480842590332, 34.865638017654419 ], [ 114.25480842590332, 34.865562915802002 ] ] ] ] } },
{ "type": "Feature", "properties": { "Id": 629, "GRIDCODE": 9 }, "geometry": { "type": "MultiPolygon", "coordinates": [ [ [ [ 114.328129291534424, 34.864060878753662 ], [ 114.328064918518066, 34.864060878753662 ], [ 114.328064918518066, 34.864146709442139 ], [ 114.328129291534424, 34.864146709442139 ], [ 114.328129291534424, 34.864060878753662 ] ] ] ] } },
{ "type": "Feature", "properties": { "Id": 630, "GRIDCODE": 9 }, "geometry": { "type": "MultiPolygon", "coordinates": [ [ [ [ 114.328633546829224, 34.863975048065186 ], [ 114.32822585105896, 34.863975048065186 ], [ 114.32822585105896, 34.864146709442139 ], [ 114.328386783599854, 34.864146709442139 ], [ 114.328386783599854, 34.864060878753662 ], [ 114.328633546829224, 34.864060878753662 ], [ 114.328633546829224, 34.863975048065186 ] ] ] ] } },
{ "type": "Feature", "properties": { "Id": 631, "GRIDCODE": 9 }, "geometry": { "type": "MultiPolygon", "coordinates": [ [ [ [ 114.32897686958313, 34.863899946212769 ], [ 114.328815937042236, 34.863899946212769 ], [ 114.328815937042236, 34.863975048065186 ], [ 114.328891038894653, 34.863975048065186 ], [ 114.328891038894653, 34.864060878753662 ], [ 114.32897686958313, 34.864060878753662 ], [ 114.32897686958313, 34.863899946212769 ] ] ] ] } },
{ "type": "Feature", "properties": { "Id": 633, "GRIDCODE": 9 }, "geometry": { "type": "MultiPolygon", "coordinates": [ [ [ [ 114.25605297088623, 34.863728284835815 ], [ 114.255977869033813, 34.863728284835815 ], [ 114.255977869033813, 34.863814115524292 ], [ 114.25605297088623, 34.863814115524292 ], [ 114.25605297088623, 34.863728284835815 ] ] ] ] } },
{ "type": "Feature", "properties": { "Id": 638, "GRIDCODE": 9 }, "geometry": { "type": "MultiPolygon", "coordinates": [ [ [ [ 114.256299734115601, 34.863309860229492 ], [ 114.256224632263184, 34.863309860229492 ], [ 114.256224632263184, 34.863395690917969 ], [ 114.256299734115601, 34.863395690917969 ], [ 114.256299734115601, 34.863309860229492 ] ] ] ] } },
{ "type": "Feature", "properties": { "Id": 644, "GRIDCODE": 9 }, "geometry": { "type": "MultiPolygon", "coordinates": [ [ [ [ 114.256643056869507, 34.862816333770752 ], [ 114.256546497344971, 34.862816333770752 ], [ 114.256546497344971, 34.862891435623169 ], [ 114.256643056869507, 34.862891435623169 ], [ 114.256643056869507, 34.862816333770752 ] ] ] ] } },
{ "type": "Feature", "properties": { "Id": 650, "GRIDCODE": 9 }, "geometry": { "type": "MultiPolygon", "coordinates": [ [ [ [ 114.256889820098877, 34.862483739852905 ], [ 114.2568039894104, 34.862483739852905 ], [ 114.2568039894104, 34.862558841705322 ], [ 114.256889820098877, 34.862558841705322 ], [ 114.256889820098877, 34.862483739852905 ] ] ] ] } },
{ "type": "Feature", "properties": { "Id": 653, "GRIDCODE": 9 }, "geometry": { "type": "MultiPolygon", "coordinates": [ [ [ [ 114.257147312164307, 34.862226247787476 ], [ 114.256964921951294, 34.862226247787476 ], [ 114.256964921951294, 34.862483739852905 ], [ 114.257050752639771, 34.862483739852905 ], [ 114.257050752639771, 34.862312078475952 ], [ 114.257147312164307, 34.862312078475952 ], [ 114.257147312164307, 34.862226247787476 ] ] ] ] } },
{ "type": "Feature", "properties": { "Id": 654, "GRIDCODE": 9 }, "geometry": { "type": "MultiPolygon", "coordinates": [ [ [ [ 114.257211685180664, 34.861979484558105 ], [ 114.257147312164307, 34.861979484558105 ], [ 114.257147312164307, 34.862065315246582 ], [ 114.257211685180664, 34.862065315246582 ], [ 114.257211685180664, 34.861979484558105 ] ] ] ] } },
{ "type": "Feature", "properties": { "Id": 660, "GRIDCODE": 9 }, "geometry": { "type": "MultiPolygon", "coordinates": [ [ [ [ 114.25755500793457, 34.861485958099365 ], [ 114.257469177246094, 34.861485958099365 ], [ 114.257469177246094, 34.861561059951782 ], [ 114.25755500793457, 34.861561059951782 ], [ 114.25755500793457, 34.861485958099365 ] ] ] ] } },
{ "type": "Feature", "properties": { "Id": 662, "GRIDCODE": 9 }, "geometry": { "type": "MultiPolygon", "coordinates": [ [ [ [ 114.33647632598877, 34.861400127410889 ], [ 114.336379766464233, 34.861400127410889 ], [ 114.336379766464233, 34.861485958099365 ], [ 114.33647632598877, 34.861485958099365 ], [ 114.33647632598877, 34.861400127410889 ] ] ] ] } },
{ "type": "Feature", "properties": { "Id": 664, "GRIDCODE": 9 }, "geometry": { "type": "MultiPolygon", "coordinates": [ [ [ [ 114.2578125, 34.861142635345459 ], [ 114.257715940475464, 34.861142635345459 ], [ 114.257715940475464, 34.861228466033936 ], [ 114.2578125, 34.861228466033936 ], [ 114.2578125, 34.861142635345459 ] ] ] ] } },
{ "type": "Feature", "properties": { "Id": 667, "GRIDCODE": 9 }, "geometry": { "type": "MultiPolygon", "coordinates": [ [ [ [ 114.337645769119263, 34.861067533493042 ], [ 114.337549209594727, 34.861067533493042 ], [ 114.337549209594727, 34.861142635345459 ], [ 114.337645769119263, 34.861142635345459 ], [ 114.337645769119263, 34.861067533493042 ] ] ] ] } },
{ "type": "Feature", "properties": { "Id": 668, "GRIDCODE": 9 }, "geometry": { "type": "MultiPolygon", "coordinates": [ [ [ [ 114.337806701660156, 34.860981702804565 ], [ 114.337731599807739, 34.860981702804565 ], [ 114.337731599807739, 34.861067533493042 ], [ 114.337806701660156, 34.861067533493042 ], [ 114.337806701660156, 34.860981702804565 ] ] ] ] } },
{ "type": "Feature", "properties": { "Id": 669, "GRIDCODE": 9 }, "geometry": { "type": "MultiPolygon", "coordinates": [ [ [ [ 114.338053464889526, 34.860895872116089 ], [ 114.337892532348633, 34.860895872116089 ], [ 114.337892532348633, 34.860981702804565 ], [ 114.338053464889526, 34.860981702804565 ], [ 114.338053464889526, 34.860895872116089 ] ] ] ] } },
{ "type": "Feature", "properties": { "Id": 678, "GRIDCODE": 9 }, "geometry": { "type": "MultiPolygon", "coordinates": [ [ [ [ 114.258134365081787, 34.860563278198242 ], [ 114.25805926322937, 34.860563278198242 ], [ 114.25805926322937, 34.860638380050659 ], [ 114.258134365081787, 34.860638380050659 ], [ 114.258134365081787, 34.860563278198242 ] ] ] ] } },
{ "type": "Feature", "properties": { "Id": 687, "GRIDCODE": 9 }, "geometry": { "type": "MultiPolygon", "coordinates": [ [ [ [ 114.339802265167236, 34.860305786132812 ], [ 114.339641332626343, 34.860305786132812 ], [ 114.339641332626343, 34.860391616821289 ], [ 114.339802265167236, 34.860391616821289 ], [ 114.339802265167236, 34.860305786132812 ] ] ] ] } },
{ "type": "Feature", "properties": { "Id": 693, "GRIDCODE": 9 }, "geometry": { "type": "MultiPolygon", "coordinates": [ [ [ [ 114.258477687835693, 34.860059022903442 ], [ 114.258381128311157, 34.860059022903442 ], [ 114.258381128311157, 34.860230684280396 ], [ 114.258542060852051, 34.860230684280396 ], [ 114.258542060852051, 34.860144853591919 ], [ 114.258477687835693, 34.860144853591919 ], [ 114.258477687835693, 34.860059022903442 ] ] ] ] } },
{ "type": "Feature", "properties": { "Id": 697, "GRIDCODE": 9 }, "geometry": { "type": "MultiPolygon", "coordinates": [ [ [ [ 114.341057538986206, 34.859887361526489 ], [ 114.340971708297729, 34.859887361526489 ], [ 114.340971708297729, 34.859973192214966 ], [ 114.341057538986206, 34.859973192214966 ], [ 114.341057538986206, 34.859887361526489 ] ] ] ] } },
{ "type": "Feature", "properties": { "Id": 698, "GRIDCODE": 9 }, "geometry": { "type": "MultiPolygon", "coordinates": [ [ [ [ 114.258724451065063, 34.859812259674072 ], [ 114.258638620376587, 34.859812259674072 ], [ 114.258638620376587, 34.859887361526489 ], [ 114.258724451065063, 34.859887361526489 ], [ 114.258724451065063, 34.859812259674072 ] ] ] ] } },
{ "type": "Feature", "properties": { "Id": 707, "GRIDCODE": 9 }, "geometry": { "type": "MultiPolygon", "coordinates": [ [ [ [ 114.344565868377686, 34.859554767608643 ], [ 114.344383478164673, 34.859554767608643 ], [ 114.344383478164673, 34.859640598297119 ], [ 114.344565868377686, 34.859640598297119 ], [ 114.344565868377686, 34.859554767608643 ] ] ] ] } },
{ "type": "Feature", "properties": { "Id": 708, "GRIDCODE": 9 }, "geometry": { "type": "MultiPolygon", "coordinates": [ [ [ [ 114.345231056213379, 34.859554767608643 ], [ 114.344973564147949, 34.859554767608643 ], [ 114.344973564147949, 34.859640598297119 ], [ 114.345231056213379, 34.859640598297119 ], [ 114.345231056213379, 34.859554767608643 ] ] ] ] } },
{ "type": "Feature", "properties": { "Id": 710, "GRIDCODE": 9 }, "geometry": { "type": "MultiPolygon", "coordinates": [ [ [ [ 114.346218109130859, 34.859479665756226 ], [ 114.345735311508179, 34.859479665756226 ], [ 114.345735311508179, 34.859554767608643 ], [ 114.346218109130859, 34.859554767608643 ], [ 114.346218109130859, 34.859479665756226 ] ] ] ] } },
{ "type": "Feature", "properties": { "Id": 714, "GRIDCODE": 9 }, "geometry": { "type": "MultiPolygon", "coordinates": [ [ [ [ 114.259046316146851, 34.859308004379272 ], [ 114.258981943130493, 34.859308004379272 ], [ 114.258981943130493, 34.859393835067749 ], [ 114.259046316146851, 34.859393835067749 ], [ 114.259046316146851, 34.859308004379272 ] ] ] ] } },
{ "type": "Feature", "properties": { "Id": 726, "GRIDCODE": 9 }, "geometry": { "type": "MultiPolygon", "coordinates": [ [ [ [ 114.259389638900757, 34.858975410461426 ], [ 114.25930380821228, 34.858975410461426 ], [ 114.25930380821228, 34.859061241149902 ], [ 114.259389638900757, 34.859061241149902 ], [ 114.259389638900757, 34.858975410461426 ] ] ] ] } },
{ "type": "Feature", "properties": { "Id": 732, "GRIDCODE": 9 }, "geometry": { "type": "MultiPolygon", "coordinates": [ [ [ [ 114.259711503982544, 34.858642816543579 ], [ 114.259647130966187, 34.858642816543579 ], [ 114.259647130966187, 34.858728647232056 ], [ 114.259711503982544, 34.858728647232056 ], [ 114.259711503982544, 34.858642816543579 ] ] ] ] } },
{ "type": "Feature", "properties": { "Id": 738, "GRIDCODE": 9 }, "geometry": { "type": "MultiPolygon", "coordinates": [ [ [ [ 114.259968996047974, 34.858396053314209 ], [ 114.259893894195557, 34.858396053314209 ], [ 114.259893894195557, 34.858481884002686 ], [ 114.259968996047974, 34.858481884002686 ], [ 114.259968996047974, 34.858396053314209 ] ] ] ] } },
{ "type": "Feature", "properties": { "Id": 744, "GRIDCODE": 9 }, "geometry": { "type": "MultiPolygon", "coordinates": [ [ [ [ 114.26031231880188, 34.857891798019409 ], [ 114.260215759277344, 34.857891798019409 ], [ 114.260215759277344, 34.857977628707886 ], [ 114.26031231880188, 34.857977628707886 ], [ 114.26031231880188, 34.857891798019409 ] ] ] ] } },
{ "type": "Feature", "properties": { "Id": 754, "GRIDCODE": 9 }, "geometry": { "type": "MultiPolygon", "coordinates": [ [ [ [ 114.260634183883667, 34.857473373413086 ], [ 114.26055908203125, 34.857473373413086 ], [ 114.26055908203125, 34.857559204101562 ], [ 114.260634183883667, 34.857559204101562 ], [ 114.260634183883667, 34.857473373413086 ] ] ] ] } },
{ "type": "Feature", "properties": { "Id": 758, "GRIDCODE": 9 }, "geometry": { "type": "MultiPolygon", "coordinates": [ [ [ [ 114.260880947113037, 34.857226610183716 ], [ 114.26081657409668, 34.857226610183716 ], [ 114.26081657409668, 34.857312440872192 ], [ 114.260880947113037, 34.857312440872192 ], [ 114.260880947113037, 34.857226610183716 ] ] ] ] } },
{ "type": "Feature", "properties": { "Id": 762, "GRIDCODE": 9 }, "geometry": { "type": "MultiPolygon", "coordinates": [ [ [ [ 114.25480842590332, 34.856894016265869 ], [ 114.254390001296997, 34.856894016265869 ], [ 114.254390001296997, 34.856979846954346 ], [ 114.254143238067627, 34.856979846954346 ], [ 114.254143238067627, 34.857065677642822 ], [ 114.253799915313721, 34.857065677642822 ], [ 114.253799915313721, 34.857226610183716 ], [ 114.253724813461304, 34.857226610183716 ], [ 114.253724813461304, 34.857473373413086 ], [ 114.253638982772827, 34.857473373413086 ], [ 114.253638982772827, 34.857645034790039 ], [ 114.253724813461304, 34.857645034790039 ], [ 114.253724813461304, 34.857816696166992 ], [ 114.253799915313721, 34.857816696166992 ], [ 114.253799915313721, 34.857891798019409 ], [ 114.253885746002197, 34.857891798019409 ], [ 114.253885746002197, 34.857816696166992 ], [ 114.254143238067627, 34.857816696166992 ], [ 114.254143238067627, 34.857891798019409 ], [ 114.25405740737915, 34.857891798019409 ], [ 114.25405740737915, 34.857977628707886 ], [ 114.253724813461304, 34.857977628707886 ], [ 114.253724813461304, 34.858063459396362 ], [ 114.253392219543457, 34.858063459396362 ], [ 114.253392219543457, 34.857977628707886 ], [ 114.253553152084351, 34.857977628707886 ], [ 114.253553152084351, 34.857559204101562 ], [ 114.253478050231934, 34.857559204101562 ], [ 114.253478050231934, 34.857645034790039 ], [ 114.253392219543457, 34.857645034790039 ], [ 114.253392219543457, 34.857730865478516 ], [ 114.253220558166504, 34.857730865478516 ], [ 114.253220558166504, 34.857891798019409 ], [ 114.253134727478027, 34.857891798019409 ], [ 114.253134727478027, 34.857816696166992 ], [ 114.25305962562561, 34.857816696166992 ], [ 114.25305962562561, 34.857559204101562 ], [ 114.253392219543457, 34.857559204101562 ], [ 114.253392219543457, 34.857473373413086 ], [ 114.253478050231934, 34.857473373413086 ], [ 114.253478050231934, 34.857398271560669 ], [ 114.253392219543457, 34.857398271560669 ], [ 114.253392219543457, 34.857312440872192 ], [ 114.252973794937134, 34.857312440872192 ], [ 114.252973794937134, 34.857398271560669 ], [ 114.252727031707764, 34.857398271560669 ], [ 114.252727031707764, 34.857559204101562 ], [ 114.252630472183228, 34.857559204101562 ], [ 114.252630472183228, 34.857645034790039 ], [ 114.252727031707764, 34.857645034790039 ], [ 114.252727031707764, 34.857730865478516 ], [ 114.25281286239624, 34.857730865478516 ], [ 114.25281286239624, 34.858149290084839 ], [ 114.25305962562561, 34.858149290084839 ], [ 114.25305962562561, 34.858224391937256 ], [ 114.252887964248657, 34.858224391937256 ], [ 114.252887964248657, 34.858481884002686 ], [ 114.25281286239624, 34.858481884002686 ], [ 114.25281286239624, 34.858556985855103 ], [ 114.252973794937134, 34.858556985855103 ], [ 114.252973794937134, 34.858728647232056 ], [ 114.253295660018921, 34.858728647232056 ], [ 114.253295660018921, 34.858642816543579 ], [ 114.253478050231934, 34.858642816543579 ], [ 114.253478050231934, 34.858556985855103 ], [ 114.253638982772827, 34.858556985855103 ], [ 114.253638982772827, 34.858481884002686 ], [ 114.253885746002197, 34.858481884002686 ], [ 114.253885746002197, 34.858396053314209 ], [ 114.254218339920044, 34.858396053314209 ], [ 114.254218339920044, 34.858310222625732 ], [ 114.254390001296997, 34.858310222625732 ], [ 114.254390001296997, 34.858396053314209 ], [ 114.254465103149414, 34.858396053314209 ], [ 114.254465103149414, 34.858310222625732 ], [ 114.254550933837891, 34.858310222625732 ], [ 114.254550933837891, 34.857977628707886 ], [ 114.254647493362427, 34.857977628707886 ], [ 114.254647493362427, 34.857891798019409 ], [ 114.254550933837891, 34.857891798019409 ], [ 114.254550933837891, 34.857816696166992 ], [ 114.254390001296997, 34.857816696166992 ], [ 114.254390001296997, 34.857730865478516 ], [ 114.254465103149414, 34.857730865478516 ], [ 114.254465103149414, 34.857559204101562 ], [ 114.254894256591797, 34.857559204101562 ], [ 114.254894256591797, 34.857312440872192 ], [ 114.25480842590332, 34.857312440872192 ], [ 114.25480842590332, 34.856894016265869 ] ], [ [ 114.254304170608521, 34.857226610183716 ], [ 114.254304170608521, 34.857398271560669 ], [ 114.254218339920044, 34.857398271560669 ], [ 114.254218339920044, 34.857645034790039 ], [ 114.253982305526733, 34.857645034790039 ], [ 114.253982305526733, 34.857559204101562 ], [ 114.253885746002197, 34.857559204101562 ], [ 114.253885746002197, 34.857398271560669 ], [ 114.25405740737915, 34.857398271560669 ], [ 114.25405740737915, 34.857312440872192 ], [ 114.254143238067627, 34.857312440872192 ], [ 114.254143238067627, 34.857226610183716 ], [ 114.254304170608521, 34.857226610183716 ] ], [ [ 114.253392219543457, 34.858310222625732 ], [ 114.253392219543457, 34.858396053314209 ], [ 114.253220558166504, 34.858396053314209 ], [ 114.253220558166504, 34.858310222625732 ], [ 114.253392219543457, 34.858310222625732 ] ], [ [ 114.253295660018921, 34.858063459396362 ], [ 114.253295660018921, 34.858149290084839 ], [ 114.253134727478027, 34.858149290084839 ], [ 114.253134727478027, 34.858063459396362 ], [ 114.253295660018921, 34.858063459396362 ] ] ] ] } },
{ "type": "Feature", "properties": { "Id": 765, "GRIDCODE": 9 }, "geometry": { "type": "MultiPolygon", "coordinates": [ [ [ [ 114.26154613494873, 34.856400489807129 ], [ 114.261481761932373, 34.856400489807129 ], [ 114.261481761932373, 34.856475591659546 ], [ 114.26154613494873, 34.856475591659546 ], [ 114.26154613494873, 34.856400489807129 ] ] ] ] } },
{ "type": "Feature", "properties": { "Id": 771, "GRIDCODE": 9 }, "geometry": { "type": "MultiPolygon", "coordinates": [ [ [ [ 114.258885383605957, 34.855982065200806 ], [ 114.258638620376587, 34.855982065200806 ], [ 114.258638620376587, 34.856067895889282 ], [ 114.258724451065063, 34.856067895889282 ], [ 114.258724451065063, 34.856142997741699 ], [ 114.258638620376587, 34.856142997741699 ], [ 114.258638620376587, 34.856228828430176 ], [ 114.258477687835693, 34.856228828430176 ], [ 114.258477687835693, 34.856475591659546 ], [ 114.25879955291748, 34.856475591659546 ], [ 114.25879955291748, 34.856400489807129 ], [ 114.258981943130493, 34.856400489807129 ], [ 114.258981943130493, 34.856142997741699 ], [ 114.258885383605957, 34.856142997741699 ], [ 114.258885383605957, 34.855982065200806 ] ] ] ] } },
{ "type": "Feature", "properties": { "Id": 772, "GRIDCODE": 9 }, "geometry": { "type": "MultiPolygon", "coordinates": [ [ [ [ 114.261889457702637, 34.855982065200806 ], [ 114.26180362701416, 34.855982065200806 ], [ 114.26180362701416, 34.856067895889282 ], [ 114.261889457702637, 34.856067895889282 ], [ 114.261889457702637, 34.855982065200806 ] ] ] ] } },
{ "type": "Feature", "properties": { "Id": 777, "GRIDCODE": 9 }, "geometry": { "type": "MultiPolygon", "coordinates": [ [ [ [ 114.262146949768066, 34.855735301971436 ], [ 114.26205039024353, 34.855735301971436 ], [ 114.26205039024353, 34.855810403823853 ], [ 114.262146949768066, 34.855810403823853 ], [ 114.262146949768066, 34.855735301971436 ] ] ] ] } },
{ "type": "Feature", "properties": { "Id": 781, "GRIDCODE": 9 }, "geometry": { "type": "MultiPolygon", "coordinates": [ [ [ [ 114.258724451065063, 34.855649471282959 ], [ 114.258542060852051, 34.855649471282959 ], [ 114.258542060852051, 34.855735301971436 ], [ 114.258724451065063, 34.855735301971436 ], [ 114.258724451065063, 34.855649471282959 ] ] ] ] } },
{ "type": "Feature", "properties": { "Id": 785, "GRIDCODE": 9 }, "geometry": { "type": "MultiPolygon", "coordinates": [ [ [ [ 114.262468814849854, 34.855316877365112 ], [ 114.262393712997437, 34.855316877365112 ], [ 114.262393712997437, 34.855402708053589 ], [ 114.262468814849854, 34.855402708053589 ], [ 114.262468814849854, 34.855316877365112 ] ] ] ] } },
{ "type": "Feature", "properties": { "Id": 787, "GRIDCODE": 9 }, "geometry": { "type": "MultiPolygon", "coordinates": [ [ [ [ 114.258381128311157, 34.855231046676636 ], [ 114.258134365081787, 34.855231046676636 ], [ 114.258134365081787, 34.855402708053589 ], [ 114.2583167552948, 34.855402708053589 ], [ 114.2583167552948, 34.855477809906006 ], [ 114.258381128311157, 34.855477809906006 ], [ 114.258381128311157, 34.855563640594482 ], [ 114.2578125, 34.855563640594482 ], [ 114.2578125, 34.855649471282959 ], [ 114.257715940475464, 34.855649471282959 ], [ 114.257715940475464, 34.855477809906006 ], [ 114.257651567459106, 34.855477809906006 ], [ 114.257651567459106, 34.855402708053589 ], [ 114.2573082447052, 34.855402708053589 ], [ 114.2573082447052, 34.855477809906006 ], [ 114.256964921951294, 34.855477809906006 ], [ 114.256964921951294, 34.855896234512329 ], [ 114.256889820098877, 34.855896234512329 ], [ 114.256889820098877, 34.855982065200806 ], [ 114.257050752639771, 34.855982065200806 ], [ 114.257050752639771, 34.856475591659546 ], [ 114.257147312164307, 34.856475591659546 ], [ 114.257147312164307, 34.856733083724976 ], [ 114.257211685180664, 34.856733083724976 ], [ 114.257211685180664, 34.856808185577393 ], [ 114.2573082447052, 34.856808185577393 ], [ 114.2573082447052, 34.856733083724976 ], [ 114.257469177246094, 34.856733083724976 ], [ 114.257469177246094, 34.856561422348022 ], [ 114.25755500793457, 34.856561422348022 ], [ 114.25755500793457, 34.856647253036499 ], [ 114.257876873016357, 34.856647253036499 ], [ 114.257876873016357, 34.856561422348022 ], [ 114.257973432540894, 34.856561422348022 ], [ 114.257973432540894, 34.856400489807129 ], [ 114.258134365081787, 34.856400489807129 ], [ 114.258134365081787, 34.856475591659546 ], [ 114.2583167552948, 34.856475591659546 ], [ 114.2583167552948, 34.856400489807129 ], [ 114.258220195770264, 34.856400489807129 ], [ 114.258220195770264, 34.856314659118652 ], [ 114.258134365081787, 34.856314659118652 ], [ 114.258134365081787, 34.855896234512329 ], [ 114.258220195770264, 34.855896234512329 ], [ 114.258220195770264, 34.855810403823853 ], [ 114.2583167552948, 34.855810403823853 ], [ 114.2583167552948, 34.855735301971436 ], [ 114.258134365081787, 34.855735301971436 ], [ 114.258134365081787, 34.855649471282959 ], [ 114.258477687835693, 34.855649471282959 ], [ 114.258477687835693, 34.855563640594482 ], [ 114.258724451065063, 34.855563640594482 ], [ 114.258724451065063, 34.855477809906006 ], [ 114.258638620376587, 34.855477809906006 ], [ 114.258638620376587, 34.855402708053589 ], [ 114.258477687835693, 34.855402708053589 ], [ 114.258477687835693, 34.855316877365112 ], [ 114.258381128311157, 34.855316877365112 ], [ 114.258381128311157, 34.855231046676636 ] ], [ [ 114.257715940475464, 34.856067895889282 ], [ 114.257715940475464, 34.856314659118652 ], [ 114.2578125, 34.856314659118652 ], [ 114.2578125, 34.856475591659546 ], [ 114.2573082447052, 34.856475591659546 ], [ 114.2573082447052, 34.856400489807129 ], [ 114.257211685180664, 34.856400489807129 ], [ 114.257211685180664, 34.856142997741699 ], [ 114.257394075393677, 34.856142997741699 ], [ 114.257394075393677, 34.856067895889282 ], [ 114.257715940475464, 34.856067895889282 ] ], [ [ 114.257973432540894, 34.856142997741699 ], [ 114.257973432540894, 34.856314659118652 ], [ 114.257876873016357, 34.856314659118652 ], [ 114.257876873016357, 34.856142997741699 ], [ 114.257973432540894, 34.856142997741699 ] ], [ [ 114.25805926322937, 34.855735301971436 ], [ 114.25805926322937, 34.855810403823853 ], [ 114.257876873016357, 34.855810403823853 ], [ 114.257876873016357, 34.856067895889282 ], [ 114.2578125, 34.856067895889282 ], [ 114.2578125, 34.855982065200806 ], [ 114.257715940475464, 34.855982065200806 ], [ 114.257715940475464, 34.855896234512329 ], [ 114.25755500793457, 34.855896234512329 ], [ 114.25755500793457, 34.855810403823853 ], [ 114.2578125, 34.855810403823853 ], [ 114.2578125, 34.855735301971436 ], [ 114.25805926322937, 34.855735301971436 ] ], [ [ 114.257394075393677, 34.855896234512329 ], [ 114.257394075393677, 34.855982065200806 ], [ 114.257211685180664, 34.855982065200806 ], [ 114.257211685180664, 34.855896234512329 ], [ 114.257394075393677, 34.855896234512329 ] ] ] ] } },
{ "type": "Feature", "properties": { "Id": 802, "GRIDCODE": 9 }, "geometry": { "type": "MultiPolygon", "coordinates": [ [ [ [ 114.26305890083313, 34.854555130004883 ], [ 114.262973070144653, 34.854555130004883 ], [ 114.262973070144653, 34.854640960693359 ], [ 114.26305890083313, 34.854640960693359 ], [ 114.26305890083313, 34.854555130004883 ] ] ] ] } },
{ "type": "Feature", "properties": { "Id": 805, "GRIDCODE": 9 }, "geometry": { "type": "MultiPolygon", "coordinates": [ [ [ [ 114.263380765914917, 34.854222536087036 ], [ 114.2633056640625, 34.854222536087036 ], [ 114.2633056640625, 34.854308366775513 ], [ 114.263380765914917, 34.854308366775513 ], [ 114.263380765914917, 34.854222536087036 ] ] ] ] } },
{ "type": "Feature", "properties": { "Id": 812, "GRIDCODE": 9 }, "geometry": { "type": "MultiPolygon", "coordinates": [ [ [ [ 114.263724088668823, 34.853729009628296 ], [ 114.263638257980347, 34.853729009628296 ], [ 114.263638257980347, 34.853889942169189 ], [ 114.263724088668823, 34.853889942169189 ], [ 114.263724088668823, 34.853729009628296 ] ] ] ] } },
{ "type": "Feature", "properties": { "Id": 817, "GRIDCODE": 9 }, "geometry": { "type": "MultiPolygon", "coordinates": [ [ [ [ 114.26404595375061, 34.853310585021973 ], [ 114.263970851898193, 34.853310585021973 ], [ 114.263970851898193, 34.853396415710449 ], [ 114.26404595375061, 34.853396415710449 ], [ 114.26404595375061, 34.853310585021973 ] ] ] ] } },
{ "type": "Feature", "properties": { "Id": 819, "GRIDCODE": 9 }, "geometry": { "type": "MultiPolygon", "coordinates": [ [ [ [ 114.265462160110474, 34.853224754333496 ], [ 114.265462160110474, 34.853557348251343 ], [ 114.26555871963501, 34.853557348251343 ], [ 114.26555871963501, 34.853643178939819 ], [ 114.265644550323486, 34.853643178939819 ], [ 114.265644550323486, 34.853729009628296 ], [ 114.26580548286438, 34.853729009628296 ], [ 114.26580548286438, 34.853814840316772 ], [ 114.265880584716797, 34.853814840316772 ], [ 114.265880584716797, 34.853889942169189 ], [ 114.265966415405273, 34.853889942169189 ], [ 114.265966415405273, 34.853975772857666 ], [ 114.266127347946167, 34.853975772857666 ], [ 114.266127347946167, 34.853889942169189 ], [ 114.266384840011597, 34.853889942169189 ], [ 114.266384840011597, 34.853814840316772 ], [ 114.266631603240967, 34.853814840316772 ], [ 114.266631603240967, 34.853729009628296 ], [ 114.266728162765503, 34.853729009628296 ], [ 114.266728162765503, 34.853643178939819 ], [ 114.26679253578186, 34.853643178939819 ], [ 114.26679253578186, 34.853557348251343 ], [ 114.266567230224609, 34.853557348251343 ], [ 114.266567230224609, 34.853643178939819 ], [ 114.266223907470703, 34.853643178939819 ], [ 114.266223907470703, 34.853557348251343 ], [ 114.26606297492981, 34.853557348251343 ], [ 114.26606297492981, 34.853729009628296 ], [ 114.265880584716797, 34.853729009628296 ], [ 114.265880584716797, 34.853557348251343 ], [ 114.26580548286438, 34.853557348251343 ], [ 114.26580548286438, 34.853471517562866 ], [ 114.265644550323486, 34.853471517562866 ], [ 114.265644550323486, 34.853396415710449 ], [ 114.26555871963501, 34.853396415710449 ], [ 114.26555871963501, 34.853224754333496 ], [ 114.265462160110474, 34.853224754333496 ] ] ] ] } },
{ "type": "Feature", "properties": { "Id": 820, "GRIDCODE": 9 }, "geometry": { "type": "MultiPolygon", "coordinates": [ [ [ [ 114.265397787094116, 34.85313892364502 ], [ 114.265397787094116, 34.853224754333496 ], [ 114.265462160110474, 34.853224754333496 ], [ 114.265462160110474, 34.85313892364502 ], [ 114.265397787094116, 34.85313892364502 ] ] ] ] } },
{ "type": "Feature", "properties": { "Id": 821, "GRIDCODE": 9 }, "geometry": { "type": "MultiPolygon", "coordinates": [ [ [ [ 114.26430344581604, 34.853063821792603 ], [ 114.264228343963623, 34.853063821792603 ], [ 114.264228343963623, 34.85313892364502 ], [ 114.26430344581604, 34.85313892364502 ], [ 114.26430344581604, 34.853063821792603 ] ] ] ] } },
{ "type": "Feature", "properties": { "Id": 822, "GRIDCODE": 9 }, "geometry": { "type": "MultiPolygon", "coordinates": [ [ [ [ 114.265397787094116, 34.85313892364502 ], [ 114.265397787094116, 34.853063821792603 ], [ 114.26530122756958, 34.853063821792603 ], [ 114.26530122756958, 34.85313892364502 ], [ 114.265397787094116, 34.85313892364502 ] ] ] ] } },
{ "type": "Feature", "properties": { "Id": 825, "GRIDCODE": 9 }, "geometry": { "type": "MultiPolygon", "coordinates": [ [ [ [ 114.26729679107666, 34.852645397186279 ], [ 114.267232418060303, 34.852645397186279 ], [ 114.267232418060303, 34.853224754333496 ], [ 114.26705002784729, 34.853224754333496 ], [ 114.26705002784729, 34.853396415710449 ], [ 114.266974925994873, 34.853396415710449 ], [ 114.266974925994873, 34.853471517562866 ], [ 114.266889095306396, 34.853471517562866 ], [ 114.266889095306396, 34.853557348251343 ], [ 114.267135858535767, 34.853557348251343 ], [ 114.267135858535767, 34.853396415710449 ], [ 114.26729679107666, 34.853396415710449 ], [ 114.26729679107666, 34.852645397186279 ] ] ] ] } },
{ "type": "Feature", "properties": { "Id": 828, "GRIDCODE": 9 }, "geometry": { "type": "MultiPolygon", "coordinates": [ [ [ [ 114.26530122756958, 34.852473735809326 ], [ 114.265215396881104, 34.852473735809326 ], [ 114.265215396881104, 34.852559566497803 ], [ 114.26530122756958, 34.852559566497803 ], [ 114.26530122756958, 34.852473735809326 ] ] ] ] } },
{ "type": "Feature", "properties": { "Id": 830, "GRIDCODE": 9 }, "geometry": { "type": "MultiPolygon", "coordinates": [ [ [ [ 114.266470670700073, 34.852312803268433 ], [ 114.26630973815918, 34.852312803268433 ], [ 114.26630973815918, 34.852398633956909 ], [ 114.265966415405273, 34.852398633956909 ], [ 114.265966415405273, 34.852473735809326 ], [ 114.26580548286438, 34.852473735809326 ], [ 114.26580548286438, 34.852559566497803 ], [ 114.26630973815918, 34.852559566497803 ], [ 114.26630973815918, 34.852473735809326 ], [ 114.266470670700073, 34.852473735809326 ], [ 114.266470670700073, 34.852312803268433 ] ] ] ] } },
{ "type": "Feature", "properties": { "Id": 833, "GRIDCODE": 9 }, "geometry": { "type": "MultiPolygon", "coordinates": [ [ [ [ 114.264968633651733, 34.852226972579956 ], [ 114.264893531799316, 34.852226972579956 ], [ 114.264893531799316, 34.852398633956909 ], [ 114.26505446434021, 34.852398633956909 ], [ 114.26505446434021, 34.852312803268433 ], [ 114.264968633651733, 34.852312803268433 ], [ 114.264968633651733, 34.852226972579956 ] ] ] ] } },
{ "type": "Feature", "properties": { "Id": 837, "GRIDCODE": 9 }, "geometry": { "type": "MultiPolygon", "coordinates": [ [ [ [ 114.26530122756958, 34.851894378662109 ], [ 114.265215396881104, 34.851894378662109 ], [ 114.265215396881104, 34.851980209350586 ], [ 114.26530122756958, 34.851980209350586 ], [ 114.26530122756958, 34.851894378662109 ] ] ] ] } },
{ "type": "Feature", "properties": { "Id": 841, "GRIDCODE": 9 }, "geometry": { "type": "MultiPolygon", "coordinates": [ [ [ [ 114.254722595214844, 34.851733446121216 ], [ 114.254647493362427, 34.851733446121216 ], [ 114.254647493362427, 34.852066040039062 ], [ 114.254550933837891, 34.852066040039062 ], [ 114.254550933837891, 34.852141141891479 ], [ 114.254722595214844, 34.852141141891479 ], [ 114.254722595214844, 34.852066040039062 ], [ 114.25480842590332, 34.852066040039062 ], [ 114.25480842590332, 34.852141141891479 ], [ 114.254969358444214, 34.852141141891479 ], [ 114.254969358444214, 34.852066040039062 ], [ 114.255130290985107, 34.852066040039062 ], [ 114.255130290985107, 34.852141141891479 ], [ 114.25531268119812, 34.852141141891479 ], [ 114.25531268119812, 34.851980209350586 ], [ 114.25480842590332, 34.851980209350586 ], [ 114.25480842590332, 34.851808547973633 ], [ 114.254722595214844, 34.851808547973633 ], [ 114.254722595214844, 34.851733446121216 ] ] ] ] } },
{ "type": "Feature", "properties": { "Id": 844, "GRIDCODE": 9 }, "geometry": { "type": "MultiPolygon", "coordinates": [ [ [ [ 114.246053695678711, 34.851647615432739 ], [ 114.245731830596924, 34.851647615432739 ], [ 114.245731830596924, 34.851561784744263 ], [ 114.245549440383911, 34.851561784744263 ], [ 114.245549440383911, 34.851733446121216 ], [ 114.245474338531494, 34.851733446121216 ], [ 114.245474338531494, 34.851808547973633 ], [ 114.245635271072388, 34.851808547973633 ], [ 114.245635271072388, 34.851894378662109 ], [ 114.245731830596924, 34.851894378662109 ], [ 114.245731830596924, 34.851980209350586 ], [ 114.245635271072388, 34.851980209350586 ], [ 114.245635271072388, 34.852066040039062 ], [ 114.245731830596924, 34.852066040039062 ], [ 114.245731830596924, 34.852141141891479 ], [ 114.245796203613281, 34.852141141891479 ], [ 114.245796203613281, 34.852226972579956 ], [ 114.245892763137817, 34.852226972579956 ], [ 114.245892763137817, 34.851733446121216 ], [ 114.246053695678711, 34.851733446121216 ], [ 114.246053695678711, 34.851647615432739 ] ] ] ] } },
{ "type": "Feature", "properties": { "Id": 845, "GRIDCODE": 9 }, "geometry": { "type": "MultiPolygon", "coordinates": [ [ [ [ 114.246214628219604, 34.851561784744263 ], [ 114.246053695678711, 34.851561784744263 ], [ 114.246053695678711, 34.851647615432739 ], [ 114.246214628219604, 34.851647615432739 ], [ 114.246214628219604, 34.851561784744263 ] ] ] ] } },
{ "type": "Feature", "properties": { "Id": 846, "GRIDCODE": 9 }, "geometry": { "type": "MultiPolygon", "coordinates": [ [ [ [ 114.246214628219604, 34.851561784744263 ], [ 114.246300458908081, 34.851561784744263 ], [ 114.246300458908081, 34.851647615432739 ], [ 114.246397018432617, 34.851647615432739 ], [ 114.246397018432617, 34.851733446121216 ], [ 114.246461391448975, 34.851733446121216 ], [ 114.246461391448975, 34.851808547973633 ], [ 114.246397018432617, 34.851808547973633 ], [ 114.246397018432617, 34.851894378662109 ], [ 114.246139526367188, 34.851894378662109 ], [ 114.246139526367188, 34.851980209350586 ], [ 114.246053695678711, 34.851980209350586 ], [ 114.246053695678711, 34.852066040039062 ], [ 114.245967864990234, 34.852066040039062 ], [ 114.245967864990234, 34.852226972579956 ], [ 114.246139526367188, 34.852226972579956 ], [ 114.246139526367188, 34.852141141891479 ], [ 114.246643781661987, 34.852141141891479 ], [ 114.246643781661987, 34.851647615432739 ], [ 114.246461391448975, 34.851647615432739 ], [ 114.246461391448975, 34.851561784744263 ], [ 114.246397018432617, 34.851561784744263 ], [ 114.246397018432617, 34.851475954055786 ], [ 114.246214628219604, 34.851475954055786 ], [ 114.246214628219604, 34.851561784744263 ] ] ] ] } },
{ "type": "Feature", "properties": { "Id": 847, "GRIDCODE": 9 }, "geometry": { "type": "MultiPolygon", "coordinates": [ [ [ [ 114.254722595214844, 34.85139012336731 ], [ 114.254647493362427, 34.85139012336731 ], [ 114.254647493362427, 34.851475954055786 ], [ 114.254722595214844, 34.851475954055786 ], [ 114.254722595214844, 34.85139012336731 ] ] ] ] } },
{ "type": "Feature", "properties": { "Id": 849, "GRIDCODE": 9 }, "geometry": { "type": "MultiPolygon", "coordinates": [ [ [ [ 114.265880584716797, 34.851315021514893 ], [ 114.26580548286438, 34.851315021514893 ], [ 114.26580548286438, 34.85139012336731 ], [ 114.265880584716797, 34.85139012336731 ], [ 114.265880584716797, 34.851315021514893 ] ] ] ] } },
{ "type": "Feature", "properties": { "Id": 854, "GRIDCODE": 9 }, "geometry": { "type": "MultiPolygon", "coordinates": [ [ [ [ 114.266384840011597, 34.850810766220093 ], [ 114.26630973815918, 34.850810766220093 ], [ 114.26630973815918, 34.850896596908569 ], [ 114.266384840011597, 34.850896596908569 ], [ 114.266384840011597, 34.850810766220093 ] ] ] ] } },
{ "type": "Feature", "properties": { "Id": 866, "GRIDCODE": 9 }, "geometry": { "type": "MultiPolygon", "coordinates": [ [ [ [ 114.26679253578186, 34.850317239761353 ], [ 114.266728162765503, 34.850317239761353 ], [ 114.266728162765503, 34.85039234161377 ], [ 114.26679253578186, 34.85039234161377 ], [ 114.26679253578186, 34.850317239761353 ] ] ] ] } },
{ "type": "Feature", "properties": { "Id": 885, "GRIDCODE": 9 }, "geometry": { "type": "MultiPolygon", "coordinates": [ [ [ [ 114.26780104637146, 34.8491370677948 ], [ 114.267715215682983, 34.8491370677948 ], [ 114.267715215682983, 34.849222898483276 ], [ 114.26780104637146, 34.849222898483276 ], [ 114.26780104637146, 34.8491370677948 ] ] ] ] } },
{ "type": "Feature", "properties": { "Id": 887, "GRIDCODE": 9 }, "geometry": { "type": "MultiPolygon", "coordinates": [ [ [ [ 114.267961978912354, 34.849061965942383 ], [ 114.267897605895996, 34.849061965942383 ], [ 114.267897605895996, 34.8491370677948 ], [ 114.267961978912354, 34.8491370677948 ], [ 114.267961978912354, 34.849061965942383 ] ] ] ] } },
{ "type": "Feature", "properties": { "Id": 897, "GRIDCODE": 9 }, "geometry": { "type": "MultiPolygon", "coordinates": [ [ [ [ 114.26805853843689, 34.84889030456543 ], [ 114.267961978912354, 34.84889030456543 ], [ 114.267961978912354, 34.848976135253906 ], [ 114.26805853843689, 34.848976135253906 ], [ 114.26805853843689, 34.84889030456543 ] ] ] ] } },
{ "type": "Feature", "properties": { "Id": 902, "GRIDCODE": 9 }, "geometry": { "type": "MultiPolygon", "coordinates": [ [ [ [ 114.268219470977783, 34.848804473876953 ], [ 114.268144369125366, 34.848804473876953 ], [ 114.268144369125366, 34.84889030456543 ], [ 114.268219470977783, 34.84889030456543 ], [ 114.268219470977783, 34.848804473876953 ] ] ] ] } },
{ "type": "Feature", "properties": { "Id": 908, "GRIDCODE": 9 }, "geometry": { "type": "MultiPolygon", "coordinates": [ [ [ [ 114.26530122756958, 34.84864354133606 ], [ 114.265215396881104, 34.84864354133606 ], [ 114.265215396881104, 34.848729372024536 ], [ 114.264131784439087, 34.848729372024536 ], [ 114.264131784439087, 34.848804473876953 ], [ 114.26430344581604, 34.848804473876953 ], [ 114.26430344581604, 34.84889030456543 ], [ 114.264389276504517, 34.84889030456543 ], [ 114.264389276504517, 34.848804473876953 ], [ 114.265397787094116, 34.848804473876953 ], [ 114.265397787094116, 34.848729372024536 ], [ 114.26530122756958, 34.848729372024536 ], [ 114.26530122756958, 34.84864354133606 ] ] ] ] } },
{ "type": "Feature", "properties": { "Id": 913, "GRIDCODE": 9 }, "geometry": { "type": "MultiPolygon", "coordinates": [ [ [ [ 114.26630973815918, 34.848557710647583 ], [ 114.26606297492981, 34.848557710647583 ], [ 114.26606297492981, 34.84864354133606 ], [ 114.26580548286438, 34.84864354133606 ], [ 114.26580548286438, 34.848729372024536 ], [ 114.265880584716797, 34.848729372024536 ], [ 114.265880584716797, 34.848804473876953 ], [ 114.266223907470703, 34.848804473876953 ], [ 114.266223907470703, 34.848729372024536 ], [ 114.266384840011597, 34.848729372024536 ], [ 114.266384840011597, 34.84864354133606 ], [ 114.26630973815918, 34.84864354133606 ], [ 114.26630973815918, 34.848557710647583 ] ] ] ] } },
{ "type": "Feature", "properties": { "Id": 914, "GRIDCODE": 9 }, "geometry": { "type": "MultiPolygon", "coordinates": [ [ [ [ 114.267897605895996, 34.848557710647583 ], [ 114.26780104637146, 34.848557710647583 ], [ 114.26780104637146, 34.84864354133606 ], [ 114.267897605895996, 34.84864354133606 ], [ 114.267897605895996, 34.848557710647583 ] ] ] ] } },
{ "type": "Feature", "properties": { "Id": 924, "GRIDCODE": 9 }, "geometry": { "type": "MultiPolygon", "coordinates": [ [ [ [ 114.268723726272583, 34.84813928604126 ], [ 114.268627166748047, 34.84813928604126 ], [ 114.268627166748047, 34.848310947418213 ], [ 114.26880955696106, 34.848310947418213 ], [ 114.26880955696106, 34.848225116729736 ], [ 114.268723726272583, 34.848225116729736 ], [ 114.268723726272583, 34.84813928604126 ] ] ] ] } },
{ "type": "Feature", "properties": { "Id": 933, "GRIDCODE": 9 }, "geometry": { "type": "MultiPolygon", "coordinates": [ [ [ [ 114.257973432540894, 34.84789252281189 ], [ 114.257715940475464, 34.84789252281189 ], [ 114.257715940475464, 34.847978353500366 ], [ 114.257973432540894, 34.847978353500366 ], [ 114.257973432540894, 34.84789252281189 ] ] ] ] } },
{ "type": "Feature", "properties": { "Id": 934, "GRIDCODE": 9 }, "geometry": { "type": "MultiPolygon", "coordinates": [ [ [ [ 114.268970489501953, 34.84789252281189 ], [ 114.268884658813477, 34.84789252281189 ], [ 114.268884658813477, 34.847978353500366 ], [ 114.268970489501953, 34.847978353500366 ], [ 114.268970489501953, 34.84789252281189 ] ] ] ] } },
{ "type": "Feature", "properties": { "Id": 939, "GRIDCODE": 9 }, "geometry": { "type": "MultiPolygon", "coordinates": [ [ [ [ 114.269067049026489, 34.847731590270996 ], [ 114.268970489501953, 34.847731590270996 ], [ 114.268970489501953, 34.847806692123413 ], [ 114.269067049026489, 34.847806692123413 ], [ 114.269067049026489, 34.847731590270996 ] ] ] ] } },
{ "type": "Feature", "properties": { "Id": 944, "GRIDCODE": 9 }, "geometry": { "type": "MultiPolygon", "coordinates": [ [ [ [ 114.2568039894104, 34.84764575958252 ], [ 114.256643056869507, 34.84764575958252 ], [ 114.256643056869507, 34.847731590270996 ], [ 114.256728887557983, 34.847731590270996 ], [ 114.256728887557983, 34.847806692123413 ], [ 114.257147312164307, 34.847806692123413 ], [ 114.257147312164307, 34.847731590270996 ], [ 114.2568039894104, 34.847731590270996 ], [ 114.2568039894104, 34.84764575958252 ] ] ] ] } },
{ "type": "Feature", "properties": { "Id": 945, "GRIDCODE": 9 }, "geometry": { "type": "MultiPolygon", "coordinates": [ [ [ [ 114.269227981567383, 34.84764575958252 ], [ 114.269131422042847, 34.84764575958252 ], [ 114.269131422042847, 34.847731590270996 ], [ 114.269227981567383, 34.847731590270996 ], [ 114.269227981567383, 34.84764575958252 ] ] ] ] } },
{ "type": "Feature", "properties": { "Id": 954, "GRIDCODE": 9 }, "geometry": { "type": "MultiPolygon", "coordinates": [ [ [ [ 114.254304170608521, 34.84738826751709 ], [ 114.254143238067627, 34.84738826751709 ], [ 114.254143238067627, 34.847559928894043 ], [ 114.254218339920044, 34.847559928894043 ], [ 114.254218339920044, 34.847474098205566 ], [ 114.254304170608521, 34.847474098205566 ], [ 114.254304170608521, 34.84738826751709 ] ] ] ] } },
{ "type": "Feature", "properties": { "Id": 955, "GRIDCODE": 9 }, "geometry": { "type": "MultiPolygon", "coordinates": [ [ [ [ 114.269388914108276, 34.84738826751709 ], [ 114.269313812255859, 34.84738826751709 ], [ 114.269313812255859, 34.847474098205566 ], [ 114.269388914108276, 34.847474098205566 ], [ 114.269388914108276, 34.84738826751709 ] ] ] ] } },
{ "type": "Feature", "properties": { "Id": 959, "GRIDCODE": 9 }, "geometry": { "type": "MultiPolygon", "coordinates": [ [ [ [ 114.26954984664917, 34.847313165664673 ], [ 114.269474744796753, 34.847313165664673 ], [ 114.269474744796753, 34.84738826751709 ], [ 114.26954984664917, 34.84738826751709 ], [ 114.26954984664917, 34.847313165664673 ] ] ] ] } },
{ "type": "Feature", "properties": { "Id": 965, "GRIDCODE": 9 }, "geometry": { "type": "MultiPolygon", "coordinates": [ [ [ [ 114.252469539642334, 34.84714150428772 ], [ 114.252469539642334, 34.847227334976196 ], [ 114.252555370330811, 34.847227334976196 ], [ 114.252555370330811, 34.847313165664673 ], [ 114.253392219543457, 34.847313165664673 ], [ 114.253392219543457, 34.84738826751709 ], [ 114.253982305526733, 34.84738826751709 ], [ 114.253982305526733, 34.847313165664673 ], [ 114.253885746002197, 34.847313165664673 ], [ 114.253885746002197, 34.847227334976196 ], [ 114.253220558166504, 34.847227334976196 ], [ 114.253220558166504, 34.84714150428772 ], [ 114.252469539642334, 34.84714150428772 ] ] ] ] } },
{ "type": "Feature", "properties": { "Id": 966, "GRIDCODE": 9 }, "geometry": { "type": "MultiPolygon", "coordinates": [ [ [ [ 114.269635677337646, 34.84714150428772 ], [ 114.26954984664917, 34.84714150428772 ], [ 114.26954984664917, 34.847227334976196 ], [ 114.269635677337646, 34.847227334976196 ], [ 114.269635677337646, 34.84714150428772 ] ] ] ] } },
{ "type": "Feature", "properties": { "Id": 972, "GRIDCODE": 9 }, "geometry": { "type": "MultiPolygon", "coordinates": [ [ [ [ 114.252469539642334, 34.84714150428772 ], [ 114.252469539642334, 34.847055673599243 ], [ 114.252383708953857, 34.847055673599243 ], [ 114.252383708953857, 34.84714150428772 ], [ 114.252469539642334, 34.84714150428772 ] ] ] ] } },
{ "type": "Feature", "properties": { "Id": 973, "GRIDCODE": 9 }, "geometry": { "type": "MultiPolygon", "coordinates": [ [ [ [ 114.25581693649292, 34.847055673599243 ], [ 114.255720376968384, 34.847055673599243 ], [ 114.255720376968384, 34.84714150428772 ], [ 114.255387783050537, 34.84714150428772 ], [ 114.255387783050537, 34.847227334976196 ], [ 114.25505518913269, 34.847227334976196 ], [ 114.25505518913269, 34.847313165664673 ], [ 114.254550933837891, 34.847313165664673 ], [ 114.254550933837891, 34.84738826751709 ], [ 114.254465103149414, 34.84738826751709 ], [ 114.254465103149414, 34.847474098205566 ], [ 114.254550933837891, 34.847474098205566 ], [ 114.254550933837891, 34.847559928894043 ], [ 114.254647493362427, 34.847559928894043 ], [ 114.254647493362427, 34.84764575958252 ], [ 114.254722595214844, 34.84764575958252 ], [ 114.254722595214844, 34.847806692123413 ], [ 114.25480842590332, 34.847806692123413 ], [ 114.25480842590332, 34.847731590270996 ], [ 114.254894256591797, 34.847731590270996 ], [ 114.254894256591797, 34.84764575958252 ], [ 114.25505518913269, 34.84764575958252 ], [ 114.25505518913269, 34.847731590270996 ], [ 114.255130290985107, 34.847731590270996 ], [ 114.255130290985107, 34.84764575958252 ], [ 114.255473613739014, 34.84764575958252 ], [ 114.255473613739014, 34.847559928894043 ], [ 114.25555944442749, 34.847559928894043 ], [ 114.25555944442749, 34.84764575958252 ], [ 114.25605297088623, 34.84764575958252 ], [ 114.25605297088623, 34.847731590270996 ], [ 114.256138801574707, 34.847731590270996 ], [ 114.256138801574707, 34.847806692123413 ], [ 114.256224632263184, 34.847806692123413 ], [ 114.256224632263184, 34.847731590270996 ], [ 114.256482124328613, 34.847731590270996 ], [ 114.256482124328613, 34.84764575958252 ], [ 114.256224632263184, 34.84764575958252 ], [ 114.256224632263184, 34.847559928894043 ], [ 114.255634546279907, 34.847559928894043 ], [ 114.255634546279907, 34.847474098205566 ], [ 114.25581693649292, 34.847474098205566 ], [ 114.25581693649292, 34.84738826751709 ], [ 114.255881309509277, 34.84738826751709 ], [ 114.255881309509277, 34.84714150428772 ], [ 114.25581693649292, 34.84714150428772 ], [ 114.25581693649292, 34.847055673599243 ] ] ] ] } },
{ "type": "Feature", "properties": { "Id": 974, "GRIDCODE": 9 }, "geometry": { "type": "MultiPolygon", "coordinates": [ [ [ [ 114.26979660987854, 34.847055673599243 ], [ 114.269732236862183, 34.847055673599243 ], [ 114.269732236862183, 34.84714150428772 ], [ 114.26979660987854, 34.84714150428772 ], [ 114.26979660987854, 34.847055673599243 ] ] ] ] } },
{ "type": "Feature", "properties": { "Id": 980, "GRIDCODE": 9 }, "geometry": { "type": "MultiPolygon", "coordinates": [ [ [ [ 114.269979000091553, 34.846723079681396 ], [ 114.269893169403076, 34.846723079681396 ], [ 114.269893169403076, 34.84689474105835 ], [ 114.27005410194397, 34.84689474105835 ], [ 114.27005410194397, 34.846808910369873 ], [ 114.269979000091553, 34.846808910369873 ], [ 114.269979000091553, 34.846723079681396 ] ] ] ] } },
{ "type": "Feature", "properties": { "Id": 983, "GRIDCODE": 9 }, "geometry": { "type": "MultiPolygon", "coordinates": [ [ [ [ 114.270225763320923, 34.846476316452026 ], [ 114.270139932632446, 34.846476316452026 ], [ 114.270139932632446, 34.846647977828979 ], [ 114.270225763320923, 34.846647977828979 ], [ 114.270225763320923, 34.846476316452026 ] ] ] ] } },
{ "type": "Feature", "properties": { "Id": 986, "GRIDCODE": 9 }, "geometry": { "type": "MultiPolygon", "coordinates": [ [ [ [ 114.27030086517334, 34.84639048576355 ], [ 114.27030086517334, 34.846476316452026 ], [ 114.270397424697876, 34.846476316452026 ], [ 114.270397424697876, 34.84639048576355 ], [ 114.27030086517334, 34.84639048576355 ] ] ] ] } },
{ "type": "Feature", "properties": { "Id": 988, "GRIDCODE": 9 }, "geometry": { "type": "MultiPolygon", "coordinates": [ [ [ [ 114.27030086517334, 34.84639048576355 ], [ 114.27030086517334, 34.846315383911133 ], [ 114.270225763320923, 34.846315383911133 ], [ 114.270225763320923, 34.84639048576355 ], [ 114.27030086517334, 34.84639048576355 ] ] ] ] } },
{ "type": "Feature", "properties": { "Id": 993, "GRIDCODE": 9 }, "geometry": { "type": "MultiPolygon", "coordinates": [ [ [ [ 114.27055835723877, 34.84614372253418 ], [ 114.270461797714233, 34.84614372253418 ], [ 114.270461797714233, 34.846229553222656 ], [ 114.27055835723877, 34.846229553222656 ], [ 114.27055835723877, 34.84614372253418 ] ] ] ] } },
{ "type": "Feature", "properties": { "Id": 998, "GRIDCODE": 9 }, "geometry": { "type": "MultiPolygon", "coordinates": [ [ [ [ 114.270644187927246, 34.845982789993286 ], [ 114.27055835723877, 34.845982789993286 ], [ 114.27055835723877, 34.846057891845703 ], [ 114.270644187927246, 34.846057891845703 ], [ 114.270644187927246, 34.845982789993286 ] ] ] ] } },
{ "type": "Feature", "properties": { "Id": 1001, "GRIDCODE": 9 }, "geometry": { "type": "MultiPolygon", "coordinates": [ [ [ [ 114.244379997253418, 34.84589695930481 ], [ 114.243897199630737, 34.84589695930481 ], [ 114.243897199630737, 34.845982789993286 ], [ 114.244058132171631, 34.845982789993286 ], [ 114.244058132171631, 34.846057891845703 ], [ 114.244133234024048, 34.846057891845703 ], [ 114.244133234024048, 34.84614372253418 ], [ 114.244884252548218, 34.84614372253418 ], [ 114.244884252548218, 34.846229553222656 ], [ 114.245731830596924, 34.846229553222656 ], [ 114.245731830596924, 34.846315383911133 ], [ 114.245967864990234, 34.846315383911133 ], [ 114.245967864990234, 34.84639048576355 ], [ 114.246053695678711, 34.84639048576355 ], [ 114.246053695678711, 34.846315383911133 ], [ 114.246300458908081, 34.846315383911133 ], [ 114.246300458908081, 34.84639048576355 ], [ 114.246557950973511, 34.84639048576355 ], [ 114.246557950973511, 34.846476316452026 ], [ 114.247126579284668, 34.846476316452026 ], [ 114.247126579284668, 34.846562147140503 ], [ 114.247888326644897, 34.846562147140503 ], [ 114.247888326644897, 34.846647977828979 ], [ 114.248553514480591, 34.846647977828979 ], [ 114.248553514480591, 34.846723079681396 ], [ 114.249304533004761, 34.846723079681396 ], [ 114.249304533004761, 34.846808910369873 ], [ 114.249401092529297, 34.846808910369873 ], [ 114.249401092529297, 34.84689474105835 ], [ 114.249465465545654, 34.84689474105835 ], [ 114.249465465545654, 34.846980571746826 ], [ 114.24956202507019, 34.846980571746826 ], [ 114.24956202507019, 34.84689474105835 ], [ 114.250130653381348, 34.84689474105835 ], [ 114.250130653381348, 34.846980571746826 ], [ 114.250892400741577, 34.846980571746826 ], [ 114.250892400741577, 34.847055673599243 ], [ 114.251139163970947, 34.847055673599243 ], [ 114.251139163970947, 34.84714150428772 ], [ 114.251224994659424, 34.84714150428772 ], [ 114.251224994659424, 34.846980571746826 ], [ 114.251139163970947, 34.846980571746826 ], [ 114.251139163970947, 34.84689474105835 ], [ 114.250549077987671, 34.84689474105835 ], [ 114.250549077987671, 34.846808910369873 ], [ 114.25006628036499, 34.846808910369873 ], [ 114.25006628036499, 34.846723079681396 ], [ 114.249808788299561, 34.846723079681396 ], [ 114.249808788299561, 34.846808910369873 ], [ 114.249626398086548, 34.846808910369873 ], [ 114.249626398086548, 34.846723079681396 ], [ 114.24956202507019, 34.846723079681396 ], [ 114.24956202507019, 34.846647977828979 ], [ 114.249143600463867, 34.846647977828979 ], [ 114.249143600463867, 34.846562147140503 ], [ 114.248392581939697, 34.846562147140503 ], [ 114.248392581939697, 34.846476316452026 ], [ 114.24756646156311, 34.846476316452026 ], [ 114.24756646156311, 34.84639048576355 ], [ 114.246965646743774, 34.84639048576355 ], [ 114.246965646743774, 34.846315383911133 ], [ 114.246879816055298, 34.846315383911133 ], [ 114.246879816055298, 34.846229553222656 ], [ 114.246139526367188, 34.846229553222656 ], [ 114.246139526367188, 34.84614372253418 ], [ 114.245388507843018, 34.84614372253418 ], [ 114.245388507843018, 34.846057891845703 ], [ 114.244637489318848, 34.846057891845703 ], [ 114.244637489318848, 34.845982789993286 ], [ 114.244379997253418, 34.845982789993286 ], [ 114.244379997253418, 34.84589695930481 ] ] ] ] } },
{ "type": "Feature", "properties": { "Id": 1002, "GRIDCODE": 9 }, "geometry": { "type": "MultiPolygon", "coordinates": [ [ [ [ 114.27080512046814, 34.84589695930481 ], [ 114.270719289779663, 34.84589695930481 ], [ 114.270719289779663, 34.845982789993286 ], [ 114.27080512046814, 34.845982789993286 ], [ 114.27080512046814, 34.84589695930481 ] ] ] ] } },
{ "type": "Feature", "properties": { "Id": 1045, "GRIDCODE": 9 }, "geometry": { "type": "MultiPolygon", "coordinates": [ [ [ [ 114.271470308303833, 34.844309091567993 ], [ 114.271384477615356, 34.844309091567993 ], [ 114.271384477615356, 34.844566583633423 ], [ 114.27155613899231, 34.844566583633423 ], [ 114.27155613899231, 34.84439492225647 ], [ 114.271470308303833, 34.84439492225647 ], [ 114.271470308303833, 34.844309091567993 ] ] ] ] } },
{ "type": "Feature", "properties": { "Id": 1047, "GRIDCODE": 9 }, "geometry": { "type": "MultiPolygon", "coordinates": [ [ [ [ 114.271631240844727, 34.8441481590271 ], [ 114.27155613899231, 34.8441481590271 ], [ 114.27155613899231, 34.844309091567993 ], [ 114.271631240844727, 34.844309091567993 ], [ 114.271631240844727, 34.8441481590271 ] ] ] ] } },
{ "type": "Feature", "properties": { "Id": 1055, "GRIDCODE": 9 }, "geometry": { "type": "MultiPolygon", "coordinates": [ [ [ [ 114.271727800369263, 34.843719005584717 ], [ 114.271631240844727, 34.843719005584717 ], [ 114.271631240844727, 34.844062328338623 ], [ 114.271727800369263, 34.844062328338623 ], [ 114.271727800369263, 34.843719005584717 ] ] ] ] } },
{ "type": "Feature", "properties": { "Id": 1065, "GRIDCODE": 9 }, "geometry": { "type": "MultiPolygon", "coordinates": [ [ [ [ 114.271974563598633, 34.84338641166687 ], [ 114.271888732910156, 34.84338641166687 ], [ 114.271888732910156, 34.843472242355347 ], [ 114.271813631057739, 34.843472242355347 ], [ 114.271813631057739, 34.843719005584717 ], [ 114.271888732910156, 34.843719005584717 ], [ 114.271888732910156, 34.843558073043823 ], [ 114.271974563598633, 34.843558073043823 ], [ 114.271974563598633, 34.84338641166687 ] ] ] ] } },
{ "type": "Feature", "properties": { "Id": 1076, "GRIDCODE": 9 }, "geometry": { "type": "MultiPolygon", "coordinates": [ [ [ [ 114.272221326828003, 34.842978715896606 ], [ 114.272135496139526, 34.842978715896606 ], [ 114.272135496139526, 34.843053817749023 ], [ 114.271974563598633, 34.843053817749023 ], [ 114.271974563598633, 34.843311309814453 ], [ 114.272135496139526, 34.843311309814453 ], [ 114.272135496139526, 34.8431396484375 ], [ 114.272221326828003, 34.8431396484375 ], [ 114.272221326828003, 34.842978715896606 ] ] ] ] } },
{ "type": "Feature", "properties": { "Id": 1081, "GRIDCODE": 9 }, "geometry": { "type": "MultiPolygon", "coordinates": [ [ [ [ 114.27229642868042, 34.842807054519653 ], [ 114.272221326828003, 34.842807054519653 ], [ 114.272221326828003, 34.84289288520813 ], [ 114.27229642868042, 34.84289288520813 ], [ 114.27229642868042, 34.842807054519653 ] ] ] ] } },
{ "type": "Feature", "properties": { "Id": 1084, "GRIDCODE": 9 }, "geometry": { "type": "MultiPolygon", "coordinates": [ [ [ [ 114.272478818893433, 34.842474460601807 ], [ 114.272392988204956, 34.842474460601807 ], [ 114.272392988204956, 34.84264612197876 ], [ 114.27229642868042, 34.84264612197876 ], [ 114.27229642868042, 34.842721223831177 ], [ 114.272478818893433, 34.842721223831177 ], [ 114.272478818893433, 34.842474460601807 ] ] ] ] } },
{ "type": "Feature", "properties": { "Id": 1095, "GRIDCODE": 9 }, "geometry": { "type": "MultiPolygon", "coordinates": [ [ [ [ 114.272725582122803, 34.841980934143066 ], [ 114.27255392074585, 34.841980934143066 ], [ 114.27255392074585, 34.842056035995483 ], [ 114.272725582122803, 34.842056035995483 ], [ 114.272725582122803, 34.841980934143066 ] ] ] ] } },
{ "type": "Feature", "properties": { "Id": 1099, "GRIDCODE": 9 }, "geometry": { "type": "MultiPolygon", "coordinates": [ [ [ [ 114.272725582122803, 34.841980934143066 ], [ 114.27280068397522, 34.841980934143066 ], [ 114.27280068397522, 34.84189510345459 ], [ 114.272725582122803, 34.84189510345459 ], [ 114.272725582122803, 34.841980934143066 ] ] ] ] } },
{ "type": "Feature", "properties": { "Id": 1118, "GRIDCODE": 9 }, "geometry": { "type": "MultiPolygon", "coordinates": [ [ [ [ 114.273219108581543, 34.84089732170105 ], [ 114.273144006729126, 34.84089732170105 ], [ 114.273144006729126, 34.841058254241943 ], [ 114.273058176040649, 34.841058254241943 ], [ 114.273058176040649, 34.841305017471313 ], [ 114.272961616516113, 34.841305017471313 ], [ 114.272961616516113, 34.841562509536743 ], [ 114.27280068397522, 34.841562509536743 ], [ 114.27280068397522, 34.841809272766113 ], [ 114.272886514663696, 34.841809272766113 ], [ 114.272886514663696, 34.84164834022522 ], [ 114.273058176040649, 34.84164834022522 ], [ 114.273058176040649, 34.84139084815979 ], [ 114.273144006729126, 34.84139084815979 ], [ 114.273144006729126, 34.84114408493042 ], [ 114.27330493927002, 34.84114408493042 ], [ 114.27330493927002, 34.840972423553467 ], [ 114.273219108581543, 34.840972423553467 ], [ 114.273219108581543, 34.84089732170105 ] ] ] ] } },
{ "type": "Feature", "properties": { "Id": 1122, "GRIDCODE": 9 }, "geometry": { "type": "MultiPolygon", "coordinates": [ [ [ [ 114.273465871810913, 34.840478897094727 ], [ 114.273390769958496, 34.840478897094727 ], [ 114.273390769958496, 34.84063982963562 ], [ 114.27330493927002, 34.84063982963562 ], [ 114.27330493927002, 34.84089732170105 ], [ 114.273390769958496, 34.84089732170105 ], [ 114.273390769958496, 34.840725660324097 ], [ 114.273465871810913, 34.840725660324097 ], [ 114.273465871810913, 34.840478897094727 ] ] ] ] } },
{ "type": "Feature", "properties": { "Id": 1123, "GRIDCODE": 9 }, "geometry": { "type": "MultiPolygon", "coordinates": [ [ [ [ 114.274313449859619, 34.839062690734863 ], [ 114.274216890335083, 34.839062690734863 ], [ 114.274216890335083, 34.83914852142334 ], [ 114.274131059646606, 34.83914852142334 ], [ 114.274131059646606, 34.839309453964233 ], [ 114.273970127105713, 34.839309453964233 ], [ 114.273970127105713, 34.839566946029663 ], [ 114.273884296417236, 34.839566946029663 ], [ 114.273884296417236, 34.839727878570557 ], [ 114.273723363876343, 34.839727878570557 ], [ 114.273723363876343, 34.839813709259033 ], [ 114.273648262023926, 34.839813709259033 ], [ 114.273648262023926, 34.83989953994751 ], [ 114.273723363876343, 34.83989953994751 ], [ 114.273723363876343, 34.840060472488403 ], [ 114.273648262023926, 34.840060472488403 ], [ 114.273648262023926, 34.840232133865356 ], [ 114.27355170249939, 34.840232133865356 ], [ 114.27355170249939, 34.840478897094727 ], [ 114.273648262023926, 34.840478897094727 ], [ 114.273648262023926, 34.840307235717773 ], [ 114.273723363876343, 34.840307235717773 ], [ 114.273723363876343, 34.84014630317688 ], [ 114.273884296417236, 34.84014630317688 ], [ 114.273884296417236, 34.839813709259033 ], [ 114.273970127105713, 34.839813709259033 ], [ 114.273970127105713, 34.83964204788208 ], [ 114.274055957794189, 34.83964204788208 ], [ 114.274055957794189, 34.83939528465271 ], [ 114.274216890335083, 34.83939528465271 ], [ 114.274216890335083, 34.839234352111816 ], [ 114.274313449859619, 34.839234352111816 ], [ 114.274313449859619, 34.839062690734863 ] ] ] ] } },
{ "type": "Feature", "properties": { "Id": 1125, "GRIDCODE": 9 }, "geometry": { "type": "MultiPolygon", "coordinates": [ [ [ [ 114.274560213088989, 34.838558435440063 ], [ 114.274474382400513, 34.838558435440063 ], [ 114.274474382400513, 34.838730096817017 ], [ 114.274388551712036, 34.838730096817017 ], [ 114.274388551712036, 34.83864426612854 ], [ 114.274313449859619, 34.83864426612854 ], [ 114.274313449859619, 34.838976860046387 ], [ 114.274474382400513, 34.838976860046387 ], [ 114.274474382400513, 34.838815927505493 ], [ 114.274560213088989, 34.838815927505493 ], [ 114.274560213088989, 34.838558435440063 ] ] ] ] } },
{ "type": "Feature", "properties": { "Id": 1127, "GRIDCODE": 9 }, "geometry": { "type": "MultiPolygon", "coordinates": [ [ [ [ 114.2753005027771, 34.8371422290802 ], [ 114.275139570236206, 34.8371422290802 ], [ 114.275139570236206, 34.837303161621094 ], [ 114.275053739547729, 34.837303161621094 ], [ 114.275053739547729, 34.837560653686523 ], [ 114.274882078170776, 34.837560653686523 ], [ 114.274882078170776, 34.837807416915894 ], [ 114.2747962474823, 34.837807416915894 ], [ 114.2747962474823, 34.838054180145264 ], [ 114.274721145629883, 34.838054180145264 ], [ 114.274721145629883, 34.838225841522217 ], [ 114.274560213088989, 34.838225841522217 ], [ 114.274560213088989, 34.838483333587646 ], [ 114.274635314941406, 34.838483333587646 ], [ 114.274635314941406, 34.838311672210693 ], [ 114.2747962474823, 34.838311672210693 ], [ 114.2747962474823, 34.8381507396698 ], [ 114.274882078170776, 34.8381507396698 ], [ 114.274882078170776, 34.83789324760437 ], [ 114.275053739547729, 34.83789324760437 ], [ 114.275053739547729, 34.837721586227417 ], [ 114.275139570236206, 34.837721586227417 ], [ 114.275139570236206, 34.837474822998047 ], [ 114.275225400924683, 34.837474822998047 ], [ 114.275225400924683, 34.837228059768677 ], [ 114.2753005027771, 34.837228059768677 ], [ 114.2753005027771, 34.8371422290802 ] ] ] ] } },
{ "type": "Feature", "properties": { "Id": 1132, "GRIDCODE": 9 }, "geometry": { "type": "MultiPolygon", "coordinates": [ [ [ [ 114.275482892990112, 34.836809635162354 ], [ 114.275386333465576, 34.836809635162354 ], [ 114.275386333465576, 34.83689546585083 ], [ 114.2753005027771, 34.83689546585083 ], [ 114.2753005027771, 34.836970567703247 ], [ 114.275482892990112, 34.836970567703247 ], [ 114.275482892990112, 34.836809635162354 ] ] ] ] } },
{ "type": "Feature", "properties": { "Id": 1144, "GRIDCODE": 9 }, "geometry": { "type": "MultiPolygon", "coordinates": [ [ [ [ 114.339727163314819, 34.83639121055603 ], [ 114.339566230773926, 34.83639121055603 ], [ 114.339566230773926, 34.836477041244507 ], [ 114.339480400085449, 34.836477041244507 ], [ 114.339480400085449, 34.8366379737854 ], [ 114.339383840560913, 34.8366379737854 ], [ 114.339383840560913, 34.836723804473877 ], [ 114.339802265167236, 34.836723804473877 ], [ 114.339802265167236, 34.836477041244507 ], [ 114.339727163314819, 34.836477041244507 ], [ 114.339727163314819, 34.83639121055603 ] ] ] ] } },
{ "type": "Feature", "properties": { "Id": 1173, "GRIDCODE": 9 }, "geometry": { "type": "MultiPolygon", "coordinates": [ [ [ [ 114.286640882492065, 34.834975004196167 ], [ 114.286555051803589, 34.834975004196167 ], [ 114.286555051803589, 34.835060834884644 ], [ 114.286640882492065, 34.835060834884644 ], [ 114.286640882492065, 34.834975004196167 ] ] ] ] } },
{ "type": "Feature", "properties": { "Id": 1186, "GRIDCODE": 9 }, "geometry": { "type": "MultiPolygon", "coordinates": [ [ [ [ 114.381140470504761, 34.834063053131104 ], [ 114.381054639816284, 34.834063053131104 ], [ 114.381054639816284, 34.834309816360474 ], [ 114.381215572357178, 34.834309816360474 ], [ 114.381215572357178, 34.83414888381958 ], [ 114.381140470504761, 34.83414888381958 ], [ 114.381140470504761, 34.834063053131104 ] ] ] ] } },
{ "type": "Feature", "properties": { "Id": 1190, "GRIDCODE": 9 }, "geometry": { "type": "MultiPolygon", "coordinates": [ [ [ [ 114.381140470504761, 34.833730459213257 ], [ 114.381054639816284, 34.833730459213257 ], [ 114.381054639816284, 34.83389139175415 ], [ 114.381215572357178, 34.83389139175415 ], [ 114.381215572357178, 34.833816289901733 ], [ 114.381140470504761, 34.833816289901733 ], [ 114.381140470504761, 34.833730459213257 ] ] ] ] } },
{ "type": "Feature", "properties": { "Id": 1241, "GRIDCODE": 9 }, "geometry": { "type": "MultiPolygon", "coordinates": [ [ [ [ 114.381215572357178, 34.826306104660034 ], [ 114.381140470504761, 34.826306104660034 ], [ 114.381140470504761, 34.826638698577881 ], [ 114.381054639816284, 34.826638698577881 ], [ 114.381054639816284, 34.826724529266357 ], [ 114.381215572357178, 34.826724529266357 ], [ 114.381215572357178, 34.826306104660034 ] ] ] ] } },
{ "type": "Feature", "properties": { "Id": 1242, "GRIDCODE": 9 }, "geometry": { "type": "MultiPolygon", "coordinates": [ [ [ [ 114.381301403045654, 34.825973510742188 ], [ 114.381215572357178, 34.825973510742188 ], [ 114.381215572357178, 34.826059341430664 ], [ 114.381301403045654, 34.826059341430664 ], [ 114.381301403045654, 34.825973510742188 ] ] ] ] } },
{ "type": "Feature", "properties": { "Id": 1243, "GRIDCODE": 9 }, "geometry": { "type": "MultiPolygon", "coordinates": [ [ [ [ 114.409389495849609, 34.825887680053711 ], [ 114.409314393997192, 34.825887680053711 ], [ 114.409314393997192, 34.825973510742188 ], [ 114.409389495849609, 34.825973510742188 ], [ 114.409389495849609, 34.825887680053711 ] ] ] ] } },
{ "type": "Feature", "properties": { "Id": 1244, "GRIDCODE": 9 }, "geometry": { "type": "MultiPolygon", "coordinates": [ [ [ [ 114.40913200378418, 34.825640916824341 ], [ 114.408971071243286, 34.825640916824341 ], [ 114.408971071243286, 34.825812578201294 ], [ 114.40913200378418, 34.825812578201294 ], [ 114.40913200378418, 34.825887680053711 ], [ 114.409217834472656, 34.825887680053711 ], [ 114.409217834472656, 34.825726747512817 ], [ 114.40913200378418, 34.825726747512817 ], [ 114.40913200378418, 34.825640916824341 ] ] ] ] } },
{ "type": "Feature", "properties": { "Id": 1245, "GRIDCODE": 9 }, "geometry": { "type": "MultiPolygon", "coordinates": [ [ [ [ 114.409389495849609, 34.825887680053711 ], [ 114.409475326538086, 34.825887680053711 ], [ 114.409475326538086, 34.825973510742188 ], [ 114.409636259078979, 34.825973510742188 ], [ 114.409636259078979, 34.825726747512817 ], [ 114.409561157226562, 34.825726747512817 ], [ 114.409561157226562, 34.825640916824341 ], [ 114.409314393997192, 34.825640916824341 ], [ 114.409314393997192, 34.825726747512817 ], [ 114.409389495849609, 34.825726747512817 ], [ 114.409389495849609, 34.825887680053711 ] ] ] ] } },
{ "type": "Feature", "properties": { "Id": 1248, "GRIDCODE": 9 }, "geometry": { "type": "MultiPolygon", "coordinates": [ [ [ [ 114.40913200378418, 34.825640916824341 ], [ 114.409217834472656, 34.825640916824341 ], [ 114.409217834472656, 34.825555086135864 ], [ 114.409561157226562, 34.825555086135864 ], [ 114.409561157226562, 34.825394153594971 ], [ 114.409475326538086, 34.825394153594971 ], [ 114.409475326538086, 34.825308322906494 ], [ 114.40913200378418, 34.825308322906494 ], [ 114.40913200378418, 34.825394153594971 ], [ 114.408895969390869, 34.825394153594971 ], [ 114.408895969390869, 34.825555086135864 ], [ 114.40913200378418, 34.825555086135864 ], [ 114.40913200378418, 34.825640916824341 ] ] ] ] } },
{ "type": "Feature", "properties": { "Id": 1253, "GRIDCODE": 9 }, "geometry": { "type": "MultiPolygon", "coordinates": [ [ [ [ 114.271384477615356, 34.824471473693848 ], [ 114.27055835723877, 34.824471473693848 ], [ 114.27055835723877, 34.824557304382324 ], [ 114.270139932632446, 34.824557304382324 ], [ 114.270139932632446, 34.824643135070801 ], [ 114.270461797714233, 34.824643135070801 ], [ 114.270461797714233, 34.824728965759277 ], [ 114.27055835723877, 34.824728965759277 ], [ 114.27055835723877, 34.824643135070801 ], [ 114.270719289779663, 34.824643135070801 ], [ 114.270719289779663, 34.824557304382324 ], [ 114.270890951156616, 34.824557304382324 ], [ 114.270890951156616, 34.824643135070801 ], [ 114.271470308303833, 34.824643135070801 ], [ 114.271470308303833, 34.824557304382324 ], [ 114.271384477615356, 34.824557304382324 ], [ 114.271384477615356, 34.824471473693848 ] ] ] ] } },
{ "type": "Feature", "properties": { "Id": 1256, "GRIDCODE": 9 }, "geometry": { "type": "MultiPolygon", "coordinates": [ [ [ [ 114.271384477615356, 34.824471473693848 ], [ 114.27155613899231, 34.824471473693848 ], [ 114.27155613899231, 34.824396371841431 ], [ 114.271384477615356, 34.824396371841431 ], [ 114.271384477615356, 34.824471473693848 ] ] ] ] } },
{ "type": "Feature", "properties": { "Id": 1257, "GRIDCODE": 9 }, "geometry": { "type": "MultiPolygon", "coordinates": [ [ [ [ 114.276148080825806, 34.824396371841431 ], [ 114.275386333465576, 34.824396371841431 ], [ 114.275386333465576, 34.824471473693848 ], [ 114.274055957794189, 34.824471473693848 ], [ 114.274055957794189, 34.824396371841431 ], [ 114.273809194564819, 34.824396371841431 ], [ 114.273809194564819, 34.824557304382324 ], [ 114.273723363876343, 34.824557304382324 ], [ 114.273723363876343, 34.824471473693848 ], [ 114.27330493927002, 34.824471473693848 ], [ 114.27330493927002, 34.824396371841431 ], [ 114.27280068397522, 34.824396371841431 ], [ 114.27280068397522, 34.824471473693848 ], [ 114.272478818893433, 34.824471473693848 ], [ 114.272478818893433, 34.824396371841431 ], [ 114.27229642868042, 34.824396371841431 ], [ 114.27229642868042, 34.824643135070801 ], [ 114.27255392074585, 34.824643135070801 ], [ 114.27255392074585, 34.824728965759277 ], [ 114.272725582122803, 34.824728965759277 ], [ 114.272725582122803, 34.824643135070801 ], [ 114.272886514663696, 34.824643135070801 ], [ 114.272886514663696, 34.824728965759277 ], [ 114.272961616516113, 34.824728965759277 ], [ 114.272961616516113, 34.824643135070801 ], [ 114.273144006729126, 34.824643135070801 ], [ 114.273144006729126, 34.824728965759277 ], [ 114.273465871810913, 34.824728965759277 ], [ 114.273465871810913, 34.824643135070801 ], [ 114.273723363876343, 34.824643135070801 ], [ 114.273723363876343, 34.824728965759277 ], [ 114.273809194564819, 34.824728965759277 ], [ 114.273809194564819, 34.824804067611694 ], [ 114.273884296417236, 34.824804067611694 ], [ 114.273884296417236, 34.824728965759277 ], [ 114.274216890335083, 34.824728965759277 ], [ 114.274216890335083, 34.824643135070801 ], [ 114.274313449859619, 34.824643135070801 ], [ 114.274313449859619, 34.824728965759277 ], [ 114.274635314941406, 34.824728965759277 ], [ 114.274635314941406, 34.824643135070801 ], [ 114.274560213088989, 34.824643135070801 ], [ 114.274560213088989, 34.824557304382324 ], [ 114.2747962474823, 34.824557304382324 ], [ 114.2747962474823, 34.824643135070801 ], [ 114.275053739547729, 34.824643135070801 ], [ 114.275053739547729, 34.824557304382324 ], [ 114.275386333465576, 34.824557304382324 ], [ 114.275386333465576, 34.824643135070801 ], [ 114.27554726600647, 34.824643135070801 ], [ 114.27554726600647, 34.824728965759277 ], [ 114.275643825531006, 34.824728965759277 ], [ 114.275643825531006, 34.824643135070801 ], [ 114.275718927383423, 34.824643135070801 ], [ 114.275718927383423, 34.824728965759277 ], [ 114.275804758071899, 34.824728965759277 ], [ 114.275804758071899, 34.824643135070801 ], [ 114.275890588760376, 34.824643135070801 ], [ 114.275890588760376, 34.824557304382324 ], [ 114.276212453842163, 34.824557304382324 ], [ 114.276212453842163, 34.824471473693848 ], [ 114.276148080825806, 34.824471473693848 ], [ 114.276148080825806, 34.824396371841431 ] ] ] ] } },
{ "type": "Feature", "properties": { "Id": 1267, "GRIDCODE": 9 }, "geometry": { "type": "MultiPolygon", "coordinates": [ [ [ [ 114.282059669494629, 34.824224710464478 ], [ 114.280804395675659, 34.824224710464478 ], [ 114.280804395675659, 34.824310541152954 ], [ 114.280385971069336, 34.824310541152954 ], [ 114.280385971069336, 34.824396371841431 ], [ 114.279152154922485, 34.824396371841431 ], [ 114.279152154922485, 34.824471473693848 ], [ 114.277982711791992, 34.824471473693848 ], [ 114.277982711791992, 34.824396371841431 ], [ 114.276469945907593, 34.824396371841431 ], [ 114.276469945907593, 34.824643135070801 ], [ 114.276555776596069, 34.824643135070801 ], [ 114.276555776596069, 34.824557304382324 ], [ 114.277220964431763, 34.824557304382324 ], [ 114.277220964431763, 34.824643135070801 ], [ 114.277317523956299, 34.824643135070801 ], [ 114.277317523956299, 34.824557304382324 ], [ 114.277381896972656, 34.824557304382324 ], [ 114.277381896972656, 34.824643135070801 ], [ 114.278712272644043, 34.824643135070801 ], [ 114.278712272644043, 34.824557304382324 ], [ 114.279055595397949, 34.824557304382324 ], [ 114.279055595397949, 34.824643135070801 ], [ 114.280064105987549, 34.824643135070801 ], [ 114.280064105987549, 34.824557304382324 ], [ 114.280385971069336, 34.824557304382324 ], [ 114.280385971069336, 34.824643135070801 ], [ 114.280482530593872, 34.824643135070801 ], [ 114.280482530593872, 34.824557304382324 ], [ 114.280643463134766, 34.824557304382324 ], [ 114.280643463134766, 34.824471473693848 ], [ 114.280729293823242, 34.824471473693848 ], [ 114.280729293823242, 34.824557304382324 ], [ 114.280804395675659, 34.824557304382324 ], [ 114.280804395675659, 34.824471473693848 ], [ 114.280890226364136, 34.824471473693848 ], [ 114.280890226364136, 34.824396371841431 ], [ 114.280976057052612, 34.824396371841431 ], [ 114.280976057052612, 34.824471473693848 ], [ 114.281051158905029, 34.824471473693848 ], [ 114.281051158905029, 34.824396371841431 ], [ 114.281212091445923, 34.824396371841431 ], [ 114.281212091445923, 34.824310541152954 ], [ 114.282059669494629, 34.824310541152954 ], [ 114.282059669494629, 34.824224710464478 ] ] ] ] } },
{ "type": "Feature", "properties": { "Id": 1268, "GRIDCODE": 9 }, "geometry": { "type": "MultiPolygon", "coordinates": [ [ [ [ 114.282478094100952, 34.824224710464478 ], [ 114.282220602035522, 34.824224710464478 ], [ 114.282220602035522, 34.824310541152954 ], [ 114.282306432723999, 34.824310541152954 ], [ 114.282306432723999, 34.824471473693848 ], [ 114.282381534576416, 34.824471473693848 ], [ 114.282381534576416, 34.824396371841431 ], [ 114.282478094100952, 34.824396371841431 ], [ 114.282478094100952, 34.824224710464478 ] ] ] ] } },
{ "type": "Feature", "properties": { "Id": 1273, "GRIDCODE": 9 }, "geometry": { "type": "MultiPolygon", "coordinates": [ [ [ [ 114.278969764709473, 34.834063053131104 ], [ 114.278969764709473, 34.83389139175415 ], [ 114.279152154922485, 34.83389139175415 ], [ 114.279152154922485, 34.833977222442627 ], [ 114.279216527938843, 34.833977222442627 ], [ 114.279216527938843, 34.83414888381958 ], [ 114.279055595397949, 34.83414888381958 ], [ 114.279055595397949, 34.834063053131104 ], [ 114.278969764709473, 34.834063053131104 ], [ 114.278969764709473, 34.834223985671997 ], [ 114.278894662857056, 34.834223985671997 ], [ 114.278894662857056, 34.834309816360474 ], [ 114.278969764709473, 34.834309816360474 ], [ 114.278969764709473, 34.83439564704895 ], [ 114.278647899627686, 34.83439564704895 ], [ 114.278647899627686, 34.834309816360474 ], [ 114.278390407562256, 34.834309816360474 ], [ 114.278390407562256, 34.834223985671997 ], [ 114.278304576873779, 34.834223985671997 ], [ 114.278304576873779, 34.83414888381958 ], [ 114.27804708480835, 34.83414888381958 ], [ 114.27804708480835, 34.834063053131104 ], [ 114.277317523956299, 34.834063053131104 ], [ 114.277317523956299, 34.834223985671997 ], [ 114.277381896972656, 34.834223985671997 ], [ 114.277381896972656, 34.834309816360474 ], [ 114.277478456497192, 34.834309816360474 ], [ 114.277478456497192, 34.83439564704895 ], [ 114.276813268661499, 34.83439564704895 ], [ 114.276813268661499, 34.834481477737427 ], [ 114.276877641677856, 34.834481477737427 ], [ 114.276877641677856, 34.834556579589844 ], [ 114.277135133743286, 34.834556579589844 ], [ 114.277135133743286, 34.83464241027832 ], [ 114.27754282951355, 34.83464241027832 ], [ 114.27754282951355, 34.834556579589844 ], [ 114.279216527938843, 34.834556579589844 ], [ 114.279216527938843, 34.83464241027832 ], [ 114.279559850692749, 34.83464241027832 ], [ 114.279559850692749, 34.834728240966797 ], [ 114.279634952545166, 34.834728240966797 ], [ 114.279634952545166, 34.834814071655273 ], [ 114.280139207839966, 34.834814071655273 ], [ 114.280139207839966, 34.834728240966797 ], [ 114.280300140380859, 34.834728240966797 ], [ 114.280300140380859, 34.834814071655273 ], [ 114.280385971069336, 34.834814071655273 ], [ 114.280385971069336, 34.834975004196167 ], [ 114.280482530593872, 34.834975004196167 ], [ 114.280482530593872, 34.835060834884644 ], [ 114.280546903610229, 34.835060834884644 ], [ 114.280546903610229, 34.834975004196167 ], [ 114.280643463134766, 34.834975004196167 ], [ 114.280643463134766, 34.835060834884644 ], [ 114.280729293823242, 34.835060834884644 ], [ 114.280729293823242, 34.83514666557312 ], [ 114.280804395675659, 34.83514666557312 ], [ 114.280804395675659, 34.835221767425537 ], [ 114.280890226364136, 34.835221767425537 ], [ 114.280890226364136, 34.835307598114014 ], [ 114.280976057052612, 34.835307598114014 ], [ 114.280976057052612, 34.835479259490967 ], [ 114.281051158905029, 34.835479259490967 ], [ 114.281051158905029, 34.835565090179443 ], [ 114.280976057052612, 34.835565090179443 ], [ 114.280976057052612, 34.835811853408813 ], [ 114.280890226364136, 34.835811853408813 ], [ 114.280890226364136, 34.83589768409729 ], [ 114.280546903610229, 34.83589768409729 ], [ 114.280546903610229, 34.835972785949707 ], [ 114.280482530593872, 34.835972785949707 ], [ 114.280482530593872, 34.83589768409729 ], [ 114.280385971069336, 34.83589768409729 ], [ 114.280385971069336, 34.835811853408813 ], [ 114.280225038528442, 34.835811853408813 ], [ 114.280225038528442, 34.835726022720337 ], [ 114.280139207839966, 34.835726022720337 ], [ 114.280139207839966, 34.835811853408813 ], [ 114.279978275299072, 34.835811853408813 ], [ 114.279978275299072, 34.83589768409729 ], [ 114.279817342758179, 34.83589768409729 ], [ 114.279817342758179, 34.835972785949707 ], [ 114.279634952545166, 34.835972785949707 ], [ 114.279634952545166, 34.836058616638184 ], [ 114.278808832168579, 34.836058616638184 ], [ 114.278808832168579, 34.83614444732666 ], [ 114.278551340103149, 34.83614444732666 ], [ 114.278551340103149, 34.836230278015137 ], [ 114.278390407562256, 34.836230278015137 ], [ 114.278390407562256, 34.836305379867554 ], [ 114.278143644332886, 34.836305379867554 ], [ 114.278143644332886, 34.83639121055603 ], [ 114.277060031890869, 34.83639121055603 ], [ 114.277060031890869, 34.836305379867554 ], [ 114.276716709136963, 34.836305379867554 ], [ 114.276716709136963, 34.83639121055603 ], [ 114.275718927383423, 34.83639121055603 ], [ 114.275718927383423, 34.836477041244507 ], [ 114.275643825531006, 34.836477041244507 ], [ 114.275643825531006, 34.836562871932983 ], [ 114.275482892990112, 34.836562871932983 ], [ 114.275482892990112, 34.836723804473877 ], [ 114.275643825531006, 34.836723804473877 ], [ 114.275643825531006, 34.8366379737854 ], [ 114.275718927383423, 34.8366379737854 ], [ 114.275718927383423, 34.836562871932983 ], [ 114.275965690612793, 34.836562871932983 ], [ 114.275965690612793, 34.836477041244507 ], [ 114.276630878448486, 34.836477041244507 ], [ 114.276630878448486, 34.836562871932983 ], [ 114.276716709136963, 34.836562871932983 ], [ 114.276716709136963, 34.8366379737854 ], [ 114.276877641677856, 34.8366379737854 ], [ 114.276877641677856, 34.836562871932983 ], [ 114.277639389038086, 34.836562871932983 ], [ 114.277639389038086, 34.8366379737854 ], [ 114.277725219726562, 34.8366379737854 ], [ 114.277725219726562, 34.836809635162354 ], [ 114.277800321578979, 34.836809635162354 ], [ 114.277800321578979, 34.83689546585083 ], [ 114.277886152267456, 34.83689546585083 ], [ 114.277886152267456, 34.836809635162354 ], [ 114.278304576873779, 34.836809635162354 ], [ 114.278304576873779, 34.836723804473877 ], [ 114.278551340103149, 34.836723804473877 ], [ 114.278551340103149, 34.8366379737854 ], [ 114.278647899627686, 34.8366379737854 ], [ 114.278647899627686, 34.836562871932983 ], [ 114.278894662857056, 34.836562871932983 ], [ 114.278894662857056, 34.836477041244507 ], [ 114.279377460479736, 34.836477041244507 ], [ 114.279377460479736, 34.836562871932983 ], [ 114.279559850692749, 34.836562871932983 ], [ 114.279559850692749, 34.8366379737854 ], [ 114.279634952545166, 34.8366379737854 ], [ 114.279634952545166, 34.836723804473877 ], [ 114.279817342758179, 34.836723804473877 ], [ 114.279817342758179, 34.836809635162354 ], [ 114.279978275299072, 34.836809635162354 ], [ 114.279978275299072, 34.83689546585083 ], [ 114.280139207839966, 34.83689546585083 ], [ 114.280139207839966, 34.836970567703247 ], [ 114.280225038528442, 34.836970567703247 ], [ 114.280225038528442, 34.8371422290802 ], [ 114.280300140380859, 34.8371422290802 ], [ 114.280300140380859, 34.837303161621094 ], [ 114.280385971069336, 34.837303161621094 ], [ 114.280385971069336, 34.83738899230957 ], [ 114.280729293823242, 34.83738899230957 ], [ 114.280729293823242, 34.837056398391724 ], [ 114.280804395675659, 34.837056398391724 ], [ 114.280804395675659, 34.836970567703247 ], [ 114.280976057052612, 34.836970567703247 ], [ 114.280976057052612, 34.83689546585083 ], [ 114.281394481658936, 34.83689546585083 ], [ 114.281394481658936, 34.836809635162354 ], [ 114.282478094100952, 34.836809635162354 ], [ 114.282478094100952, 34.836723804473877 ], [ 114.283046722412109, 34.836723804473877 ], [ 114.283046722412109, 34.836809635162354 ], [ 114.283304214477539, 34.836809635162354 ], [ 114.283304214477539, 34.83689546585083 ], [ 114.283475875854492, 34.83689546585083 ], [ 114.283475875854492, 34.836970567703247 ], [ 114.283733367919922, 34.836970567703247 ], [ 114.283733367919922, 34.83689546585083 ], [ 114.283894300460815, 34.83689546585083 ], [ 114.283894300460815, 34.836809635162354 ], [ 114.284055233001709, 34.836809635162354 ], [ 114.284055233001709, 34.836562871932983 ], [ 114.284301996231079, 34.836562871932983 ], [ 114.284301996231079, 34.8366379737854 ], [ 114.284398555755615, 34.8366379737854 ], [ 114.284398555755615, 34.836562871932983 ], [ 114.284462928771973, 34.836562871932983 ], [ 114.284462928771973, 34.836477041244507 ], [ 114.284720420837402, 34.836477041244507 ], [ 114.284720420837402, 34.83639121055603 ], [ 114.284806251525879, 34.83639121055603 ], [ 114.284806251525879, 34.836305379867554 ], [ 114.284967184066772, 34.836305379867554 ], [ 114.284967184066772, 34.83639121055603 ], [ 114.285063743591309, 34.83639121055603 ], [ 114.285063743591309, 34.836305379867554 ], [ 114.285224676132202, 34.836305379867554 ], [ 114.285224676132202, 34.836230278015137 ], [ 114.285385608673096, 34.836230278015137 ], [ 114.285385608673096, 34.83614444732666 ], [ 114.285471439361572, 34.83614444732666 ], [ 114.285471439361572, 34.836058616638184 ], [ 114.285793304443359, 34.836058616638184 ], [ 114.285793304443359, 34.835972785949707 ], [ 114.286050796508789, 34.835972785949707 ], [ 114.286050796508789, 34.83589768409729 ], [ 114.286233186721802, 34.83589768409729 ], [ 114.286233186721802, 34.835811853408813 ], [ 114.286297559738159, 34.835811853408813 ], [ 114.286297559738159, 34.83589768409729 ], [ 114.286394119262695, 34.83589768409729 ], [ 114.286394119262695, 34.835726022720337 ], [ 114.286555051803589, 34.835726022720337 ], [ 114.286555051803589, 34.83589768409729 ], [ 114.286640882492065, 34.83589768409729 ], [ 114.286640882492065, 34.835811853408813 ], [ 114.286801815032959, 34.835811853408813 ], [ 114.286801815032959, 34.83589768409729 ], [ 114.287059307098389, 34.83589768409729 ], [ 114.287059307098389, 34.835972785949707 ], [ 114.287220239639282, 34.835972785949707 ], [ 114.287220239639282, 34.836058616638184 ], [ 114.287306070327759, 34.836058616638184 ], [ 114.287306070327759, 34.835972785949707 ], [ 114.287402629852295, 34.835972785949707 ], [ 114.287402629852295, 34.836305379867554 ], [ 114.287306070327759, 34.836305379867554 ], [ 114.287306070327759, 34.83639121055603 ], [ 114.287402629852295, 34.83639121055603 ], [ 114.287402629852295, 34.836562871932983 ], [ 114.287563562393188, 34.836562871932983 ], [ 114.287563562393188, 34.8366379737854 ], [ 114.287627935409546, 34.8366379737854 ], [ 114.287627935409546, 34.836723804473877 ], [ 114.287724494934082, 34.836723804473877 ], [ 114.287724494934082, 34.836809635162354 ], [ 114.288132190704346, 34.836809635162354 ], [ 114.288132190704346, 34.836723804473877 ], [ 114.288636445999146, 34.836723804473877 ], [ 114.288636445999146, 34.8366379737854 ], [ 114.289301633834839, 34.8366379737854 ], [ 114.289301633834839, 34.836562871932983 ], [ 114.289644956588745, 34.836562871932983 ], [ 114.289644956588745, 34.836477041244507 ], [ 114.289720058441162, 34.836477041244507 ], [ 114.289720058441162, 34.83639121055603 ], [ 114.289644956588745, 34.83639121055603 ], [ 114.289644956588745, 34.836305379867554 ], [ 114.289398193359375, 34.836305379867554 ], [ 114.289398193359375, 34.83639121055603 ], [ 114.289301633834839, 34.83639121055603 ], [ 114.289301633834839, 34.836477041244507 ], [ 114.287971258163452, 34.836477041244507 ], [ 114.287971258163452, 34.83639121055603 ], [ 114.287810325622559, 34.83639121055603 ], [ 114.287810325622559, 34.836305379867554 ], [ 114.287627935409546, 34.836305379867554 ], [ 114.287627935409546, 34.836058616638184 ], [ 114.287724494934082, 34.836058616638184 ], [ 114.287724494934082, 34.835972785949707 ], [ 114.287810325622559, 34.835972785949707 ], [ 114.287810325622559, 34.835811853408813 ], [ 114.287885427474976, 34.835811853408813 ], [ 114.287885427474976, 34.835726022720337 ], [ 114.287971258163452, 34.835726022720337 ], [ 114.287971258163452, 34.83564019203186 ], [ 114.288132190704346, 34.83564019203186 ], [ 114.288132190704346, 34.835565090179443 ], [ 114.288228750228882, 34.835565090179443 ], [ 114.288228750228882, 34.835479259490967 ], [ 114.289644956588745, 34.835479259490967 ], [ 114.289644956588745, 34.83539342880249 ], [ 114.289720058441162, 34.83539342880249 ], [ 114.289720058441162, 34.835307598114014 ], [ 114.289966821670532, 34.835307598114014 ], [ 114.289966821670532, 34.835221767425537 ], [ 114.290063381195068, 34.835221767425537 ], [ 114.290063381195068, 34.83514666557312 ], [ 114.290310144424438, 34.83514666557312 ], [ 114.290310144424438, 34.835060834884644 ], [ 114.290556907653809, 34.835060834884644 ], [ 114.290556907653809, 34.834975004196167 ], [ 114.290632009506226, 34.834975004196167 ], [ 114.290632009506226, 34.83488917350769 ], [ 114.290556907653809, 34.83488917350769 ], [ 114.290556907653809, 34.834814071655273 ], [ 114.290385246276855, 34.834814071655273 ], [ 114.290385246276855, 34.83488917350769 ], [ 114.290310144424438, 34.83488917350769 ], [ 114.290310144424438, 34.834975004196167 ], [ 114.290224313735962, 34.834975004196167 ], [ 114.290224313735962, 34.835060834884644 ], [ 114.289891719818115, 34.835060834884644 ], [ 114.289891719818115, 34.83514666557312 ], [ 114.289215803146362, 34.83514666557312 ], [ 114.289215803146362, 34.835060834884644 ], [ 114.288893938064575, 34.835060834884644 ], [ 114.288893938064575, 34.834975004196167 ], [ 114.288797378540039, 34.834975004196167 ], [ 114.288797378540039, 34.83488917350769 ], [ 114.288389682769775, 34.83488917350769 ], [ 114.288389682769775, 34.834814071655273 ], [ 114.288132190704346, 34.834814071655273 ], [ 114.288132190704346, 34.834975004196167 ], [ 114.288067817687988, 34.834975004196167 ], [ 114.288067817687988, 34.83488917350769 ], [ 114.287627935409546, 34.83488917350769 ], [ 114.287627935409546, 34.834814071655273 ], [ 114.287402629852295, 34.834814071655273 ], [ 114.287402629852295, 34.834481477737427 ], [ 114.287467002868652, 34.834481477737427 ], [ 114.287467002868652, 34.83364462852478 ], [ 114.287563562393188, 34.83364462852478 ], [ 114.287563562393188, 34.833558797836304 ], [ 114.287467002868652, 34.833558797836304 ], [ 114.287467002868652, 34.833483695983887 ], [ 114.287402629852295, 34.833483695983887 ], [ 114.287402629852295, 34.83339786529541 ], [ 114.287467002868652, 34.83339786529541 ], [ 114.287467002868652, 34.833312034606934 ], [ 114.287402629852295, 34.833312034606934 ], [ 114.287402629852295, 34.83315110206604 ], [ 114.287306070327759, 34.83315110206604 ], [ 114.287306070327759, 34.833065271377563 ], [ 114.287220239639282, 34.833065271377563 ], [ 114.287220239639282, 34.83289361000061 ], [ 114.286233186721802, 34.83289361000061 ], [ 114.286233186721802, 34.832475185394287 ], [ 114.286394119262695, 34.832475185394287 ], [ 114.286394119262695, 34.832303524017334 ], [ 114.286479949951172, 34.832303524017334 ], [ 114.286479949951172, 34.832228422164917 ], [ 114.286555051803589, 34.832228422164917 ], [ 114.286555051803589, 34.83214259147644 ], [ 114.286898374557495, 34.83214259147644 ], [ 114.286898374557495, 34.831724166870117 ], [ 114.287059307098389, 34.831724166870117 ], [ 114.287059307098389, 34.831219911575317 ], [ 114.287145137786865, 34.831219911575317 ], [ 114.287145137786865, 34.831058979034424 ], [ 114.287306070327759, 34.831058979034424 ], [ 114.287306070327759, 34.830973148345947 ], [ 114.287402629852295, 34.830973148345947 ], [ 114.287402629852295, 34.830887317657471 ], [ 114.287627935409546, 34.830887317657471 ], [ 114.287627935409546, 34.830812215805054 ], [ 114.287810325622559, 34.830812215805054 ], [ 114.287810325622559, 34.830726385116577 ], [ 114.288132190704346, 34.830726385116577 ], [ 114.288132190704346, 34.830640554428101 ], [ 114.288475513458252, 34.830640554428101 ], [ 114.288475513458252, 34.830554723739624 ], [ 114.288636445999146, 34.830554723739624 ], [ 114.288636445999146, 34.830479621887207 ], [ 114.288733005523682, 34.830479621887207 ], [ 114.288733005523682, 34.83039379119873 ], [ 114.289140701293945, 34.83039379119873 ], [ 114.289140701293945, 34.830307960510254 ], [ 114.289462566375732, 34.830307960510254 ], [ 114.289462566375732, 34.830222129821777 ], [ 114.289805889129639, 34.830222129821777 ], [ 114.289805889129639, 34.83014702796936 ], [ 114.290063381195068, 34.83014702796936 ], [ 114.290063381195068, 34.830061197280884 ], [ 114.290127754211426, 34.830061197280884 ], [ 114.290127754211426, 34.829889535903931 ], [ 114.290224313735962, 34.829889535903931 ], [ 114.290224313735962, 34.829814434051514 ], [ 114.290556907653809, 34.829814434051514 ], [ 114.290556907653809, 34.829889535903931 ], [ 114.290728569030762, 34.829889535903931 ], [ 114.290728569030762, 34.829728603363037 ], [ 114.290889501571655, 34.829728603363037 ], [ 114.290889501571655, 34.829642772674561 ], [ 114.291050434112549, 34.829642772674561 ], [ 114.291050434112549, 34.82939600944519 ], [ 114.290975332260132, 34.82939600944519 ], [ 114.290975332260132, 34.829310178756714 ], [ 114.290889501571655, 34.829310178756714 ], [ 114.290889501571655, 34.829224348068237 ], [ 114.290632009506226, 34.829224348068237 ], [ 114.290632009506226, 34.829138517379761 ], [ 114.290385246276855, 34.829138517379761 ], [ 114.290385246276855, 34.829310178756714 ], [ 114.290728569030762, 34.829310178756714 ], [ 114.290728569030762, 34.82939600944519 ], [ 114.290814399719238, 34.82939600944519 ], [ 114.290814399719238, 34.829642772674561 ], [ 114.290632009506226, 34.829642772674561 ], [ 114.290632009506226, 34.829556941986084 ], [ 114.290471076965332, 34.829556941986084 ], [ 114.290471076965332, 34.829481840133667 ], [ 114.290385246276855, 34.829481840133667 ], [ 114.290385246276855, 34.829310178756714 ], [ 114.290310144424438, 34.829310178756714 ], [ 114.290310144424438, 34.829224348068237 ], [ 114.290224313735962, 34.829224348068237 ], [ 114.290224313735962, 34.829138517379761 ], [ 114.289559125900269, 34.829138517379761 ], [ 114.289559125900269, 34.828977584838867 ], [ 114.289462566375732, 34.828977584838867 ], [ 114.289462566375732, 34.828891754150391 ], [ 114.289398193359375, 34.828891754150391 ], [ 114.289398193359375, 34.828805923461914 ], [ 114.289301633834839, 34.828805923461914 ], [ 114.289301633834839, 34.828730821609497 ], [ 114.289215803146362, 34.828730821609497 ], [ 114.289215803146362, 34.828473329544067 ], [ 114.289140701293945, 34.828473329544067 ], [ 114.289140701293945, 34.828226566314697 ], [ 114.289054870605469, 34.828226566314697 ], [ 114.289054870605469, 34.828140735626221 ], [ 114.288979768753052, 34.828140735626221 ], [ 114.288979768753052, 34.827893972396851 ], [ 114.289054870605469, 34.827893972396851 ], [ 114.289054870605469, 34.82740044593811 ], [ 114.289140701293945, 34.82740044593811 ], [ 114.289140701293945, 34.827228784561157 ], [ 114.289054870605469, 34.827228784561157 ], [ 114.289054870605469, 34.827067852020264 ], [ 114.288979768753052, 34.827067852020264 ], [ 114.288979768753052, 34.826896190643311 ], [ 114.288893938064575, 34.826896190643311 ], [ 114.288893938064575, 34.826810359954834 ], [ 114.288733005523682, 34.826810359954834 ], [ 114.288733005523682, 34.826552867889404 ], [ 114.288636445999146, 34.826552867889404 ], [ 114.288636445999146, 34.826477766036987 ], [ 114.288550615310669, 34.826477766036987 ], [ 114.288550615310669, 34.826391935348511 ], [ 114.288475513458252, 34.826391935348511 ], [ 114.288475513458252, 34.826306104660034 ], [ 114.288228750228882, 34.826306104660034 ], [ 114.288228750228882, 34.826220273971558 ], [ 114.288067817687988, 34.826220273971558 ], [ 114.288067817687988, 34.826059341430664 ], [ 114.287971258163452, 34.826059341430664 ], [ 114.287971258163452, 34.825973510742188 ], [ 114.287885427474976, 34.825973510742188 ], [ 114.287885427474976, 34.825887680053711 ], [ 114.287810325622559, 34.825887680053711 ], [ 114.287810325622559, 34.825726747512817 ], [ 114.287724494934082, 34.825726747512817 ], [ 114.287724494934082, 34.825640916824341 ], [ 114.287563562393188, 34.825640916824341 ], [ 114.287563562393188, 34.825469255447388 ], [ 114.287306070327759, 34.825469255447388 ], [ 114.287306070327759, 34.825308322906494 ], [ 114.287220239639282, 34.825308322906494 ], [ 114.287220239639282, 34.825136661529541 ], [ 114.287145137786865, 34.825136661529541 ], [ 114.287145137786865, 34.824804067611694 ], [ 114.287059307098389, 34.824804067611694 ], [ 114.287059307098389, 34.824728965759277 ], [ 114.286962747573853, 34.824728965759277 ], [ 114.286962747573853, 34.824557304382324 ], [ 114.286898374557495, 34.824557304382324 ], [ 114.286898374557495, 34.824471473693848 ], [ 114.286715984344482, 34.824471473693848 ], [ 114.286715984344482, 34.824138879776001 ], [ 114.286640882492065, 34.824138879776001 ], [ 114.286640882492065, 34.824063777923584 ], [ 114.286297559738159, 34.824063777923584 ], [ 114.286297559738159, 34.823977947235107 ], [ 114.286233186721802, 34.823977947235107 ], [ 114.286233186721802, 34.823892116546631 ], [ 114.284462928771973, 34.823892116546631 ], [ 114.284462928771973, 34.823977947235107 ], [ 114.283797740936279, 34.823977947235107 ], [ 114.283797740936279, 34.823892116546631 ], [ 114.283046722412109, 34.823892116546631 ], [ 114.283046722412109, 34.823977947235107 ], [ 114.282885789871216, 34.823977947235107 ], [ 114.282885789871216, 34.824063777923584 ], [ 114.282810688018799, 34.824063777923584 ], [ 114.282810688018799, 34.824138879776001 ], [ 114.282724857330322, 34.824138879776001 ], [ 114.282724857330322, 34.824224710464478 ], [ 114.282810688018799, 34.824224710464478 ], [ 114.282810688018799, 34.824310541152954 ], [ 114.282563924789429, 34.824310541152954 ], [ 114.282563924789429, 34.824396371841431 ], [ 114.282724857330322, 34.824396371841431 ], [ 114.282724857330322, 34.824471473693848 ], [ 114.282810688018799, 34.824471473693848 ], [ 114.282810688018799, 34.824728965759277 ], [ 114.282478094100952, 34.824728965759277 ], [ 114.282478094100952, 34.824804067611694 ], [ 114.282220602035522, 34.824804067611694 ], [ 114.282220602035522, 34.824728965759277 ], [ 114.282134771347046, 34.824728965759277 ], [ 114.282134771347046, 34.824643135070801 ], [ 114.281555414199829, 34.824643135070801 ], [ 114.281555414199829, 34.824728965759277 ], [ 114.281212091445923, 34.824728965759277 ], [ 114.281212091445923, 34.824804067611694 ], [ 114.280890226364136, 34.824804067611694 ], [ 114.280890226364136, 34.824889898300171 ], [ 114.280804395675659, 34.824889898300171 ], [ 114.280804395675659, 34.824975728988647 ], [ 114.280729293823242, 34.824975728988647 ], [ 114.280729293823242, 34.825136661529541 ], [ 114.280976057052612, 34.825136661529541 ], [ 114.280976057052612, 34.825308322906494 ], [ 114.281051158905029, 34.825308322906494 ], [ 114.281051158905029, 34.825394153594971 ], [ 114.280976057052612, 34.825394153594971 ], [ 114.280976057052612, 34.825555086135864 ], [ 114.280890226364136, 34.825555086135864 ], [ 114.280890226364136, 34.825640916824341 ], [ 114.280804395675659, 34.825640916824341 ], [ 114.280804395675659, 34.825726747512817 ], [ 114.280643463134766, 34.825726747512817 ], [ 114.280643463134766, 34.825812578201294 ], [ 114.280729293823242, 34.825812578201294 ], [ 114.280729293823242, 34.825973510742188 ], [ 114.280804395675659, 34.825973510742188 ], [ 114.280804395675659, 34.826145172119141 ], [ 114.280729293823242, 34.826145172119141 ], [ 114.280729293823242, 34.826220273971558 ], [ 114.280643463134766, 34.826220273971558 ], [ 114.280643463134766, 34.826391935348511 ], [ 114.280546903610229, 34.826391935348511 ], [ 114.280546903610229, 34.826552867889404 ], [ 114.280482530593872, 34.826552867889404 ], [ 114.280482530593872, 34.826638698577881 ], [ 114.280546903610229, 34.826638698577881 ], [ 114.280546903610229, 34.826810359954834 ], [ 114.280385971069336, 34.826810359954834 ], [ 114.280385971069336, 34.826896190643311 ], [ 114.280300140380859, 34.826896190643311 ], [ 114.280300140380859, 34.826982021331787 ], [ 114.280225038528442, 34.826982021331787 ], [ 114.280225038528442, 34.827228784561157 ], [ 114.280139207839966, 34.827228784561157 ], [ 114.280139207839966, 34.827314615249634 ], [ 114.279978275299072, 34.827314615249634 ], [ 114.279978275299072, 34.82740044593811 ], [ 114.279881715774536, 34.82740044593811 ], [ 114.279881715774536, 34.827475547790527 ], [ 114.279720783233643, 34.827475547790527 ], [ 114.279720783233643, 34.827561378479004 ], [ 114.279634952545166, 34.827561378479004 ], [ 114.279634952545166, 34.82764720916748 ], [ 114.279559850692749, 34.82764720916748 ], [ 114.279559850692749, 34.827733039855957 ], [ 114.279720783233643, 34.827733039855957 ], [ 114.279720783233643, 34.827808141708374 ], [ 114.279817342758179, 34.827808141708374 ], [ 114.279817342758179, 34.828473329544067 ], [ 114.279720783233643, 34.828473329544067 ], [ 114.279720783233643, 34.828559160232544 ], [ 114.279559850692749, 34.828559160232544 ], [ 114.279559850692749, 34.828730821609497 ], [ 114.279474020004272, 34.828730821609497 ], [ 114.279474020004272, 34.828891754150391 ], [ 114.279152154922485, 34.828891754150391 ], [ 114.279152154922485, 34.828977584838867 ], [ 114.279055595397949, 34.828977584838867 ], [ 114.279055595397949, 34.829224348068237 ], [ 114.279313087463379, 34.829224348068237 ], [ 114.279313087463379, 34.829310178756714 ], [ 114.279377460479736, 34.829310178756714 ], [ 114.279377460479736, 34.82939600944519 ], [ 114.279474020004272, 34.82939600944519 ], [ 114.279474020004272, 34.829481840133667 ], [ 114.279559850692749, 34.829481840133667 ], [ 114.279559850692749, 34.829642772674561 ], [ 114.279881715774536, 34.829642772674561 ], [ 114.279881715774536, 34.829556941986084 ], [ 114.280139207839966, 34.829556941986084 ], [ 114.280139207839966, 34.829642772674561 ], [ 114.280385971069336, 34.829642772674561 ], [ 114.280385971069336, 34.829556941986084 ], [ 114.280643463134766, 34.829556941986084 ], [ 114.280643463134766, 34.829481840133667 ], [ 114.280804395675659, 34.829481840133667 ], [ 114.280804395675659, 34.82939600944519 ], [ 114.280976057052612, 34.82939600944519 ], [ 114.280976057052612, 34.829224348068237 ], [ 114.281212091445923, 34.829224348068237 ], [ 114.281212091445923, 34.828805923461914 ], [ 114.281308650970459, 34.828805923461914 ], [ 114.281308650970459, 34.828559160232544 ], [ 114.281469583511353, 34.828559160232544 ], [ 114.281469583511353, 34.82839822769165 ], [ 114.281555414199829, 34.82839822769165 ], [ 114.281555414199829, 34.828226566314697 ], [ 114.281641244888306, 34.828226566314697 ], [ 114.281641244888306, 34.828140735626221 ], [ 114.281716346740723, 34.828140735626221 ], [ 114.281716346740723, 34.827893972396851 ], [ 114.281812906265259, 34.827893972396851 ], [ 114.281812906265259, 34.827561378479004 ], [ 114.281898736953735, 34.827561378479004 ], [ 114.281898736953735, 34.827228784561157 ], [ 114.281973838806152, 34.827228784561157 ], [ 114.281973838806152, 34.826982021331787 ], [ 114.282059669494629, 34.826982021331787 ], [ 114.282059669494629, 34.826896190643311 ], [ 114.282134771347046, 34.826896190643311 ], [ 114.282134771347046, 34.826810359954834 ], [ 114.282306432723999, 34.826810359954834 ], [ 114.282306432723999, 34.826724529266357 ], [ 114.282381534576416, 34.826724529266357 ], [ 114.282381534576416, 34.826638698577881 ], [ 114.282563924789429, 34.826638698577881 ], [ 114.282563924789429, 34.826724529266357 ], [ 114.282639026641846, 34.826724529266357 ], [ 114.282639026641846, 34.826810359954834 ], [ 114.282724857330322, 34.826810359954834 ], [ 114.282724857330322, 34.826896190643311 ], [ 114.282810688018799, 34.826896190643311 ], [ 114.282810688018799, 34.827067852020264 ], [ 114.283046722412109, 34.827067852020264 ], [ 114.283046722412109, 34.827142953872681 ], [ 114.283304214477539, 34.827142953872681 ], [ 114.283304214477539, 34.827228784561157 ], [ 114.283390045166016, 34.827228784561157 ], [ 114.283390045166016, 34.82740044593811 ], [ 114.283475875854492, 34.82740044593811 ], [ 114.283475875854492, 34.827475547790527 ], [ 114.283969402313232, 34.827475547790527 ], [ 114.283969402313232, 34.82740044593811 ], [ 114.284055233001709, 34.82740044593811 ], [ 114.284055233001709, 34.827475547790527 ], [ 114.284216165542603, 34.827475547790527 ], [ 114.284216165542603, 34.827561378479004 ], [ 114.284301996231079, 34.827561378479004 ], [ 114.284301996231079, 34.827475547790527 ], [ 114.284398555755615, 34.827475547790527 ], [ 114.284398555755615, 34.827561378479004 ], [ 114.284806251525879, 34.827561378479004 ], [ 114.284806251525879, 34.82764720916748 ], [ 114.284881353378296, 34.82764720916748 ], [ 114.284881353378296, 34.827808141708374 ], [ 114.284967184066772, 34.827808141708374 ], [ 114.284967184066772, 34.827893972396851 ], [ 114.285063743591309, 34.827893972396851 ], [ 114.285063743591309, 34.828226566314697 ], [ 114.284967184066772, 34.828226566314697 ], [ 114.284967184066772, 34.82839822769165 ], [ 114.284806251525879, 34.82839822769165 ], [ 114.284806251525879, 34.828473329544067 ], [ 114.284720420837402, 34.828473329544067 ], [ 114.284720420837402, 34.828891754150391 ], [ 114.284806251525879, 34.828891754150391 ], [ 114.284806251525879, 34.828977584838867 ], [ 114.284720420837402, 34.828977584838867 ], [ 114.284720420837402, 34.829138517379761 ], [ 114.284645318984985, 34.829138517379761 ], [ 114.284645318984985, 34.829224348068237 ], [ 114.284559488296509, 34.829224348068237 ], [ 114.284559488296509, 34.829310178756714 ], [ 114.284462928771973, 34.829310178756714 ], [ 114.284462928771973, 34.82939600944519 ], [ 114.284398555755615, 34.82939600944519 ], [ 114.284398555755615, 34.829481840133667 ], [ 114.284141063690186, 34.829481840133667 ], [ 114.284141063690186, 34.829642772674561 ], [ 114.284055233001709, 34.829642772674561 ], [ 114.284055233001709, 34.830061197280884 ], [ 114.284141063690186, 34.830061197280884 ], [ 114.284141063690186, 34.83039379119873 ], [ 114.283894300460815, 34.83039379119873 ], [ 114.283894300460815, 34.830479621887207 ], [ 114.283390045166016, 34.830479621887207 ], [ 114.283390045166016, 34.830554723739624 ], [ 114.283132553100586, 34.830554723739624 ], [ 114.283132553100586, 34.830640554428101 ], [ 114.282885789871216, 34.830640554428101 ], [ 114.282885789871216, 34.830726385116577 ], [ 114.282724857330322, 34.830726385116577 ], [ 114.282724857330322, 34.830973148345947 ], [ 114.282381534576416, 34.830973148345947 ], [ 114.282381534576416, 34.831058979034424 ], [ 114.282134771347046, 34.831058979034424 ], [ 114.282134771347046, 34.831219911575317 ], [ 114.282059669494629, 34.831219911575317 ], [ 114.282059669494629, 34.831305742263794 ], [ 114.281973838806152, 34.831305742263794 ], [ 114.281973838806152, 34.831638336181641 ], [ 114.281898736953735, 34.831638336181641 ], [ 114.281898736953735, 34.831724166870117 ], [ 114.282059669494629, 34.831724166870117 ], [ 114.282059669494629, 34.831809997558594 ], [ 114.282134771347046, 34.831809997558594 ], [ 114.282134771347046, 34.83189582824707 ], [ 114.282220602035522, 34.83189582824707 ], [ 114.282220602035522, 34.832056760787964 ], [ 114.282306432723999, 34.832056760787964 ], [ 114.282306432723999, 34.83214259147644 ], [ 114.282563924789429, 34.83214259147644 ], [ 114.282563924789429, 34.832228422164917 ], [ 114.282639026641846, 34.832228422164917 ], [ 114.282639026641846, 34.832303524017334 ], [ 114.282810688018799, 34.832303524017334 ], [ 114.282810688018799, 34.832389354705811 ], [ 114.282885789871216, 34.832389354705811 ], [ 114.282885789871216, 34.832561016082764 ], [ 114.282971620559692, 34.832561016082764 ], [ 114.282971620559692, 34.832732677459717 ], [ 114.283046722412109, 34.832732677459717 ], [ 114.283046722412109, 34.83289361000061 ], [ 114.282971620559692, 34.83289361000061 ], [ 114.282971620559692, 34.83315110206604 ], [ 114.282639026641846, 34.83315110206604 ], [ 114.282639026641846, 34.833226203918457 ], [ 114.282381534576416, 34.833226203918457 ], [ 114.282381534576416, 34.83339786529541 ], [ 114.282306432723999, 34.83339786529541 ], [ 114.282306432723999, 34.833483695983887 ], [ 114.282134771347046, 34.833483695983887 ], [ 114.282134771347046, 34.833558797836304 ], [ 114.282059669494629, 34.833558797836304 ], [ 114.282059669494629, 34.83364462852478 ], [ 114.281973838806152, 34.83364462852478 ], [ 114.281973838806152, 34.833730459213257 ], [ 114.281051158905029, 34.833730459213257 ], [ 114.281051158905029, 34.83364462852478 ], [ 114.280976057052612, 34.83364462852478 ], [ 114.280976057052612, 34.833483695983887 ], [ 114.280643463134766, 34.833483695983887 ], [ 114.280643463134766, 34.83339786529541 ], [ 114.279817342758179, 34.83339786529541 ], [ 114.279817342758179, 34.833312034606934 ], [ 114.279474020004272, 34.833312034606934 ], [ 114.279474020004272, 34.833226203918457 ], [ 114.278551340103149, 34.833226203918457 ], [ 114.278551340103149, 34.833065271377563 ], [ 114.278465509414673, 34.833065271377563 ], [ 114.278465509414673, 34.832979440689087 ], [ 114.278390407562256, 34.832979440689087 ], [ 114.278390407562256, 34.83289361000061 ], [ 114.27804708480835, 34.83289361000061 ], [ 114.27804708480835, 34.832979440689087 ], [ 114.277886152267456, 34.832979440689087 ], [ 114.277886152267456, 34.833065271377563 ], [ 114.277982711791992, 34.833065271377563 ], [ 114.277982711791992, 34.83315110206604 ], [ 114.278229475021362, 34.83315110206604 ], [ 114.278229475021362, 34.833226203918457 ], [ 114.278390407562256, 34.833226203918457 ], [ 114.278390407562256, 34.833312034606934 ], [ 114.278465509414673, 34.833312034606934 ], [ 114.278465509414673, 34.83339786529541 ], [ 114.278551340103149, 34.83339786529541 ], [ 114.278551340103149, 34.833730459213257 ], [ 114.278465509414673, 34.833730459213257 ], [ 114.278465509414673, 34.833816289901733 ], [ 114.278808832168579, 34.833816289901733 ], [ 114.278808832168579, 34.833977222442627 ], [ 114.278894662857056, 34.833977222442627 ], [ 114.278894662857056, 34.834063053131104 ], [ 114.278969764709473, 34.834063053131104 ] ], [ [ 114.285567998886108, 34.835565090179443 ], [ 114.285567998886108, 34.83564019203186 ], [ 114.285728931427002, 34.83564019203186 ], [ 114.285728931427002, 34.835811853408813 ], [ 114.285471439361572, 34.835811853408813 ], [ 114.285471439361572, 34.835565090179443 ], [ 114.285567998886108, 34.835565090179443 ] ], [ [ 114.285793304443359, 34.83439564704895 ], [ 114.285793304443359, 34.834481477737427 ], [ 114.285889863967896, 34.834481477737427 ], [ 114.285889863967896, 34.834556579589844 ], [ 114.285793304443359, 34.834556579589844 ], [ 114.285793304443359, 34.83464241027832 ], [ 114.285632371902466, 34.83464241027832 ], [ 114.285632371902466, 34.834556579589844 ], [ 114.285567998886108, 34.834556579589844 ], [ 114.285567998886108, 34.83439564704895 ], [ 114.285793304443359, 34.83439564704895 ] ], [ [ 114.284806251525879, 34.834481477737427 ], [ 114.284806251525879, 34.834556579589844 ], [ 114.284881353378296, 34.834556579589844 ], [ 114.284881353378296, 34.83464241027832 ], [ 114.285063743591309, 34.83464241027832 ], [ 114.285063743591309, 34.834556579589844 ], [ 114.285128116607666, 34.834556579589844 ], [ 114.285128116607666, 34.834728240966797 ], [ 114.285632371902466, 34.834728240966797 ], [ 114.285632371902466, 34.834814071655273 ], [ 114.285793304443359, 34.834814071655273 ], [ 114.285793304443359, 34.834728240966797 ], [ 114.286136627197266, 34.834728240966797 ], [ 114.286136627197266, 34.83464241027832 ], [ 114.286297559738159, 34.83464241027832 ], [ 114.286297559738159, 34.834728240966797 ], [ 114.286555051803589, 34.834728240966797 ], [ 114.286555051803589, 34.834814071655273 ], [ 114.286640882492065, 34.834814071655273 ], [ 114.286640882492065, 34.83488917350769 ], [ 114.286715984344482, 34.83488917350769 ], [ 114.286715984344482, 34.835060834884644 ], [ 114.286801815032959, 34.835060834884644 ], [ 114.286801815032959, 34.835221767425537 ], [ 114.286715984344482, 34.835221767425537 ], [ 114.286715984344482, 34.83539342880249 ], [ 114.286555051803589, 34.83539342880249 ], [ 114.286555051803589, 34.83514666557312 ], [ 114.286394119262695, 34.83514666557312 ], [ 114.286394119262695, 34.835221767425537 ], [ 114.286479949951172, 34.835221767425537 ], [ 114.286479949951172, 34.835307598114014 ], [ 114.286394119262695, 34.835307598114014 ], [ 114.286394119262695, 34.835479259490967 ], [ 114.286233186721802, 34.835479259490967 ], [ 114.286233186721802, 34.835565090179443 ], [ 114.285889863967896, 34.835565090179443 ], [ 114.285889863967896, 34.835479259490967 ], [ 114.285632371902466, 34.835479259490967 ], [ 114.285632371902466, 34.83539342880249 ], [ 114.285128116607666, 34.83539342880249 ], [ 114.285128116607666, 34.835479259490967 ], [ 114.285310506820679, 34.835479259490967 ], [ 114.285310506820679, 34.835565090179443 ], [ 114.285224676132202, 34.835565090179443 ], [ 114.285224676132202, 34.835811853408813 ], [ 114.285128116607666, 34.835811853408813 ], [ 114.285128116607666, 34.835726022720337 ], [ 114.285063743591309, 34.835726022720337 ], [ 114.285063743591309, 34.83564019203186 ], [ 114.284967184066772, 34.83564019203186 ], [ 114.284967184066772, 34.835479259490967 ], [ 114.284881353378296, 34.835479259490967 ], [ 114.284881353378296, 34.83539342880249 ], [ 114.284806251525879, 34.83539342880249 ], [ 114.284806251525879, 34.835307598114014 ], [ 114.284720420837402, 34.835307598114014 ], [ 114.284720420837402, 34.835221767425537 ], [ 114.284645318984985, 34.835221767425537 ], [ 114.284645318984985, 34.83514666557312 ], [ 114.284559488296509, 34.83514666557312 ], [ 114.284559488296509, 34.835060834884644 ], [ 114.284462928771973, 34.835060834884644 ], [ 114.284462928771973, 34.834975004196167 ], [ 114.284398555755615, 34.834975004196167 ], [ 114.284398555755615, 34.834556579589844 ], [ 114.284645318984985, 34.834556579589844 ], [ 114.284645318984985, 34.834481477737427 ], [ 114.284806251525879, 34.834481477737427 ] ], [ [ 114.279152154922485, 34.834223985671997 ], [ 114.279152154922485, 34.834309816360474 ], [ 114.279055595397949, 34.834309816360474 ], [ 114.279055595397949, 34.834223985671997 ], [ 114.279152154922485, 34.834223985671997 ] ], [ [ 114.278712272644043, 34.83364462852478 ], [ 114.278712272644043, 34.833730459213257 ], [ 114.278647899627686, 34.833730459213257 ], [ 114.278647899627686, 34.83364462852478 ], [ 114.278712272644043, 34.83364462852478 ] ] ] ] } },
{ "type": "Feature", "properties": { "Id": 1275, "GRIDCODE": 9 }, "geometry": { "type": "MultiPolygon", "coordinates": [ [ [ [ 114.286233186721802, 34.823731184005737 ], [ 114.285471439361572, 34.823731184005737 ], [ 114.285471439361572, 34.823806285858154 ], [ 114.286233186721802, 34.823806285858154 ], [ 114.286233186721802, 34.823731184005737 ] ] ] ] } },
{ "type": "Feature", "properties": { "Id": 1276, "GRIDCODE": 9 }, "geometry": { "type": "MultiPolygon", "coordinates": [ [ [ [ 114.284559488296509, 34.823645353317261 ], [ 114.283390045166016, 34.823645353317261 ], [ 114.283390045166016, 34.823731184005737 ], [ 114.284462928771973, 34.823731184005737 ], [ 114.284462928771973, 34.823806285858154 ], [ 114.284645318984985, 34.823806285858154 ], [ 114.284645318984985, 34.823731184005737 ], [ 114.284559488296509, 34.823731184005737 ], [ 114.284559488296509, 34.823645353317261 ] ] ] ] } },
{ "type": "Feature", "properties": { "Id": 1284, "GRIDCODE": 9 }, "geometry": { "type": "MultiPolygon", "coordinates": [ [ [ [ 114.381301403045654, 34.822475910186768 ], [ 114.381140470504761, 34.822475910186768 ], [ 114.381140470504761, 34.822561740875244 ], [ 114.381215572357178, 34.822561740875244 ], [ 114.381215572357178, 34.822647571563721 ], [ 114.381301403045654, 34.822647571563721 ], [ 114.381301403045654, 34.822475910186768 ] ] ] ] } },
{ "type": "Feature", "properties": { "Id": 1285, "GRIDCODE": 9 }, "geometry": { "type": "MultiPolygon", "coordinates": [ [ [ [ 114.324460029602051, 34.822314977645874 ], [ 114.324299097061157, 34.822314977645874 ], [ 114.324299097061157, 34.822561740875244 ], [ 114.324460029602051, 34.822561740875244 ], [ 114.324460029602051, 34.822314977645874 ] ] ] ] } },
{ "type": "Feature", "properties": { "Id": 1288, "GRIDCODE": 9 }, "geometry": { "type": "MultiPolygon", "coordinates": [ [ [ [ 114.381301403045654, 34.821982383728027 ], [ 114.381215572357178, 34.821982383728027 ], [ 114.381215572357178, 34.822314977645874 ], [ 114.381301403045654, 34.822314977645874 ], [ 114.381301403045654, 34.822229146957397 ], [ 114.38139796257019, 34.822229146957397 ], [ 114.38139796257019, 34.822143316268921 ], [ 114.381301403045654, 34.822143316268921 ], [ 114.381301403045654, 34.821982383728027 ] ] ] ] } },
{ "type": "Feature", "properties": { "Id": 1292, "GRIDCODE": 9 }, "geometry": { "type": "MultiPolygon", "coordinates": [ [ [ [ 114.324395656585693, 34.821649789810181 ], [ 114.3242347240448, 34.821649789810181 ], [ 114.3242347240448, 34.821810722351074 ], [ 114.324299097061157, 34.821810722351074 ], [ 114.324299097061157, 34.822143316268921 ], [ 114.324395656585693, 34.822143316268921 ], [ 114.324395656585693, 34.821649789810181 ] ] ] ] } },
{ "type": "Feature", "properties": { "Id": 1293, "GRIDCODE": 9 }, "geometry": { "type": "MultiPolygon", "coordinates": [ [ [ [ 114.381301403045654, 34.821649789810181 ], [ 114.381215572357178, 34.821649789810181 ], [ 114.381215572357178, 34.821724891662598 ], [ 114.381301403045654, 34.821724891662598 ], [ 114.381301403045654, 34.821649789810181 ] ] ] ] } },
{ "type": "Feature", "properties": { "Id": 1294, "GRIDCODE": 9 }, "geometry": { "type": "MultiPolygon", "coordinates": [ [ [ [ 114.343267679214478, 34.821231365203857 ], [ 114.34325460344553, 34.821235032286495 ], [ 114.343263991177082, 34.821244440972805 ], [ 114.343267679214478, 34.821231365203857 ] ] ] ] } },
{ "type": "Feature", "properties": { "Id": 1299, "GRIDCODE": 9 }, "geometry": { "type": "MultiPolygon", "coordinates": [ [ [ [ 114.27754282951355, 34.820394515991211 ], [ 114.277478456497192, 34.820394515991211 ], [ 114.277478456497192, 34.820469617843628 ], [ 114.27754282951355, 34.820469617843628 ], [ 114.27754282951355, 34.820394515991211 ] ] ] ] } },
{ "type": "Feature", "properties": { "Id": 1300, "GRIDCODE": 9 }, "geometry": { "type": "MultiPolygon", "coordinates": [ [ [ [ 114.324395656585693, 34.820394515991211 ], [ 114.324299097061157, 34.820394515991211 ], [ 114.324299097061157, 34.820469617843628 ], [ 114.3242347240448, 34.820469617843628 ], [ 114.3242347240448, 34.820555448532104 ], [ 114.324299097061157, 34.820555448532104 ], [ 114.324299097061157, 34.820727109909058 ], [ 114.3242347240448, 34.820727109909058 ], [ 114.3242347240448, 34.821059703826904 ], [ 114.324299097061157, 34.821059703826904 ], [ 114.324299097061157, 34.821317195892334 ], [ 114.324395656585693, 34.821317195892334 ], [ 114.324395656585693, 34.821231365203857 ], [ 114.324460029602051, 34.821231365203857 ], [ 114.324460029602051, 34.820469617843628 ], [ 114.324395656585693, 34.820469617843628 ], [ 114.324395656585693, 34.820394515991211 ] ] ] ] } },
{ "type": "Feature", "properties": { "Id": 1304, "GRIDCODE": 9 }, "geometry": { "type": "MultiPolygon", "coordinates": [ [ [ [ 114.324299097061157, 34.819890260696411 ], [ 114.3242347240448, 34.819890260696411 ], [ 114.3242347240448, 34.819976091384888 ], [ 114.324299097061157, 34.819976091384888 ], [ 114.324299097061157, 34.819890260696411 ] ] ] ] } },
{ "type": "Feature", "properties": { "Id": 1312, "GRIDCODE": 9 }, "geometry": { "type": "MultiPolygon", "coordinates": [ [ [ [ 114.381301403045654, 34.818645715713501 ], [ 114.381215572357178, 34.818645715713501 ], [ 114.381215572357178, 34.818892478942871 ], [ 114.381301403045654, 34.818892478942871 ], [ 114.381301403045654, 34.818806648254395 ], [ 114.38139796257019, 34.818806648254395 ], [ 114.38139796257019, 34.818720817565918 ], [ 114.381301403045654, 34.818720817565918 ], [ 114.381301403045654, 34.818645715713501 ] ] ] ] } },
{ "type": "Feature", "properties": { "Id": 1314, "GRIDCODE": 9 }, "geometry": { "type": "MultiPolygon", "coordinates": [ [ [ [ 114.359393119812012, 34.818313121795654 ], [ 114.359307289123535, 34.818313121795654 ], [ 114.359307289123535, 34.818388223648071 ], [ 114.359393119812012, 34.818388223648071 ], [ 114.359393119812012, 34.818313121795654 ] ] ] ] } },
{ "type": "Feature", "properties": { "Id": 1315, "GRIDCODE": 9 }, "geometry": { "type": "MultiPolygon", "coordinates": [ [ [ [ 114.360637664794922, 34.818313121795654 ], [ 114.360401630401611, 34.818313121795654 ], [ 114.360401630401611, 34.818388223648071 ], [ 114.360637664794922, 34.818388223648071 ], [ 114.360637664794922, 34.818313121795654 ] ] ] ] } },
{ "type": "Feature", "properties": { "Id": 1316, "GRIDCODE": 9 }, "geometry": { "type": "MultiPolygon", "coordinates": [ [ [ [ 114.361549615859985, 34.818227291107178 ], [ 114.361131191253662, 34.818227291107178 ], [ 114.361131191253662, 34.818388223648071 ], [ 114.361227750778198, 34.818388223648071 ], [ 114.361227750778198, 34.818313121795654 ], [ 114.361549615859985, 34.818313121795654 ], [ 114.361549615859985, 34.818227291107178 ] ] ] ] } },
{ "type": "Feature", "properties": { "Id": 1317, "GRIDCODE": 9 }, "geometry": { "type": "MultiPolygon", "coordinates": [ [ [ [ 114.369134902954102, 34.818227291107178 ], [ 114.368973970413208, 34.818227291107178 ], [ 114.368973970413208, 34.818474054336548 ], [ 114.369134902954102, 34.818474054336548 ], [ 114.369134902954102, 34.818227291107178 ] ] ] ] } },
{ "type": "Feature", "properties": { "Id": 1319, "GRIDCODE": 9 }, "geometry": { "type": "MultiPolygon", "coordinates": [ [ [ [ 114.361549615859985, 34.818227291107178 ], [ 114.361635446548462, 34.818227291107178 ], [ 114.361635446548462, 34.818141460418701 ], [ 114.361549615859985, 34.818141460418701 ], [ 114.361549615859985, 34.818227291107178 ] ] ] ] } },
{ "type": "Feature", "properties": { "Id": 1320, "GRIDCODE": 9 }, "geometry": { "type": "MultiPolygon", "coordinates": [ [ [ [ 114.369134902954102, 34.818227291107178 ], [ 114.369220733642578, 34.818227291107178 ], [ 114.369220733642578, 34.818141460418701 ], [ 114.369134902954102, 34.818141460418701 ], [ 114.369134902954102, 34.818227291107178 ] ] ] ] } },
{ "type": "Feature", "properties": { "Id": 1321, "GRIDCODE": 9 }, "geometry": { "type": "MultiPolygon", "coordinates": [ [ [ [ 114.325629472732544, 34.818055629730225 ], [ 114.325565099716187, 34.818055629730225 ], [ 114.325565099716187, 34.818141460418701 ], [ 114.325629472732544, 34.818141460418701 ], [ 114.325629472732544, 34.818055629730225 ] ] ] ] } },
{ "type": "Feature", "properties": { "Id": 1322, "GRIDCODE": 9 }, "geometry": { "type": "MultiPolygon", "coordinates": [ [ [ [ 114.336379766464233, 34.818055629730225 ], [ 114.33621883392334, 34.818055629730225 ], [ 114.33621883392334, 34.818227291107178 ], [ 114.336315393447876, 34.818227291107178 ], [ 114.336315393447876, 34.818141460418701 ], [ 114.336379766464233, 34.818141460418701 ], [ 114.336379766464233, 34.818055629730225 ] ] ] ] } },
{ "type": "Feature", "properties": { "Id": 1323, "GRIDCODE": 9 }, "geometry": { "type": "MultiPolygon", "coordinates": [ [ [ [ 114.362643957138062, 34.818055629730225 ], [ 114.362461566925049, 34.818055629730225 ], [ 114.362461566925049, 34.818141460418701 ], [ 114.361892938613892, 34.818141460418701 ], [ 114.361892938613892, 34.818227291107178 ], [ 114.362139701843262, 34.818227291107178 ], [ 114.362139701843262, 34.818313121795654 ], [ 114.362214803695679, 34.818313121795654 ], [ 114.362214803695679, 34.818227291107178 ], [ 114.362300634384155, 34.818227291107178 ], [ 114.362300634384155, 34.818313121795654 ], [ 114.362461566925049, 34.818313121795654 ], [ 114.362461566925049, 34.818227291107178 ], [ 114.362558126449585, 34.818227291107178 ], [ 114.362558126449585, 34.818141460418701 ], [ 114.362643957138062, 34.818141460418701 ], [ 114.362643957138062, 34.818055629730225 ] ] ] ] } },
{ "type": "Feature", "properties": { "Id": 1325, "GRIDCODE": 9 }, "geometry": { "type": "MultiPolygon", "coordinates": [ [ [ [ 114.362643957138062, 34.818055629730225 ], [ 114.362719058990479, 34.818055629730225 ], [ 114.362719058990479, 34.817980527877808 ], [ 114.362643957138062, 34.817980527877808 ], [ 114.362643957138062, 34.818055629730225 ] ] ] ] } },
{ "type": "Feature", "properties": { "Id": 1326, "GRIDCODE": 9 }, "geometry": { "type": "MultiPolygon", "coordinates": [ [ [ [ 114.364049434661865, 34.817980527877808 ], [ 114.363974332809448, 34.817980527877808 ], [ 114.363974332809448, 34.818055629730225 ], [ 114.364049434661865, 34.818055629730225 ], [ 114.364049434661865, 34.817980527877808 ] ] ] ] } },
{ "type": "Feature", "properties": { "Id": 1327, "GRIDCODE": 9 }, "geometry": { "type": "MultiPolygon", "coordinates": [ [ [ [ 114.369478225708008, 34.817980527877808 ], [ 114.369317293167114, 34.817980527877808 ], [ 114.369317293167114, 34.818055629730225 ], [ 114.369478225708008, 34.818055629730225 ], [ 114.369478225708008, 34.817980527877808 ] ] ] ] } },
{ "type": "Feature", "properties": { "Id": 1331, "GRIDCODE": 9 }, "geometry": { "type": "MultiPolygon", "coordinates": [ [ [ [ 114.355638027191162, 34.817647933959961 ], [ 114.355477094650269, 34.817647933959961 ], [ 114.355477094650269, 34.817808866500854 ], [ 114.355562925338745, 34.817808866500854 ], [ 114.355562925338745, 34.817723035812378 ], [ 114.355638027191162, 34.817723035812378 ], [ 114.355638027191162, 34.817647933959961 ] ] ] ] } },
{ "type": "Feature", "properties": { "Id": 1332, "GRIDCODE": 9 }, "geometry": { "type": "MultiPolygon", "coordinates": [ [ [ [ 114.369639158248901, 34.817647933959961 ], [ 114.369553327560425, 34.817647933959961 ], [ 114.369553327560425, 34.817808866500854 ], [ 114.369724988937378, 34.817808866500854 ], [ 114.369724988937378, 34.817723035812378 ], [ 114.369639158248901, 34.817723035812378 ], [ 114.369639158248901, 34.817647933959961 ] ] ] ] } },
{ "type": "Feature", "properties": { "Id": 1333, "GRIDCODE": 9 }, "geometry": { "type": "MultiPolygon", "coordinates": [ [ [ [ 114.33546781539917, 34.817390441894531 ], [ 114.33521032333374, 34.817390441894531 ], [ 114.33521032333374, 34.817476272583008 ], [ 114.335306882858276, 34.817476272583008 ], [ 114.335306882858276, 34.817562103271484 ], [ 114.335392713546753, 34.817562103271484 ], [ 114.335392713546753, 34.817647933959961 ], [ 114.335306882858276, 34.817647933959961 ], [ 114.335306882858276, 34.817723035812378 ], [ 114.335392713546753, 34.817723035812378 ], [ 114.335392713546753, 34.817894697189331 ], [ 114.33546781539917, 34.817894697189331 ], [ 114.33546781539917, 34.817808866500854 ], [ 114.335650205612183, 34.817808866500854 ], [ 114.335650205612183, 34.817980527877808 ], [ 114.335811138153076, 34.817980527877808 ], [ 114.335811138153076, 34.817894697189331 ], [ 114.33571457862854, 34.817894697189331 ], [ 114.33571457862854, 34.817647933959961 ], [ 114.335650205612183, 34.817647933959961 ], [ 114.335650205612183, 34.817562103271484 ], [ 114.33546781539917, 34.817562103271484 ], [ 114.33546781539917, 34.817390441894531 ] ] ] ] } },
{ "type": "Feature", "properties": { "Id": 1335, "GRIDCODE": 9 }, "geometry": { "type": "MultiPolygon", "coordinates": [ [ [ [ 114.355380535125732, 34.817315340042114 ], [ 114.355316162109375, 34.817315340042114 ], [ 114.355316162109375, 34.817476272583008 ], [ 114.355477094650269, 34.817476272583008 ], [ 114.355477094650269, 34.817390441894531 ], [ 114.355380535125732, 34.817390441894531 ], [ 114.355380535125732, 34.817315340042114 ] ] ] ] } },
{ "type": "Feature", "properties": { "Id": 1338, "GRIDCODE": 9 }, "geometry": { "type": "MultiPolygon", "coordinates": [ [ [ [ 114.334545135498047, 34.816972017288208 ], [ 114.334480762481689, 34.816972017288208 ], [ 114.334480762481689, 34.817057847976685 ], [ 114.334545135498047, 34.817057847976685 ], [ 114.334545135498047, 34.816972017288208 ] ] ] ] } },
{ "type": "Feature", "properties": { "Id": 1340, "GRIDCODE": 9 }, "geometry": { "type": "MultiPolygon", "coordinates": [ [ [ [ 114.324642419815063, 34.816725254058838 ], [ 114.324556589126587, 34.816725254058838 ], [ 114.324556589126587, 34.816811084747314 ], [ 114.324460029602051, 34.816811084747314 ], [ 114.324460029602051, 34.817723035812378 ], [ 114.324556589126587, 34.817723035812378 ], [ 114.324556589126587, 34.817894697189331 ], [ 114.324460029602051, 34.817894697189331 ], [ 114.324460029602051, 34.817980527877808 ], [ 114.324642419815063, 34.817980527877808 ], [ 114.324642419815063, 34.817894697189331 ], [ 114.32471752166748, 34.817894697189331 ], [ 114.32471752166748, 34.817808866500854 ], [ 114.324642419815063, 34.817808866500854 ], [ 114.324642419815063, 34.816725254058838 ] ] ] ] } },
{ "type": "Feature", "properties": { "Id": 1341, "GRIDCODE": 9 }, "geometry": { "type": "MultiPolygon", "coordinates": [ [ [ [ 114.301725625991821, 34.816639423370361 ], [ 114.301639795303345, 34.816639423370361 ], [ 114.301639795303345, 34.816725254058838 ], [ 114.301382303237915, 34.816725254058838 ], [ 114.301382303237915, 34.816896915435791 ], [ 114.301307201385498, 34.816896915435791 ], [ 114.301307201385498, 34.817315340042114 ], [ 114.301382303237915, 34.817315340042114 ], [ 114.301382303237915, 34.817390441894531 ], [ 114.301564693450928, 34.817390441894531 ], [ 114.301564693450928, 34.817476272583008 ], [ 114.301639795303345, 34.817476272583008 ], [ 114.301639795303345, 34.817562103271484 ], [ 114.301725625991821, 34.817562103271484 ], [ 114.301725625991821, 34.817476272583008 ], [ 114.301811456680298, 34.817476272583008 ], [ 114.301811456680298, 34.817390441894531 ], [ 114.302047491073608, 34.817390441894531 ], [ 114.302047491073608, 34.817229509353638 ], [ 114.301972389221191, 34.817229509353638 ], [ 114.301972389221191, 34.816896915435791 ], [ 114.302047491073608, 34.816896915435791 ], [ 114.302047491073608, 34.816811084747314 ], [ 114.301972389221191, 34.816811084747314 ], [ 114.301972389221191, 34.816725254058838 ], [ 114.301725625991821, 34.816725254058838 ], [ 114.301725625991821, 34.816639423370361 ] ] ] ] } },
{ "type": "Feature", "properties": { "Id": 1342, "GRIDCODE": 9 }, "geometry": { "type": "MultiPolygon", "coordinates": [ [ [ [ 114.369724988937378, 34.816564321517944 ], [ 114.369639158248901, 34.816564321517944 ], [ 114.369639158248901, 34.816725254058838 ], [ 114.369553327560425, 34.816725254058838 ], [ 114.369553327560425, 34.816972017288208 ], [ 114.369639158248901, 34.816972017288208 ], [ 114.369639158248901, 34.817057847976685 ], [ 114.369553327560425, 34.817057847976685 ], [ 114.369553327560425, 34.817229509353638 ], [ 114.369639158248901, 34.817229509353638 ], [ 114.369639158248901, 34.817315340042114 ], [ 114.369724988937378, 34.817315340042114 ], [ 114.369724988937378, 34.817476272583008 ], [ 114.369800090789795, 34.817476272583008 ], [ 114.369800090789795, 34.816725254058838 ], [ 114.369724988937378, 34.816725254058838 ], [ 114.369724988937378, 34.816564321517944 ] ] ] ] } },
{ "type": "Feature", "properties": { "Id": 1344, "GRIDCODE": 9 }, "geometry": { "type": "MultiPolygon", "coordinates": [ [ [ [ 114.33546781539917, 34.816478490829468 ], [ 114.335306882858276, 34.816478490829468 ], [ 114.335306882858276, 34.816639423370361 ], [ 114.335145950317383, 34.816639423370361 ], [ 114.335145950317383, 34.816811084747314 ], [ 114.335049390792847, 34.816811084747314 ], [ 114.335049390792847, 34.816725254058838 ], [ 114.334985017776489, 34.816725254058838 ], [ 114.334985017776489, 34.816896915435791 ], [ 114.334888458251953, 34.816896915435791 ], [ 114.334888458251953, 34.816972017288208 ], [ 114.334985017776489, 34.816972017288208 ], [ 114.334985017776489, 34.817057847976685 ], [ 114.334888458251953, 34.817057847976685 ], [ 114.334888458251953, 34.817143678665161 ], [ 114.335049390792847, 34.817143678665161 ], [ 114.335049390792847, 34.817229509353638 ], [ 114.335306882858276, 34.817229509353638 ], [ 114.335306882858276, 34.816972017288208 ], [ 114.335392713546753, 34.816972017288208 ], [ 114.335392713546753, 34.816725254058838 ], [ 114.33546781539917, 34.816725254058838 ], [ 114.33546781539917, 34.816478490829468 ] ] ] ] } },
{ "type": "Feature", "properties": { "Id": 1345, "GRIDCODE": 9 }, "geometry": { "type": "MultiPolygon", "coordinates": [ [ [ [ 114.32471752166748, 34.816392660140991 ], [ 114.324556589126587, 34.816392660140991 ], [ 114.324556589126587, 34.816639423370361 ], [ 114.32471752166748, 34.816639423370361 ], [ 114.32471752166748, 34.816564321517944 ], [ 114.324803352355957, 34.816564321517944 ], [ 114.324803352355957, 34.816478490829468 ], [ 114.32471752166748, 34.816478490829468 ], [ 114.32471752166748, 34.816392660140991 ] ] ] ] } },
{ "type": "Feature", "properties": { "Id": 1346, "GRIDCODE": 9 }, "geometry": { "type": "MultiPolygon", "coordinates": [ [ [ [ 114.328064918518066, 34.816392660140991 ], [ 114.32796835899353, 34.816392660140991 ], [ 114.32796835899353, 34.816564321517944 ], [ 114.328064918518066, 34.816564321517944 ], [ 114.328064918518066, 34.816392660140991 ] ] ] ] } },
{ "type": "Feature", "properties": { "Id": 1347, "GRIDCODE": 9 }, "geometry": { "type": "MultiPolygon", "coordinates": [ [ [ [ 114.328129291534424, 34.816392660140991 ], [ 114.328129291534424, 34.816478490829468 ], [ 114.32822585105896, 34.816478490829468 ], [ 114.32822585105896, 34.816392660140991 ], [ 114.328129291534424, 34.816392660140991 ] ] ] ] } },
{ "type": "Feature", "properties": { "Id": 1348, "GRIDCODE": 9 }, "geometry": { "type": "MultiPolygon", "coordinates": [ [ [ [ 114.368147850036621, 34.816392660140991 ], [ 114.368062019348145, 34.816392660140991 ], [ 114.368062019348145, 34.816478490829468 ], [ 114.368147850036621, 34.816478490829468 ], [ 114.368147850036621, 34.816392660140991 ] ] ] ] } },
{ "type": "Feature", "properties": { "Id": 1349, "GRIDCODE": 9 }, "geometry": { "type": "MultiPolygon", "coordinates": [ [ [ [ 114.328064918518066, 34.816392660140991 ], [ 114.328129291534424, 34.816392660140991 ], [ 114.328129291534424, 34.816306829452515 ], [ 114.328064918518066, 34.816306829452515 ], [ 114.328064918518066, 34.816392660140991 ] ] ] ] } },
{ "type": "Feature", "properties": { "Id": 1352, "GRIDCODE": 9 }, "geometry": { "type": "MultiPolygon", "coordinates": [ [ [ [ 114.368222951889038, 34.816231727600098 ], [ 114.368222951889038, 34.816392660140991 ], [ 114.368308782577515, 34.816392660140991 ], [ 114.368308782577515, 34.816231727600098 ], [ 114.368222951889038, 34.816231727600098 ] ] ] ] } },
{ "type": "Feature", "properties": { "Id": 1353, "GRIDCODE": 9 }, "geometry": { "type": "MultiPolygon", "coordinates": [ [ [ [ 114.368147850036621, 34.816145896911621 ], [ 114.368147850036621, 34.816231727600098 ], [ 114.368222951889038, 34.816231727600098 ], [ 114.368222951889038, 34.816145896911621 ], [ 114.368147850036621, 34.816145896911621 ] ] ] ] } },
{ "type": "Feature", "properties": { "Id": 1354, "GRIDCODE": 9 }, "geometry": { "type": "MultiPolygon", "coordinates": [ [ [ [ 114.334062337875366, 34.816060066223145 ], [ 114.33397650718689, 34.816060066223145 ], [ 114.33397650718689, 34.816306829452515 ], [ 114.334137439727783, 34.816306829452515 ], [ 114.334137439727783, 34.816145896911621 ], [ 114.334062337875366, 34.816145896911621 ], [ 114.334062337875366, 34.816060066223145 ] ] ] ] } },
{ "type": "Feature", "properties": { "Id": 1355, "GRIDCODE": 9 }, "geometry": { "type": "MultiPolygon", "coordinates": [ [ [ [ 114.354715347290039, 34.816060066223145 ], [ 114.354554414749146, 34.816060066223145 ], [ 114.354554414749146, 34.816145896911621 ], [ 114.354650974273682, 34.816145896911621 ], [ 114.354650974273682, 34.816231727600098 ], [ 114.354811906814575, 34.816231727600098 ], [ 114.354811906814575, 34.816145896911621 ], [ 114.354715347290039, 34.816145896911621 ], [ 114.354715347290039, 34.816060066223145 ] ] ] ] } },
{ "type": "Feature", "properties": { "Id": 1356, "GRIDCODE": 9 }, "geometry": { "type": "MultiPolygon", "coordinates": [ [ [ [ 114.38139796257019, 34.816060066223145 ], [ 114.381301403045654, 34.816060066223145 ], [ 114.381301403045654, 34.816478490829468 ], [ 114.381215572357178, 34.816478490829468 ], [ 114.381215572357178, 34.816725254058838 ], [ 114.381301403045654, 34.816725254058838 ], [ 114.381301403045654, 34.816811084747314 ], [ 114.381215572357178, 34.816811084747314 ], [ 114.381215572357178, 34.816896915435791 ], [ 114.381301403045654, 34.816896915435791 ], [ 114.381301403045654, 34.816972017288208 ], [ 114.38139796257019, 34.816972017288208 ], [ 114.38139796257019, 34.816060066223145 ] ] ] ] } },
{ "type": "Feature", "properties": { "Id": 1359, "GRIDCODE": 9 }, "geometry": { "type": "MultiPolygon", "coordinates": [ [ [ [ 114.336133003234863, 34.815813302993774 ], [ 114.335553646087646, 34.815813302993774 ], [ 114.335553646087646, 34.815899133682251 ], [ 114.335392713546753, 34.815899133682251 ], [ 114.335392713546753, 34.815974235534668 ], [ 114.335306882858276, 34.815974235534668 ], [ 114.335306882858276, 34.816392660140991 ], [ 114.33546781539917, 34.816392660140991 ], [ 114.33546781539917, 34.816306829452515 ], [ 114.335392713546753, 34.816306829452515 ], [ 114.335392713546753, 34.816231727600098 ], [ 114.335553646087646, 34.816231727600098 ], [ 114.335553646087646, 34.816060066223145 ], [ 114.335650205612183, 34.816060066223145 ], [ 114.335650205612183, 34.815974235534668 ], [ 114.33571457862854, 34.815974235534668 ], [ 114.33571457862854, 34.815899133682251 ], [ 114.335896968841553, 34.815899133682251 ], [ 114.335896968841553, 34.815974235534668 ], [ 114.33597207069397, 34.815974235534668 ], [ 114.33597207069397, 34.815899133682251 ], [ 114.336133003234863, 34.815899133682251 ], [ 114.336133003234863, 34.815813302993774 ] ] ] ] } },
{ "type": "Feature", "properties": { "Id": 1360, "GRIDCODE": 9 }, "geometry": { "type": "MultiPolygon", "coordinates": [ [ [ [ 114.32471752166748, 34.815727472305298 ], [ 114.324642419815063, 34.815727472305298 ], [ 114.324642419815063, 34.815813302993774 ], [ 114.32471752166748, 34.815813302993774 ], [ 114.32471752166748, 34.815727472305298 ] ] ] ] } },
{ "type": "Feature", "properties": { "Id": 1361, "GRIDCODE": 9 }, "geometry": { "type": "MultiPolygon", "coordinates": [ [ [ [ 114.369478225708008, 34.815641641616821 ], [ 114.369317293167114, 34.815641641616821 ], [ 114.369317293167114, 34.815813302993774 ], [ 114.369392395019531, 34.815813302993774 ], [ 114.369392395019531, 34.815899133682251 ], [ 114.369317293167114, 34.815899133682251 ], [ 114.369317293167114, 34.815974235534668 ], [ 114.369478225708008, 34.815974235534668 ], [ 114.369478225708008, 34.816060066223145 ], [ 114.369553327560425, 34.816060066223145 ], [ 114.369553327560425, 34.816145896911621 ], [ 114.369639158248901, 34.816145896911621 ], [ 114.369639158248901, 34.815899133682251 ], [ 114.369553327560425, 34.815899133682251 ], [ 114.369553327560425, 34.815727472305298 ], [ 114.369478225708008, 34.815727472305298 ], [ 114.369478225708008, 34.815641641616821 ] ] ] ] } },
{ "type": "Feature", "properties": { "Id": 1363, "GRIDCODE": 9 }, "geometry": { "type": "MultiPolygon", "coordinates": [ [ [ [ 114.353985786437988, 34.815309047698975 ], [ 114.353985786437988, 34.815384149551392 ], [ 114.354050159454346, 34.815384149551392 ], [ 114.354050159454346, 34.815309047698975 ], [ 114.353985786437988, 34.815309047698975 ] ] ] ] } },
{ "type": "Feature", "properties": { "Id": 1364, "GRIDCODE": 9 }, "geometry": { "type": "MultiPolygon", "coordinates": [ [ [ [ 114.353985786437988, 34.815309047698975 ], [ 114.353985786437988, 34.815223217010498 ], [ 114.353889226913452, 34.815223217010498 ], [ 114.353889226913452, 34.815309047698975 ], [ 114.353985786437988, 34.815309047698975 ] ] ] ] } },
{ "type": "Feature", "properties": { "Id": 1367, "GRIDCODE": 9 }, "geometry": { "type": "MultiPolygon", "coordinates": [ [ [ [ 114.381301403045654, 34.815137386322021 ], [ 114.381215572357178, 34.815137386322021 ], [ 114.381215572357178, 34.815223217010498 ], [ 114.381301403045654, 34.815223217010498 ], [ 114.381301403045654, 34.815137386322021 ] ] ] ] } },
{ "type": "Feature", "properties": { "Id": 1368, "GRIDCODE": 9 }, "geometry": { "type": "MultiPolygon", "coordinates": [ [ [ [ 114.33022141456604, 34.815051555633545 ], [ 114.32996392250061, 34.815051555633545 ], [ 114.32996392250061, 34.815137386322021 ], [ 114.329888820648193, 34.815137386322021 ], [ 114.329888820648193, 34.815223217010498 ], [ 114.330060482025146, 34.815223217010498 ], [ 114.330060482025146, 34.815137386322021 ], [ 114.33022141456604, 34.815137386322021 ], [ 114.33022141456604, 34.815051555633545 ] ] ] ] } },
{ "type": "Feature", "properties": { "Id": 1369, "GRIDCODE": 9 }, "geometry": { "type": "MultiPolygon", "coordinates": [ [ [ [ 114.324803352355957, 34.814976453781128 ], [ 114.32471752166748, 34.814976453781128 ], [ 114.32471752166748, 34.815051555633545 ], [ 114.324642419815063, 34.815051555633545 ], [ 114.324642419815063, 34.815137386322021 ], [ 114.32471752166748, 34.815137386322021 ], [ 114.32471752166748, 34.815384149551392 ], [ 114.324803352355957, 34.815384149551392 ], [ 114.324803352355957, 34.814976453781128 ] ] ] ] } },
{ "type": "Feature", "properties": { "Id": 1370, "GRIDCODE": 9 }, "geometry": { "type": "MultiPolygon", "coordinates": [ [ [ [ 114.33022141456604, 34.815051555633545 ], [ 114.330307245254517, 34.815051555633545 ], [ 114.330307245254517, 34.814976453781128 ], [ 114.33022141456604, 34.814976453781128 ], [ 114.33022141456604, 34.815051555633545 ] ] ] ] } },
{ "type": "Feature", "properties": { "Id": 1373, "GRIDCODE": 9 }, "geometry": { "type": "MultiPolygon", "coordinates": [ [ [ [ 114.369220733642578, 34.814890623092651 ], [ 114.369059801101685, 34.814890623092651 ], [ 114.369059801101685, 34.814976453781128 ], [ 114.369134902954102, 34.814976453781128 ], [ 114.369134902954102, 34.815051555633545 ], [ 114.369317293167114, 34.815051555633545 ], [ 114.369317293167114, 34.814976453781128 ], [ 114.369220733642578, 34.814976453781128 ], [ 114.369220733642578, 34.814890623092651 ] ] ] ] } },
{ "type": "Feature", "properties": { "Id": 1374, "GRIDCODE": 9 }, "geometry": { "type": "MultiPolygon", "coordinates": [ [ [ [ 114.338150024414062, 34.814804792404175 ], [ 114.338150024414062, 34.814890623092651 ], [ 114.33821439743042, 34.814890623092651 ], [ 114.33821439743042, 34.814804792404175 ], [ 114.338150024414062, 34.814804792404175 ] ] ] ] } },
{ "type": "Feature", "properties": { "Id": 1375, "GRIDCODE": 9 }, "geometry": { "type": "MultiPolygon", "coordinates": [ [ [ [ 114.381301403045654, 34.814804792404175 ], [ 114.381215572357178, 34.814804792404175 ], [ 114.381215572357178, 34.814976453781128 ], [ 114.38139796257019, 34.814976453781128 ], [ 114.38139796257019, 34.814890623092651 ], [ 114.381301403045654, 34.814890623092651 ], [ 114.381301403045654, 34.814804792404175 ] ] ] ] } },
{ "type": "Feature", "properties": { "Id": 1377, "GRIDCODE": 9 }, "geometry": { "type": "MultiPolygon", "coordinates": [ [ [ [ 114.366227388381958, 34.814643859863281 ], [ 114.366130828857422, 34.814643859863281 ], [ 114.366130828857422, 34.814718961715698 ], [ 114.366227388381958, 34.814718961715698 ], [ 114.366227388381958, 34.814643859863281 ] ] ] ] } },
{ "type": "Feature", "properties": { "Id": 1378, "GRIDCODE": 9 }, "geometry": { "type": "MultiPolygon", "coordinates": [ [ [ [ 114.338150024414062, 34.814558029174805 ], [ 114.338053464889526, 34.814558029174805 ], [ 114.338053464889526, 34.814643859863281 ], [ 114.338150024414062, 34.814643859863281 ], [ 114.338150024414062, 34.814558029174805 ] ] ] ] } },
{ "type": "Feature", "properties": { "Id": 1379, "GRIDCODE": 9 }, "geometry": { "type": "MultiPolygon", "coordinates": [ [ [ [ 114.369134902954102, 34.814558029174805 ], [ 114.369059801101685, 34.814558029174805 ], [ 114.369059801101685, 34.814718961715698 ], [ 114.369220733642578, 34.814718961715698 ], [ 114.369220733642578, 34.814643859863281 ], [ 114.369134902954102, 34.814643859863281 ], [ 114.369134902954102, 34.814558029174805 ] ] ] ] } },
{ "type": "Feature", "properties": { "Id": 1383, "GRIDCODE": 9 }, "geometry": { "type": "MultiPolygon", "coordinates": [ [ [ [ 114.335650205612183, 34.814139604568481 ], [ 114.335553646087646, 34.814139604568481 ], [ 114.335553646087646, 34.814225435256958 ], [ 114.335650205612183, 34.814225435256958 ], [ 114.335650205612183, 34.814139604568481 ] ] ] ] } },
{ "type": "Feature", "properties": { "Id": 1388, "GRIDCODE": 9 }, "geometry": { "type": "MultiPolygon", "coordinates": [ [ [ [ 114.351550340652466, 34.813892841339111 ], [ 114.351464509963989, 34.813892841339111 ], [ 114.351464509963989, 34.813978672027588 ], [ 114.351550340652466, 34.813978672027588 ], [ 114.351550340652466, 34.813892841339111 ] ] ] ] } },
{ "type": "Feature", "properties": { "Id": 1389, "GRIDCODE": 9 }, "geometry": { "type": "MultiPolygon", "coordinates": [ [ [ [ 114.334384202957153, 34.813807010650635 ], [ 114.33397650718689, 34.813807010650635 ], [ 114.33397650718689, 34.814139604568481 ], [ 114.334062337875366, 34.814139604568481 ], [ 114.334062337875366, 34.814225435256958 ], [ 114.334137439727783, 34.814225435256958 ], [ 114.334137439727783, 34.814472198486328 ], [ 114.334062337875366, 34.814472198486328 ], [ 114.334062337875366, 34.814558029174805 ], [ 114.33397650718689, 34.814558029174805 ], [ 114.33397650718689, 34.814718961715698 ], [ 114.333879947662354, 34.814718961715698 ], [ 114.333879947662354, 34.814976453781128 ], [ 114.333815574645996, 34.814976453781128 ], [ 114.333815574645996, 34.815051555633545 ], [ 114.33371901512146, 34.815051555633545 ], [ 114.33371901512146, 34.815137386322021 ], [ 114.333558082580566, 34.815137386322021 ], [ 114.333558082580566, 34.815309047698975 ], [ 114.33371901512146, 34.815309047698975 ], [ 114.33371901512146, 34.815223217010498 ], [ 114.333815574645996, 34.815223217010498 ], [ 114.333815574645996, 34.815309047698975 ], [ 114.334062337875366, 34.815309047698975 ], [ 114.334062337875366, 34.814643859863281 ], [ 114.334137439727783, 34.814643859863281 ], [ 114.334137439727783, 34.814558029174805 ], [ 114.33422327041626, 34.814558029174805 ], [ 114.33422327041626, 34.814643859863281 ], [ 114.334384202957153, 34.814643859863281 ], [ 114.334384202957153, 34.814718961715698 ], [ 114.334480762481689, 34.814718961715698 ], [ 114.334480762481689, 34.814890623092651 ], [ 114.334545135498047, 34.814890623092651 ], [ 114.334545135498047, 34.815137386322021 ], [ 114.334641695022583, 34.815137386322021 ], [ 114.334641695022583, 34.815309047698975 ], [ 114.33472752571106, 34.815309047698975 ], [ 114.33472752571106, 34.815469980239868 ], [ 114.334641695022583, 34.815469980239868 ], [ 114.334641695022583, 34.815641641616821 ], [ 114.33472752571106, 34.815641641616821 ], [ 114.33472752571106, 34.815727472305298 ], [ 114.334802627563477, 34.815727472305298 ], [ 114.334802627563477, 34.815974235534668 ], [ 114.334888458251953, 34.815974235534668 ], [ 114.334888458251953, 34.816145896911621 ], [ 114.334641695022583, 34.816145896911621 ], [ 114.334641695022583, 34.816231727600098 ], [ 114.334545135498047, 34.816231727600098 ], [ 114.334545135498047, 34.816306829452515 ], [ 114.334384202957153, 34.816306829452515 ], [ 114.334384202957153, 34.816478490829468 ], [ 114.334480762481689, 34.816478490829468 ], [ 114.334480762481689, 34.816639423370361 ], [ 114.334545135498047, 34.816639423370361 ], [ 114.334545135498047, 34.816725254058838 ], [ 114.334641695022583, 34.816725254058838 ], [ 114.334641695022583, 34.816306829452515 ], [ 114.33472752571106, 34.816306829452515 ], [ 114.33472752571106, 34.816231727600098 ], [ 114.334985017776489, 34.816231727600098 ], [ 114.334985017776489, 34.816145896911621 ], [ 114.335049390792847, 34.816145896911621 ], [ 114.335049390792847, 34.816060066223145 ], [ 114.335145950317383, 34.816060066223145 ], [ 114.335145950317383, 34.815974235534668 ], [ 114.334985017776489, 34.815974235534668 ], [ 114.334985017776489, 34.815899133682251 ], [ 114.334888458251953, 34.815899133682251 ], [ 114.334888458251953, 34.815223217010498 ], [ 114.334802627563477, 34.815223217010498 ], [ 114.334802627563477, 34.814643859863281 ], [ 114.33472752571106, 34.814643859863281 ], [ 114.33472752571106, 34.814558029174805 ], [ 114.334298372268677, 34.814558029174805 ], [ 114.334298372268677, 34.814139604568481 ], [ 114.334384202957153, 34.814139604568481 ], [ 114.334384202957153, 34.814053773880005 ], [ 114.334480762481689, 34.814053773880005 ], [ 114.334480762481689, 34.813892841339111 ], [ 114.334384202957153, 34.813892841339111 ], [ 114.334384202957153, 34.813807010650635 ] ] ] ] } },
{ "type": "Feature", "properties": { "Id": 1391, "GRIDCODE": 9 }, "geometry": { "type": "MultiPolygon", "coordinates": [ [ [ [ 114.336562156677246, 34.813807010650635 ], [ 114.336637258529663, 34.813807010650635 ], [ 114.336637258529663, 34.813721179962158 ], [ 114.336562156677246, 34.813721179962158 ], [ 114.336562156677246, 34.813807010650635 ] ] ] ] } },
{ "type": "Feature", "properties": { "Id": 1393, "GRIDCODE": 9 }, "geometry": { "type": "MultiPolygon", "coordinates": [ [ [ [ 114.335553646087646, 34.813646078109741 ], [ 114.335049390792847, 34.813646078109741 ], [ 114.335049390792847, 34.813721179962158 ], [ 114.334985017776489, 34.813721179962158 ], [ 114.334985017776489, 34.813892841339111 ], [ 114.334888458251953, 34.813892841339111 ], [ 114.334888458251953, 34.813978672027588 ], [ 114.334985017776489, 34.813978672027588 ], [ 114.334985017776489, 34.814225435256958 ], [ 114.334888458251953, 34.814225435256958 ], [ 114.334888458251953, 34.814472198486328 ], [ 114.335049390792847, 34.814472198486328 ], [ 114.335049390792847, 34.813892841339111 ], [ 114.335145950317383, 34.813892841339111 ], [ 114.335145950317383, 34.813807010650635 ], [ 114.335306882858276, 34.813807010650635 ], [ 114.335306882858276, 34.813721179962158 ], [ 114.335392713546753, 34.813721179962158 ], [ 114.335392713546753, 34.813807010650635 ], [ 114.33546781539917, 34.813807010650635 ], [ 114.33546781539917, 34.813721179962158 ], [ 114.335553646087646, 34.813721179962158 ], [ 114.335553646087646, 34.813646078109741 ] ] ] ] } },
{ "type": "Feature", "properties": { "Id": 1395, "GRIDCODE": 9 }, "geometry": { "type": "MultiPolygon", "coordinates": [ [ [ [ 114.333053827285767, 34.813474416732788 ], [ 114.332807064056396, 34.813474416732788 ], [ 114.332807064056396, 34.813560247421265 ], [ 114.332892894744873, 34.813560247421265 ], [ 114.332892894744873, 34.813646078109741 ], [ 114.33296799659729, 34.813646078109741 ], [ 114.33296799659729, 34.813560247421265 ], [ 114.333053827285767, 34.813560247421265 ], [ 114.333053827285767, 34.813474416732788 ] ] ] ] } },
{ "type": "Feature", "properties": { "Id": 1396, "GRIDCODE": 9 }, "geometry": { "type": "MultiPolygon", "coordinates": [ [ [ [ 114.368147850036621, 34.816145896911621 ], [ 114.368147850036621, 34.815727472305298 ], [ 114.368062019348145, 34.815727472305298 ], [ 114.368062019348145, 34.815566539764404 ], [ 114.367965459823608, 34.815566539764404 ], [ 114.367965459823608, 34.815309047698975 ], [ 114.368062019348145, 34.815309047698975 ], [ 114.368062019348145, 34.815051555633545 ], [ 114.367965459823608, 34.815051555633545 ], [ 114.367965459823608, 34.814976453781128 ], [ 114.367890357971191, 34.814976453781128 ], [ 114.367890357971191, 34.814804792404175 ], [ 114.368062019348145, 34.814804792404175 ], [ 114.368062019348145, 34.814643859863281 ], [ 114.367965459823608, 34.814643859863281 ], [ 114.367965459823608, 34.814139604568481 ], [ 114.367890357971191, 34.814139604568481 ], [ 114.367890357971191, 34.814053773880005 ], [ 114.367718696594238, 34.814053773880005 ], [ 114.367718696594238, 34.813807010650635 ], [ 114.367804527282715, 34.813807010650635 ], [ 114.367804527282715, 34.813646078109741 ], [ 114.367718696594238, 34.813646078109741 ], [ 114.367718696594238, 34.813474416732788 ], [ 114.367643594741821, 34.813474416732788 ], [ 114.367643594741821, 34.813388586044312 ], [ 114.367300271987915, 34.813388586044312 ], [ 114.367300271987915, 34.813474416732788 ], [ 114.366559982299805, 34.813474416732788 ], [ 114.366559982299805, 34.814311265945435 ], [ 114.366388320922852, 34.814311265945435 ], [ 114.366388320922852, 34.815813302993774 ], [ 114.366313219070435, 34.815813302993774 ], [ 114.366313219070435, 34.815899133682251 ], [ 114.366227388381958, 34.815899133682251 ], [ 114.366227388381958, 34.816060066223145 ], [ 114.366130828857422, 34.816060066223145 ], [ 114.366130828857422, 34.816145896911621 ], [ 114.366227388381958, 34.816145896911621 ], [ 114.366227388381958, 34.816478490829468 ], [ 114.366313219070435, 34.816478490829468 ], [ 114.366313219070435, 34.816725254058838 ], [ 114.366388320922852, 34.816725254058838 ], [ 114.366388320922852, 34.816811084747314 ], [ 114.366313219070435, 34.816811084747314 ], [ 114.366313219070435, 34.816896915435791 ], [ 114.366388320922852, 34.816896915435791 ], [ 114.366388320922852, 34.817057847976685 ], [ 114.366474151611328, 34.817057847976685 ], [ 114.366474151611328, 34.817143678665161 ], [ 114.366559982299805, 34.817143678665161 ], [ 114.366559982299805, 34.817315340042114 ], [ 114.366796016693115, 34.817315340042114 ], [ 114.366796016693115, 34.817390441894531 ], [ 114.367804527282715, 34.817390441894531 ], [ 114.367804527282715, 34.817315340042114 ], [ 114.368147850036621, 34.817315340042114 ], [ 114.368147850036621, 34.817229509353638 ], [ 114.368308782577515, 34.817229509353638 ], [ 114.368308782577515, 34.817057847976685 ], [ 114.368394613265991, 34.817057847976685 ], [ 114.368394613265991, 34.816639423370361 ], [ 114.368308782577515, 34.816639423370361 ], [ 114.368308782577515, 34.816972017288208 ], [ 114.368147850036621, 34.816972017288208 ], [ 114.368147850036621, 34.817057847976685 ], [ 114.368062019348145, 34.817057847976685 ], [ 114.368062019348145, 34.817143678665161 ], [ 114.367804527282715, 34.817143678665161 ], [ 114.367804527282715, 34.817057847976685 ], [ 114.367965459823608, 34.817057847976685 ], [ 114.367965459823608, 34.816564321517944 ], [ 114.367890357971191, 34.816564321517944 ], [ 114.367890357971191, 34.816392660140991 ], [ 114.367965459823608, 34.816392660140991 ], [ 114.367965459823608, 34.816231727600098 ], [ 114.368062019348145, 34.816231727600098 ], [ 114.368062019348145, 34.816145896911621 ], [ 114.368147850036621, 34.816145896911621 ] ], [ [ 114.367482662200928, 34.816811084747314 ], [ 114.367482662200928, 34.816972017288208 ], [ 114.367557764053345, 34.816972017288208 ], [ 114.367557764053345, 34.817057847976685 ], [ 114.367396831512451, 34.817057847976685 ], [ 114.367396831512451, 34.816811084747314 ], [ 114.367482662200928, 34.816811084747314 ] ], [ [ 114.367053508758545, 34.816306829452515 ], [ 114.367053508758545, 34.816392660140991 ], [ 114.367139339447021, 34.816392660140991 ], [ 114.367139339447021, 34.816564321517944 ], [ 114.367225170135498, 34.816564321517944 ], [ 114.367225170135498, 34.816811084747314 ], [ 114.367053508758545, 34.816811084747314 ], [ 114.367053508758545, 34.816639423370361 ], [ 114.366978406906128, 34.816639423370361 ], [ 114.366978406906128, 34.816564321517944 ], [ 114.366892576217651, 34.816564321517944 ], [ 114.366892576217651, 34.816478490829468 ], [ 114.366796016693115, 34.816478490829468 ], [ 114.366796016693115, 34.816306829452515 ], [ 114.367053508758545, 34.816306829452515 ] ], [ [ 114.366731643676758, 34.816564321517944 ], [ 114.366635084152222, 34.816564321517944 ], [ 114.366635084152222, 34.816478490829468 ], [ 114.366731643676758, 34.816478490829468 ], [ 114.366731643676758, 34.816564321517944 ], [ 114.366796016693115, 34.816564321517944 ], [ 114.366796016693115, 34.816639423370361 ], [ 114.366892576217651, 34.816639423370361 ], [ 114.366892576217651, 34.816972017288208 ], [ 114.366978406906128, 34.816972017288208 ], [ 114.366978406906128, 34.817057847976685 ], [ 114.367300271987915, 34.817057847976685 ], [ 114.367300271987915, 34.817143678665161 ], [ 114.367643594741821, 34.817143678665161 ], [ 114.367643594741821, 34.817229509353638 ], [ 114.367139339447021, 34.817229509353638 ], [ 114.367139339447021, 34.817143678665161 ], [ 114.367053508758545, 34.817143678665161 ], [ 114.367053508758545, 34.817229509353638 ], [ 114.366892576217651, 34.817229509353638 ], [ 114.366892576217651, 34.817143678665161 ], [ 114.366731643676758, 34.817143678665161 ], [ 114.366731643676758, 34.816972017288208 ], [ 114.366635084152222, 34.816972017288208 ], [ 114.366635084152222, 34.816725254058838 ], [ 114.366796016693115, 34.816725254058838 ], [ 114.366796016693115, 34.816639423370361 ], [ 114.366731643676758, 34.816639423370361 ], [ 114.366731643676758, 34.816564321517944 ] ], [ [ 114.367804527282715, 34.814472198486328 ], [ 114.367804527282715, 34.814718961715698 ], [ 114.367718696594238, 34.814718961715698 ], [ 114.367718696594238, 34.814472198486328 ], [ 114.367804527282715, 34.814472198486328 ] ], [ [ 114.366731643676758, 34.814225435256958 ], [ 114.366731643676758, 34.814311265945435 ], [ 114.366635084152222, 34.814311265945435 ], [ 114.366635084152222, 34.814225435256958 ], [ 114.366731643676758, 34.814225435256958 ] ] ] ] } },
{ "type": "Feature", "properties": { "Id": 1397, "GRIDCODE": 9 }, "geometry": { "type": "MultiPolygon", "coordinates": [ [ [ [ 114.336637258529663, 34.813807010650635 ], [ 114.336637258529663, 34.813978672027588 ], [ 114.33672308921814, 34.813978672027588 ], [ 114.33672308921814, 34.814053773880005 ], [ 114.336562156677246, 34.814053773880005 ], [ 114.336562156677246, 34.813807010650635 ], [ 114.33647632598877, 34.813807010650635 ], [ 114.33647632598877, 34.813978672027588 ], [ 114.336379766464233, 34.813978672027588 ], [ 114.336379766464233, 34.814053773880005 ], [ 114.33621883392334, 34.814053773880005 ], [ 114.33621883392334, 34.814139604568481 ], [ 114.335896968841553, 34.814139604568481 ], [ 114.335896968841553, 34.814225435256958 ], [ 114.335811138153076, 34.814225435256958 ], [ 114.335811138153076, 34.814311265945435 ], [ 114.33571457862854, 34.814311265945435 ], [ 114.33571457862854, 34.814386367797852 ], [ 114.335811138153076, 34.814386367797852 ], [ 114.335811138153076, 34.814472198486328 ], [ 114.33571457862854, 34.814472198486328 ], [ 114.33571457862854, 34.814386367797852 ], [ 114.335650205612183, 34.814386367797852 ], [ 114.335650205612183, 34.814311265945435 ], [ 114.335553646087646, 34.814311265945435 ], [ 114.335553646087646, 34.814643859863281 ], [ 114.33546781539917, 34.814643859863281 ], [ 114.33546781539917, 34.814718961715698 ], [ 114.335392713546753, 34.814718961715698 ], [ 114.335392713546753, 34.814804792404175 ], [ 114.33521032333374, 34.814804792404175 ], [ 114.33521032333374, 34.815051555633545 ], [ 114.335392713546753, 34.815051555633545 ], [ 114.335392713546753, 34.815223217010498 ], [ 114.335306882858276, 34.815223217010498 ], [ 114.335306882858276, 34.815469980239868 ], [ 114.335392713546753, 34.815469980239868 ], [ 114.335392713546753, 34.815566539764404 ], [ 114.335553646087646, 34.815566539764404 ], [ 114.335553646087646, 34.815309047698975 ], [ 114.33571457862854, 34.815309047698975 ], [ 114.33571457862854, 34.815384149551392 ], [ 114.335811138153076, 34.815384149551392 ], [ 114.335811138153076, 34.815469980239868 ], [ 114.335896968841553, 34.815469980239868 ], [ 114.335896968841553, 34.815641641616821 ], [ 114.33597207069397, 34.815641641616821 ], [ 114.33597207069397, 34.815727472305298 ], [ 114.336057901382446, 34.815727472305298 ], [ 114.336057901382446, 34.815641641616821 ], [ 114.336133003234863, 34.815641641616821 ], [ 114.336133003234863, 34.815727472305298 ], [ 114.33621883392334, 34.815727472305298 ], [ 114.33621883392334, 34.815641641616821 ], [ 114.336315393447876, 34.815641641616821 ], [ 114.336315393447876, 34.815566539764404 ], [ 114.33647632598877, 34.815566539764404 ], [ 114.33647632598877, 34.815641641616821 ], [ 114.336637258529663, 34.815641641616821 ], [ 114.336637258529663, 34.815727472305298 ], [ 114.33672308921814, 34.815727472305298 ], [ 114.33672308921814, 34.815641641616821 ], [ 114.336819648742676, 34.815641641616821 ], [ 114.336819648742676, 34.815727472305298 ], [ 114.336884021759033, 34.815727472305298 ], [ 114.336884021759033, 34.815641641616821 ], [ 114.337227344512939, 34.815641641616821 ], [ 114.337227344512939, 34.815727472305298 ], [ 114.337302446365356, 34.815727472305298 ], [ 114.337302446365356, 34.815813302993774 ], [ 114.337549209594727, 34.815813302993774 ], [ 114.337549209594727, 34.815899133682251 ], [ 114.337731599807739, 34.815899133682251 ], [ 114.337731599807739, 34.815727472305298 ], [ 114.338053464889526, 34.815727472305298 ], [ 114.338053464889526, 34.815899133682251 ], [ 114.338150024414062, 34.815899133682251 ], [ 114.338150024414062, 34.816060066223145 ], [ 114.33821439743042, 34.816060066223145 ], [ 114.33821439743042, 34.815974235534668 ], [ 114.338310956954956, 34.815974235534668 ], [ 114.338310956954956, 34.816060066223145 ], [ 114.338396787643433, 34.816060066223145 ], [ 114.338396787643433, 34.816145896911621 ], [ 114.338557720184326, 34.816145896911621 ], [ 114.338557720184326, 34.815727472305298 ], [ 114.33847188949585, 34.815727472305298 ], [ 114.33847188949585, 34.815641641616821 ], [ 114.338396787643433, 34.815641641616821 ], [ 114.338396787643433, 34.815223217010498 ], [ 114.338310956954956, 34.815223217010498 ], [ 114.338310956954956, 34.815137386322021 ], [ 114.33821439743042, 34.815137386322021 ], [ 114.33821439743042, 34.815051555633545 ], [ 114.338053464889526, 34.815051555633545 ], [ 114.338053464889526, 34.814804792404175 ], [ 114.338150024414062, 34.814804792404175 ], [ 114.338150024414062, 34.814718961715698 ], [ 114.33796763420105, 34.814718961715698 ], [ 114.33796763420105, 34.814558029174805 ], [ 114.337892532348633, 34.814558029174805 ], [ 114.337892532348633, 34.814386367797852 ], [ 114.338053464889526, 34.814386367797852 ], [ 114.338053464889526, 34.814311265945435 ], [ 114.33796763420105, 34.814311265945435 ], [ 114.33796763420105, 34.814053773880005 ], [ 114.337892532348633, 34.814053773880005 ], [ 114.337892532348633, 34.813978672027588 ], [ 114.337484836578369, 34.813978672027588 ], [ 114.337484836578369, 34.813560247421265 ], [ 114.337549209594727, 34.813560247421265 ], [ 114.337549209594727, 34.813474416732788 ], [ 114.337645769119263, 34.813474416732788 ], [ 114.337645769119263, 34.813560247421265 ], [ 114.337731599807739, 34.813560247421265 ], [ 114.337731599807739, 34.813388586044312 ], [ 114.337645769119263, 34.813388586044312 ], [ 114.337645769119263, 34.813313484191895 ], [ 114.337388277053833, 34.813313484191895 ], [ 114.337388277053833, 34.813388586044312 ], [ 114.33647632598877, 34.813388586044312 ], [ 114.33647632598877, 34.813560247421265 ], [ 114.33672308921814, 34.813560247421265 ], [ 114.33672308921814, 34.813646078109741 ], [ 114.336819648742676, 34.813646078109741 ], [ 114.336819648742676, 34.813721179962158 ], [ 114.33672308921814, 34.813721179962158 ], [ 114.33672308921814, 34.813807010650635 ], [ 114.336637258529663, 34.813807010650635 ] ], [ [ 114.336819648742676, 34.815137386322021 ], [ 114.336819648742676, 34.815309047698975 ], [ 114.336637258529663, 34.815309047698975 ], [ 114.336637258529663, 34.815137386322021 ], [ 114.336819648742676, 34.815137386322021 ] ], [ [ 114.33571457862854, 34.814643859863281 ], [ 114.33571457862854, 34.814718961715698 ], [ 114.335650205612183, 34.814718961715698 ], [ 114.335650205612183, 34.814643859863281 ], [ 114.33571457862854, 34.814643859863281 ] ], [ [ 114.336562156677246, 34.814139604568481 ], [ 114.336562156677246, 34.814225435256958 ], [ 114.33647632598877, 34.814225435256958 ], [ 114.33647632598877, 34.814139604568481 ], [ 114.336562156677246, 34.814139604568481 ] ], [ [ 114.337302446365356, 34.813721179962158 ], [ 114.337302446365356, 34.814139604568481 ], [ 114.336980581283569, 34.814139604568481 ], [ 114.336980581283569, 34.813978672027588 ], [ 114.337044954299927, 34.813978672027588 ], [ 114.337044954299927, 34.813721179962158 ], [ 114.337302446365356, 34.813721179962158 ] ] ] ] } },
{ "type": "Feature", "properties": { "Id": 1398, "GRIDCODE": 9 }, "geometry": { "type": "MultiPolygon", "coordinates": [ [ [ [ 114.368888139724731, 34.813313484191895 ], [ 114.368813037872314, 34.813313484191895 ], [ 114.368813037872314, 34.813646078109741 ], [ 114.368727207183838, 34.813646078109741 ], [ 114.368727207183838, 34.813807010650635 ], [ 114.368813037872314, 34.813807010650635 ], [ 114.368813037872314, 34.813892841339111 ], [ 114.369059801101685, 34.813892841339111 ], [ 114.369059801101685, 34.813721179962158 ], [ 114.368973970413208, 34.813721179962158 ], [ 114.368973970413208, 34.813388586044312 ], [ 114.368888139724731, 34.813388586044312 ], [ 114.368888139724731, 34.813313484191895 ] ] ] ] } },
{ "type": "Feature", "properties": { "Id": 1399, "GRIDCODE": 9 }, "geometry": { "type": "MultiPolygon", "coordinates": [ [ [ [ 114.350391626358032, 34.813227653503418 ], [ 114.350219964981079, 34.813227653503418 ], [ 114.350219964981079, 34.813313484191895 ], [ 114.350316524505615, 34.813313484191895 ], [ 114.350316524505615, 34.813388586044312 ], [ 114.350391626358032, 34.813388586044312 ], [ 114.350391626358032, 34.813474416732788 ], [ 114.350477457046509, 34.813474416732788 ], [ 114.350477457046509, 34.813560247421265 ], [ 114.350799322128296, 34.813560247421265 ], [ 114.350799322128296, 34.813474416732788 ], [ 114.350724220275879, 34.813474416732788 ], [ 114.350724220275879, 34.813388586044312 ], [ 114.350477457046509, 34.813388586044312 ], [ 114.350477457046509, 34.813313484191895 ], [ 114.350391626358032, 34.813313484191895 ], [ 114.350391626358032, 34.813227653503418 ] ] ] ] } },
{ "type": "Feature", "properties": { "Id": 1401, "GRIDCODE": 9 }, "geometry": { "type": "MultiPolygon", "coordinates": [ [ [ [ 114.350219964981079, 34.813055992126465 ], [ 114.350134134292603, 34.813055992126465 ], [ 114.350134134292603, 34.813141822814941 ], [ 114.350219964981079, 34.813141822814941 ], [ 114.350219964981079, 34.813055992126465 ] ] ] ] } },
{ "type": "Feature", "properties": { "Id": 1407, "GRIDCODE": 9 }, "geometry": { "type": "MultiPolygon", "coordinates": [ [ [ [ 114.38139796257019, 34.812229871749878 ], [ 114.381301403045654, 34.812229871749878 ], [ 114.381301403045654, 34.812476634979248 ], [ 114.381462335586548, 34.812476634979248 ], [ 114.381462335586548, 34.812304973602295 ], [ 114.38139796257019, 34.812304973602295 ], [ 114.38139796257019, 34.812229871749878 ] ] ] ] } },
{ "type": "Feature", "properties": { "Id": 1413, "GRIDCODE": 9 }, "geometry": { "type": "MultiPolygon", "coordinates": [ [ [ [ 114.340134859085083, 34.811307191848755 ], [ 114.340231418609619, 34.811307191848755 ], [ 114.340231418609619, 34.811232089996338 ], [ 114.340134859085083, 34.811232089996338 ], [ 114.340134859085083, 34.811307191848755 ] ] ] ] } },
{ "type": "Feature", "properties": { "Id": 1416, "GRIDCODE": 9 }, "geometry": { "type": "MultiPolygon", "coordinates": [ [ [ [ 114.340134859085083, 34.811307191848755 ], [ 114.339973926544189, 34.811307191848755 ], [ 114.339973926544189, 34.811232089996338 ], [ 114.339727163314819, 34.811232089996338 ], [ 114.339727163314819, 34.811060428619385 ], [ 114.339566230773926, 34.811060428619385 ], [ 114.339566230773926, 34.810974597930908 ], [ 114.339480400085449, 34.810974597930908 ], [ 114.339480400085449, 34.810888767242432 ], [ 114.339308738708496, 34.810888767242432 ], [ 114.339308738708496, 34.810813665390015 ], [ 114.338815212249756, 34.810813665390015 ], [ 114.338815212249756, 34.810727834701538 ], [ 114.33871865272522, 34.810727834701538 ], [ 114.33871865272522, 34.810813665390015 ], [ 114.338557720184326, 34.810813665390015 ], [ 114.338557720184326, 34.810556173324585 ], [ 114.338310956954956, 34.810556173324585 ], [ 114.338310956954956, 34.810727834701538 ], [ 114.338150024414062, 34.810727834701538 ], [ 114.338150024414062, 34.810642004013062 ], [ 114.337645769119263, 34.810642004013062 ], [ 114.337645769119263, 34.810974597930908 ], [ 114.337731599807739, 34.810974597930908 ], [ 114.337731599807739, 34.811060428619385 ], [ 114.337892532348633, 34.811060428619385 ], [ 114.337892532348633, 34.811146259307861 ], [ 114.33796763420105, 34.811146259307861 ], [ 114.33796763420105, 34.811232089996338 ], [ 114.338053464889526, 34.811232089996338 ], [ 114.338053464889526, 34.811307191848755 ], [ 114.338150024414062, 34.811307191848755 ], [ 114.338150024414062, 34.811393022537231 ], [ 114.33821439743042, 34.811393022537231 ], [ 114.33821439743042, 34.811478853225708 ], [ 114.338310956954956, 34.811478853225708 ], [ 114.338310956954956, 34.811725616455078 ], [ 114.338557720184326, 34.811725616455078 ], [ 114.338557720184326, 34.811811447143555 ], [ 114.338643550872803, 34.811811447143555 ], [ 114.338643550872803, 34.811725616455078 ], [ 114.33922290802002, 34.811725616455078 ], [ 114.33922290802002, 34.811811447143555 ], [ 114.339802265167236, 34.811811447143555 ], [ 114.339802265167236, 34.811725616455078 ], [ 114.339888095855713, 34.811725616455078 ], [ 114.339888095855713, 34.811639785766602 ], [ 114.340049028396606, 34.811639785766602 ], [ 114.340049028396606, 34.811564683914185 ], [ 114.340134859085083, 34.811564683914185 ], [ 114.340134859085083, 34.811307191848755 ] ], [ [ 114.338053464889526, 34.810727834701538 ], [ 114.338053464889526, 34.810813665390015 ], [ 114.33796763420105, 34.810813665390015 ], [ 114.33796763420105, 34.810727834701538 ], [ 114.338053464889526, 34.810727834701538 ] ] ] ] } },
{ "type": "Feature", "properties": { "Id": 1419, "GRIDCODE": 9 }, "geometry": { "type": "MultiPolygon", "coordinates": [ [ [ [ 114.335145950317383, 34.810888767242432 ], [ 114.33521032333374, 34.810888767242432 ], [ 114.33521032333374, 34.811060428619385 ], [ 114.335145950317383, 34.811060428619385 ], [ 114.335145950317383, 34.810888767242432 ], [ 114.335049390792847, 34.810888767242432 ], [ 114.335049390792847, 34.810813665390015 ], [ 114.334802627563477, 34.810813665390015 ], [ 114.334802627563477, 34.811478853225708 ], [ 114.334888458251953, 34.811478853225708 ], [ 114.334888458251953, 34.811564683914185 ], [ 114.335145950317383, 34.811564683914185 ], [ 114.335145950317383, 34.811393022537231 ], [ 114.33521032333374, 34.811393022537231 ], [ 114.33521032333374, 34.811146259307861 ], [ 114.335306882858276, 34.811146259307861 ], [ 114.335306882858276, 34.811307191848755 ], [ 114.335392713546753, 34.811307191848755 ], [ 114.335392713546753, 34.811478853225708 ], [ 114.33546781539917, 34.811478853225708 ], [ 114.33546781539917, 34.811639785766602 ], [ 114.335896968841553, 34.811639785766602 ], [ 114.335896968841553, 34.811478853225708 ], [ 114.33597207069397, 34.811478853225708 ], [ 114.33597207069397, 34.811393022537231 ], [ 114.336057901382446, 34.811393022537231 ], [ 114.336057901382446, 34.811307191848755 ], [ 114.33597207069397, 34.811307191848755 ], [ 114.33597207069397, 34.811232089996338 ], [ 114.336133003234863, 34.811232089996338 ], [ 114.336133003234863, 34.810974597930908 ], [ 114.336057901382446, 34.810974597930908 ], [ 114.336057901382446, 34.810888767242432 ], [ 114.33597207069397, 34.810888767242432 ], [ 114.33597207069397, 34.810813665390015 ], [ 114.335811138153076, 34.810813665390015 ], [ 114.335811138153076, 34.810556173324585 ], [ 114.33571457862854, 34.810556173324585 ], [ 114.33571457862854, 34.810481071472168 ], [ 114.335650205612183, 34.810481071472168 ], [ 114.335650205612183, 34.810395240783691 ], [ 114.335392713546753, 34.810395240783691 ], [ 114.335392713546753, 34.810481071472168 ], [ 114.335306882858276, 34.810481071472168 ], [ 114.335306882858276, 34.810642004013062 ], [ 114.33521032333374, 34.810642004013062 ], [ 114.33521032333374, 34.810727834701538 ], [ 114.335145950317383, 34.810727834701538 ], [ 114.335145950317383, 34.810888767242432 ] ] ] ] } },
{ "type": "Feature", "properties": { "Id": 1421, "GRIDCODE": 9 }, "geometry": { "type": "MultiPolygon", "coordinates": [ [ [ [ 114.3412184715271, 34.810309410095215 ], [ 114.341143369674683, 34.810309410095215 ], [ 114.341143369674683, 34.810481071472168 ], [ 114.341304302215576, 34.810481071472168 ], [ 114.341304302215576, 34.810395240783691 ], [ 114.3412184715271, 34.810395240783691 ], [ 114.3412184715271, 34.810309410095215 ] ] ] ] } },
{ "type": "Feature", "properties": { "Id": 1422, "GRIDCODE": 9 }, "geometry": { "type": "MultiPolygon", "coordinates": [ [ [ [ 114.341883659362793, 34.810481071472168 ], [ 114.34196949005127, 34.810481071472168 ], [ 114.34196949005127, 34.810556173324585 ], [ 114.341883659362793, 34.810556173324585 ], [ 114.341883659362793, 34.810481071472168 ], [ 114.341808557510376, 34.810481071472168 ], [ 114.341808557510376, 34.810642004013062 ], [ 114.341883659362793, 34.810642004013062 ], [ 114.341883659362793, 34.810727834701538 ], [ 114.34196949005127, 34.810727834701538 ], [ 114.34196949005127, 34.810888767242432 ], [ 114.342066049575806, 34.810888767242432 ], [ 114.342066049575806, 34.810974597930908 ], [ 114.342130422592163, 34.810974597930908 ], [ 114.342130422592163, 34.811232089996338 ], [ 114.342066049575806, 34.811232089996338 ], [ 114.342066049575806, 34.811478853225708 ], [ 114.342130422592163, 34.811478853225708 ], [ 114.342130422592163, 34.811972379684448 ], [ 114.342312812805176, 34.811972379684448 ], [ 114.342312812805176, 34.811478853225708 ], [ 114.342226982116699, 34.811478853225708 ], [ 114.342226982116699, 34.811307191848755 ], [ 114.342387914657593, 34.811307191848755 ], [ 114.342387914657593, 34.810642004013062 ], [ 114.342312812805176, 34.810642004013062 ], [ 114.342312812805176, 34.810556173324585 ], [ 114.342130422592163, 34.810556173324585 ], [ 114.342130422592163, 34.810395240783691 ], [ 114.342066049575806, 34.810395240783691 ], [ 114.342066049575806, 34.810309410095215 ], [ 114.34196949005127, 34.810309410095215 ], [ 114.34196949005127, 34.810395240783691 ], [ 114.341883659362793, 34.810395240783691 ], [ 114.341883659362793, 34.810481071472168 ] ] ] ] } },
{ "type": "Feature", "properties": { "Id": 1423, "GRIDCODE": 9 }, "geometry": { "type": "MultiPolygon", "coordinates": [ [ [ [ 114.342312812805176, 34.810223579406738 ], [ 114.342130422592163, 34.810223579406738 ], [ 114.342130422592163, 34.810309410095215 ], [ 114.342312812805176, 34.810309410095215 ], [ 114.342312812805176, 34.810223579406738 ] ] ] ] } },
{ "type": "Feature", "properties": { "Id": 1425, "GRIDCODE": 9 }, "geometry": { "type": "MultiPolygon", "coordinates": [ [ [ [ 114.337806701660156, 34.810148477554321 ], [ 114.337731599807739, 34.810148477554321 ], [ 114.337731599807739, 34.810223579406738 ], [ 114.337484836578369, 34.810223579406738 ], [ 114.337484836578369, 34.810148477554321 ], [ 114.337388277053833, 34.810148477554321 ], [ 114.337388277053833, 34.810309410095215 ], [ 114.337484836578369, 34.810309410095215 ], [ 114.337484836578369, 34.810481071472168 ], [ 114.337549209594727, 34.810481071472168 ], [ 114.337549209594727, 34.810395240783691 ], [ 114.337645769119263, 34.810395240783691 ], [ 114.337645769119263, 34.810309410095215 ], [ 114.337806701660156, 34.810309410095215 ], [ 114.337806701660156, 34.810148477554321 ] ] ] ] } },
{ "type": "Feature", "properties": { "Id": 1426, "GRIDCODE": 9 }, "geometry": { "type": "MultiPolygon", "coordinates": [ [ [ [ 114.343235492706299, 34.810148477554321 ], [ 114.343138933181763, 34.810148477554321 ], [ 114.343138933181763, 34.810223579406738 ], [ 114.343235492706299, 34.810223579406738 ], [ 114.343235492706299, 34.810148477554321 ] ] ] ] } },
{ "type": "Feature", "properties": { "Id": 1427, "GRIDCODE": 9 }, "geometry": { "type": "MultiPolygon", "coordinates": [ [ [ [ 114.344726800918579, 34.810148477554321 ], [ 114.344469308853149, 34.810148477554321 ], [ 114.344469308853149, 34.810223579406738 ], [ 114.344726800918579, 34.810223579406738 ], [ 114.344726800918579, 34.810148477554321 ] ] ] ] } },
{ "type": "Feature", "properties": { "Id": 1429, "GRIDCODE": 9 }, "geometry": { "type": "MultiPolygon", "coordinates": [ [ [ [ 114.337302446365356, 34.809976816177368 ], [ 114.337227344512939, 34.809976816177368 ], [ 114.337227344512939, 34.810062646865845 ], [ 114.337302446365356, 34.810062646865845 ], [ 114.337302446365356, 34.809976816177368 ] ] ] ] } },
{ "type": "Feature", "properties": { "Id": 1430, "GRIDCODE": 9 }, "geometry": { "type": "MultiPolygon", "coordinates": [ [ [ [ 114.341808557510376, 34.809890985488892 ], [ 114.341722726821899, 34.809890985488892 ], [ 114.341722726821899, 34.809976816177368 ], [ 114.341808557510376, 34.809976816177368 ], [ 114.341808557510376, 34.809890985488892 ] ] ] ] } },
{ "type": "Feature", "properties": { "Id": 1432, "GRIDCODE": 9 }, "geometry": { "type": "MultiPolygon", "coordinates": [ [ [ [ 114.272961616516113, 34.809558391571045 ], [ 114.272886514663696, 34.809558391571045 ], [ 114.272886514663696, 34.809644222259521 ], [ 114.272961616516113, 34.809644222259521 ], [ 114.272961616516113, 34.809558391571045 ] ] ] ] } },
{ "type": "Feature", "properties": { "Id": 1433, "GRIDCODE": 9 }, "geometry": { "type": "MultiPolygon", "coordinates": [ [ [ [ 114.348299503326416, 34.809472560882568 ], [ 114.348299503326416, 34.809558391571045 ], [ 114.348224401473999, 34.809558391571045 ], [ 114.348224401473999, 34.809644222259521 ], [ 114.348299503326416, 34.809644222259521 ], [ 114.348299503326416, 34.809719324111938 ], [ 114.348224401473999, 34.809719324111938 ], [ 114.348224401473999, 34.809805154800415 ], [ 114.348299503326416, 34.809805154800415 ], [ 114.348299503326416, 34.809890985488892 ], [ 114.348396062850952, 34.809890985488892 ], [ 114.348396062850952, 34.809976816177368 ], [ 114.348299503326416, 34.809976816177368 ], [ 114.348299503326416, 34.810148477554321 ], [ 114.348396062850952, 34.810148477554321 ], [ 114.348396062850952, 34.810223579406738 ], [ 114.348299503326416, 34.810223579406738 ], [ 114.348299503326416, 34.810309410095215 ], [ 114.348396062850952, 34.810309410095215 ], [ 114.348396062850952, 34.810481071472168 ], [ 114.348481893539429, 34.810481071472168 ], [ 114.348481893539429, 34.810642004013062 ], [ 114.348556995391846, 34.810642004013062 ], [ 114.348556995391846, 34.810727834701538 ], [ 114.348642826080322, 34.810727834701538 ], [ 114.348642826080322, 34.810888767242432 ], [ 114.348717927932739, 34.810888767242432 ], [ 114.348717927932739, 34.811060428619385 ], [ 114.348803758621216, 34.811060428619385 ], [ 114.348803758621216, 34.811146259307861 ], [ 114.348889589309692, 34.811146259307861 ], [ 114.348889589309692, 34.811060428619385 ], [ 114.348964691162109, 34.811060428619385 ], [ 114.348964691162109, 34.810974597930908 ], [ 114.348803758621216, 34.810974597930908 ], [ 114.348803758621216, 34.810727834701538 ], [ 114.348717927932739, 34.810727834701538 ], [ 114.348717927932739, 34.810556173324585 ], [ 114.348642826080322, 34.810556173324585 ], [ 114.348642826080322, 34.810223579406738 ], [ 114.348556995391846, 34.810223579406738 ], [ 114.348556995391846, 34.810148477554321 ], [ 114.348481893539429, 34.810148477554321 ], [ 114.348481893539429, 34.809719324111938 ], [ 114.348396062850952, 34.809719324111938 ], [ 114.348396062850952, 34.809472560882568 ], [ 114.348299503326416, 34.809472560882568 ] ] ] ] } },
{ "type": "Feature", "properties": { "Id": 1437, "GRIDCODE": 9 }, "geometry": { "type": "MultiPolygon", "coordinates": [ [ [ [ 114.332141876220703, 34.809300899505615 ], [ 114.332056045532227, 34.809300899505615 ], [ 114.332056045532227, 34.809558391571045 ], [ 114.332141876220703, 34.809558391571045 ], [ 114.332141876220703, 34.809719324111938 ], [ 114.332388639450073, 34.809719324111938 ], [ 114.332388639450073, 34.809805154800415 ], [ 114.332892894744873, 34.809805154800415 ], [ 114.332892894744873, 34.809719324111938 ], [ 114.333150386810303, 34.809719324111938 ], [ 114.333150386810303, 34.809472560882568 ], [ 114.333053827285767, 34.809472560882568 ], [ 114.333053827285767, 34.809386730194092 ], [ 114.332141876220703, 34.809386730194092 ], [ 114.332141876220703, 34.809300899505615 ] ] ] ] } },
{ "type": "Feature", "properties": { "Id": 1438, "GRIDCODE": 9 }, "geometry": { "type": "MultiPolygon", "coordinates": [ [ [ [ 114.367557764053345, 34.809300899505615 ], [ 114.367557764053345, 34.809558391571045 ], [ 114.367643594741821, 34.809558391571045 ], [ 114.367643594741821, 34.809644222259521 ], [ 114.367557764053345, 34.809644222259521 ], [ 114.367557764053345, 34.809719324111938 ], [ 114.367643594741821, 34.809719324111938 ], [ 114.367643594741821, 34.809805154800415 ], [ 114.367718696594238, 34.809805154800415 ], [ 114.367718696594238, 34.810148477554321 ], [ 114.367804527282715, 34.810148477554321 ], [ 114.367804527282715, 34.810395240783691 ], [ 114.367718696594238, 34.810395240783691 ], [ 114.367718696594238, 34.810481071472168 ], [ 114.367804527282715, 34.810481071472168 ], [ 114.367804527282715, 34.810556173324585 ], [ 114.367890357971191, 34.810556173324585 ], [ 114.367890357971191, 34.810642004013062 ], [ 114.367965459823608, 34.810642004013062 ], [ 114.367965459823608, 34.810888767242432 ], [ 114.368062019348145, 34.810888767242432 ], [ 114.368062019348145, 34.811146259307861 ], [ 114.368147850036621, 34.811146259307861 ], [ 114.368147850036621, 34.811478853225708 ], [ 114.368222951889038, 34.811478853225708 ], [ 114.368222951889038, 34.811639785766602 ], [ 114.368308782577515, 34.811639785766602 ], [ 114.368308782577515, 34.811897277832031 ], [ 114.368394613265991, 34.811897277832031 ], [ 114.368394613265991, 34.811972379684448 ], [ 114.368469715118408, 34.811972379684448 ], [ 114.368469715118408, 34.812058210372925 ], [ 114.368555545806885, 34.812058210372925 ], [ 114.368555545806885, 34.811897277832031 ], [ 114.368469715118408, 34.811897277832031 ], [ 114.368469715118408, 34.811639785766602 ], [ 114.368394613265991, 34.811639785766602 ], [ 114.368394613265991, 34.811393022537231 ], [ 114.368308782577515, 34.811393022537231 ], [ 114.368308782577515, 34.811307191848755 ], [ 114.368222951889038, 34.811307191848755 ], [ 114.368222951889038, 34.811060428619385 ], [ 114.368147850036621, 34.811060428619385 ], [ 114.368147850036621, 34.810813665390015 ], [ 114.368062019348145, 34.810813665390015 ], [ 114.368062019348145, 34.810556173324585 ], [ 114.367965459823608, 34.810556173324585 ], [ 114.367965459823608, 34.810148477554321 ], [ 114.367890357971191, 34.810148477554321 ], [ 114.367890357971191, 34.809719324111938 ], [ 114.367804527282715, 34.809719324111938 ], [ 114.367804527282715, 34.809644222259521 ], [ 114.367718696594238, 34.809644222259521 ], [ 114.367718696594238, 34.809386730194092 ], [ 114.367643594741821, 34.809386730194092 ], [ 114.367643594741821, 34.809300899505615 ], [ 114.367557764053345, 34.809300899505615 ] ] ] ] } },
{ "type": "Feature", "properties": { "Id": 1440, "GRIDCODE": 9 }, "geometry": { "type": "MultiPolygon", "coordinates": [ [ [ [ 114.38139796257019, 34.809225797653198 ], [ 114.381301403045654, 34.809225797653198 ], [ 114.381301403045654, 34.809805154800415 ], [ 114.38139796257019, 34.809805154800415 ], [ 114.38139796257019, 34.809225797653198 ] ] ] ] } },
{ "type": "Feature", "properties": { "Id": 1441, "GRIDCODE": 9 }, "geometry": { "type": "MultiPolygon", "coordinates": [ [ [ [ 114.348299503326416, 34.809472560882568 ], [ 114.348299503326416, 34.809225797653198 ], [ 114.348224401473999, 34.809225797653198 ], [ 114.348224401473999, 34.809139966964722 ], [ 114.348138570785522, 34.809139966964722 ], [ 114.348138570785522, 34.809225797653198 ], [ 114.348052740097046, 34.809225797653198 ], [ 114.348052740097046, 34.809300899505615 ], [ 114.348138570785522, 34.809300899505615 ], [ 114.348138570785522, 34.809386730194092 ], [ 114.348224401473999, 34.809386730194092 ], [ 114.348224401473999, 34.809472560882568 ], [ 114.348299503326416, 34.809472560882568 ] ] ] ] } },
{ "type": "Feature", "properties": { "Id": 1442, "GRIDCODE": 9 }, "geometry": { "type": "MultiPolygon", "coordinates": [ [ [ [ 114.367557764053345, 34.809300899505615 ], [ 114.367557764053345, 34.809139966964722 ], [ 114.367482662200928, 34.809139966964722 ], [ 114.367482662200928, 34.809300899505615 ], [ 114.367557764053345, 34.809300899505615 ] ] ] ] } },
{ "type": "Feature", "properties": { "Id": 1445, "GRIDCODE": 9 }, "geometry": { "type": "MultiPolygon", "coordinates": [ [ [ [ 114.367439746856689, 34.809086322784424 ], [ 114.367425790987909, 34.809092294890434 ], [ 114.367435430176556, 34.809110714122653 ], [ 114.367439746856689, 34.809086322784424 ] ] ] ] } },
{ "type": "Feature", "properties": { "Id": 1449, "GRIDCODE": 9 }, "geometry": { "type": "MultiPolygon", "coordinates": [ [ [ [ 114.38139796257019, 34.808721542358398 ], [ 114.381301403045654, 34.808721542358398 ], [ 114.381301403045654, 34.808893203735352 ], [ 114.38139796257019, 34.808893203735352 ], [ 114.38139796257019, 34.808721542358398 ] ] ] ] } },
{ "type": "Feature", "properties": { "Id": 1464, "GRIDCODE": 9 }, "geometry": { "type": "MultiPolygon", "coordinates": [ [ [ [ 114.337141513824463, 34.807144403457642 ], [ 114.336819648742676, 34.807144403457642 ], [ 114.336819648742676, 34.807230234146118 ], [ 114.33647632598877, 34.807230234146118 ], [ 114.33647632598877, 34.807144403457642 ], [ 114.33621883392334, 34.807144403457642 ], [ 114.33621883392334, 34.807230234146118 ], [ 114.336057901382446, 34.807230234146118 ], [ 114.336057901382446, 34.807305335998535 ], [ 114.336133003234863, 34.807305335998535 ], [ 114.336133003234863, 34.807391166687012 ], [ 114.336315393447876, 34.807391166687012 ], [ 114.336315393447876, 34.807476997375488 ], [ 114.336379766464233, 34.807476997375488 ], [ 114.336379766464233, 34.807562828063965 ], [ 114.336315393447876, 34.807562828063965 ], [ 114.336315393447876, 34.807723760604858 ], [ 114.336379766464233, 34.807723760604858 ], [ 114.336379766464233, 34.807809591293335 ], [ 114.336315393447876, 34.807809591293335 ], [ 114.336315393447876, 34.807895421981812 ], [ 114.33621883392334, 34.807895421981812 ], [ 114.33621883392334, 34.808056354522705 ], [ 114.336133003234863, 34.808056354522705 ], [ 114.336133003234863, 34.808303117752075 ], [ 114.33621883392334, 34.808303117752075 ], [ 114.33621883392334, 34.808388948440552 ], [ 114.336562156677246, 34.808388948440552 ], [ 114.336562156677246, 34.808303117752075 ], [ 114.33672308921814, 34.808303117752075 ], [ 114.33672308921814, 34.808228015899658 ], [ 114.336884021759033, 34.808228015899658 ], [ 114.336884021759033, 34.808142185211182 ], [ 114.336980581283569, 34.808142185211182 ], [ 114.336980581283569, 34.808056354522705 ], [ 114.337044954299927, 34.808056354522705 ], [ 114.337044954299927, 34.807970523834229 ], [ 114.337302446365356, 34.807970523834229 ], [ 114.337302446365356, 34.807809591293335 ], [ 114.337484836578369, 34.807809591293335 ], [ 114.337484836578369, 34.807637929916382 ], [ 114.337388277053833, 34.807637929916382 ], [ 114.337388277053833, 34.807562828063965 ], [ 114.337227344512939, 34.807562828063965 ], [ 114.337227344512939, 34.807230234146118 ], [ 114.337141513824463, 34.807230234146118 ], [ 114.337141513824463, 34.807144403457642 ] ] ] ] } },
{ "type": "Feature", "properties": { "Id": 1469, "GRIDCODE": 9 }, "geometry": { "type": "MultiPolygon", "coordinates": [ [ [ [ 114.365723133087158, 34.806725978851318 ], [ 114.365562200546265, 34.806725978851318 ], [ 114.365562200546265, 34.807144403457642 ], [ 114.365304708480835, 34.807144403457642 ], [ 114.365304708480835, 34.807305335998535 ], [ 114.365465641021729, 34.807305335998535 ], [ 114.365465641021729, 34.807391166687012 ], [ 114.365401268005371, 34.807391166687012 ], [ 114.365401268005371, 34.807476997375488 ], [ 114.365304708480835, 34.807476997375488 ], [ 114.365304708480835, 34.807637929916382 ], [ 114.365401268005371, 34.807637929916382 ], [ 114.365401268005371, 34.808228015899658 ], [ 114.365465641021729, 34.808228015899658 ], [ 114.365465641021729, 34.808303117752075 ], [ 114.365562200546265, 34.808303117752075 ], [ 114.365562200546265, 34.808388948440552 ], [ 114.365648031234741, 34.808388948440552 ], [ 114.365648031234741, 34.808474779129028 ], [ 114.365723133087158, 34.808474779129028 ], [ 114.365723133087158, 34.808635711669922 ], [ 114.366066455841064, 34.808635711669922 ], [ 114.366066455841064, 34.808560609817505 ], [ 114.366130828857422, 34.808560609817505 ], [ 114.366130828857422, 34.808142185211182 ], [ 114.366066455841064, 34.808142185211182 ], [ 114.366066455841064, 34.807809591293335 ], [ 114.365969896316528, 34.807809591293335 ], [ 114.365969896316528, 34.807305335998535 ], [ 114.365884065628052, 34.807305335998535 ], [ 114.365884065628052, 34.806972742080688 ], [ 114.365808963775635, 34.806972742080688 ], [ 114.365808963775635, 34.806811809539795 ], [ 114.365723133087158, 34.806811809539795 ], [ 114.365723133087158, 34.806725978851318 ] ], [ [ 114.365723133087158, 34.807895421981812 ], [ 114.365723133087158, 34.808056354522705 ], [ 114.365648031234741, 34.808056354522705 ], [ 114.365648031234741, 34.807895421981812 ], [ 114.365723133087158, 34.807895421981812 ] ] ] ] } },
{ "type": "Feature", "properties": { "Id": 1472, "GRIDCODE": 9 }, "geometry": { "type": "MultiPolygon", "coordinates": [ [ [ [ 114.339802265167236, 34.806554317474365 ], [ 114.339641332626343, 34.806554317474365 ], [ 114.339641332626343, 34.806886911392212 ], [ 114.339802265167236, 34.806886911392212 ], [ 114.339802265167236, 34.806811809539795 ], [ 114.339727163314819, 34.806811809539795 ], [ 114.339727163314819, 34.806640148162842 ], [ 114.339802265167236, 34.806640148162842 ], [ 114.339802265167236, 34.806554317474365 ] ] ] ] } },
{ "type": "Feature", "properties": { "Id": 1474, "GRIDCODE": 9 }, "geometry": { "type": "MultiPolygon", "coordinates": [ [ [ [ 114.33871865272522, 34.806221723556519 ], [ 114.338053464889526, 34.806221723556519 ], [ 114.338053464889526, 34.806307554244995 ], [ 114.337892532348633, 34.806307554244995 ], [ 114.337892532348633, 34.806393384933472 ], [ 114.337806701660156, 34.806393384933472 ], [ 114.337806701660156, 34.806479215621948 ], [ 114.337549209594727, 34.806479215621948 ], [ 114.337549209594727, 34.806554317474365 ], [ 114.337806701660156, 34.806554317474365 ], [ 114.337806701660156, 34.806640148162842 ], [ 114.337892532348633, 34.806640148162842 ], [ 114.337892532348633, 34.806725978851318 ], [ 114.33821439743042, 34.806725978851318 ], [ 114.33821439743042, 34.806811809539795 ], [ 114.338815212249756, 34.806811809539795 ], [ 114.338815212249756, 34.806725978851318 ], [ 114.338879585266113, 34.806725978851318 ], [ 114.338879585266113, 34.806640148162842 ], [ 114.339137077331543, 34.806640148162842 ], [ 114.339137077331543, 34.806554317474365 ], [ 114.33922290802002, 34.806554317474365 ], [ 114.33922290802002, 34.806479215621948 ], [ 114.339061975479126, 34.806479215621948 ], [ 114.339061975479126, 34.806393384933472 ], [ 114.338815212249756, 34.806393384933472 ], [ 114.338815212249756, 34.806307554244995 ], [ 114.33871865272522, 34.806307554244995 ], [ 114.33871865272522, 34.806221723556519 ] ] ] ] } },
{ "type": "Feature", "properties": { "Id": 1475, "GRIDCODE": 9 }, "geometry": { "type": "MultiPolygon", "coordinates": [ [ [ [ 114.362901449203491, 34.806221723556519 ], [ 114.362397193908691, 34.806221723556519 ], [ 114.362397193908691, 34.806307554244995 ], [ 114.361796379089355, 34.806307554244995 ], [ 114.361796379089355, 34.806221723556519 ], [ 114.361732006072998, 34.806221723556519 ], [ 114.361732006072998, 34.806393384933472 ], [ 114.361796379089355, 34.806393384933472 ], [ 114.361796379089355, 34.806479215621948 ], [ 114.361978769302368, 34.806479215621948 ], [ 114.361978769302368, 34.806554317474365 ], [ 114.362053871154785, 34.806554317474365 ], [ 114.362053871154785, 34.806640148162842 ], [ 114.362139701843262, 34.806640148162842 ], [ 114.362139701843262, 34.806554317474365 ], [ 114.362300634384155, 34.806554317474365 ], [ 114.362300634384155, 34.806640148162842 ], [ 114.362397193908691, 34.806640148162842 ], [ 114.362397193908691, 34.806554317474365 ], [ 114.362461566925049, 34.806554317474365 ], [ 114.362461566925049, 34.806479215621948 ], [ 114.363062381744385, 34.806479215621948 ], [ 114.363062381744385, 34.806393384933472 ], [ 114.362965822219849, 34.806393384933472 ], [ 114.362965822219849, 34.806307554244995 ], [ 114.362901449203491, 34.806307554244995 ], [ 114.362901449203491, 34.806221723556519 ] ], [ [ 114.362558126449585, 34.806307554244995 ], [ 114.362558126449585, 34.806393384933472 ], [ 114.362461566925049, 34.806393384933472 ], [ 114.362461566925049, 34.806307554244995 ], [ 114.362558126449585, 34.806307554244995 ] ] ] ] } },
{ "type": "Feature", "properties": { "Id": 1478, "GRIDCODE": 9 }, "geometry": { "type": "MultiPolygon", "coordinates": [ [ [ [ 114.364231824874878, 34.806060791015625 ], [ 114.363974332809448, 34.806060791015625 ], [ 114.363974332809448, 34.806146621704102 ], [ 114.363309144973755, 34.806146621704102 ], [ 114.363309144973755, 34.806307554244995 ], [ 114.363223314285278, 34.806307554244995 ], [ 114.363223314285278, 34.806221723556519 ], [ 114.363126754760742, 34.806221723556519 ], [ 114.363126754760742, 34.806554317474365 ], [ 114.363062381744385, 34.806554317474365 ], [ 114.363062381744385, 34.806640148162842 ], [ 114.363384246826172, 34.806640148162842 ], [ 114.363384246826172, 34.806725978851318 ], [ 114.363470077514648, 34.806725978851318 ], [ 114.363470077514648, 34.806811809539795 ], [ 114.363727569580078, 34.806811809539795 ], [ 114.363727569580078, 34.806886911392212 ], [ 114.363888502120972, 34.806886911392212 ], [ 114.363888502120972, 34.806725978851318 ], [ 114.364049434661865, 34.806725978851318 ], [ 114.364049434661865, 34.806640148162842 ], [ 114.364231824874878, 34.806640148162842 ], [ 114.364231824874878, 34.806479215621948 ], [ 114.364392757415771, 34.806479215621948 ], [ 114.364392757415771, 34.806146621704102 ], [ 114.364231824874878, 34.806146621704102 ], [ 114.364231824874878, 34.806060791015625 ] ] ] ] } },
{ "type": "Feature", "properties": { "Id": 1481, "GRIDCODE": 9 }, "geometry": { "type": "MultiPolygon", "coordinates": [ [ [ [ 114.336133003234863, 34.805889129638672 ], [ 114.335896968841553, 34.805889129638672 ], [ 114.335896968841553, 34.806146621704102 ], [ 114.335811138153076, 34.806146621704102 ], [ 114.335811138153076, 34.806479215621948 ], [ 114.33597207069397, 34.806479215621948 ], [ 114.33597207069397, 34.806393384933472 ], [ 114.336057901382446, 34.806393384933472 ], [ 114.336057901382446, 34.806307554244995 ], [ 114.336379766464233, 34.806307554244995 ], [ 114.336379766464233, 34.806221723556519 ], [ 114.336637258529663, 34.806221723556519 ], [ 114.336637258529663, 34.806307554244995 ], [ 114.336884021759033, 34.806307554244995 ], [ 114.336884021759033, 34.806479215621948 ], [ 114.337141513824463, 34.806479215621948 ], [ 114.337141513824463, 34.806393384933472 ], [ 114.337044954299927, 34.806393384933472 ], [ 114.337044954299927, 34.806307554244995 ], [ 114.336980581283569, 34.806307554244995 ], [ 114.336980581283569, 34.806221723556519 ], [ 114.336884021759033, 34.806221723556519 ], [ 114.336884021759033, 34.806146621704102 ], [ 114.336637258529663, 34.806146621704102 ], [ 114.336637258529663, 34.806060791015625 ], [ 114.336379766464233, 34.806060791015625 ], [ 114.336379766464233, 34.805974960327148 ], [ 114.336133003234863, 34.805974960327148 ], [ 114.336133003234863, 34.805889129638672 ] ] ] ] } },
{ "type": "Feature", "properties": { "Id": 1482, "GRIDCODE": 9 }, "geometry": { "type": "MultiPolygon", "coordinates": [ [ [ [ 114.363631010055542, 34.805889129638672 ], [ 114.363470077514648, 34.805889129638672 ], [ 114.363470077514648, 34.805974960327148 ], [ 114.363631010055542, 34.805974960327148 ], [ 114.363631010055542, 34.805889129638672 ] ] ] ] } },
{ "type": "Feature", "properties": { "Id": 1485, "GRIDCODE": 9 }, "geometry": { "type": "MultiPolygon", "coordinates": [ [ [ [ 114.362804889678955, 34.805889129638672 ], [ 114.362643957138062, 34.805889129638672 ], [ 114.362643957138062, 34.805814027786255 ], [ 114.362558126449585, 34.805814027786255 ], [ 114.362558126449585, 34.805889129638672 ], [ 114.362053871154785, 34.805889129638672 ], [ 114.362053871154785, 34.805974960327148 ], [ 114.362719058990479, 34.805974960327148 ], [ 114.362719058990479, 34.806060791015625 ], [ 114.362804889678955, 34.806060791015625 ], [ 114.362804889678955, 34.805889129638672 ] ] ] ] } },
{ "type": "Feature", "properties": { "Id": 1487, "GRIDCODE": 9 }, "geometry": { "type": "MultiPolygon", "coordinates": [ [ [ [ 114.364478588104248, 34.805728197097778 ], [ 114.364392757415771, 34.805728197097778 ], [ 114.364392757415771, 34.805814027786255 ], [ 114.364478588104248, 34.805814027786255 ], [ 114.364478588104248, 34.805728197097778 ] ] ] ] } },
{ "type": "Feature", "properties": { "Id": 1489, "GRIDCODE": 9 }, "geometry": { "type": "MultiPolygon", "coordinates": [ [ [ [ 114.362804889678955, 34.805889129638672 ], [ 114.362965822219849, 34.805889129638672 ], [ 114.362965822219849, 34.805642366409302 ], [ 114.362901449203491, 34.805642366409302 ], [ 114.362901449203491, 34.805728197097778 ], [ 114.362804889678955, 34.805728197097778 ], [ 114.362804889678955, 34.805889129638672 ] ] ] ] } },
{ "type": "Feature", "properties": { "Id": 1491, "GRIDCODE": 9 }, "geometry": { "type": "MultiPolygon", "coordinates": [ [ [ [ 114.363309144973755, 34.805556535720825 ], [ 114.363223314285278, 34.805556535720825 ], [ 114.363223314285278, 34.805814027786255 ], [ 114.363309144973755, 34.805814027786255 ], [ 114.363309144973755, 34.805556535720825 ] ] ] ] } },
{ "type": "Feature", "properties": { "Id": 1492, "GRIDCODE": 9 }, "geometry": { "type": "MultiPolygon", "coordinates": [ [ [ [ 114.364231824874878, 34.805556535720825 ], [ 114.364135265350342, 34.805556535720825 ], [ 114.364135265350342, 34.805728197097778 ], [ 114.364049434661865, 34.805728197097778 ], [ 114.364049434661865, 34.805814027786255 ], [ 114.363727569580078, 34.805814027786255 ], [ 114.363727569580078, 34.805889129638672 ], [ 114.364049434661865, 34.805889129638672 ], [ 114.364049434661865, 34.805974960327148 ], [ 114.364135265350342, 34.805974960327148 ], [ 114.364135265350342, 34.805889129638672 ], [ 114.364296197891235, 34.805889129638672 ], [ 114.364296197891235, 34.805728197097778 ], [ 114.364231824874878, 34.805728197097778 ], [ 114.364231824874878, 34.805556535720825 ] ] ] ] } },
{ "type": "Feature", "properties": { "Id": 1495, "GRIDCODE": 9 }, "geometry": { "type": "MultiPolygon", "coordinates": [ [ [ [ 114.364231824874878, 34.805395603179932 ], [ 114.364135265350342, 34.805395603179932 ], [ 114.364135265350342, 34.805481433868408 ], [ 114.364231824874878, 34.805481433868408 ], [ 114.364231824874878, 34.805395603179932 ] ] ] ] } },
{ "type": "Feature", "properties": { "Id": 1496, "GRIDCODE": 9 }, "geometry": { "type": "MultiPolygon", "coordinates": [ [ [ [ 114.364478588104248, 34.805395603179932 ], [ 114.364392757415771, 34.805395603179932 ], [ 114.364392757415771, 34.805481433868408 ], [ 114.364478588104248, 34.805481433868408 ], [ 114.364478588104248, 34.805395603179932 ] ] ] ] } },
{ "type": "Feature", "properties": { "Id": 1499, "GRIDCODE": 9 }, "geometry": { "type": "MultiPolygon", "coordinates": [ [ [ [ 114.363470077514648, 34.805148839950562 ], [ 114.363223314285278, 34.805148839950562 ], [ 114.363223314285278, 34.805223941802979 ], [ 114.363470077514648, 34.805223941802979 ], [ 114.363470077514648, 34.805148839950562 ] ] ] ] } },
{ "type": "Feature", "properties": { "Id": 1500, "GRIDCODE": 9 }, "geometry": { "type": "MultiPolygon", "coordinates": [ [ [ [ 114.364135265350342, 34.805148839950562 ], [ 114.363974332809448, 34.805148839950562 ], [ 114.363974332809448, 34.805309772491455 ], [ 114.364135265350342, 34.805309772491455 ], [ 114.364135265350342, 34.805148839950562 ] ] ] ] } },
{ "type": "Feature", "properties": { "Id": 1502, "GRIDCODE": 9 }, "geometry": { "type": "MultiPolygon", "coordinates": [ [ [ [ 114.362643957138062, 34.804977178573608 ], [ 114.362643957138062, 34.805063009262085 ], [ 114.362719058990479, 34.805063009262085 ], [ 114.362719058990479, 34.804977178573608 ], [ 114.362643957138062, 34.804977178573608 ] ] ] ] } },
{ "type": "Feature", "properties": { "Id": 1503, "GRIDCODE": 9 }, "geometry": { "type": "MultiPolygon", "coordinates": [ [ [ [ 114.362558126449585, 34.804891347885132 ], [ 114.362558126449585, 34.804977178573608 ], [ 114.362643957138062, 34.804977178573608 ], [ 114.362643957138062, 34.804891347885132 ], [ 114.362558126449585, 34.804891347885132 ] ] ] ] } },
{ "type": "Feature", "properties": { "Id": 1505, "GRIDCODE": 9 }, "geometry": { "type": "MultiPolygon", "coordinates": [ [ [ [ 114.361892938613892, 34.804977178573608 ], [ 114.361892938613892, 34.804891347885132 ], [ 114.361635446548462, 34.804891347885132 ], [ 114.361635446548462, 34.804805517196655 ], [ 114.361549615859985, 34.804805517196655 ], [ 114.361549615859985, 34.804891347885132 ], [ 114.361474514007568, 34.804891347885132 ], [ 114.361474514007568, 34.804977178573608 ], [ 114.361302852630615, 34.804977178573608 ], [ 114.361302852630615, 34.805063009262085 ], [ 114.361227750778198, 34.805063009262085 ], [ 114.361227750778198, 34.805395603179932 ], [ 114.361131191253662, 34.805395603179932 ], [ 114.361131191253662, 34.805642366409302 ], [ 114.361066818237305, 34.805642366409302 ], [ 114.361066818237305, 34.805814027786255 ], [ 114.361131191253662, 34.805814027786255 ], [ 114.361131191253662, 34.805974960327148 ], [ 114.361302852630615, 34.805974960327148 ], [ 114.361302852630615, 34.806060791015625 ], [ 114.361978769302368, 34.806060791015625 ], [ 114.361978769302368, 34.805974960327148 ], [ 114.361474514007568, 34.805974960327148 ], [ 114.361474514007568, 34.805889129638672 ], [ 114.361388683319092, 34.805889129638672 ], [ 114.361388683319092, 34.805814027786255 ], [ 114.361302852630615, 34.805814027786255 ], [ 114.361302852630615, 34.805481433868408 ], [ 114.361474514007568, 34.805481433868408 ], [ 114.361474514007568, 34.805309772491455 ], [ 114.361549615859985, 34.805309772491455 ], [ 114.361549615859985, 34.805063009262085 ], [ 114.361635446548462, 34.805063009262085 ], [ 114.361635446548462, 34.804977178573608 ], [ 114.361892938613892, 34.804977178573608 ] ] ] ] } },
{ "type": "Feature", "properties": { "Id": 1507, "GRIDCODE": 9 }, "geometry": { "type": "MultiPolygon", "coordinates": [ [ [ [ 114.335896968841553, 34.804730415344238 ], [ 114.335811138153076, 34.804730415344238 ], [ 114.335811138153076, 34.805063009262085 ], [ 114.335896968841553, 34.805063009262085 ], [ 114.335896968841553, 34.804730415344238 ] ] ] ] } },
{ "type": "Feature", "properties": { "Id": 1508, "GRIDCODE": 9 }, "geometry": { "type": "MultiPolygon", "coordinates": [ [ [ [ 114.361892938613892, 34.804977178573608 ], [ 114.361892938613892, 34.805063009262085 ], [ 114.361978769302368, 34.805063009262085 ], [ 114.361978769302368, 34.805223941802979 ], [ 114.361892938613892, 34.805223941802979 ], [ 114.361892938613892, 34.805556535720825 ], [ 114.361978769302368, 34.805556535720825 ], [ 114.361978769302368, 34.805642366409302 ], [ 114.362139701843262, 34.805642366409302 ], [ 114.362139701843262, 34.805728197097778 ], [ 114.362558126449585, 34.805728197097778 ], [ 114.362558126449585, 34.805642366409302 ], [ 114.362719058990479, 34.805642366409302 ], [ 114.362719058990479, 34.805481433868408 ], [ 114.362901449203491, 34.805481433868408 ], [ 114.362901449203491, 34.805223941802979 ], [ 114.362804889678955, 34.805223941802979 ], [ 114.362804889678955, 34.805148839950562 ], [ 114.362558126449585, 34.805148839950562 ], [ 114.362558126449585, 34.805063009262085 ], [ 114.362461566925049, 34.805063009262085 ], [ 114.362461566925049, 34.804891347885132 ], [ 114.362558126449585, 34.804891347885132 ], [ 114.362558126449585, 34.804805517196655 ], [ 114.362461566925049, 34.804805517196655 ], [ 114.362461566925049, 34.804730415344238 ], [ 114.362300634384155, 34.804730415344238 ], [ 114.362300634384155, 34.804805517196655 ], [ 114.361978769302368, 34.804805517196655 ], [ 114.361978769302368, 34.804891347885132 ], [ 114.362139701843262, 34.804891347885132 ], [ 114.362139701843262, 34.804977178573608 ], [ 114.361892938613892, 34.804977178573608 ] ] ] ] } },
{ "type": "Feature", "properties": { "Id": 1510, "GRIDCODE": 9 }, "geometry": { "type": "MultiPolygon", "coordinates": [ [ [ [ 114.277982711791992, 34.804558753967285 ], [ 114.277982711791992, 34.805148839950562 ], [ 114.27804708480835, 34.805148839950562 ], [ 114.27804708480835, 34.804558753967285 ], [ 114.277982711791992, 34.804558753967285 ] ] ] ] } },
{ "type": "Feature", "properties": { "Id": 1511, "GRIDCODE": 9 }, "geometry": { "type": "MultiPolygon", "coordinates": [ [ [ [ 114.365723133087158, 34.804558753967285 ], [ 114.365648031234741, 34.804558753967285 ], [ 114.365648031234741, 34.804730415344238 ], [ 114.365723133087158, 34.804730415344238 ], [ 114.365723133087158, 34.804558753967285 ] ] ] ] } },
{ "type": "Feature", "properties": { "Id": 1514, "GRIDCODE": 9 }, "geometry": { "type": "MultiPolygon", "coordinates": [ [ [ [ 114.367300271987915, 34.804472923278809 ], [ 114.367225170135498, 34.804472923278809 ], [ 114.367225170135498, 34.804644584655762 ], [ 114.367139339447021, 34.804644584655762 ], [ 114.367139339447021, 34.804730415344238 ], [ 114.367225170135498, 34.804730415344238 ], [ 114.367225170135498, 34.804891347885132 ], [ 114.367396831512451, 34.804891347885132 ], [ 114.367396831512451, 34.804558753967285 ], [ 114.367300271987915, 34.804558753967285 ], [ 114.367300271987915, 34.804472923278809 ] ] ] ] } },
{ "type": "Feature", "properties": { "Id": 1516, "GRIDCODE": 9 }, "geometry": { "type": "MultiPolygon", "coordinates": [ [ [ [ 114.277639389038086, 34.804397821426392 ], [ 114.27754282951355, 34.804397821426392 ], [ 114.27754282951355, 34.804558753967285 ], [ 114.277639389038086, 34.804558753967285 ], [ 114.277639389038086, 34.804730415344238 ], [ 114.277725219726562, 34.804730415344238 ], [ 114.277725219726562, 34.804472923278809 ], [ 114.277639389038086, 34.804472923278809 ], [ 114.277639389038086, 34.804397821426392 ] ] ] ] } },
{ "type": "Feature", "properties": { "Id": 1520, "GRIDCODE": 9 }, "geometry": { "type": "MultiPolygon", "coordinates": [ [ [ [ 114.277982711791992, 34.804558753967285 ], [ 114.277982711791992, 34.804397821426392 ], [ 114.277886152267456, 34.804397821426392 ], [ 114.277886152267456, 34.804311990737915 ], [ 114.277800321578979, 34.804311990737915 ], [ 114.277800321578979, 34.804226160049438 ], [ 114.277639389038086, 34.804226160049438 ], [ 114.277639389038086, 34.804311990737915 ], [ 114.277725219726562, 34.804311990737915 ], [ 114.277725219726562, 34.804397821426392 ], [ 114.277800321578979, 34.804397821426392 ], [ 114.277800321578979, 34.804472923278809 ], [ 114.277886152267456, 34.804472923278809 ], [ 114.277886152267456, 34.804558753967285 ], [ 114.277982711791992, 34.804558753967285 ] ] ] ] } },
{ "type": "Feature", "properties": { "Id": 1523, "GRIDCODE": 9 }, "geometry": { "type": "MultiPolygon", "coordinates": [ [ [ [ 114.347730875015259, 34.803968667984009 ], [ 114.346808195114136, 34.803968667984009 ], [ 114.346808195114136, 34.804054498672485 ], [ 114.346647262573242, 34.804054498672485 ], [ 114.346647262573242, 34.804311990737915 ], [ 114.346464872360229, 34.804311990737915 ], [ 114.346464872360229, 34.804397821426392 ], [ 114.346400499343872, 34.804397821426392 ], [ 114.346400499343872, 34.805063009262085 ], [ 114.346218109130859, 34.805063009262085 ], [ 114.346218109130859, 34.805148839950562 ], [ 114.346143007278442, 34.805148839950562 ], [ 114.346143007278442, 34.804805517196655 ], [ 114.346303939819336, 34.804805517196655 ], [ 114.346303939819336, 34.804644584655762 ], [ 114.346218109130859, 34.804644584655762 ], [ 114.346218109130859, 34.804558753967285 ], [ 114.346143007278442, 34.804558753967285 ], [ 114.346143007278442, 34.804644584655762 ], [ 114.346057176589966, 34.804644584655762 ], [ 114.346057176589966, 34.804472923278809 ], [ 114.345982074737549, 34.804472923278809 ], [ 114.345982074737549, 34.804397821426392 ], [ 114.345896244049072, 34.804397821426392 ], [ 114.345896244049072, 34.804311990737915 ], [ 114.345799684524536, 34.804311990737915 ], [ 114.345799684524536, 34.804226160049438 ], [ 114.345638751983643, 34.804226160049438 ], [ 114.345638751983643, 34.804140329360962 ], [ 114.345295429229736, 34.804140329360962 ], [ 114.345295429229736, 34.804054498672485 ], [ 114.344308376312256, 34.804054498672485 ], [ 114.344308376312256, 34.804140329360962 ], [ 114.343804121017456, 34.804140329360962 ], [ 114.343804121017456, 34.804054498672485 ], [ 114.34346079826355, 34.804054498672485 ], [ 114.34346079826355, 34.804226160049438 ], [ 114.343299865722656, 34.804226160049438 ], [ 114.343299865722656, 34.804397821426392 ], [ 114.343235492706299, 34.804397821426392 ], [ 114.343235492706299, 34.804472923278809 ], [ 114.343138933181763, 34.804472923278809 ], [ 114.343138933181763, 34.804730415344238 ], [ 114.343053102493286, 34.804730415344238 ], [ 114.343053102493286, 34.804805517196655 ], [ 114.343138933181763, 34.804805517196655 ], [ 114.343138933181763, 34.804977178573608 ], [ 114.342978000640869, 34.804977178573608 ], [ 114.342978000640869, 34.805642366409302 ], [ 114.342892169952393, 34.805642366409302 ], [ 114.342892169952393, 34.805728197097778 ], [ 114.342978000640869, 34.805728197097778 ], [ 114.342978000640869, 34.805889129638672 ], [ 114.342795610427856, 34.805889129638672 ], [ 114.342795610427856, 34.805974960327148 ], [ 114.342892169952393, 34.805974960327148 ], [ 114.342892169952393, 34.806060791015625 ], [ 114.342978000640869, 34.806060791015625 ], [ 114.342978000640869, 34.806640148162842 ], [ 114.342795610427856, 34.806640148162842 ], [ 114.342795610427856, 34.806725978851318 ], [ 114.342634677886963, 34.806725978851318 ], [ 114.342634677886963, 34.806811809539795 ], [ 114.342473745346069, 34.806811809539795 ], [ 114.342473745346069, 34.806886911392212 ], [ 114.342130422592163, 34.806886911392212 ], [ 114.342130422592163, 34.807058572769165 ], [ 114.342066049575806, 34.807058572769165 ], [ 114.342066049575806, 34.807230234146118 ], [ 114.34196949005127, 34.807230234146118 ], [ 114.34196949005127, 34.807144403457642 ], [ 114.341808557510376, 34.807144403457642 ], [ 114.341808557510376, 34.807305335998535 ], [ 114.341722726821899, 34.807305335998535 ], [ 114.341722726821899, 34.807230234146118 ], [ 114.341636896133423, 34.807230234146118 ], [ 114.341636896133423, 34.807391166687012 ], [ 114.341561794281006, 34.807391166687012 ], [ 114.341561794281006, 34.807476997375488 ], [ 114.341143369674683, 34.807476997375488 ], [ 114.341143369674683, 34.807562828063965 ], [ 114.3407142162323, 34.807562828063965 ], [ 114.3407142162323, 34.807476997375488 ], [ 114.340478181838989, 34.807476997375488 ], [ 114.340478181838989, 34.807562828063965 ], [ 114.340392351150513, 34.807562828063965 ], [ 114.340392351150513, 34.807723760604858 ], [ 114.340478181838989, 34.807723760604858 ], [ 114.340478181838989, 34.807809591293335 ], [ 114.340306520462036, 34.807809591293335 ], [ 114.340306520462036, 34.807895421981812 ], [ 114.340134859085083, 34.807895421981812 ], [ 114.340134859085083, 34.807970523834229 ], [ 114.339973926544189, 34.807970523834229 ], [ 114.339973926544189, 34.808056354522705 ], [ 114.339641332626343, 34.808056354522705 ], [ 114.339641332626343, 34.808142185211182 ], [ 114.339383840560913, 34.808142185211182 ], [ 114.339383840560913, 34.808228015899658 ], [ 114.339137077331543, 34.808228015899658 ], [ 114.339137077331543, 34.808303117752075 ], [ 114.338815212249756, 34.808303117752075 ], [ 114.338815212249756, 34.808388948440552 ], [ 114.33871865272522, 34.808388948440552 ], [ 114.33871865272522, 34.808474779129028 ], [ 114.338643550872803, 34.808474779129028 ], [ 114.338643550872803, 34.808560609817505 ], [ 114.33847188949585, 34.808560609817505 ], [ 114.33847188949585, 34.808635711669922 ], [ 114.338396787643433, 34.808635711669922 ], [ 114.338396787643433, 34.808893203735352 ], [ 114.338557720184326, 34.808893203735352 ], [ 114.338557720184326, 34.808968305587769 ], [ 114.33847188949585, 34.808968305587769 ], [ 114.33847188949585, 34.809054136276245 ], [ 114.338643550872803, 34.809054136276245 ], [ 114.338643550872803, 34.809139966964722 ], [ 114.33871865272522, 34.809139966964722 ], [ 114.33871865272522, 34.809386730194092 ], [ 114.338643550872803, 34.809386730194092 ], [ 114.338643550872803, 34.809472560882568 ], [ 114.33871865272522, 34.809472560882568 ], [ 114.33871865272522, 34.809558391571045 ], [ 114.338815212249756, 34.809558391571045 ], [ 114.338815212249756, 34.809644222259521 ], [ 114.338879585266113, 34.809644222259521 ], [ 114.338879585266113, 34.809719324111938 ], [ 114.33922290802002, 34.809719324111938 ], [ 114.33922290802002, 34.809644222259521 ], [ 114.339480400085449, 34.809644222259521 ], [ 114.339480400085449, 34.809719324111938 ], [ 114.339973926544189, 34.809719324111938 ], [ 114.339973926544189, 34.809644222259521 ], [ 114.340553283691406, 34.809644222259521 ], [ 114.340553283691406, 34.809558391571045 ], [ 114.340800046920776, 34.809558391571045 ], [ 114.340800046920776, 34.809386730194092 ], [ 114.341304302215576, 34.809386730194092 ], [ 114.341304302215576, 34.809472560882568 ], [ 114.341400861740112, 34.809472560882568 ], [ 114.341400861740112, 34.809386730194092 ], [ 114.341561794281006, 34.809386730194092 ], [ 114.341561794281006, 34.809300899505615 ], [ 114.341722726821899, 34.809300899505615 ], [ 114.341722726821899, 34.809139966964722 ], [ 114.34196949005127, 34.809139966964722 ], [ 114.34196949005127, 34.809225797653198 ], [ 114.342066049575806, 34.809225797653198 ], [ 114.342066049575806, 34.809300899505615 ], [ 114.342130422592163, 34.809300899505615 ], [ 114.342130422592163, 34.809386730194092 ], [ 114.342226982116699, 34.809386730194092 ], [ 114.342226982116699, 34.809472560882568 ], [ 114.342473745346069, 34.809472560882568 ], [ 114.342473745346069, 34.809644222259521 ], [ 114.342731237411499, 34.809644222259521 ], [ 114.342731237411499, 34.809719324111938 ], [ 114.343299865722656, 34.809719324111938 ], [ 114.343299865722656, 34.809644222259521 ], [ 114.34346079826355, 34.809644222259521 ], [ 114.34346079826355, 34.809472560882568 ], [ 114.343643188476562, 34.809472560882568 ], [ 114.343643188476562, 34.808635711669922 ], [ 114.343804121017456, 34.808635711669922 ], [ 114.343804121017456, 34.808721542358398 ], [ 114.343900680541992, 34.808721542358398 ], [ 114.343900680541992, 34.808635711669922 ], [ 114.344630241394043, 34.808635711669922 ], [ 114.344630241394043, 34.808721542358398 ], [ 114.345477819442749, 34.808721542358398 ], [ 114.345477819442749, 34.808635711669922 ], [ 114.345799684524536, 34.808635711669922 ], [ 114.345799684524536, 34.808474779129028 ], [ 114.346057176589966, 34.808474779129028 ], [ 114.346057176589966, 34.808388948440552 ], [ 114.346143007278442, 34.808388948440552 ], [ 114.346143007278442, 34.808303117752075 ], [ 114.346303939819336, 34.808303117752075 ], [ 114.346303939819336, 34.808142185211182 ], [ 114.346400499343872, 34.808142185211182 ], [ 114.346400499343872, 34.807723760604858 ], [ 114.346464872360229, 34.807723760604858 ], [ 114.346464872360229, 34.807476997375488 ], [ 114.346561431884766, 34.807476997375488 ], [ 114.346561431884766, 34.807058572769165 ], [ 114.346647262573242, 34.807058572769165 ], [ 114.346647262573242, 34.807723760604858 ], [ 114.346722364425659, 34.807723760604858 ], [ 114.346722364425659, 34.807809591293335 ], [ 114.346647262573242, 34.807809591293335 ], [ 114.346647262573242, 34.807895421981812 ], [ 114.346722364425659, 34.807895421981812 ], [ 114.346722364425659, 34.807970523834229 ], [ 114.346808195114136, 34.807970523834229 ], [ 114.346808195114136, 34.808142185211182 ], [ 114.346883296966553, 34.808142185211182 ], [ 114.346883296966553, 34.808228015899658 ], [ 114.347065687179565, 34.808228015899658 ], [ 114.347065687179565, 34.808303117752075 ], [ 114.347130060195923, 34.808303117752075 ], [ 114.347130060195923, 34.808388948440552 ], [ 114.347312450408936, 34.808388948440552 ], [ 114.347312450408936, 34.808474779129028 ], [ 114.347473382949829, 34.808474779129028 ], [ 114.347473382949829, 34.808560609817505 ], [ 114.347795248031616, 34.808560609817505 ], [ 114.347795248031616, 34.808635711669922 ], [ 114.348224401473999, 34.808635711669922 ], [ 114.348224401473999, 34.808721542358398 ], [ 114.348299503326416, 34.808721542358398 ], [ 114.348299503326416, 34.808635711669922 ], [ 114.348642826080322, 34.808635711669922 ], [ 114.348642826080322, 34.808560609817505 ], [ 114.348889589309692, 34.808560609817505 ], [ 114.348889589309692, 34.808474779129028 ], [ 114.349222183227539, 34.808474779129028 ], [ 114.349222183227539, 34.808388948440552 ], [ 114.349468946456909, 34.808388948440552 ], [ 114.349468946456909, 34.807305335998535 ], [ 114.349393844604492, 34.807305335998535 ], [ 114.349393844604492, 34.806307554244995 ], [ 114.349308013916016, 34.806307554244995 ], [ 114.349308013916016, 34.805728197097778 ], [ 114.349222183227539, 34.805728197097778 ], [ 114.349222183227539, 34.805148839950562 ], [ 114.349308013916016, 34.805148839950562 ], [ 114.349308013916016, 34.804805517196655 ], [ 114.349222183227539, 34.804805517196655 ], [ 114.349222183227539, 34.804644584655762 ], [ 114.349147081375122, 34.804644584655762 ], [ 114.349147081375122, 34.804558753967285 ], [ 114.349061250686646, 34.804558753967285 ], [ 114.349061250686646, 34.804397821426392 ], [ 114.348964691162109, 34.804397821426392 ], [ 114.348964691162109, 34.804311990737915 ], [ 114.348717927932739, 34.804311990737915 ], [ 114.348717927932739, 34.804226160049438 ], [ 114.348396062850952, 34.804226160049438 ], [ 114.348396062850952, 34.804140329360962 ], [ 114.347891807556152, 34.804140329360962 ], [ 114.347891807556152, 34.804054498672485 ], [ 114.347730875015259, 34.804054498672485 ], [ 114.347730875015259, 34.803968667984009 ] ], [ [ 114.346400499343872, 34.807058572769165 ], [ 114.346400499343872, 34.807305335998535 ], [ 114.346303939819336, 34.807305335998535 ], [ 114.346303939819336, 34.807058572769165 ], [ 114.346400499343872, 34.807058572769165 ] ], [ [ 114.346464872360229, 34.805728197097778 ], [ 114.346464872360229, 34.805889129638672 ], [ 114.346561431884766, 34.805889129638672 ], [ 114.346561431884766, 34.806886911392212 ], [ 114.346400499343872, 34.806886911392212 ], [ 114.346400499343872, 34.806972742080688 ], [ 114.346303939819336, 34.806972742080688 ], [ 114.346303939819336, 34.806554317474365 ], [ 114.346218109130859, 34.806554317474365 ], [ 114.346218109130859, 34.805814027786255 ], [ 114.346400499343872, 34.805814027786255 ], [ 114.346400499343872, 34.805728197097778 ], [ 114.346464872360229, 34.805728197097778 ] ], [ [ 114.347891807556152, 34.805223941802979 ], [ 114.347891807556152, 34.805309772491455 ], [ 114.348052740097046, 34.805309772491455 ], [ 114.348052740097046, 34.805395603179932 ], [ 114.348138570785522, 34.805395603179932 ], [ 114.348138570785522, 34.805481433868408 ], [ 114.348224401473999, 34.805481433868408 ], [ 114.348224401473999, 34.805814027786255 ], [ 114.348299503326416, 34.805814027786255 ], [ 114.348299503326416, 34.806221723556519 ], [ 114.348224401473999, 34.806221723556519 ], [ 114.348224401473999, 34.806307554244995 ], [ 114.347795248031616, 34.806307554244995 ], [ 114.347795248031616, 34.806221723556519 ], [ 114.347634315490723, 34.806221723556519 ], [ 114.347634315490723, 34.806146621704102 ], [ 114.347559213638306, 34.806146621704102 ], [ 114.347559213638306, 34.805974960327148 ], [ 114.347130060195923, 34.805974960327148 ], [ 114.347130060195923, 34.805889129638672 ], [ 114.347226619720459, 34.805889129638672 ], [ 114.347226619720459, 34.805728197097778 ], [ 114.347312450408936, 34.805728197097778 ], [ 114.347312450408936, 34.805814027786255 ], [ 114.347473382949829, 34.805814027786255 ], [ 114.347473382949829, 34.805223941802979 ], [ 114.347891807556152, 34.805223941802979 ] ] ] ] } },
{ "type": "Feature", "properties": { "Id": 1526, "GRIDCODE": 9 }, "geometry": { "type": "MultiPolygon", "coordinates": [ [ [ [ 114.335811138153076, 34.803807735443115 ], [ 114.335553646087646, 34.803807735443115 ], [ 114.335553646087646, 34.803968667984009 ], [ 114.33546781539917, 34.803968667984009 ], [ 114.33546781539917, 34.804311990737915 ], [ 114.335553646087646, 34.804311990737915 ], [ 114.335553646087646, 34.804397821426392 ], [ 114.33571457862854, 34.804397821426392 ], [ 114.33571457862854, 34.804311990737915 ], [ 114.335896968841553, 34.804311990737915 ], [ 114.335896968841553, 34.804140329360962 ], [ 114.335811138153076, 34.804140329360962 ], [ 114.335811138153076, 34.803807735443115 ] ] ] ] } },
{ "type": "Feature", "properties": { "Id": 1529, "GRIDCODE": 9 }, "geometry": { "type": "MultiPolygon", "coordinates": [ [ [ [ 114.365465641021729, 34.803721904754639 ], [ 114.365401268005371, 34.803721904754639 ], [ 114.365401268005371, 34.803807735443115 ], [ 114.365465641021729, 34.803807735443115 ], [ 114.365465641021729, 34.803721904754639 ] ] ] ] } },
{ "type": "Feature", "properties": { "Id": 1537, "GRIDCODE": 9 }, "geometry": { "type": "MultiPolygon", "coordinates": [ [ [ [ 114.272961616516113, 34.809558391571045 ], [ 114.273144006729126, 34.809558391571045 ], [ 114.273144006729126, 34.809719324111938 ], [ 114.27280068397522, 34.809719324111938 ], [ 114.27280068397522, 34.809644222259521 ], [ 114.27255392074585, 34.809644222259521 ], [ 114.27255392074585, 34.809719324111938 ], [ 114.27229642868042, 34.809719324111938 ], [ 114.27229642868042, 34.809805154800415 ], [ 114.272221326828003, 34.809805154800415 ], [ 114.272221326828003, 34.809890985488892 ], [ 114.272135496139526, 34.809890985488892 ], [ 114.272135496139526, 34.809976816177368 ], [ 114.272221326828003, 34.809976816177368 ], [ 114.272221326828003, 34.810062646865845 ], [ 114.272135496139526, 34.810062646865845 ], [ 114.272135496139526, 34.810148477554321 ], [ 114.271974563598633, 34.810148477554321 ], [ 114.271974563598633, 34.810395240783691 ], [ 114.272060394287109, 34.810395240783691 ], [ 114.272060394287109, 34.810888767242432 ], [ 114.272135496139526, 34.810888767242432 ], [ 114.272135496139526, 34.810974597930908 ], [ 114.272221326828003, 34.810974597930908 ], [ 114.272221326828003, 34.810888767242432 ], [ 114.272392988204956, 34.810888767242432 ], [ 114.272392988204956, 34.810727834701538 ], [ 114.27229642868042, 34.810727834701538 ], [ 114.27229642868042, 34.810309410095215 ], [ 114.272478818893433, 34.810309410095215 ], [ 114.272478818893433, 34.810223579406738 ], [ 114.27255392074585, 34.810223579406738 ], [ 114.27255392074585, 34.810062646865845 ], [ 114.27280068397522, 34.810062646865845 ], [ 114.27280068397522, 34.809976816177368 ], [ 114.272961616516113, 34.809976816177368 ], [ 114.272961616516113, 34.809890985488892 ], [ 114.273648262023926, 34.809890985488892 ], [ 114.273648262023926, 34.809976816177368 ], [ 114.273809194564819, 34.809976816177368 ], [ 114.273809194564819, 34.810062646865845 ], [ 114.273884296417236, 34.810062646865845 ], [ 114.273884296417236, 34.810223579406738 ], [ 114.273970127105713, 34.810223579406738 ], [ 114.273970127105713, 34.810309410095215 ], [ 114.274131059646606, 34.810309410095215 ], [ 114.274131059646606, 34.810395240783691 ], [ 114.274055957794189, 34.810395240783691 ], [ 114.274055957794189, 34.810481071472168 ], [ 114.274216890335083, 34.810481071472168 ], [ 114.274216890335083, 34.810642004013062 ], [ 114.274313449859619, 34.810642004013062 ], [ 114.274313449859619, 34.810727834701538 ], [ 114.274131059646606, 34.810727834701538 ], [ 114.274131059646606, 34.810813665390015 ], [ 114.274055957794189, 34.810813665390015 ], [ 114.274055957794189, 34.810974597930908 ], [ 114.273648262023926, 34.810974597930908 ], [ 114.273648262023926, 34.811060428619385 ], [ 114.273390769958496, 34.811060428619385 ], [ 114.273390769958496, 34.810974597930908 ], [ 114.272886514663696, 34.810974597930908 ], [ 114.272886514663696, 34.810888767242432 ], [ 114.27280068397522, 34.810888767242432 ], [ 114.27280068397522, 34.810813665390015 ], [ 114.272725582122803, 34.810813665390015 ], [ 114.272725582122803, 34.810888767242432 ], [ 114.27255392074585, 34.810888767242432 ], [ 114.27255392074585, 34.811060428619385 ], [ 114.272392988204956, 34.811060428619385 ], [ 114.272392988204956, 34.811146259307861 ], [ 114.27229642868042, 34.811146259307861 ], [ 114.27229642868042, 34.810974597930908 ], [ 114.272221326828003, 34.810974597930908 ], [ 114.272221326828003, 34.811307191848755 ], [ 114.27229642868042, 34.811307191848755 ], [ 114.27229642868042, 34.811564683914185 ], [ 114.272392988204956, 34.811564683914185 ], [ 114.272392988204956, 34.811811447143555 ], [ 114.272478818893433, 34.811811447143555 ], [ 114.272478818893433, 34.812058210372925 ], [ 114.27255392074585, 34.812058210372925 ], [ 114.27255392074585, 34.812144041061401 ], [ 114.272639751434326, 34.812144041061401 ], [ 114.272639751434326, 34.812229871749878 ], [ 114.272725582122803, 34.812229871749878 ], [ 114.272725582122803, 34.812390804290771 ], [ 114.27280068397522, 34.812390804290771 ], [ 114.27280068397522, 34.812562465667725 ], [ 114.272886514663696, 34.812562465667725 ], [ 114.272886514663696, 34.812723398208618 ], [ 114.273058176040649, 34.812723398208618 ], [ 114.273058176040649, 34.812809228897095 ], [ 114.273144006729126, 34.812809228897095 ], [ 114.273144006729126, 34.812970161437988 ], [ 114.273219108581543, 34.812970161437988 ], [ 114.273219108581543, 34.813055992126465 ], [ 114.27330493927002, 34.813055992126465 ], [ 114.27330493927002, 34.813141822814941 ], [ 114.273390769958496, 34.813141822814941 ], [ 114.273390769958496, 34.813227653503418 ], [ 114.273884296417236, 34.813227653503418 ], [ 114.273884296417236, 34.813313484191895 ], [ 114.273970127105713, 34.813313484191895 ], [ 114.273970127105713, 34.813388586044312 ], [ 114.274055957794189, 34.813388586044312 ], [ 114.274055957794189, 34.813560247421265 ], [ 114.274131059646606, 34.813560247421265 ], [ 114.274131059646606, 34.813721179962158 ], [ 114.274216890335083, 34.813721179962158 ], [ 114.274216890335083, 34.813807010650635 ], [ 114.274313449859619, 34.813807010650635 ], [ 114.274313449859619, 34.813892841339111 ], [ 114.274388551712036, 34.813892841339111 ], [ 114.274388551712036, 34.813978672027588 ], [ 114.274474382400513, 34.813978672027588 ], [ 114.274474382400513, 34.814139604568481 ], [ 114.274388551712036, 34.814139604568481 ], [ 114.274388551712036, 34.814225435256958 ], [ 114.274560213088989, 34.814225435256958 ], [ 114.274560213088989, 34.814472198486328 ], [ 114.274474382400513, 34.814472198486328 ], [ 114.274474382400513, 34.814558029174805 ], [ 114.274635314941406, 34.814558029174805 ], [ 114.274635314941406, 34.814643859863281 ], [ 114.274721145629883, 34.814643859863281 ], [ 114.274721145629883, 34.814718961715698 ], [ 114.2747962474823, 34.814718961715698 ], [ 114.2747962474823, 34.814804792404175 ], [ 114.274882078170776, 34.814804792404175 ], [ 114.274882078170776, 34.815051555633545 ], [ 114.274978637695312, 34.815051555633545 ], [ 114.274978637695312, 34.815813302993774 ], [ 114.275139570236206, 34.815813302993774 ], [ 114.275139570236206, 34.815899133682251 ], [ 114.275225400924683, 34.815899133682251 ], [ 114.275225400924683, 34.816306829452515 ], [ 114.2753005027771, 34.816306829452515 ], [ 114.2753005027771, 34.816478490829468 ], [ 114.275386333465576, 34.816478490829468 ], [ 114.275386333465576, 34.816639423370361 ], [ 114.27554726600647, 34.816639423370361 ], [ 114.27554726600647, 34.816725254058838 ], [ 114.275482892990112, 34.816725254058838 ], [ 114.275482892990112, 34.816972017288208 ], [ 114.275643825531006, 34.816972017288208 ], [ 114.275643825531006, 34.817057847976685 ], [ 114.275965690612793, 34.817057847976685 ], [ 114.275965690612793, 34.817143678665161 ], [ 114.27605152130127, 34.817143678665161 ], [ 114.27605152130127, 34.817390441894531 ], [ 114.276309013366699, 34.817390441894531 ], [ 114.276309013366699, 34.817476272583008 ], [ 114.277639389038086, 34.817476272583008 ], [ 114.277639389038086, 34.817390441894531 ], [ 114.278465509414673, 34.817390441894531 ], [ 114.278465509414673, 34.817476272583008 ], [ 114.278647899627686, 34.817476272583008 ], [ 114.278647899627686, 34.817562103271484 ], [ 114.278712272644043, 34.817562103271484 ], [ 114.278712272644043, 34.817723035812378 ], [ 114.278808832168579, 34.817723035812378 ], [ 114.278808832168579, 34.817808866500854 ], [ 114.278894662857056, 34.817808866500854 ], [ 114.278894662857056, 34.817894697189331 ], [ 114.278808832168579, 34.817894697189331 ], [ 114.278808832168579, 34.818141460418701 ], [ 114.278712272644043, 34.818141460418701 ], [ 114.278712272644043, 34.818227291107178 ], [ 114.278894662857056, 34.818227291107178 ], [ 114.278894662857056, 34.818313121795654 ], [ 114.278808832168579, 34.818313121795654 ], [ 114.278808832168579, 34.818388223648071 ], [ 114.278894662857056, 34.818388223648071 ], [ 114.278894662857056, 34.818559885025024 ], [ 114.278969764709473, 34.818559885025024 ], [ 114.278969764709473, 34.818720817565918 ], [ 114.278894662857056, 34.818720817565918 ], [ 114.278894662857056, 34.818806648254395 ], [ 114.278808832168579, 34.818806648254395 ], [ 114.278808832168579, 34.819053411483765 ], [ 114.278712272644043, 34.819053411483765 ], [ 114.278712272644043, 34.819225072860718 ], [ 114.278551340103149, 34.819225072860718 ], [ 114.278551340103149, 34.819310903549194 ], [ 114.278465509414673, 34.819310903549194 ], [ 114.278465509414673, 34.819471836090088 ], [ 114.278390407562256, 34.819471836090088 ], [ 114.278390407562256, 34.819804430007935 ], [ 114.278229475021362, 34.819804430007935 ], [ 114.278229475021362, 34.820061922073364 ], [ 114.278143644332886, 34.820061922073364 ], [ 114.278143644332886, 34.820222854614258 ], [ 114.277982711791992, 34.820222854614258 ], [ 114.277982711791992, 34.820308685302734 ], [ 114.27754282951355, 34.820308685302734 ], [ 114.27754282951355, 34.820394515991211 ], [ 114.277725219726562, 34.820394515991211 ], [ 114.277725219726562, 34.820469617843628 ], [ 114.277639389038086, 34.820469617843628 ], [ 114.277639389038086, 34.820555448532104 ], [ 114.277478456497192, 34.820555448532104 ], [ 114.277478456497192, 34.820469617843628 ], [ 114.277317523956299, 34.820469617843628 ], [ 114.277317523956299, 34.820641279220581 ], [ 114.277220964431763, 34.820641279220581 ], [ 114.277220964431763, 34.820727109909058 ], [ 114.277317523956299, 34.820727109909058 ], [ 114.277317523956299, 34.820973873138428 ], [ 114.277220964431763, 34.820973873138428 ], [ 114.277220964431763, 34.821059703826904 ], [ 114.277381896972656, 34.821059703826904 ], [ 114.277381896972656, 34.821134805679321 ], [ 114.277478456497192, 34.821134805679321 ], [ 114.277478456497192, 34.821231365203857 ], [ 114.27754282951355, 34.821231365203857 ], [ 114.27754282951355, 34.821392297744751 ], [ 114.277725219726562, 34.821392297744751 ], [ 114.277725219726562, 34.821478128433228 ], [ 114.277639389038086, 34.821478128433228 ], [ 114.277639389038086, 34.821649789810181 ], [ 114.27754282951355, 34.821649789810181 ], [ 114.27754282951355, 34.821724891662598 ], [ 114.277639389038086, 34.821724891662598 ], [ 114.277639389038086, 34.821810722351074 ], [ 114.277725219726562, 34.821810722351074 ], [ 114.277725219726562, 34.821982383728027 ], [ 114.277886152267456, 34.821982383728027 ], [ 114.277886152267456, 34.822057485580444 ], [ 114.277982711791992, 34.822057485580444 ], [ 114.277982711791992, 34.822143316268921 ], [ 114.278143644332886, 34.822143316268921 ], [ 114.278143644332886, 34.822229146957397 ], [ 114.278808832168579, 34.822229146957397 ], [ 114.278808832168579, 34.822314977645874 ], [ 114.278969764709473, 34.822314977645874 ], [ 114.278969764709473, 34.822390079498291 ], [ 114.279055595397949, 34.822390079498291 ], [ 114.279055595397949, 34.822561740875244 ], [ 114.279313087463379, 34.822561740875244 ], [ 114.279313087463379, 34.822647571563721 ], [ 114.279377460479736, 34.822647571563721 ], [ 114.279377460479736, 34.822722673416138 ], [ 114.279474020004272, 34.822722673416138 ], [ 114.279474020004272, 34.822808504104614 ], [ 114.279559850692749, 34.822808504104614 ], [ 114.279559850692749, 34.822894334793091 ], [ 114.279634952545166, 34.822894334793091 ], [ 114.279634952545166, 34.822808504104614 ], [ 114.279720783233643, 34.822808504104614 ], [ 114.279720783233643, 34.822980165481567 ], [ 114.279817342758179, 34.822980165481567 ], [ 114.279817342758179, 34.823055267333984 ], [ 114.279720783233643, 34.823055267333984 ], [ 114.279720783233643, 34.823141098022461 ], [ 114.279817342758179, 34.823141098022461 ], [ 114.279817342758179, 34.823226928710938 ], [ 114.279881715774536, 34.823226928710938 ], [ 114.279881715774536, 34.823312759399414 ], [ 114.280139207839966, 34.823312759399414 ], [ 114.280139207839966, 34.823398590087891 ], [ 114.280385971069336, 34.823398590087891 ], [ 114.280385971069336, 34.823312759399414 ], [ 114.280643463134766, 34.823312759399414 ], [ 114.280643463134766, 34.823226928710938 ], [ 114.281308650970459, 34.823226928710938 ], [ 114.281308650970459, 34.823312759399414 ], [ 114.281469583511353, 34.823312759399414 ], [ 114.281469583511353, 34.823226928710938 ], [ 114.281555414199829, 34.823226928710938 ], [ 114.281555414199829, 34.823312759399414 ], [ 114.281898736953735, 34.823312759399414 ], [ 114.281898736953735, 34.823398590087891 ], [ 114.282059669494629, 34.823398590087891 ], [ 114.282059669494629, 34.823226928710938 ], [ 114.282220602035522, 34.823226928710938 ], [ 114.282220602035522, 34.823312759399414 ], [ 114.282639026641846, 34.823312759399414 ], [ 114.282639026641846, 34.823226928710938 ], [ 114.282724857330322, 34.823226928710938 ], [ 114.282724857330322, 34.823312759399414 ], [ 114.282885789871216, 34.823312759399414 ], [ 114.282885789871216, 34.823559522628784 ], [ 114.284806251525879, 34.823559522628784 ], [ 114.284806251525879, 34.823473691940308 ], [ 114.285224676132202, 34.823473691940308 ], [ 114.285224676132202, 34.823559522628784 ], [ 114.285310506820679, 34.823559522628784 ], [ 114.285310506820679, 34.823645353317261 ], [ 114.285471439361572, 34.823645353317261 ], [ 114.285471439361572, 34.823559522628784 ], [ 114.286297559738159, 34.823559522628784 ], [ 114.286297559738159, 34.823055267333984 ], [ 114.286233186721802, 34.823055267333984 ], [ 114.286233186721802, 34.822808504104614 ], [ 114.286136627197266, 34.822808504104614 ], [ 114.286136627197266, 34.822722673416138 ], [ 114.286050796508789, 34.822722673416138 ], [ 114.286050796508789, 34.822647571563721 ], [ 114.285975694656372, 34.822647571563721 ], [ 114.285975694656372, 34.822561740875244 ], [ 114.285793304443359, 34.822561740875244 ], [ 114.285793304443359, 34.822314977645874 ], [ 114.285728931427002, 34.822314977645874 ], [ 114.285728931427002, 34.822143316268921 ], [ 114.285632371902466, 34.822143316268921 ], [ 114.285632371902466, 34.821982383728027 ], [ 114.285567998886108, 34.821982383728027 ], [ 114.285567998886108, 34.821896553039551 ], [ 114.285471439361572, 34.821896553039551 ], [ 114.285471439361572, 34.821810722351074 ], [ 114.285385608673096, 34.821810722351074 ], [ 114.285385608673096, 34.821649789810181 ], [ 114.285310506820679, 34.821649789810181 ], [ 114.285310506820679, 34.821563959121704 ], [ 114.285128116607666, 34.821563959121704 ], [ 114.285128116607666, 34.821478128433228 ], [ 114.284967184066772, 34.821478128433228 ], [ 114.284967184066772, 34.821392297744751 ], [ 114.284881353378296, 34.821392297744751 ], [ 114.284881353378296, 34.820973873138428 ], [ 114.284806251525879, 34.820973873138428 ], [ 114.284806251525879, 34.820888042449951 ], [ 114.284720420837402, 34.820888042449951 ], [ 114.284720420837402, 34.820802211761475 ], [ 114.284559488296509, 34.820802211761475 ], [ 114.284559488296509, 34.820727109909058 ], [ 114.284462928771973, 34.820727109909058 ], [ 114.284462928771973, 34.820802211761475 ], [ 114.283894300460815, 34.820802211761475 ], [ 114.283894300460815, 34.820888042449951 ], [ 114.283733367919922, 34.820888042449951 ], [ 114.283733367919922, 34.820802211761475 ], [ 114.283475875854492, 34.820802211761475 ], [ 114.283475875854492, 34.820727109909058 ], [ 114.283390045166016, 34.820727109909058 ], [ 114.283390045166016, 34.820641279220581 ], [ 114.283132553100586, 34.820641279220581 ], [ 114.283132553100586, 34.820555448532104 ], [ 114.283046722412109, 34.820555448532104 ], [ 114.283046722412109, 34.820469617843628 ], [ 114.282971620559692, 34.820469617843628 ], [ 114.282971620559692, 34.820394515991211 ], [ 114.282885789871216, 34.820394515991211 ], [ 114.282885789871216, 34.820308685302734 ], [ 114.283046722412109, 34.820308685302734 ], [ 114.283046722412109, 34.820222854614258 ], [ 114.282885789871216, 34.820222854614258 ], [ 114.282885789871216, 34.820137023925781 ], [ 114.283046722412109, 34.820137023925781 ], [ 114.283046722412109, 34.820222854614258 ], [ 114.283132553100586, 34.820222854614258 ], [ 114.283132553100586, 34.820137023925781 ], [ 114.283475875854492, 34.820137023925781 ], [ 114.283475875854492, 34.820222854614258 ], [ 114.283550977706909, 34.820222854614258 ], [ 114.283550977706909, 34.820137023925781 ], [ 114.283733367919922, 34.820137023925781 ], [ 114.283733367919922, 34.820061922073364 ], [ 114.283636808395386, 34.820061922073364 ], [ 114.283636808395386, 34.819976091384888 ], [ 114.283229112625122, 34.819976091384888 ], [ 114.283229112625122, 34.819890260696411 ], [ 114.283132553100586, 34.819890260696411 ], [ 114.283132553100586, 34.819729328155518 ], [ 114.283046722412109, 34.819729328155518 ], [ 114.283046722412109, 34.819557666778564 ], [ 114.282971620559692, 34.819557666778564 ], [ 114.282971620559692, 34.818978309631348 ], [ 114.282885789871216, 34.818978309631348 ], [ 114.282885789871216, 34.818559885025024 ], [ 114.282810688018799, 34.818559885025024 ], [ 114.282810688018799, 34.818474054336548 ], [ 114.282563924789429, 34.818474054336548 ], [ 114.282563924789429, 34.818388223648071 ], [ 114.281898736953735, 34.818388223648071 ], [ 114.281898736953735, 34.818313121795654 ], [ 114.281812906265259, 34.818313121795654 ], [ 114.281812906265259, 34.818227291107178 ], [ 114.281641244888306, 34.818227291107178 ], [ 114.281641244888306, 34.818141460418701 ], [ 114.281716346740723, 34.818141460418701 ], [ 114.281716346740723, 34.818055629730225 ], [ 114.281641244888306, 34.818055629730225 ], [ 114.281641244888306, 34.817980527877808 ], [ 114.281555414199829, 34.817980527877808 ], [ 114.281555414199829, 34.817808866500854 ], [ 114.281469583511353, 34.817808866500854 ], [ 114.281469583511353, 34.817723035812378 ], [ 114.281308650970459, 34.817723035812378 ], [ 114.281308650970459, 34.817647933959961 ], [ 114.280976057052612, 34.817647933959961 ], [ 114.280976057052612, 34.817562103271484 ], [ 114.280890226364136, 34.817562103271484 ], [ 114.280890226364136, 34.817476272583008 ], [ 114.280729293823242, 34.817476272583008 ], [ 114.280729293823242, 34.817315340042114 ], [ 114.280643463134766, 34.817315340042114 ], [ 114.280643463134766, 34.816478490829468 ], [ 114.280729293823242, 34.816478490829468 ], [ 114.280729293823242, 34.816306829452515 ], [ 114.280643463134766, 34.816306829452515 ], [ 114.280643463134766, 34.815974235534668 ], [ 114.280546903610229, 34.815974235534668 ], [ 114.280546903610229, 34.815899133682251 ], [ 114.280482530593872, 34.815899133682251 ], [ 114.280482530593872, 34.815813302993774 ], [ 114.280385971069336, 34.815813302993774 ], [ 114.280385971069336, 34.815727472305298 ], [ 114.280064105987549, 34.815727472305298 ], [ 114.280064105987549, 34.815641641616821 ], [ 114.279817342758179, 34.815641641616821 ], [ 114.279817342758179, 34.815309047698975 ], [ 114.279720783233643, 34.815309047698975 ], [ 114.279720783233643, 34.815223217010498 ], [ 114.279559850692749, 34.815223217010498 ], [ 114.279559850692749, 34.815051555633545 ], [ 114.279474020004272, 34.815051555633545 ], [ 114.279474020004272, 34.814804792404175 ], [ 114.279720783233643, 34.814804792404175 ], [ 114.279720783233643, 34.814718961715698 ], [ 114.279817342758179, 34.814718961715698 ], [ 114.279817342758179, 34.814139604568481 ], [ 114.280064105987549, 34.814139604568481 ], [ 114.280064105987549, 34.814053773880005 ], [ 114.280300140380859, 34.814053773880005 ], [ 114.280300140380859, 34.813978672027588 ], [ 114.280385971069336, 34.813978672027588 ], [ 114.280385971069336, 34.813892841339111 ], [ 114.280482530593872, 34.813892841339111 ], [ 114.280482530593872, 34.813807010650635 ], [ 114.280546903610229, 34.813807010650635 ], [ 114.280546903610229, 34.813721179962158 ], [ 114.280643463134766, 34.813721179962158 ], [ 114.280643463134766, 34.813227653503418 ], [ 114.280729293823242, 34.813227653503418 ], [ 114.280729293823242, 34.813055992126465 ], [ 114.280643463134766, 34.813055992126465 ], [ 114.280643463134766, 34.812970161437988 ], [ 114.280546903610229, 34.812970161437988 ], [ 114.280546903610229, 34.812895059585571 ], [ 114.280482530593872, 34.812895059585571 ], [ 114.280482530593872, 34.812723398208618 ], [ 114.280385971069336, 34.812723398208618 ], [ 114.280385971069336, 34.812637567520142 ], [ 114.279817342758179, 34.812637567520142 ], [ 114.279817342758179, 34.812562465667725 ], [ 114.279634952545166, 34.812562465667725 ], [ 114.279634952545166, 34.812476634979248 ], [ 114.279559850692749, 34.812476634979248 ], [ 114.279559850692749, 34.812562465667725 ], [ 114.279377460479736, 34.812562465667725 ], [ 114.279377460479736, 34.812390804290771 ], [ 114.279313087463379, 34.812390804290771 ], [ 114.279313087463379, 34.812304973602295 ], [ 114.279055595397949, 34.812304973602295 ], [ 114.279055595397949, 34.812058210372925 ], [ 114.278969764709473, 34.812058210372925 ], [ 114.278969764709473, 34.811972379684448 ], [ 114.278712272644043, 34.811972379684448 ], [ 114.278712272644043, 34.811811447143555 ], [ 114.278647899627686, 34.811811447143555 ], [ 114.278647899627686, 34.811725616455078 ], [ 114.278465509414673, 34.811725616455078 ], [ 114.278465509414673, 34.811478853225708 ], [ 114.278551340103149, 34.811478853225708 ], [ 114.278551340103149, 34.811146259307861 ], [ 114.278390407562256, 34.811146259307861 ], [ 114.278390407562256, 34.810888767242432 ], [ 114.278304576873779, 34.810888767242432 ], [ 114.278304576873779, 34.810813665390015 ], [ 114.278143644332886, 34.810813665390015 ], [ 114.278143644332886, 34.810642004013062 ], [ 114.27804708480835, 34.810642004013062 ], [ 114.27804708480835, 34.810556173324585 ], [ 114.277982711791992, 34.810556173324585 ], [ 114.277982711791992, 34.810481071472168 ], [ 114.277886152267456, 34.810481071472168 ], [ 114.277886152267456, 34.810395240783691 ], [ 114.277800321578979, 34.810395240783691 ], [ 114.277800321578979, 34.810309410095215 ], [ 114.277725219726562, 34.810309410095215 ], [ 114.277725219726562, 34.809976816177368 ], [ 114.277639389038086, 34.809976816177368 ], [ 114.277639389038086, 34.809890985488892 ], [ 114.277478456497192, 34.809890985488892 ], [ 114.277478456497192, 34.809976816177368 ], [ 114.277381896972656, 34.809976816177368 ], [ 114.277381896972656, 34.809644222259521 ], [ 114.277317523956299, 34.809644222259521 ], [ 114.277317523956299, 34.809558391571045 ], [ 114.277220964431763, 34.809558391571045 ], [ 114.277220964431763, 34.809472560882568 ], [ 114.277135133743286, 34.809472560882568 ], [ 114.277135133743286, 34.809139966964722 ], [ 114.277060031890869, 34.809139966964722 ], [ 114.277060031890869, 34.808968305587769 ], [ 114.277135133743286, 34.808968305587769 ], [ 114.277135133743286, 34.808807373046875 ], [ 114.277220964431763, 34.808807373046875 ], [ 114.277220964431763, 34.808721542358398 ], [ 114.277317523956299, 34.808721542358398 ], [ 114.277317523956299, 34.808635711669922 ], [ 114.27754282951355, 34.808635711669922 ], [ 114.27754282951355, 34.808474779129028 ], [ 114.277639389038086, 34.808474779129028 ], [ 114.277639389038086, 34.808303117752075 ], [ 114.277725219726562, 34.808303117752075 ], [ 114.277725219726562, 34.808142185211182 ], [ 114.27754282951355, 34.808142185211182 ], [ 114.27754282951355, 34.807476997375488 ], [ 114.277478456497192, 34.807476997375488 ], [ 114.277478456497192, 34.807305335998535 ], [ 114.277381896972656, 34.807305335998535 ], [ 114.277381896972656, 34.807230234146118 ], [ 114.277317523956299, 34.807230234146118 ], [ 114.277317523956299, 34.807144403457642 ], [ 114.277478456497192, 34.807144403457642 ], [ 114.277478456497192, 34.806811809539795 ], [ 114.27754282951355, 34.806811809539795 ], [ 114.27754282951355, 34.806725978851318 ], [ 114.277725219726562, 34.806725978851318 ], [ 114.277725219726562, 34.806640148162842 ], [ 114.277800321578979, 34.806640148162842 ], [ 114.277800321578979, 34.806554317474365 ], [ 114.277886152267456, 34.806554317474365 ], [ 114.277886152267456, 34.806479215621948 ], [ 114.277982711791992, 34.806479215621948 ], [ 114.277982711791992, 34.806554317474365 ], [ 114.27804708480835, 34.806554317474365 ], [ 114.27804708480835, 34.806393384933472 ], [ 114.277886152267456, 34.806393384933472 ], [ 114.277886152267456, 34.806307554244995 ], [ 114.278143644332886, 34.806307554244995 ], [ 114.278143644332886, 34.806479215621948 ], [ 114.278229475021362, 34.806479215621948 ], [ 114.278229475021362, 34.806393384933472 ], [ 114.278465509414673, 34.806393384933472 ], [ 114.278465509414673, 34.806221723556519 ], [ 114.278390407562256, 34.806221723556519 ], [ 114.278390407562256, 34.805728197097778 ], [ 114.278465509414673, 34.805728197097778 ], [ 114.278465509414673, 34.805481433868408 ], [ 114.278390407562256, 34.805481433868408 ], [ 114.278390407562256, 34.805395603179932 ], [ 114.278304576873779, 34.805395603179932 ], [ 114.278304576873779, 34.805309772491455 ], [ 114.278229475021362, 34.805309772491455 ], [ 114.278229475021362, 34.805223941802979 ], [ 114.278143644332886, 34.805223941802979 ], [ 114.278143644332886, 34.805148839950562 ], [ 114.27804708480835, 34.805148839950562 ], [ 114.27804708480835, 34.805395603179932 ], [ 114.278143644332886, 34.805395603179932 ], [ 114.278143644332886, 34.805556535720825 ], [ 114.278229475021362, 34.805556535720825 ], [ 114.278229475021362, 34.805814027786255 ], [ 114.277982711791992, 34.805814027786255 ], [ 114.277982711791992, 34.805556535720825 ], [ 114.277886152267456, 34.805556535720825 ], [ 114.277886152267456, 34.805481433868408 ], [ 114.277800321578979, 34.805481433868408 ], [ 114.277800321578979, 34.805395603179932 ], [ 114.277725219726562, 34.805395603179932 ], [ 114.277725219726562, 34.804977178573608 ], [ 114.277639389038086, 34.804977178573608 ], [ 114.277639389038086, 34.804891347885132 ], [ 114.27754282951355, 34.804891347885132 ], [ 114.27754282951355, 34.804805517196655 ], [ 114.277478456497192, 34.804805517196655 ], [ 114.277478456497192, 34.804644584655762 ], [ 114.277381896972656, 34.804644584655762 ], [ 114.277381896972656, 34.804472923278809 ], [ 114.277478456497192, 34.804472923278809 ], [ 114.277478456497192, 34.804140329360962 ], [ 114.277381896972656, 34.804140329360962 ], [ 114.277381896972656, 34.804054498672485 ], [ 114.277135133743286, 34.804054498672485 ], [ 114.277135133743286, 34.803968667984009 ], [ 114.277060031890869, 34.803968667984009 ], [ 114.277060031890869, 34.803893566131592 ], [ 114.276630878448486, 34.803893566131592 ], [ 114.276630878448486, 34.803807735443115 ], [ 114.27355170249939, 34.803807735443115 ], [ 114.27355170249939, 34.803721904754639 ], [ 114.273390769958496, 34.803721904754639 ], [ 114.273390769958496, 34.803636074066162 ], [ 114.27330493927002, 34.803636074066162 ], [ 114.27330493927002, 34.803560972213745 ], [ 114.273219108581543, 34.803560972213745 ], [ 114.273219108581543, 34.803475141525269 ], [ 114.273144006729126, 34.803475141525269 ], [ 114.273144006729126, 34.803389310836792 ], [ 114.270890951156616, 34.803389310836792 ], [ 114.270890951156616, 34.803475141525269 ], [ 114.270225763320923, 34.803475141525269 ], [ 114.270225763320923, 34.803389310836792 ], [ 114.270139932632446, 34.803389310836792 ], [ 114.270139932632446, 34.803807735443115 ], [ 114.270225763320923, 34.803807735443115 ], [ 114.270225763320923, 34.803893566131592 ], [ 114.27030086517334, 34.803893566131592 ], [ 114.27030086517334, 34.803968667984009 ], [ 114.270225763320923, 34.803968667984009 ], [ 114.270225763320923, 34.804311990737915 ], [ 114.270139932632446, 34.804311990737915 ], [ 114.270139932632446, 34.804472923278809 ], [ 114.27005410194397, 34.804472923278809 ], [ 114.27005410194397, 34.804558753967285 ], [ 114.270139932632446, 34.804558753967285 ], [ 114.270139932632446, 34.804730415344238 ], [ 114.269979000091553, 34.804730415344238 ], [ 114.269979000091553, 34.804891347885132 ], [ 114.26979660987854, 34.804891347885132 ], [ 114.26979660987854, 34.804977178573608 ], [ 114.269635677337646, 34.804977178573608 ], [ 114.269635677337646, 34.805063009262085 ], [ 114.269313812255859, 34.805063009262085 ], [ 114.269313812255859, 34.805148839950562 ], [ 114.269227981567383, 34.805148839950562 ], [ 114.269227981567383, 34.805223941802979 ], [ 114.269131422042847, 34.805223941802979 ], [ 114.269131422042847, 34.805309772491455 ], [ 114.269227981567383, 34.805309772491455 ], [ 114.269227981567383, 34.805395603179932 ], [ 114.269067049026489, 34.805395603179932 ], [ 114.269067049026489, 34.805481433868408 ], [ 114.268970489501953, 34.805481433868408 ], [ 114.268970489501953, 34.805556535720825 ], [ 114.269313812255859, 34.805556535720825 ], [ 114.269313812255859, 34.805642366409302 ], [ 114.26954984664917, 34.805642366409302 ], [ 114.26954984664917, 34.805728197097778 ], [ 114.269635677337646, 34.805728197097778 ], [ 114.269635677337646, 34.805889129638672 ], [ 114.269732236862183, 34.805889129638672 ], [ 114.269732236862183, 34.806060791015625 ], [ 114.26979660987854, 34.806060791015625 ], [ 114.26979660987854, 34.806307554244995 ], [ 114.269732236862183, 34.806307554244995 ], [ 114.269732236862183, 34.806393384933472 ], [ 114.269893169403076, 34.806393384933472 ], [ 114.269893169403076, 34.806479215621948 ], [ 114.269979000091553, 34.806479215621948 ], [ 114.269979000091553, 34.806554317474365 ], [ 114.27005410194397, 34.806554317474365 ], [ 114.27005410194397, 34.806886911392212 ], [ 114.269979000091553, 34.806886911392212 ], [ 114.269979000091553, 34.806972742080688 ], [ 114.27005410194397, 34.806972742080688 ], [ 114.27005410194397, 34.807058572769165 ], [ 114.270139932632446, 34.807058572769165 ], [ 114.270139932632446, 34.807230234146118 ], [ 114.270397424697876, 34.807230234146118 ], [ 114.270397424697876, 34.807305335998535 ], [ 114.270461797714233, 34.807305335998535 ], [ 114.270461797714233, 34.807391166687012 ], [ 114.27055835723877, 34.807391166687012 ], [ 114.27055835723877, 34.807562828063965 ], [ 114.270719289779663, 34.807562828063965 ], [ 114.270719289779663, 34.807637929916382 ], [ 114.27080512046814, 34.807637929916382 ], [ 114.27080512046814, 34.807723760604858 ], [ 114.271062612533569, 34.807723760604858 ], [ 114.271062612533569, 34.807637929916382 ], [ 114.271223545074463, 34.807637929916382 ], [ 114.271223545074463, 34.807723760604858 ], [ 114.271309375762939, 34.807723760604858 ], [ 114.271309375762939, 34.807809591293335 ], [ 114.271470308303833, 34.807809591293335 ], [ 114.271470308303833, 34.807895421981812 ], [ 114.272135496139526, 34.807895421981812 ], [ 114.272135496139526, 34.807970523834229 ], [ 114.27229642868042, 34.807970523834229 ], [ 114.27229642868042, 34.808056354522705 ], [ 114.27255392074585, 34.808056354522705 ], [ 114.27255392074585, 34.808142185211182 ], [ 114.272725582122803, 34.808142185211182 ], [ 114.272725582122803, 34.808228015899658 ], [ 114.27280068397522, 34.808228015899658 ], [ 114.27280068397522, 34.808303117752075 ], [ 114.272961616516113, 34.808303117752075 ], [ 114.272961616516113, 34.808388948440552 ], [ 114.273058176040649, 34.808388948440552 ], [ 114.273058176040649, 34.808474779129028 ], [ 114.27330493927002, 34.808474779129028 ], [ 114.27330493927002, 34.808560609817505 ], [ 114.273390769958496, 34.808560609817505 ], [ 114.273390769958496, 34.809054136276245 ], [ 114.27330493927002, 34.809054136276245 ], [ 114.27330493927002, 34.809139966964722 ], [ 114.273219108581543, 34.809139966964722 ], [ 114.273219108581543, 34.809300899505615 ], [ 114.273144006729126, 34.809300899505615 ], [ 114.273144006729126, 34.809472560882568 ], [ 114.272961616516113, 34.809472560882568 ], [ 114.272961616516113, 34.809558391571045 ] ], [ [ 114.283840656280518, 34.823516607284546 ], [ 114.283836968243122, 34.823529683053493 ], [ 114.28382758051157, 34.823520274367183 ], [ 114.283840656280518, 34.823516607284546 ] ], [ [ 114.285074472427368, 34.823452234268188 ], [ 114.285070784389973, 34.823465310037136 ], [ 114.285061396658421, 34.823455901350826 ], [ 114.285074472427368, 34.823452234268188 ] ], [ [ 114.284623861312866, 34.823398590087891 ], [ 114.284620173275471, 34.823411665856838 ], [ 114.284610785543919, 34.823402257170528 ], [ 114.284623861312866, 34.823398590087891 ] ], [ [ 114.278712272644043, 34.821982383728027 ], [ 114.278712272644043, 34.822143316268921 ], [ 114.278647899627686, 34.822143316268921 ], [ 114.278647899627686, 34.821982383728027 ], [ 114.278712272644043, 34.821982383728027 ] ], [ [ 114.284559488296509, 34.820888042449951 ], [ 114.284559488296509, 34.820973873138428 ], [ 114.284462928771973, 34.820973873138428 ], [ 114.284462928771973, 34.820888042449951 ], [ 114.284559488296509, 34.820888042449951 ] ], [ [ 114.276877641677856, 34.816145896911621 ], [ 114.276877641677856, 34.816231727600098 ], [ 114.277060031890869, 34.816231727600098 ], [ 114.277060031890869, 34.816306829452515 ], [ 114.277317523956299, 34.816306829452515 ], [ 114.277317523956299, 34.816392660140991 ], [ 114.277381896972656, 34.816392660140991 ], [ 114.277381896972656, 34.816564321517944 ], [ 114.277478456497192, 34.816564321517944 ], [ 114.277478456497192, 34.816639423370361 ], [ 114.27754282951355, 34.816639423370361 ], [ 114.27754282951355, 34.816725254058838 ], [ 114.277478456497192, 34.816725254058838 ], [ 114.277478456497192, 34.816811084747314 ], [ 114.277381896972656, 34.816811084747314 ], [ 114.277381896972656, 34.816972017288208 ], [ 114.277317523956299, 34.816972017288208 ], [ 114.277317523956299, 34.817143678665161 ], [ 114.277135133743286, 34.817143678665161 ], [ 114.277135133743286, 34.817229509353638 ], [ 114.276974201202393, 34.817229509353638 ], [ 114.276974201202393, 34.817143678665161 ], [ 114.276555776596069, 34.817143678665161 ], [ 114.276555776596069, 34.817057847976685 ], [ 114.276469945907593, 34.817057847976685 ], [ 114.276469945907593, 34.816972017288208 ], [ 114.276309013366699, 34.816972017288208 ], [ 114.276309013366699, 34.816896915435791 ], [ 114.276148080825806, 34.816896915435791 ], [ 114.276148080825806, 34.816725254058838 ], [ 114.276309013366699, 34.816725254058838 ], [ 114.276309013366699, 34.816392660140991 ], [ 114.276394844055176, 34.816392660140991 ], [ 114.276394844055176, 34.816306829452515 ], [ 114.276469945907593, 34.816306829452515 ], [ 114.276469945907593, 34.816145896911621 ], [ 114.276555776596069, 34.816145896911621 ], [ 114.276555776596069, 34.816231727600098 ], [ 114.276630878448486, 34.816231727600098 ], [ 114.276630878448486, 34.816145896911621 ], [ 114.276877641677856, 34.816145896911621 ] ], [ [ 114.279634952545166, 34.815309047698975 ], [ 114.279634952545166, 34.815384149551392 ], [ 114.279559850692749, 34.815384149551392 ], [ 114.279559850692749, 34.815309047698975 ], [ 114.279634952545166, 34.815309047698975 ] ] ] ] } },
{ "type": "Feature", "properties": { "Id": 1539, "GRIDCODE": 9 }, "geometry": { "type": "MultiPolygon", "coordinates": [ [ [ [ 114.272886514663696, 34.803217649459839 ], [ 114.271470308303833, 34.803217649459839 ], [ 114.271470308303833, 34.803303480148315 ], [ 114.272886514663696, 34.803303480148315 ], [ 114.272886514663696, 34.803217649459839 ] ] ] ] } },
{ "type": "Feature", "properties": { "Id": 1542, "GRIDCODE": 9 }, "geometry": { "type": "MultiPolygon", "coordinates": [ [ [ [ 114.271062612533569, 34.803142547607422 ], [ 114.27005410194397, 34.803142547607422 ], [ 114.27005410194397, 34.803217649459839 ], [ 114.27080512046814, 34.803217649459839 ], [ 114.27080512046814, 34.803303480148315 ], [ 114.271062612533569, 34.803303480148315 ], [ 114.271062612533569, 34.803142547607422 ] ] ] ] } },
{ "type": "Feature", "properties": { "Id": 1561, "GRIDCODE": 9 }, "geometry": { "type": "MultiPolygon", "coordinates": [ [ [ [ 114.335145950317383, 34.802058935165405 ], [ 114.334888458251953, 34.802058935165405 ], [ 114.334888458251953, 34.802305698394775 ], [ 114.334985017776489, 34.802305698394775 ], [ 114.334985017776489, 34.802391529083252 ], [ 114.335049390792847, 34.802391529083252 ], [ 114.335049390792847, 34.802477359771729 ], [ 114.335145950317383, 34.802477359771729 ], [ 114.335145950317383, 34.802552461624146 ], [ 114.33521032333374, 34.802552461624146 ], [ 114.33521032333374, 34.802638292312622 ], [ 114.335049390792847, 34.802638292312622 ], [ 114.335049390792847, 34.802724123001099 ], [ 114.335145950317383, 34.802724123001099 ], [ 114.335145950317383, 34.802809953689575 ], [ 114.33521032333374, 34.802809953689575 ], [ 114.33521032333374, 34.802885055541992 ], [ 114.335306882858276, 34.802885055541992 ], [ 114.335306882858276, 34.803056716918945 ], [ 114.335392713546753, 34.803056716918945 ], [ 114.335392713546753, 34.803142547607422 ], [ 114.335306882858276, 34.803142547607422 ], [ 114.335306882858276, 34.803217649459839 ], [ 114.33571457862854, 34.803217649459839 ], [ 114.33571457862854, 34.803142547607422 ], [ 114.335650205612183, 34.803142547607422 ], [ 114.335650205612183, 34.802970886230469 ], [ 114.335553646087646, 34.802970886230469 ], [ 114.335553646087646, 34.802809953689575 ], [ 114.33546781539917, 34.802809953689575 ], [ 114.33546781539917, 34.802724123001099 ], [ 114.335392713546753, 34.802724123001099 ], [ 114.335392713546753, 34.802552461624146 ], [ 114.335306882858276, 34.802552461624146 ], [ 114.335306882858276, 34.802219867706299 ], [ 114.33521032333374, 34.802219867706299 ], [ 114.33521032333374, 34.802144765853882 ], [ 114.335145950317383, 34.802144765853882 ], [ 114.335145950317383, 34.802058935165405 ] ] ] ] } },
{ "type": "Feature", "properties": { "Id": 1575, "GRIDCODE": 9 }, "geometry": { "type": "MultiPolygon", "coordinates": [ [ [ [ 114.292219877243042, 34.801640510559082 ], [ 114.292058944702148, 34.801640510559082 ], [ 114.292058944702148, 34.801726341247559 ], [ 114.292219877243042, 34.801726341247559 ], [ 114.292219877243042, 34.801640510559082 ] ] ] ] } },
{ "type": "Feature", "properties": { "Id": 1576, "GRIDCODE": 9 }, "geometry": { "type": "MultiPolygon", "coordinates": [ [ [ [ 114.292809963226318, 34.801640510559082 ], [ 114.292724132537842, 34.801640510559082 ], [ 114.292724132537842, 34.801726341247559 ], [ 114.292809963226318, 34.801726341247559 ], [ 114.292809963226318, 34.801640510559082 ] ] ] ] } },
{ "type": "Feature", "properties": { "Id": 1579, "GRIDCODE": 9 }, "geometry": { "type": "MultiPolygon", "coordinates": [ [ [ [ 114.38139796257019, 34.801554679870605 ], [ 114.381301403045654, 34.801554679870605 ], [ 114.381301403045654, 34.801640510559082 ], [ 114.38139796257019, 34.801640510559082 ], [ 114.38139796257019, 34.801554679870605 ] ] ] ] } },
{ "type": "Feature", "properties": { "Id": 1592, "GRIDCODE": 9 }, "geometry": { "type": "MultiPolygon", "coordinates": [ [ [ [ 114.334384202957153, 34.801222085952759 ], [ 114.33422327041626, 34.801222085952759 ], [ 114.33422327041626, 34.801393747329712 ], [ 114.334298372268677, 34.801393747329712 ], [ 114.334298372268677, 34.801479578018188 ], [ 114.334384202957153, 34.801479578018188 ], [ 114.334384202957153, 34.801726341247559 ], [ 114.33422327041626, 34.801726341247559 ], [ 114.33422327041626, 34.801973104476929 ], [ 114.334384202957153, 34.801973104476929 ], [ 114.334384202957153, 34.802058935165405 ], [ 114.334802627563477, 34.802058935165405 ], [ 114.334802627563477, 34.801973104476929 ], [ 114.334480762481689, 34.801973104476929 ], [ 114.334480762481689, 34.801307916641235 ], [ 114.334384202957153, 34.801307916641235 ], [ 114.334384202957153, 34.801222085952759 ] ] ] ] } },
{ "type": "Feature", "properties": { "Id": 1598, "GRIDCODE": 9 }, "geometry": { "type": "MultiPolygon", "coordinates": [ [ [ [ 114.437906742095947, 34.800986051559448 ], [ 114.437893666327, 34.800989718642086 ], [ 114.437903054058552, 34.800999127328396 ], [ 114.437906742095947, 34.800986051559448 ] ] ] ] } },
{ "type": "Feature", "properties": { "Id": 1612, "GRIDCODE": 9 }, "geometry": { "type": "MultiPolygon", "coordinates": [ [ [ [ 114.334137439727783, 34.800556898117065 ], [ 114.334062337875366, 34.800556898117065 ], [ 114.334062337875366, 34.800642728805542 ], [ 114.334137439727783, 34.800642728805542 ], [ 114.334137439727783, 34.800556898117065 ] ] ] ] } },
{ "type": "Feature", "properties": { "Id": 1629, "GRIDCODE": 9 }, "geometry": { "type": "MultiPolygon", "coordinates": [ [ [ [ 114.334137439727783, 34.800556898117065 ], [ 114.334298372268677, 34.800556898117065 ], [ 114.334298372268677, 34.799977540969849 ], [ 114.334062337875366, 34.799977540969849 ], [ 114.334062337875366, 34.800063371658325 ], [ 114.334137439727783, 34.800063371658325 ], [ 114.334137439727783, 34.800224304199219 ], [ 114.33397650718689, 34.800224304199219 ], [ 114.33397650718689, 34.800395965576172 ], [ 114.334062337875366, 34.800395965576172 ], [ 114.334062337875366, 34.800471067428589 ], [ 114.334137439727783, 34.800471067428589 ], [ 114.334137439727783, 34.800556898117065 ] ] ] ] } },
{ "type": "Feature", "properties": { "Id": 1641, "GRIDCODE": 9 }, "geometry": { "type": "MultiPolygon", "coordinates": [ [ [ [ 114.291297197341919, 34.799312353134155 ], [ 114.291222095489502, 34.799312353134155 ], [ 114.291222095489502, 34.799398183822632 ], [ 114.291297197341919, 34.799398183822632 ], [ 114.291297197341919, 34.799312353134155 ] ] ] ] } },
{ "type": "Feature", "properties": { "Id": 1649, "GRIDCODE": 9 }, "geometry": { "type": "MultiPolygon", "coordinates": [ [ [ [ 114.333879947662354, 34.798893928527832 ], [ 114.333815574645996, 34.798893928527832 ], [ 114.333815574645996, 34.798979759216309 ], [ 114.333879947662354, 34.798979759216309 ], [ 114.333879947662354, 34.798893928527832 ] ] ] ] } },
{ "type": "Feature", "properties": { "Id": 1653, "GRIDCODE": 9 }, "geometry": { "type": "MultiPolygon", "coordinates": [ [ [ [ 114.292649030685425, 34.798808097839355 ], [ 114.292144775390625, 34.798808097839355 ], [ 114.292144775390625, 34.798893928527832 ], [ 114.291801452636719, 34.798893928527832 ], [ 114.291801452636719, 34.798979759216309 ], [ 114.291726350784302, 34.798979759216309 ], [ 114.291726350784302, 34.799226522445679 ], [ 114.291554689407349, 34.799226522445679 ], [ 114.291554689407349, 34.799312353134155 ], [ 114.291479587554932, 34.799312353134155 ], [ 114.291479587554932, 34.799559116363525 ], [ 114.291136264801025, 34.799559116363525 ], [ 114.291136264801025, 34.799398183822632 ], [ 114.291050434112549, 34.799398183822632 ], [ 114.291050434112549, 34.799140691757202 ], [ 114.290975332260132, 34.799140691757202 ], [ 114.290975332260132, 34.799065589904785 ], [ 114.290889501571655, 34.799065589904785 ], [ 114.290889501571655, 34.798979759216309 ], [ 114.290728569030762, 34.798979759216309 ], [ 114.290728569030762, 34.798893928527832 ], [ 114.290632009506226, 34.798893928527832 ], [ 114.290632009506226, 34.798808097839355 ], [ 114.290224313735962, 34.798808097839355 ], [ 114.290224313735962, 34.798893928527832 ], [ 114.289966821670532, 34.798893928527832 ], [ 114.289966821670532, 34.798808097839355 ], [ 114.289891719818115, 34.798808097839355 ], [ 114.289891719818115, 34.798979759216309 ], [ 114.289966821670532, 34.798979759216309 ], [ 114.289966821670532, 34.799226522445679 ], [ 114.289805889129639, 34.799226522445679 ], [ 114.289805889129639, 34.799312353134155 ], [ 114.289891719818115, 34.799312353134155 ], [ 114.289891719818115, 34.799398183822632 ], [ 114.289805889129639, 34.799398183822632 ], [ 114.289805889129639, 34.799473285675049 ], [ 114.289462566375732, 34.799473285675049 ], [ 114.289462566375732, 34.799730777740479 ], [ 114.289398193359375, 34.799730777740479 ], [ 114.289398193359375, 34.799977540969849 ], [ 114.289301633834839, 34.799977540969849 ], [ 114.289301633834839, 34.800063371658325 ], [ 114.288979768753052, 34.800063371658325 ], [ 114.288979768753052, 34.800138473510742 ], [ 114.288893938064575, 34.800138473510742 ], [ 114.288893938064575, 34.800224304199219 ], [ 114.288979768753052, 34.800224304199219 ], [ 114.288979768753052, 34.800310134887695 ], [ 114.288797378540039, 34.800310134887695 ], [ 114.288797378540039, 34.800556898117065 ], [ 114.288893938064575, 34.800556898117065 ], [ 114.288893938064575, 34.800395965576172 ], [ 114.288979768753052, 34.800395965576172 ], [ 114.288979768753052, 34.800471067428589 ], [ 114.289054870605469, 34.800471067428589 ], [ 114.289054870605469, 34.800556898117065 ], [ 114.288979768753052, 34.800556898117065 ], [ 114.288979768753052, 34.800642728805542 ], [ 114.288893938064575, 34.800642728805542 ], [ 114.288893938064575, 34.800803661346436 ], [ 114.288979768753052, 34.800803661346436 ], [ 114.288979768753052, 34.800889492034912 ], [ 114.289301633834839, 34.800889492034912 ], [ 114.289301633834839, 34.800975322723389 ], [ 114.289398193359375, 34.800975322723389 ], [ 114.289398193359375, 34.801061153411865 ], [ 114.289462566375732, 34.801061153411865 ], [ 114.289462566375732, 34.801146984100342 ], [ 114.289720058441162, 34.801146984100342 ], [ 114.289720058441162, 34.801222085952759 ], [ 114.290127754211426, 34.801222085952759 ], [ 114.290127754211426, 34.801307916641235 ], [ 114.290224313735962, 34.801307916641235 ], [ 114.290224313735962, 34.801393747329712 ], [ 114.290471076965332, 34.801393747329712 ], [ 114.290471076965332, 34.801479578018188 ], [ 114.290556907653809, 34.801479578018188 ], [ 114.290556907653809, 34.801640510559082 ], [ 114.290632009506226, 34.801640510559082 ], [ 114.290632009506226, 34.801726341247559 ], [ 114.290728569030762, 34.801726341247559 ], [ 114.290728569030762, 34.801640510559082 ], [ 114.290814399719238, 34.801640510559082 ], [ 114.290814399719238, 34.801726341247559 ], [ 114.291393756866455, 34.801726341247559 ], [ 114.291393756866455, 34.801640510559082 ], [ 114.291554689407349, 34.801640510559082 ], [ 114.291554689407349, 34.801726341247559 ], [ 114.291640520095825, 34.801726341247559 ], [ 114.291640520095825, 34.801640510559082 ], [ 114.291726350784302, 34.801640510559082 ], [ 114.291726350784302, 34.801479578018188 ], [ 114.291962385177612, 34.801479578018188 ], [ 114.291962385177612, 34.801554679870605 ], [ 114.292058944702148, 34.801554679870605 ], [ 114.292058944702148, 34.801479578018188 ], [ 114.292219877243042, 34.801479578018188 ], [ 114.292219877243042, 34.801554679870605 ], [ 114.292466640472412, 34.801554679870605 ], [ 114.292466640472412, 34.801479578018188 ], [ 114.292809963226318, 34.801479578018188 ], [ 114.292809963226318, 34.801393747329712 ], [ 114.292885065078735, 34.801393747329712 ], [ 114.292885065078735, 34.801479578018188 ], [ 114.293217658996582, 34.801479578018188 ], [ 114.293217658996582, 34.801640510559082 ], [ 114.293314218521118, 34.801640510559082 ], [ 114.293314218521118, 34.801726341247559 ], [ 114.293475151062012, 34.801726341247559 ], [ 114.293475151062012, 34.801887273788452 ], [ 114.293797016143799, 34.801887273788452 ], [ 114.293797016143799, 34.801973104476929 ], [ 114.294226169586182, 34.801973104476929 ], [ 114.294226169586182, 34.801887273788452 ], [ 114.294483661651611, 34.801887273788452 ], [ 114.294483661651611, 34.801812171936035 ], [ 114.294644594192505, 34.801812171936035 ], [ 114.294644594192505, 34.801726341247559 ], [ 114.294548034667969, 34.801726341247559 ], [ 114.294548034667969, 34.801640510559082 ], [ 114.294483661651611, 34.801640510559082 ], [ 114.294483661651611, 34.801479578018188 ], [ 114.294644594192505, 34.801479578018188 ], [ 114.294644594192505, 34.801554679870605 ], [ 114.294719696044922, 34.801554679870605 ], [ 114.294719696044922, 34.801479578018188 ], [ 114.294805526733398, 34.801479578018188 ], [ 114.294805526733398, 34.801393747329712 ], [ 114.294891357421875, 34.801393747329712 ], [ 114.294891357421875, 34.801307916641235 ], [ 114.295052289962769, 34.801307916641235 ], [ 114.295052289962769, 34.800556898117065 ], [ 114.294966459274292, 34.800556898117065 ], [ 114.294966459274292, 34.800471067428589 ], [ 114.294719696044922, 34.800471067428589 ], [ 114.294719696044922, 34.800138473510742 ], [ 114.294891357421875, 34.800138473510742 ], [ 114.294891357421875, 34.800063371658325 ], [ 114.294805526733398, 34.800063371658325 ], [ 114.294805526733398, 34.799977540969849 ], [ 114.294644594192505, 34.799977540969849 ], [ 114.294644594192505, 34.799559116363525 ], [ 114.294548034667969, 34.799559116363525 ], [ 114.294548034667969, 34.799473285675049 ], [ 114.294483661651611, 34.799473285675049 ], [ 114.294483661651611, 34.799398183822632 ], [ 114.294387102127075, 34.799398183822632 ], [ 114.294387102127075, 34.799312353134155 ], [ 114.294226169586182, 34.799312353134155 ], [ 114.294226169586182, 34.799226522445679 ], [ 114.294140338897705, 34.799226522445679 ], [ 114.294140338897705, 34.799065589904785 ], [ 114.294054508209229, 34.799065589904785 ], [ 114.294054508209229, 34.798979759216309 ], [ 114.293882846832275, 34.798979759216309 ], [ 114.293882846832275, 34.798893928527832 ], [ 114.293131828308105, 34.798893928527832 ], [ 114.293131828308105, 34.799065589904785 ], [ 114.293056726455688, 34.799065589904785 ], [ 114.293056726455688, 34.799226522445679 ], [ 114.292809963226318, 34.799226522445679 ], [ 114.292809963226318, 34.799065589904785 ], [ 114.292885065078735, 34.799065589904785 ], [ 114.292885065078735, 34.798979759216309 ], [ 114.292809963226318, 34.798979759216309 ], [ 114.292809963226318, 34.798893928527832 ], [ 114.292649030685425, 34.798893928527832 ], [ 114.292649030685425, 34.798808097839355 ] ], [ [ 114.294054508209229, 34.801479578018188 ], [ 114.294054508209229, 34.801307916641235 ], [ 114.294140338897705, 34.801307916641235 ], [ 114.294140338897705, 34.801393747329712 ], [ 114.294301271438599, 34.801393747329712 ], [ 114.294301271438599, 34.801479578018188 ], [ 114.294054508209229, 34.801479578018188 ], [ 114.294054508209229, 34.801554679870605 ], [ 114.293882846832275, 34.801554679870605 ], [ 114.293882846832275, 34.801726341247559 ], [ 114.293797016143799, 34.801726341247559 ], [ 114.293797016143799, 34.801812171936035 ], [ 114.293560981750488, 34.801812171936035 ], [ 114.293560981750488, 34.801726341247559 ], [ 114.293721914291382, 34.801726341247559 ], [ 114.293721914291382, 34.801640510559082 ], [ 114.293797016143799, 34.801640510559082 ], [ 114.293797016143799, 34.801479578018188 ], [ 114.294054508209229, 34.801479578018188 ] ], [ [ 114.291479587554932, 34.800063371658325 ], [ 114.291479587554932, 34.800138473510742 ], [ 114.291554689407349, 34.800138473510742 ], [ 114.291554689407349, 34.800395965576172 ], [ 114.291640520095825, 34.800395965576172 ], [ 114.291640520095825, 34.800471067428589 ], [ 114.291554689407349, 34.800471067428589 ], [ 114.291554689407349, 34.800728559494019 ], [ 114.291050434112549, 34.800728559494019 ], [ 114.291050434112549, 34.800642728805542 ], [ 114.290975332260132, 34.800642728805542 ], [ 114.290975332260132, 34.800395965576172 ], [ 114.291136264801025, 34.800395965576172 ], [ 114.291136264801025, 34.800138473510742 ], [ 114.291222095489502, 34.800138473510742 ], [ 114.291222095489502, 34.800063371658325 ], [ 114.291479587554932, 34.800063371658325 ] ], [ [ 114.291887283325195, 34.800556898117065 ], [ 114.291887283325195, 34.800642728805542 ], [ 114.291801452636719, 34.800642728805542 ], [ 114.291801452636719, 34.800556898117065 ], [ 114.291887283325195, 34.800556898117065 ] ] ] ] } },
{ "type": "Feature", "properties": { "Id": 1659, "GRIDCODE": 9 }, "geometry": { "type": "MultiPolygon", "coordinates": [ [ [ [ 114.333815574645996, 34.798550605773926 ], [ 114.33371901512146, 34.798550605773926 ], [ 114.33371901512146, 34.798647165298462 ], [ 114.333815574645996, 34.798647165298462 ], [ 114.333815574645996, 34.798550605773926 ] ] ] ] } },
{ "type": "Feature", "properties": { "Id": 1670, "GRIDCODE": 9 }, "geometry": { "type": "MultiPolygon", "coordinates": [ [ [ [ 114.273809194564819, 34.802144765853882 ], [ 114.273723363876343, 34.802144765853882 ], [ 114.273723363876343, 34.802058935165405 ], [ 114.273809194564819, 34.802058935165405 ], [ 114.273809194564819, 34.802144765853882 ], [ 114.273884296417236, 34.802144765853882 ], [ 114.273884296417236, 34.801973104476929 ], [ 114.273809194564819, 34.801973104476929 ], [ 114.273809194564819, 34.801812171936035 ], [ 114.273884296417236, 34.801812171936035 ], [ 114.273884296417236, 34.801726341247559 ], [ 114.274131059646606, 34.801726341247559 ], [ 114.274131059646606, 34.801812171936035 ], [ 114.274474382400513, 34.801812171936035 ], [ 114.274474382400513, 34.801726341247559 ], [ 114.2747962474823, 34.801726341247559 ], [ 114.2747962474823, 34.801812171936035 ], [ 114.275643825531006, 34.801812171936035 ], [ 114.275643825531006, 34.801726341247559 ], [ 114.275804758071899, 34.801726341247559 ], [ 114.275804758071899, 34.801640510559082 ], [ 114.275890588760376, 34.801640510559082 ], [ 114.275890588760376, 34.801554679870605 ], [ 114.275965690612793, 34.801554679870605 ], [ 114.275965690612793, 34.801479578018188 ], [ 114.27605152130127, 34.801479578018188 ], [ 114.27605152130127, 34.801393747329712 ], [ 114.275890588760376, 34.801393747329712 ], [ 114.275890588760376, 34.800889492034912 ], [ 114.275804758071899, 34.800889492034912 ], [ 114.275804758071899, 34.800642728805542 ], [ 114.275718927383423, 34.800642728805542 ], [ 114.275718927383423, 34.800471067428589 ], [ 114.275643825531006, 34.800471067428589 ], [ 114.275643825531006, 34.800395965576172 ], [ 114.27554726600647, 34.800395965576172 ], [ 114.27554726600647, 34.800310134887695 ], [ 114.275482892990112, 34.800310134887695 ], [ 114.275482892990112, 34.800224304199219 ], [ 114.275386333465576, 34.800224304199219 ], [ 114.275386333465576, 34.800063371658325 ], [ 114.2753005027771, 34.800063371658325 ], [ 114.2753005027771, 34.799644947052002 ], [ 114.275225400924683, 34.799644947052002 ], [ 114.275225400924683, 34.799559116363525 ], [ 114.275139570236206, 34.799559116363525 ], [ 114.275139570236206, 34.799473285675049 ], [ 114.274635314941406, 34.799473285675049 ], [ 114.274635314941406, 34.799398183822632 ], [ 114.274216890335083, 34.799398183822632 ], [ 114.274216890335083, 34.799559116363525 ], [ 114.274055957794189, 34.799559116363525 ], [ 114.274055957794189, 34.799805879592896 ], [ 114.274131059646606, 34.799805879592896 ], [ 114.274131059646606, 34.799891710281372 ], [ 114.274055957794189, 34.799891710281372 ], [ 114.274055957794189, 34.800063371658325 ], [ 114.273970127105713, 34.800063371658325 ], [ 114.273970127105713, 34.800224304199219 ], [ 114.273884296417236, 34.800224304199219 ], [ 114.273884296417236, 34.800138473510742 ], [ 114.27355170249939, 34.800138473510742 ], [ 114.27355170249939, 34.800063371658325 ], [ 114.273465871810913, 34.800063371658325 ], [ 114.273465871810913, 34.799977540969849 ], [ 114.273390769958496, 34.799977540969849 ], [ 114.273390769958496, 34.799891710281372 ], [ 114.273465871810913, 34.799891710281372 ], [ 114.273465871810913, 34.799805879592896 ], [ 114.273390769958496, 34.799805879592896 ], [ 114.273390769958496, 34.799730777740479 ], [ 114.27330493927002, 34.799730777740479 ], [ 114.27330493927002, 34.799559116363525 ], [ 114.273219108581543, 34.799559116363525 ], [ 114.273219108581543, 34.799226522445679 ], [ 114.273144006729126, 34.799226522445679 ], [ 114.273144006729126, 34.798647165298462 ], [ 114.273219108581543, 34.798647165298462 ], [ 114.273219108581543, 34.798550605773926 ], [ 114.273390769958496, 34.798550605773926 ], [ 114.273390769958496, 34.798303842544556 ], [ 114.27330493927002, 34.798303842544556 ], [ 114.27330493927002, 34.798218011856079 ], [ 114.273219108581543, 34.798218011856079 ], [ 114.273219108581543, 34.798142910003662 ], [ 114.273058176040649, 34.798142910003662 ], [ 114.273058176040649, 34.798057079315186 ], [ 114.272961616516113, 34.798057079315186 ], [ 114.272961616516113, 34.797971248626709 ], [ 114.271974563598633, 34.797971248626709 ], [ 114.271974563598633, 34.798057079315186 ], [ 114.271309375762939, 34.798057079315186 ], [ 114.271309375762939, 34.797971248626709 ], [ 114.270719289779663, 34.797971248626709 ], [ 114.270719289779663, 34.798057079315186 ], [ 114.270225763320923, 34.798057079315186 ], [ 114.270225763320923, 34.798142910003662 ], [ 114.269893169403076, 34.798142910003662 ], [ 114.269893169403076, 34.798389673233032 ], [ 114.269732236862183, 34.798389673233032 ], [ 114.269732236862183, 34.798475503921509 ], [ 114.269635677337646, 34.798475503921509 ], [ 114.269635677337646, 34.798550605773926 ], [ 114.26954984664917, 34.798550605773926 ], [ 114.26954984664917, 34.798647165298462 ], [ 114.269474744796753, 34.798647165298462 ], [ 114.269474744796753, 34.798808097839355 ], [ 114.269388914108276, 34.798808097839355 ], [ 114.269388914108276, 34.798979759216309 ], [ 114.269313812255859, 34.798979759216309 ], [ 114.269313812255859, 34.799140691757202 ], [ 114.269067049026489, 34.799140691757202 ], [ 114.269067049026489, 34.799226522445679 ], [ 114.268970489501953, 34.799226522445679 ], [ 114.268970489501953, 34.799312353134155 ], [ 114.268884658813477, 34.799312353134155 ], [ 114.268884658813477, 34.799473285675049 ], [ 114.268723726272583, 34.799473285675049 ], [ 114.268723726272583, 34.799398183822632 ], [ 114.268562793731689, 34.799398183822632 ], [ 114.268562793731689, 34.799559116363525 ], [ 114.268401861190796, 34.799559116363525 ], [ 114.268401861190796, 34.800063371658325 ], [ 114.26830530166626, 34.800063371658325 ], [ 114.26830530166626, 34.800395965576172 ], [ 114.268144369125366, 34.800395965576172 ], [ 114.268144369125366, 34.800556898117065 ], [ 114.268219470977783, 34.800556898117065 ], [ 114.268219470977783, 34.800642728805542 ], [ 114.26830530166626, 34.800642728805542 ], [ 114.26830530166626, 34.800803661346436 ], [ 114.268219470977783, 34.800803661346436 ], [ 114.268219470977783, 34.800889492034912 ], [ 114.26830530166626, 34.800889492034912 ], [ 114.26830530166626, 34.800975322723389 ], [ 114.268401861190796, 34.800975322723389 ], [ 114.268401861190796, 34.801146984100342 ], [ 114.268627166748047, 34.801146984100342 ], [ 114.268627166748047, 34.801222085952759 ], [ 114.268723726272583, 34.801222085952759 ], [ 114.268723726272583, 34.801393747329712 ], [ 114.26880955696106, 34.801393747329712 ], [ 114.26880955696106, 34.801307916641235 ], [ 114.268884658813477, 34.801307916641235 ], [ 114.268884658813477, 34.801222085952759 ], [ 114.269067049026489, 34.801222085952759 ], [ 114.269067049026489, 34.801307916641235 ], [ 114.269131422042847, 34.801307916641235 ], [ 114.269131422042847, 34.801393747329712 ], [ 114.269227981567383, 34.801393747329712 ], [ 114.269227981567383, 34.801479578018188 ], [ 114.269313812255859, 34.801479578018188 ], [ 114.269313812255859, 34.801554679870605 ], [ 114.269388914108276, 34.801554679870605 ], [ 114.269388914108276, 34.801640510559082 ], [ 114.269474744796753, 34.801640510559082 ], [ 114.269474744796753, 34.801726341247559 ], [ 114.26954984664917, 34.801726341247559 ], [ 114.26954984664917, 34.801887273788452 ], [ 114.269474744796753, 34.801887273788452 ], [ 114.269474744796753, 34.801973104476929 ], [ 114.26954984664917, 34.801973104476929 ], [ 114.26954984664917, 34.802058935165405 ], [ 114.269635677337646, 34.802058935165405 ], [ 114.269635677337646, 34.802144765853882 ], [ 114.269732236862183, 34.802144765853882 ], [ 114.269732236862183, 34.802058935165405 ], [ 114.269893169403076, 34.802058935165405 ], [ 114.269893169403076, 34.802144765853882 ], [ 114.269979000091553, 34.802144765853882 ], [ 114.269979000091553, 34.802638292312622 ], [ 114.27005410194397, 34.802638292312622 ], [ 114.27005410194397, 34.803056716918945 ], [ 114.271384477615356, 34.803056716918945 ], [ 114.271384477615356, 34.803142547607422 ], [ 114.272135496139526, 34.803142547607422 ], [ 114.272135496139526, 34.803056716918945 ], [ 114.273219108581543, 34.803056716918945 ], [ 114.273219108581543, 34.802970886230469 ], [ 114.273390769958496, 34.802970886230469 ], [ 114.273390769958496, 34.802885055541992 ], [ 114.27330493927002, 34.802885055541992 ], [ 114.27330493927002, 34.802477359771729 ], [ 114.273465871810913, 34.802477359771729 ], [ 114.273465871810913, 34.802391529083252 ], [ 114.27355170249939, 34.802391529083252 ], [ 114.27355170249939, 34.802219867706299 ], [ 114.273648262023926, 34.802219867706299 ], [ 114.273648262023926, 34.802305698394775 ], [ 114.273809194564819, 34.802305698394775 ], [ 114.273809194564819, 34.802144765853882 ] ], [ [ 114.269893169403076, 34.799398183822632 ], [ 114.269893169403076, 34.799473285675049 ], [ 114.26979660987854, 34.799473285675049 ], [ 114.26979660987854, 34.799559116363525 ], [ 114.269893169403076, 34.799559116363525 ], [ 114.269893169403076, 34.799644947052002 ], [ 114.269979000091553, 34.799644947052002 ], [ 114.269979000091553, 34.799891710281372 ], [ 114.269732236862183, 34.799891710281372 ], [ 114.269732236862183, 34.800063371658325 ], [ 114.269474744796753, 34.800063371658325 ], [ 114.269474744796753, 34.800138473510742 ], [ 114.269388914108276, 34.800138473510742 ], [ 114.269388914108276, 34.800224304199219 ], [ 114.268627166748047, 34.800224304199219 ], [ 114.268627166748047, 34.799977540969849 ], [ 114.268562793731689, 34.799977540969849 ], [ 114.268562793731689, 34.799805879592896 ], [ 114.268627166748047, 34.799805879592896 ], [ 114.268627166748047, 34.799644947052002 ], [ 114.268723726272583, 34.799644947052002 ], [ 114.268723726272583, 34.799559116363525 ], [ 114.268970489501953, 34.799559116363525 ], [ 114.268970489501953, 34.799473285675049 ], [ 114.269388914108276, 34.799473285675049 ], [ 114.269388914108276, 34.799398183822632 ], [ 114.269893169403076, 34.799398183822632 ] ] ] ] } },
{ "type": "Feature", "properties": { "Id": 1679, "GRIDCODE": 9 }, "geometry": { "type": "MultiPolygon", "coordinates": [ [ [ [ 114.334802627563477, 34.797638654708862 ], [ 114.33472752571106, 34.797638654708862 ], [ 114.33472752571106, 34.797724485397339 ], [ 114.334802627563477, 34.797724485397339 ], [ 114.334802627563477, 34.797638654708862 ] ] ] ] } },
{ "type": "Feature", "properties": { "Id": 1683, "GRIDCODE": 9 }, "geometry": { "type": "MultiPolygon", "coordinates": [ [ [ [ 114.333815574645996, 34.798550605773926 ], [ 114.333879947662354, 34.798550605773926 ], [ 114.333879947662354, 34.798218011856079 ], [ 114.334062337875366, 34.798218011856079 ], [ 114.334062337875366, 34.798142910003662 ], [ 114.334137439727783, 34.798142910003662 ], [ 114.334137439727783, 34.798057079315186 ], [ 114.33422327041626, 34.798057079315186 ], [ 114.33422327041626, 34.797971248626709 ], [ 114.334384202957153, 34.797971248626709 ], [ 114.334384202957153, 34.797885417938232 ], [ 114.334480762481689, 34.797885417938232 ], [ 114.334480762481689, 34.797810316085815 ], [ 114.334384202957153, 34.797810316085815 ], [ 114.334384202957153, 34.797552824020386 ], [ 114.33422327041626, 34.797552824020386 ], [ 114.33422327041626, 34.797638654708862 ], [ 114.334137439727783, 34.797638654708862 ], [ 114.334137439727783, 34.797810316085815 ], [ 114.334062337875366, 34.797810316085815 ], [ 114.334062337875366, 34.797885417938232 ], [ 114.333879947662354, 34.797885417938232 ], [ 114.333879947662354, 34.797971248626709 ], [ 114.33397650718689, 34.797971248626709 ], [ 114.33397650718689, 34.798057079315186 ], [ 114.333815574645996, 34.798057079315186 ], [ 114.333815574645996, 34.798142910003662 ], [ 114.33371901512146, 34.798142910003662 ], [ 114.33371901512146, 34.798303842544556 ], [ 114.333815574645996, 34.798303842544556 ], [ 114.333815574645996, 34.798550605773926 ] ] ] ] } },
{ "type": "Feature", "properties": { "Id": 1693, "GRIDCODE": 9 }, "geometry": { "type": "MultiPolygon", "coordinates": [ [ [ [ 114.334480762481689, 34.796973466873169 ], [ 114.334384202957153, 34.796973466873169 ], [ 114.334384202957153, 34.797220230102539 ], [ 114.334298372268677, 34.797220230102539 ], [ 114.334298372268677, 34.797391891479492 ], [ 114.334545135498047, 34.797391891479492 ], [ 114.334545135498047, 34.797477722167969 ], [ 114.334641695022583, 34.797477722167969 ], [ 114.334641695022583, 34.797306060791016 ], [ 114.334480762481689, 34.797306060791016 ], [ 114.334480762481689, 34.796973466873169 ] ] ] ] } },
{ "type": "Feature", "properties": { "Id": 1705, "GRIDCODE": 9 }, "geometry": { "type": "MultiPolygon", "coordinates": [ [ [ [ 114.334802627563477, 34.796394109725952 ], [ 114.33472752571106, 34.796394109725952 ], [ 114.33472752571106, 34.796469211578369 ], [ 114.334641695022583, 34.796469211578369 ], [ 114.334641695022583, 34.796640872955322 ], [ 114.334480762481689, 34.796640872955322 ], [ 114.334480762481689, 34.796801805496216 ], [ 114.334641695022583, 34.796801805496216 ], [ 114.334641695022583, 34.796726703643799 ], [ 114.33472752571106, 34.796726703643799 ], [ 114.33472752571106, 34.796555042266846 ], [ 114.334802627563477, 34.796555042266846 ], [ 114.334802627563477, 34.796394109725952 ] ] ] ] } },
{ "type": "Feature", "properties": { "Id": 1711, "GRIDCODE": 9 }, "geometry": { "type": "MultiPolygon", "coordinates": [ [ [ [ 114.362461566925049, 34.795804023742676 ], [ 114.362300634384155, 34.795804023742676 ], [ 114.362300634384155, 34.795889854431152 ], [ 114.362461566925049, 34.795889854431152 ], [ 114.362461566925049, 34.795804023742676 ] ] ] ] } },
{ "type": "Feature", "properties": { "Id": 1721, "GRIDCODE": 9 }, "geometry": { "type": "MultiPolygon", "coordinates": [ [ [ [ 114.362214803695679, 34.794892072677612 ], [ 114.362139701843262, 34.794892072677612 ], [ 114.362139701843262, 34.795063734054565 ], [ 114.361978769302368, 34.795063734054565 ], [ 114.361978769302368, 34.795643091201782 ], [ 114.362053871154785, 34.795643091201782 ], [ 114.362053871154785, 34.795728921890259 ], [ 114.362397193908691, 34.795728921890259 ], [ 114.362397193908691, 34.795643091201782 ], [ 114.362558126449585, 34.795643091201782 ], [ 114.362558126449585, 34.795728921890259 ], [ 114.362643957138062, 34.795728921890259 ], [ 114.362643957138062, 34.795557260513306 ], [ 114.362558126449585, 34.795557260513306 ], [ 114.362558126449585, 34.795224666595459 ], [ 114.362461566925049, 34.795224666595459 ], [ 114.362461566925049, 34.795138835906982 ], [ 114.362397193908691, 34.795138835906982 ], [ 114.362397193908691, 34.794977903366089 ], [ 114.362214803695679, 34.794977903366089 ], [ 114.362214803695679, 34.794892072677612 ] ] ] ] } },
{ "type": "Feature", "properties": { "Id": 1729, "GRIDCODE": 9 }, "geometry": { "type": "MultiPolygon", "coordinates": [ [ [ [ 114.362901449203491, 34.794312715530396 ], [ 114.362804889678955, 34.794312715530396 ], [ 114.362804889678955, 34.794387817382812 ], [ 114.362643957138062, 34.794387817382812 ], [ 114.362643957138062, 34.794473648071289 ], [ 114.362558126449585, 34.794473648071289 ], [ 114.362558126449585, 34.794720411300659 ], [ 114.362804889678955, 34.794720411300659 ], [ 114.362804889678955, 34.794645309448242 ], [ 114.362965822219849, 34.794645309448242 ], [ 114.362965822219849, 34.794387817382812 ], [ 114.362901449203491, 34.794387817382812 ], [ 114.362901449203491, 34.794312715530396 ] ] ] ] } },
{ "type": "Feature", "properties": { "Id": 1738, "GRIDCODE": 9 }, "geometry": { "type": "MultiPolygon", "coordinates": [ [ [ [ 114.32522177696228, 34.793229103088379 ], [ 114.325146675109863, 34.793229103088379 ], [ 114.325146675109863, 34.793475866317749 ], [ 114.32522177696228, 34.793475866317749 ], [ 114.32522177696228, 34.793229103088379 ] ] ] ] } },
{ "type": "Feature", "properties": { "Id": 1750, "GRIDCODE": 9 }, "geometry": { "type": "MultiPolygon", "coordinates": [ [ [ [ 114.325146675109863, 34.791469573974609 ], [ 114.325060844421387, 34.791469573974609 ], [ 114.325060844421387, 34.791641235351562 ], [ 114.325146675109863, 34.791641235351562 ], [ 114.325146675109863, 34.791469573974609 ] ] ] ] } },
{ "type": "Feature", "properties": { "Id": 1753, "GRIDCODE": 9 }, "geometry": { "type": "MultiPolygon", "coordinates": [ [ [ [ 114.335811138153076, 34.790053367614746 ], [ 114.33571457862854, 34.790053367614746 ], [ 114.33571457862854, 34.790225028991699 ], [ 114.335553646087646, 34.790225028991699 ], [ 114.335553646087646, 34.790310859680176 ], [ 114.33546781539917, 34.790310859680176 ], [ 114.33546781539917, 34.790385961532593 ], [ 114.335392713546753, 34.790385961532593 ], [ 114.335392713546753, 34.790471792221069 ], [ 114.33521032333374, 34.790471792221069 ], [ 114.33521032333374, 34.790557622909546 ], [ 114.335145950317383, 34.790557622909546 ], [ 114.335145950317383, 34.790643453598022 ], [ 114.335049390792847, 34.790643453598022 ], [ 114.335049390792847, 34.790804386138916 ], [ 114.334888458251953, 34.790804386138916 ], [ 114.334888458251953, 34.790890216827393 ], [ 114.33472752571106, 34.790890216827393 ], [ 114.33472752571106, 34.790976047515869 ], [ 114.334480762481689, 34.790976047515869 ], [ 114.334480762481689, 34.791051149368286 ], [ 114.334384202957153, 34.791051149368286 ], [ 114.334384202957153, 34.791136980056763 ], [ 114.33422327041626, 34.791136980056763 ], [ 114.33422327041626, 34.791222810745239 ], [ 114.334062337875366, 34.791222810745239 ], [ 114.334062337875366, 34.791308641433716 ], [ 114.333879947662354, 34.791308641433716 ], [ 114.333879947662354, 34.791394472122192 ], [ 114.333558082580566, 34.791394472122192 ], [ 114.333558082580566, 34.791469573974609 ], [ 114.33347225189209, 34.791469573974609 ], [ 114.33347225189209, 34.791555404663086 ], [ 114.333386421203613, 34.791555404663086 ], [ 114.333386421203613, 34.791641235351562 ], [ 114.332892894744873, 34.791641235351562 ], [ 114.332892894744873, 34.791727066040039 ], [ 114.332807064056396, 34.791727066040039 ], [ 114.332807064056396, 34.791802167892456 ], [ 114.33272123336792, 34.791802167892456 ], [ 114.33272123336792, 34.791887998580933 ], [ 114.332549571990967, 34.791887998580933 ], [ 114.332549571990967, 34.791973829269409 ], [ 114.33246374130249, 34.791973829269409 ], [ 114.33246374130249, 34.792467355728149 ], [ 114.332646131515503, 34.792467355728149 ], [ 114.332646131515503, 34.792639017105103 ], [ 114.33272123336792, 34.792639017105103 ], [ 114.33272123336792, 34.792724847793579 ], [ 114.332807064056396, 34.792724847793579 ], [ 114.332807064056396, 34.792799949645996 ], [ 114.332892894744873, 34.792799949645996 ], [ 114.332892894744873, 34.792885780334473 ], [ 114.333150386810303, 34.792885780334473 ], [ 114.333150386810303, 34.792971611022949 ], [ 114.33321475982666, 34.792971611022949 ], [ 114.33321475982666, 34.793057441711426 ], [ 114.333311319351196, 34.793057441711426 ], [ 114.333311319351196, 34.793143272399902 ], [ 114.33347225189209, 34.793143272399902 ], [ 114.33347225189209, 34.793229103088379 ], [ 114.333558082580566, 34.793229103088379 ], [ 114.333558082580566, 34.793314933776855 ], [ 114.333633184432983, 34.793314933776855 ], [ 114.333633184432983, 34.793390035629272 ], [ 114.33371901512146, 34.793390035629272 ], [ 114.33371901512146, 34.793561697006226 ], [ 114.333815574645996, 34.793561697006226 ], [ 114.333815574645996, 34.793808460235596 ], [ 114.333879947662354, 34.793808460235596 ], [ 114.333879947662354, 34.793894290924072 ], [ 114.33397650718689, 34.793894290924072 ], [ 114.33397650718689, 34.793980121612549 ], [ 114.333815574645996, 34.793980121612549 ], [ 114.333815574645996, 34.794055223464966 ], [ 114.33371901512146, 34.794055223464966 ], [ 114.33371901512146, 34.794141054153442 ], [ 114.333879947662354, 34.794141054153442 ], [ 114.333879947662354, 34.794226884841919 ], [ 114.333633184432983, 34.794226884841919 ], [ 114.333633184432983, 34.794312715530396 ], [ 114.333386421203613, 34.794312715530396 ], [ 114.333386421203613, 34.794806241989136 ], [ 114.33347225189209, 34.794806241989136 ], [ 114.33347225189209, 34.795063734054565 ], [ 114.333558082580566, 34.795063734054565 ], [ 114.333558082580566, 34.795224666595459 ], [ 114.333633184432983, 34.795224666595459 ], [ 114.333633184432983, 34.795310497283936 ], [ 114.33371901512146, 34.795310497283936 ], [ 114.33371901512146, 34.795396327972412 ], [ 114.333815574645996, 34.795396327972412 ], [ 114.333815574645996, 34.795557260513306 ], [ 114.334137439727783, 34.795557260513306 ], [ 114.334137439727783, 34.795643091201782 ], [ 114.33422327041626, 34.795643091201782 ], [ 114.33422327041626, 34.795728921890259 ], [ 114.334298372268677, 34.795728921890259 ], [ 114.334298372268677, 34.795804023742676 ], [ 114.334384202957153, 34.795804023742676 ], [ 114.334384202957153, 34.795889854431152 ], [ 114.334480762481689, 34.795889854431152 ], [ 114.334480762481689, 34.795975685119629 ], [ 114.334545135498047, 34.795975685119629 ], [ 114.334545135498047, 34.796061515808105 ], [ 114.334888458251953, 34.796061515808105 ], [ 114.334888458251953, 34.795975685119629 ], [ 114.334802627563477, 34.795975685119629 ], [ 114.334802627563477, 34.795804023742676 ], [ 114.33472752571106, 34.795804023742676 ], [ 114.33472752571106, 34.795643091201782 ], [ 114.334985017776489, 34.795643091201782 ], [ 114.334985017776489, 34.795471429824829 ], [ 114.335145950317383, 34.795471429824829 ], [ 114.335145950317383, 34.795396327972412 ], [ 114.33521032333374, 34.795396327972412 ], [ 114.33521032333374, 34.795310497283936 ], [ 114.335306882858276, 34.795310497283936 ], [ 114.335306882858276, 34.795063734054565 ], [ 114.33546781539917, 34.795063734054565 ], [ 114.33546781539917, 34.794977903366089 ], [ 114.335553646087646, 34.794977903366089 ], [ 114.335553646087646, 34.794892072677612 ], [ 114.335650205612183, 34.794892072677612 ], [ 114.335650205612183, 34.794645309448242 ], [ 114.335811138153076, 34.794645309448242 ], [ 114.335811138153076, 34.794387817382812 ], [ 114.335896968841553, 34.794387817382812 ], [ 114.335896968841553, 34.794141054153442 ], [ 114.336057901382446, 34.794141054153442 ], [ 114.336057901382446, 34.793894290924072 ], [ 114.336133003234863, 34.793894290924072 ], [ 114.336133003234863, 34.793808460235596 ], [ 114.33621883392334, 34.793808460235596 ], [ 114.33621883392334, 34.793647527694702 ], [ 114.336379766464233, 34.793647527694702 ], [ 114.336379766464233, 34.793475866317749 ], [ 114.33647632598877, 34.793475866317749 ], [ 114.33647632598877, 34.793314933776855 ], [ 114.336562156677246, 34.793314933776855 ], [ 114.336562156677246, 34.793143272399902 ], [ 114.336637258529663, 34.793143272399902 ], [ 114.336637258529663, 34.793229103088379 ], [ 114.33672308921814, 34.793229103088379 ], [ 114.33672308921814, 34.792971611022949 ], [ 114.336819648742676, 34.792971611022949 ], [ 114.336819648742676, 34.792885780334473 ], [ 114.336884021759033, 34.792885780334473 ], [ 114.336884021759033, 34.792799949645996 ], [ 114.336819648742676, 34.792799949645996 ], [ 114.336819648742676, 34.792639017105103 ], [ 114.336884021759033, 34.792639017105103 ], [ 114.336884021759033, 34.792724847793579 ], [ 114.336980581283569, 34.792724847793579 ], [ 114.336980581283569, 34.792799949645996 ], [ 114.337044954299927, 34.792799949645996 ], [ 114.337044954299927, 34.792639017105103 ], [ 114.336980581283569, 34.792639017105103 ], [ 114.336980581283569, 34.792467355728149 ], [ 114.336884021759033, 34.792467355728149 ], [ 114.336884021759033, 34.792392253875732 ], [ 114.336819648742676, 34.792392253875732 ], [ 114.336819648742676, 34.792220592498779 ], [ 114.33672308921814, 34.792220592498779 ], [ 114.33672308921814, 34.791973829269409 ], [ 114.336637258529663, 34.791973829269409 ], [ 114.336637258529663, 34.791727066040039 ], [ 114.336562156677246, 34.791727066040039 ], [ 114.336562156677246, 34.791469573974609 ], [ 114.33647632598877, 34.791469573974609 ], [ 114.33647632598877, 34.791308641433716 ], [ 114.336379766464233, 34.791308641433716 ], [ 114.336379766464233, 34.791222810745239 ], [ 114.336315393447876, 34.791222810745239 ], [ 114.336315393447876, 34.790976047515869 ], [ 114.33621883392334, 34.790976047515869 ], [ 114.33621883392334, 34.790718555450439 ], [ 114.336133003234863, 34.790718555450439 ], [ 114.336133003234863, 34.790557622909546 ], [ 114.336057901382446, 34.790557622909546 ], [ 114.336057901382446, 34.790310859680176 ], [ 114.33597207069397, 34.790310859680176 ], [ 114.33597207069397, 34.790225028991699 ], [ 114.335811138153076, 34.790225028991699 ], [ 114.335811138153076, 34.790053367614746 ] ] ] ] } },
{ "type": "Feature", "properties": { "Id": 1754, "GRIDCODE": 9 }, "geometry": { "type": "MultiPolygon", "coordinates": [ [ [ [ 114.325060844421387, 34.789978265762329 ], [ 114.324964284896851, 34.789978265762329 ], [ 114.324964284896851, 34.790225028991699 ], [ 114.324899911880493, 34.790225028991699 ], [ 114.324899911880493, 34.790557622909546 ], [ 114.324964284896851, 34.790557622909546 ], [ 114.324964284896851, 34.790890216827393 ], [ 114.325060844421387, 34.790890216827393 ], [ 114.325060844421387, 34.790385961532593 ], [ 114.325146675109863, 34.790385961532593 ], [ 114.325146675109863, 34.790053367614746 ], [ 114.325060844421387, 34.790053367614746 ], [ 114.325060844421387, 34.789978265762329 ] ] ] ] } },
{ "type": "Feature", "properties": { "Id": 1760, "GRIDCODE": 9 }, "geometry": { "type": "MultiPolygon", "coordinates": [ [ [ [ 114.324964284896851, 34.788057804107666 ], [ 114.324803352355957, 34.788057804107666 ], [ 114.324803352355957, 34.788229465484619 ], [ 114.324964284896851, 34.788229465484619 ], [ 114.324964284896851, 34.788057804107666 ] ] ] ] } },
{ "type": "Feature", "properties": { "Id": 1764, "GRIDCODE": 9 }, "geometry": { "type": "MultiPolygon", "coordinates": [ [ [ [ 114.324964284896851, 34.787478446960449 ], [ 114.324899911880493, 34.787478446960449 ], [ 114.324899911880493, 34.787811040878296 ], [ 114.324964284896851, 34.787811040878296 ], [ 114.324964284896851, 34.787478446960449 ] ] ] ] } },
{ "type": "Feature", "properties": { "Id": 1781, "GRIDCODE": 9 }, "geometry": { "type": "MultiPolygon", "coordinates": [ [ [ [ 114.338053464889526, 34.786802530288696 ], [ 114.33796763420105, 34.786802530288696 ], [ 114.33796763420105, 34.786888360977173 ], [ 114.338053464889526, 34.786888360977173 ], [ 114.338053464889526, 34.786802530288696 ] ] ] ] } },
{ "type": "Feature", "properties": { "Id": 1784, "GRIDCODE": 9 }, "geometry": { "type": "MultiPolygon", "coordinates": [ [ [ [ 114.337731599807739, 34.786641597747803 ], [ 114.337549209594727, 34.786641597747803 ], [ 114.337549209594727, 34.786888360977173 ], [ 114.337731599807739, 34.786888360977173 ], [ 114.337731599807739, 34.786974191665649 ], [ 114.337806701660156, 34.786974191665649 ], [ 114.337806701660156, 34.78671669960022 ], [ 114.337731599807739, 34.78671669960022 ], [ 114.337731599807739, 34.786641597747803 ] ] ] ] } },
{ "type": "Feature", "properties": { "Id": 1785, "GRIDCODE": 9 }, "geometry": { "type": "MultiPolygon", "coordinates": [ [ [ [ 114.338396787643433, 34.786641597747803 ], [ 114.338310956954956, 34.786641597747803 ], [ 114.338310956954956, 34.78671669960022 ], [ 114.338396787643433, 34.78671669960022 ], [ 114.338396787643433, 34.786641597747803 ] ] ] ] } },
{ "type": "Feature", "properties": { "Id": 1789, "GRIDCODE": 9 }, "geometry": { "type": "MultiPolygon", "coordinates": [ [ [ [ 114.338557720184326, 34.786555767059326 ], [ 114.33847188949585, 34.786555767059326 ], [ 114.33847188949585, 34.786641597747803 ], [ 114.338557720184326, 34.786641597747803 ], [ 114.338557720184326, 34.786555767059326 ] ] ] ] } },
{ "type": "Feature", "properties": { "Id": 1796, "GRIDCODE": 9 }, "geometry": { "type": "MultiPolygon", "coordinates": [ [ [ [ 114.337731599807739, 34.786223173141479 ], [ 114.337731599807739, 34.786309003829956 ], [ 114.337806701660156, 34.786309003829956 ], [ 114.337806701660156, 34.786223173141479 ], [ 114.337731599807739, 34.786223173141479 ] ] ] ] } },
{ "type": "Feature", "properties": { "Id": 1800, "GRIDCODE": 9 }, "geometry": { "type": "MultiPolygon", "coordinates": [ [ [ [ 114.337731599807739, 34.786223173141479 ], [ 114.337731599807739, 34.786137342453003 ], [ 114.337484836578369, 34.786137342453003 ], [ 114.337484836578369, 34.786384105682373 ], [ 114.337549209594727, 34.786384105682373 ], [ 114.337549209594727, 34.786223173141479 ], [ 114.337731599807739, 34.786223173141479 ] ] ] ] } },
{ "type": "Feature", "properties": { "Id": 1803, "GRIDCODE": 9 }, "geometry": { "type": "MultiPolygon", "coordinates": [ [ [ [ 114.339727163314819, 34.789313077926636 ], [ 114.339641332626343, 34.789313077926636 ], [ 114.339641332626343, 34.789227247238159 ], [ 114.339727163314819, 34.789227247238159 ], [ 114.339727163314819, 34.789313077926636 ], [ 114.339802265167236, 34.789313077926636 ], [ 114.339802265167236, 34.789388179779053 ], [ 114.340392351150513, 34.789388179779053 ], [ 114.340392351150513, 34.789313077926636 ], [ 114.3407142162323, 34.789313077926636 ], [ 114.3407142162323, 34.789227247238159 ], [ 114.340971708297729, 34.789227247238159 ], [ 114.340971708297729, 34.789141416549683 ], [ 114.341636896133423, 34.789141416549683 ], [ 114.341636896133423, 34.789055585861206 ], [ 114.342226982116699, 34.789055585861206 ], [ 114.342226982116699, 34.788980484008789 ], [ 114.342387914657593, 34.788980484008789 ], [ 114.342387914657593, 34.788894653320312 ], [ 114.342634677886963, 34.788894653320312 ], [ 114.342634677886963, 34.788808822631836 ], [ 114.342731237411499, 34.788808822631836 ], [ 114.342731237411499, 34.788637161254883 ], [ 114.342892169952393, 34.788637161254883 ], [ 114.342892169952393, 34.78722095489502 ], [ 114.342795610427856, 34.78722095489502 ], [ 114.342795610427856, 34.786802530288696 ], [ 114.342731237411499, 34.786802530288696 ], [ 114.342731237411499, 34.786384105682373 ], [ 114.342634677886963, 34.786384105682373 ], [ 114.342634677886963, 34.786223173141479 ], [ 114.342312812805176, 34.786223173141479 ], [ 114.342312812805176, 34.786137342453003 ], [ 114.342226982116699, 34.786137342453003 ], [ 114.342226982116699, 34.786051511764526 ], [ 114.342130422592163, 34.786051511764526 ], [ 114.342130422592163, 34.786137342453003 ], [ 114.341808557510376, 34.786137342453003 ], [ 114.341808557510376, 34.786223173141479 ], [ 114.341400861740112, 34.786223173141479 ], [ 114.341400861740112, 34.786309003829956 ], [ 114.340971708297729, 34.786309003829956 ], [ 114.340971708297729, 34.786384105682373 ], [ 114.339727163314819, 34.786384105682373 ], [ 114.339727163314819, 34.78646993637085 ], [ 114.339566230773926, 34.78646993637085 ], [ 114.339566230773926, 34.786555767059326 ], [ 114.339383840560913, 34.786555767059326 ], [ 114.339383840560913, 34.786641597747803 ], [ 114.339061975479126, 34.786641597747803 ], [ 114.339061975479126, 34.786802530288696 ], [ 114.339137077331543, 34.786802530288696 ], [ 114.339137077331543, 34.786888360977173 ], [ 114.338557720184326, 34.786888360977173 ], [ 114.338557720184326, 34.786974191665649 ], [ 114.338310956954956, 34.786974191665649 ], [ 114.338310956954956, 34.787049293518066 ], [ 114.33821439743042, 34.787049293518066 ], [ 114.33821439743042, 34.787135124206543 ], [ 114.33796763420105, 34.787135124206543 ], [ 114.33796763420105, 34.78722095489502 ], [ 114.337645769119263, 34.78722095489502 ], [ 114.337645769119263, 34.787306785583496 ], [ 114.337549209594727, 34.787306785583496 ], [ 114.337549209594727, 34.787478446960449 ], [ 114.337388277053833, 34.787478446960449 ], [ 114.337388277053833, 34.787564277648926 ], [ 114.337302446365356, 34.787564277648926 ], [ 114.337302446365356, 34.787639379501343 ], [ 114.337227344512939, 34.787639379501343 ], [ 114.337227344512939, 34.787725210189819 ], [ 114.336884021759033, 34.787725210189819 ], [ 114.336884021759033, 34.787896871566772 ], [ 114.33672308921814, 34.787896871566772 ], [ 114.33672308921814, 34.787971973419189 ], [ 114.336637258529663, 34.787971973419189 ], [ 114.336637258529663, 34.788143634796143 ], [ 114.336562156677246, 34.788143634796143 ], [ 114.336562156677246, 34.788304567337036 ], [ 114.336379766464233, 34.788304567337036 ], [ 114.336379766464233, 34.788562059402466 ], [ 114.336315393447876, 34.788562059402466 ], [ 114.336315393447876, 34.788637161254883 ], [ 114.33621883392334, 34.788637161254883 ], [ 114.33621883392334, 34.788980484008789 ], [ 114.336133003234863, 34.788980484008789 ], [ 114.336133003234863, 34.789559841156006 ], [ 114.33621883392334, 34.789559841156006 ], [ 114.33621883392334, 34.789645671844482 ], [ 114.336315393447876, 34.789645671844482 ], [ 114.336315393447876, 34.789720773696899 ], [ 114.336379766464233, 34.789720773696899 ], [ 114.336379766464233, 34.790053367614746 ], [ 114.33647632598877, 34.790053367614746 ], [ 114.33647632598877, 34.790385961532593 ], [ 114.336562156677246, 34.790385961532593 ], [ 114.336562156677246, 34.790643453598022 ], [ 114.336637258529663, 34.790643453598022 ], [ 114.336637258529663, 34.790718555450439 ], [ 114.33672308921814, 34.790718555450439 ], [ 114.33672308921814, 34.790804386138916 ], [ 114.336819648742676, 34.790804386138916 ], [ 114.336819648742676, 34.791136980056763 ], [ 114.336884021759033, 34.791136980056763 ], [ 114.336884021759033, 34.791394472122192 ], [ 114.336980581283569, 34.791394472122192 ], [ 114.336980581283569, 34.791555404663086 ], [ 114.337044954299927, 34.791555404663086 ], [ 114.337044954299927, 34.791727066040039 ], [ 114.337141513824463, 34.791727066040039 ], [ 114.337141513824463, 34.792059659957886 ], [ 114.337227344512939, 34.792059659957886 ], [ 114.337227344512939, 34.792134761810303 ], [ 114.337892532348633, 34.792134761810303 ], [ 114.337892532348633, 34.792220592498779 ], [ 114.338053464889526, 34.792220592498779 ], [ 114.338053464889526, 34.792134761810303 ], [ 114.338396787643433, 34.792134761810303 ], [ 114.338396787643433, 34.792059659957886 ], [ 114.33871865272522, 34.792059659957886 ], [ 114.33871865272522, 34.791973829269409 ], [ 114.339137077331543, 34.791973829269409 ], [ 114.339137077331543, 34.791887998580933 ], [ 114.33922290802002, 34.791887998580933 ], [ 114.33922290802002, 34.791802167892456 ], [ 114.339383840560913, 34.791802167892456 ], [ 114.339383840560913, 34.791051149368286 ], [ 114.339308738708496, 34.791051149368286 ], [ 114.339308738708496, 34.790890216827393 ], [ 114.33922290802002, 34.790890216827393 ], [ 114.33922290802002, 34.790804386138916 ], [ 114.339061975479126, 34.790804386138916 ], [ 114.339061975479126, 34.790557622909546 ], [ 114.338976144790649, 34.790557622909546 ], [ 114.338976144790649, 34.790310859680176 ], [ 114.338879585266113, 34.790310859680176 ], [ 114.338879585266113, 34.789645671844482 ], [ 114.338976144790649, 34.789645671844482 ], [ 114.338976144790649, 34.789559841156006 ], [ 114.339137077331543, 34.789559841156006 ], [ 114.339137077331543, 34.789474010467529 ], [ 114.33922290802002, 34.789474010467529 ], [ 114.33922290802002, 34.789559841156006 ], [ 114.339308738708496, 34.789559841156006 ], [ 114.339308738708496, 34.789474010467529 ], [ 114.339566230773926, 34.789474010467529 ], [ 114.339566230773926, 34.789388179779053 ], [ 114.339727163314819, 34.789388179779053 ], [ 114.339727163314819, 34.789313077926636 ] ], [ [ 114.339308738708496, 34.787639379501343 ], [ 114.33922290802002, 34.787639379501343 ], [ 114.33922290802002, 34.787564277648926 ], [ 114.339137077331543, 34.787564277648926 ], [ 114.339137077331543, 34.787392616271973 ], [ 114.33922290802002, 34.787392616271973 ], [ 114.33922290802002, 34.787478446960449 ], [ 114.339308738708496, 34.787478446960449 ], [ 114.339308738708496, 34.787639379501343 ], [ 114.339383840560913, 34.787639379501343 ], [ 114.339383840560913, 34.787896871566772 ], [ 114.339480400085449, 34.787896871566772 ], [ 114.339480400085449, 34.788304567337036 ], [ 114.339383840560913, 34.788304567337036 ], [ 114.339383840560913, 34.787971973419189 ], [ 114.339308738708496, 34.787971973419189 ], [ 114.339308738708496, 34.787639379501343 ] ] ] ] } },
{ "type": "Feature", "properties": { "Id": 1807, "GRIDCODE": 9 }, "geometry": { "type": "MultiPolygon", "coordinates": [ [ [ [ 114.338310956954956, 34.785890579223633 ], [ 114.33821439743042, 34.785890579223633 ], [ 114.33821439743042, 34.786309003829956 ], [ 114.338396787643433, 34.786309003829956 ], [ 114.338396787643433, 34.786223173141479 ], [ 114.338310956954956, 34.786223173141479 ], [ 114.338310956954956, 34.786137342453003 ], [ 114.338396787643433, 34.786137342453003 ], [ 114.338396787643433, 34.785976409912109 ], [ 114.338310956954956, 34.785976409912109 ], [ 114.338310956954956, 34.785890579223633 ] ] ] ] } },
{ "type": "Feature", "properties": { "Id": 1810, "GRIDCODE": 9 }, "geometry": { "type": "MultiPolygon", "coordinates": [ [ [ [ 114.338053464889526, 34.78547215461731 ], [ 114.337731599807739, 34.78547215461731 ], [ 114.337731599807739, 34.785557985305786 ], [ 114.337302446365356, 34.785557985305786 ], [ 114.337302446365356, 34.785804748535156 ], [ 114.337388277053833, 34.785804748535156 ], [ 114.337388277053833, 34.785976409912109 ], [ 114.337484836578369, 34.785976409912109 ], [ 114.337484836578369, 34.78571891784668 ], [ 114.337892532348633, 34.78571891784668 ], [ 114.337892532348633, 34.785643815994263 ], [ 114.33796763420105, 34.785643815994263 ], [ 114.33796763420105, 34.78571891784668 ], [ 114.338053464889526, 34.78571891784668 ], [ 114.338053464889526, 34.785804748535156 ], [ 114.33821439743042, 34.785804748535156 ], [ 114.33821439743042, 34.785643815994263 ], [ 114.338150024414062, 34.785643815994263 ], [ 114.338150024414062, 34.785557985305786 ], [ 114.338053464889526, 34.785557985305786 ], [ 114.338053464889526, 34.78547215461731 ] ] ] ] } },
{ "type": "Feature", "properties": { "Id": 1813, "GRIDCODE": 9 }, "geometry": { "type": "MultiPolygon", "coordinates": [ [ [ [ 114.326069355010986, 34.785139560699463 ], [ 114.325886964797974, 34.785139560699463 ], [ 114.325886964797974, 34.785225391387939 ], [ 114.326069355010986, 34.785225391387939 ], [ 114.326069355010986, 34.785139560699463 ] ] ] ] } },
{ "type": "Feature", "properties": { "Id": 1818, "GRIDCODE": 9 }, "geometry": { "type": "MultiPolygon", "coordinates": [ [ [ [ 114.331315755844116, 34.784388542175293 ], [ 114.331058263778687, 34.784388542175293 ], [ 114.331058263778687, 34.78447437286377 ], [ 114.331315755844116, 34.78447437286377 ], [ 114.331315755844116, 34.784388542175293 ] ] ] ] } },
{ "type": "Feature", "properties": { "Id": 1819, "GRIDCODE": 9 }, "geometry": { "type": "MultiPolygon", "coordinates": [ [ [ [ 114.332549571990967, 34.784302711486816 ], [ 114.332549571990967, 34.784388542175293 ], [ 114.332646131515503, 34.784388542175293 ], [ 114.332646131515503, 34.784302711486816 ], [ 114.332549571990967, 34.784302711486816 ] ] ] ] } },
{ "type": "Feature", "properties": { "Id": 1820, "GRIDCODE": 9 }, "geometry": { "type": "MultiPolygon", "coordinates": [ [ [ [ 114.332549571990967, 34.784302711486816 ], [ 114.332549571990967, 34.784227609634399 ], [ 114.332302808761597, 34.784227609634399 ], [ 114.332302808761597, 34.784302711486816 ], [ 114.332549571990967, 34.784302711486816 ] ] ] ] } },
{ "type": "Feature", "properties": { "Id": 1822, "GRIDCODE": 9 }, "geometry": { "type": "MultiPolygon", "coordinates": [ [ [ [ 114.333053827285767, 34.784141778945923 ], [ 114.332807064056396, 34.784141778945923 ], [ 114.332807064056396, 34.784227609634399 ], [ 114.332892894744873, 34.784227609634399 ], [ 114.332892894744873, 34.784302711486816 ], [ 114.333150386810303, 34.784302711486816 ], [ 114.333150386810303, 34.784227609634399 ], [ 114.333053827285767, 34.784227609634399 ], [ 114.333053827285767, 34.784141778945923 ] ] ] ] } },
{ "type": "Feature", "properties": { "Id": 1824, "GRIDCODE": 9 }, "geometry": { "type": "MultiPolygon", "coordinates": [ [ [ [ 114.33472752571106, 34.783895015716553 ], [ 114.334545135498047, 34.783895015716553 ], [ 114.334545135498047, 34.78397011756897 ], [ 114.33472752571106, 34.78397011756897 ], [ 114.33472752571106, 34.783895015716553 ] ] ] ] } },
{ "type": "Feature", "properties": { "Id": 1827, "GRIDCODE": 9 }, "geometry": { "type": "MultiPolygon", "coordinates": [ [ [ [ 114.33571457862854, 34.7837233543396 ], [ 114.33546781539917, 34.7837233543396 ], [ 114.33546781539917, 34.783895015716553 ], [ 114.335553646087646, 34.783895015716553 ], [ 114.335553646087646, 34.783809185028076 ], [ 114.33571457862854, 34.783809185028076 ], [ 114.33571457862854, 34.7837233543396 ] ] ] ] } },
{ "type": "Feature", "properties": { "Id": 1828, "GRIDCODE": 9 }, "geometry": { "type": "MultiPolygon", "coordinates": [ [ [ [ 114.337484836578369, 34.783390760421753 ], [ 114.337302446365356, 34.783390760421753 ], [ 114.337302446365356, 34.783476591110229 ], [ 114.337484836578369, 34.783476591110229 ], [ 114.337484836578369, 34.783390760421753 ] ] ] ] } },
{ "type": "Feature", "properties": { "Id": 1830, "GRIDCODE": 9 }, "geometry": { "type": "MultiPolygon", "coordinates": [ [ [ [ 114.33796763420105, 34.783304929733276 ], [ 114.337549209594727, 34.783304929733276 ], [ 114.337549209594727, 34.783476591110229 ], [ 114.337645769119263, 34.783476591110229 ], [ 114.337645769119263, 34.783390760421753 ], [ 114.33796763420105, 34.783390760421753 ], [ 114.33796763420105, 34.783304929733276 ] ] ] ] } },
{ "type": "Feature", "properties": { "Id": 1831, "GRIDCODE": 9 }, "geometry": { "type": "MultiPolygon", "coordinates": [ [ [ [ 114.33796763420105, 34.783304929733276 ], [ 114.338053464889526, 34.783304929733276 ], [ 114.338053464889526, 34.783390760421753 ], [ 114.338150024414062, 34.783390760421753 ], [ 114.338150024414062, 34.783304929733276 ], [ 114.33821439743042, 34.783304929733276 ], [ 114.33821439743042, 34.783390760421753 ], [ 114.338310956954956, 34.783390760421753 ], [ 114.338310956954956, 34.783304929733276 ], [ 114.338396787643433, 34.783304929733276 ], [ 114.338396787643433, 34.783229827880859 ], [ 114.33796763420105, 34.783229827880859 ], [ 114.33796763420105, 34.783304929733276 ] ] ] ] } },
{ "type": "Feature", "properties": { "Id": 1832, "GRIDCODE": 9 }, "geometry": { "type": "MultiPolygon", "coordinates": [ [ [ [ 114.338815212249756, 34.783143997192383 ], [ 114.33847188949585, 34.783143997192383 ], [ 114.33847188949585, 34.783229827880859 ], [ 114.33871865272522, 34.783229827880859 ], [ 114.33871865272522, 34.783304929733276 ], [ 114.338815212249756, 34.783304929733276 ], [ 114.338815212249756, 34.783143997192383 ] ] ] ] } },
{ "type": "Feature", "properties": { "Id": 1834, "GRIDCODE": 9 }, "geometry": { "type": "MultiPolygon", "coordinates": [ [ [ [ 114.360144138336182, 34.78297233581543 ], [ 114.359972476959229, 34.78297233581543 ], [ 114.359972476959229, 34.783390760421753 ], [ 114.360144138336182, 34.783390760421753 ], [ 114.360144138336182, 34.783304929733276 ], [ 114.360219240188599, 34.783304929733276 ], [ 114.360219240188599, 34.783058166503906 ], [ 114.360144138336182, 34.783058166503906 ], [ 114.360144138336182, 34.78297233581543 ] ] ] ] } },
{ "type": "Feature", "properties": { "Id": 1835, "GRIDCODE": 9 }, "geometry": { "type": "MultiPolygon", "coordinates": [ [ [ [ 114.339973926544189, 34.782897233963013 ], [ 114.339888095855713, 34.782897233963013 ], [ 114.339888095855713, 34.78297233581543 ], [ 114.339973926544189, 34.78297233581543 ], [ 114.339973926544189, 34.782897233963013 ] ] ] ] } },
{ "type": "Feature", "properties": { "Id": 1836, "GRIDCODE": 9 }, "geometry": { "type": "MultiPolygon", "coordinates": [ [ [ [ 114.340478181838989, 34.782811403274536 ], [ 114.340231418609619, 34.782811403274536 ], [ 114.340231418609619, 34.782897233963013 ], [ 114.340478181838989, 34.782897233963013 ], [ 114.340478181838989, 34.782811403274536 ] ] ] ] } },
{ "type": "Feature", "properties": { "Id": 1838, "GRIDCODE": 9 }, "geometry": { "type": "MultiPolygon", "coordinates": [ [ [ [ 114.345638751983643, 34.782060384750366 ], [ 114.345391988754272, 34.782060384750366 ], [ 114.345391988754272, 34.782146215438843 ], [ 114.345638751983643, 34.782146215438843 ], [ 114.345638751983643, 34.782060384750366 ] ] ] ] } },
{ "type": "Feature", "properties": { "Id": 1844, "GRIDCODE": 9 }, "geometry": { "type": "MultiPolygon", "coordinates": [ [ [ [ 114.350885152816772, 34.781309366226196 ], [ 114.350799322128296, 34.781309366226196 ], [ 114.350799322128296, 34.781384468078613 ], [ 114.350885152816772, 34.781384468078613 ], [ 114.350885152816772, 34.781309366226196 ] ] ] ] } },
{ "type": "Feature", "properties": { "Id": 1845, "GRIDCODE": 9 }, "geometry": { "type": "MultiPolygon", "coordinates": [ [ [ [ 114.354050159454346, 34.781309366226196 ], [ 114.353803396224976, 34.781309366226196 ], [ 114.353803396224976, 34.781384468078613 ], [ 114.354050159454346, 34.781384468078613 ], [ 114.354050159454346, 34.781309366226196 ] ] ] ] } },
{ "type": "Feature", "properties": { "Id": 1847, "GRIDCODE": 9 }, "geometry": { "type": "MultiPolygon", "coordinates": [ [ [ [ 114.355723857879639, 34.781137704849243 ], [ 114.355638027191162, 34.781137704849243 ], [ 114.355638027191162, 34.78122353553772 ], [ 114.355723857879639, 34.78122353553772 ], [ 114.355723857879639, 34.781137704849243 ] ] ] ] } },
{ "type": "Feature", "properties": { "Id": 1848, "GRIDCODE": 9 }, "geometry": { "type": "MultiPolygon", "coordinates": [ [ [ [ 114.356549978256226, 34.78096604347229 ], [ 114.356389045715332, 34.78096604347229 ], [ 114.356389045715332, 34.781051874160767 ], [ 114.356549978256226, 34.781051874160767 ], [ 114.356549978256226, 34.78096604347229 ] ] ] ] } },
{ "type": "Feature", "properties": { "Id": 1849, "GRIDCODE": 9 }, "geometry": { "type": "MultiPolygon", "coordinates": [ [ [ [ 114.361302852630615, 34.780890941619873 ], [ 114.361131191253662, 34.780890941619873 ], [ 114.361131191253662, 34.781137704849243 ], [ 114.360970258712769, 34.781137704849243 ], [ 114.360970258712769, 34.781384468078613 ], [ 114.360884428024292, 34.781384468078613 ], [ 114.360884428024292, 34.781556129455566 ], [ 114.360809326171875, 34.781556129455566 ], [ 114.360809326171875, 34.78172779083252 ], [ 114.360637664794922, 34.78172779083252 ], [ 114.360637664794922, 34.78197455406189 ], [ 114.360562562942505, 34.78197455406189 ], [ 114.360562562942505, 34.782060384750366 ], [ 114.360466003417969, 34.782060384750366 ], [ 114.360466003417969, 34.78222131729126 ], [ 114.360305070877075, 34.78222131729126 ], [ 114.360305070877075, 34.782307147979736 ], [ 114.360401630401611, 34.782307147979736 ], [ 114.360401630401611, 34.782478809356689 ], [ 114.360305070877075, 34.782478809356689 ], [ 114.360305070877075, 34.78272557258606 ], [ 114.360401630401611, 34.78272557258606 ], [ 114.360401630401611, 34.782553911209106 ], [ 114.360562562942505, 34.782553911209106 ], [ 114.360562562942505, 34.782392978668213 ], [ 114.360637664794922, 34.782392978668213 ], [ 114.360637664794922, 34.78222131729126 ], [ 114.360723495483398, 34.78222131729126 ], [ 114.360723495483398, 34.782146215438843 ], [ 114.360809326171875, 34.782146215438843 ], [ 114.360809326171875, 34.782060384750366 ], [ 114.360884428024292, 34.782060384750366 ], [ 114.360884428024292, 34.781888723373413 ], [ 114.360970258712769, 34.781888723373413 ], [ 114.360970258712769, 34.78172779083252 ], [ 114.361131191253662, 34.78172779083252 ], [ 114.361131191253662, 34.781556129455566 ], [ 114.361227750778198, 34.781556129455566 ], [ 114.361227750778198, 34.78122353553772 ], [ 114.361302852630615, 34.78122353553772 ], [ 114.361302852630615, 34.780890941619873 ] ] ] ] } },
{ "type": "Feature", "properties": { "Id": 1851, "GRIDCODE": 9 }, "geometry": { "type": "MultiPolygon", "coordinates": [ [ [ [ 114.357815980911255, 34.78071928024292 ], [ 114.357644319534302, 34.78071928024292 ], [ 114.357644319534302, 34.780890941619873 ], [ 114.357719421386719, 34.780890941619873 ], [ 114.357719421386719, 34.780805110931396 ], [ 114.357815980911255, 34.780805110931396 ], [ 114.357815980911255, 34.78071928024292 ] ] ] ] } },
{ "type": "Feature", "properties": { "Id": 1864, "GRIDCODE": 9 }, "geometry": { "type": "MultiPolygon", "coordinates": [ [ [ [ 114.361732006072998, 34.779560565948486 ], [ 114.361635446548462, 34.779560565948486 ], [ 114.361635446548462, 34.779635667800903 ], [ 114.361388683319092, 34.779635667800903 ], [ 114.361388683319092, 34.77972149848938 ], [ 114.361302852630615, 34.77972149848938 ], [ 114.361302852630615, 34.779807329177856 ], [ 114.361388683319092, 34.779807329177856 ], [ 114.361388683319092, 34.77996826171875 ], [ 114.361302852630615, 34.77996826171875 ], [ 114.361302852630615, 34.779893159866333 ], [ 114.361131191253662, 34.779893159866333 ], [ 114.361131191253662, 34.780139923095703 ], [ 114.361302852630615, 34.780139923095703 ], [ 114.361302852630615, 34.78022575378418 ], [ 114.361474514007568, 34.78022575378418 ], [ 114.361474514007568, 34.780054092407227 ], [ 114.361549615859985, 34.780054092407227 ], [ 114.361549615859985, 34.77996826171875 ], [ 114.361635446548462, 34.77996826171875 ], [ 114.361635446548462, 34.779893159866333 ], [ 114.361732006072998, 34.779893159866333 ], [ 114.361732006072998, 34.779560565948486 ] ] ] ] } },
{ "type": "Feature", "properties": { "Id": 1865, "GRIDCODE": 9 }, "geometry": { "type": "MultiPolygon", "coordinates": [ [ [ [ 114.361796379089355, 34.779303073883057 ], [ 114.361732006072998, 34.779303073883057 ], [ 114.361732006072998, 34.779388904571533 ], [ 114.361796379089355, 34.779388904571533 ], [ 114.361796379089355, 34.779303073883057 ] ] ] ] } },
{ "type": "Feature", "properties": { "Id": 1867, "GRIDCODE": 9 }, "geometry": { "type": "MultiPolygon", "coordinates": [ [ [ [ 114.362139701843262, 34.778809547424316 ], [ 114.361978769302368, 34.778809547424316 ], [ 114.361978769302368, 34.778884649276733 ], [ 114.361892938613892, 34.778884649276733 ], [ 114.361892938613892, 34.77897047996521 ], [ 114.361796379089355, 34.77897047996521 ], [ 114.361796379089355, 34.77922797203064 ], [ 114.361978769302368, 34.77922797203064 ], [ 114.361978769302368, 34.779056310653687 ], [ 114.362053871154785, 34.779056310653687 ], [ 114.362053871154785, 34.778884649276733 ], [ 114.362139701843262, 34.778884649276733 ], [ 114.362139701843262, 34.778809547424316 ] ] ] ] } },
{ "type": "Feature", "properties": { "Id": 1872, "GRIDCODE": 9 }, "geometry": { "type": "MultiPolygon", "coordinates": [ [ [ [ 114.363062381744385, 34.777640104293823 ], [ 114.362901449203491, 34.777640104293823 ], [ 114.362901449203491, 34.7777259349823 ], [ 114.362643957138062, 34.7777259349823 ], [ 114.362643957138062, 34.77797269821167 ], [ 114.362901449203491, 34.77797269821167 ], [ 114.362901449203491, 34.777886867523193 ], [ 114.362965822219849, 34.777886867523193 ], [ 114.362965822219849, 34.7777259349823 ], [ 114.363062381744385, 34.7777259349823 ], [ 114.363062381744385, 34.777640104293823 ] ] ] ] } },
{ "type": "Feature", "properties": { "Id": 1875, "GRIDCODE": 9 }, "geometry": { "type": "MultiPolygon", "coordinates": [ [ [ [ 114.363631010055542, 34.776813983917236 ], [ 114.363470077514648, 34.776813983917236 ], [ 114.363470077514648, 34.77697491645813 ], [ 114.363309144973755, 34.77697491645813 ], [ 114.363309144973755, 34.777146577835083 ], [ 114.363223314285278, 34.777146577835083 ], [ 114.363223314285278, 34.777393341064453 ], [ 114.363126754760742, 34.777393341064453 ], [ 114.363126754760742, 34.77747917175293 ], [ 114.363062381744385, 34.77747917175293 ], [ 114.363062381744385, 34.777554273605347 ], [ 114.363223314285278, 34.777554273605347 ], [ 114.363223314285278, 34.77747917175293 ], [ 114.363309144973755, 34.77747917175293 ], [ 114.363309144973755, 34.777307510375977 ], [ 114.363470077514648, 34.777307510375977 ], [ 114.363470077514648, 34.777060747146606 ], [ 114.363566637039185, 34.777060747146606 ], [ 114.363566637039185, 34.776889085769653 ], [ 114.363631010055542, 34.776889085769653 ], [ 114.363631010055542, 34.776813983917236 ] ] ] ] } },
{ "type": "Feature", "properties": { "Id": 1876, "GRIDCODE": 9 }, "geometry": { "type": "MultiPolygon", "coordinates": [ [ [ [ 114.363727569580078, 34.776556491851807 ], [ 114.363631010055542, 34.776556491851807 ], [ 114.363631010055542, 34.77672815322876 ], [ 114.363813400268555, 34.77672815322876 ], [ 114.363813400268555, 34.776642322540283 ], [ 114.363727569580078, 34.776642322540283 ], [ 114.363727569580078, 34.776556491851807 ] ] ] ] } },
{ "type": "Feature", "properties": { "Id": 1878, "GRIDCODE": 9 }, "geometry": { "type": "MultiPolygon", "coordinates": [ [ [ [ 114.363888502120972, 34.776138067245483 ], [ 114.363727569580078, 34.776138067245483 ], [ 114.363727569580078, 34.77622389793396 ], [ 114.363813400268555, 34.77622389793396 ], [ 114.363813400268555, 34.776556491851807 ], [ 114.363888502120972, 34.776556491851807 ], [ 114.363888502120972, 34.776138067245483 ] ] ] ] } },
{ "type": "Feature", "properties": { "Id": 1879, "GRIDCODE": 9 }, "geometry": { "type": "MultiPolygon", "coordinates": [ [ [ [ 114.363974332809448, 34.775805473327637 ], [ 114.363888502120972, 34.775805473327637 ], [ 114.363888502120972, 34.775891304016113 ], [ 114.363813400268555, 34.775891304016113 ], [ 114.363813400268555, 34.776052236557007 ], [ 114.364049434661865, 34.776052236557007 ], [ 114.364049434661865, 34.775891304016113 ], [ 114.363974332809448, 34.775891304016113 ], [ 114.363974332809448, 34.775805473327637 ] ] ] ] } },
{ "type": "Feature", "properties": { "Id": 1880, "GRIDCODE": 9 }, "geometry": { "type": "MultiPolygon", "coordinates": [ [ [ [ 114.364135265350342, 34.77571964263916 ], [ 114.364049434661865, 34.77571964263916 ], [ 114.364049434661865, 34.775805473327637 ], [ 114.364135265350342, 34.775805473327637 ], [ 114.364135265350342, 34.77571964263916 ] ] ] ] } },
{ "type": "Feature", "properties": { "Id": 1882, "GRIDCODE": 9 }, "geometry": { "type": "MultiPolygon", "coordinates": [ [ [ [ 114.364231824874878, 34.775558710098267 ], [ 114.364135265350342, 34.775558710098267 ], [ 114.364135265350342, 34.775633811950684 ], [ 114.364231824874878, 34.775633811950684 ], [ 114.364231824874878, 34.775558710098267 ] ] ] ] } },
{ "type": "Feature", "properties": { "Id": 1883, "GRIDCODE": 9 }, "geometry": { "type": "MultiPolygon", "coordinates": [ [ [ [ 114.364296197891235, 34.775387048721313 ], [ 114.364231824874878, 34.775387048721313 ], [ 114.364231824874878, 34.77547287940979 ], [ 114.364296197891235, 34.77547287940979 ], [ 114.364296197891235, 34.775387048721313 ] ] ] ] } },
{ "type": "Feature", "properties": { "Id": 1884, "GRIDCODE": 9 }, "geometry": { "type": "MultiPolygon", "coordinates": [ [ [ [ 114.364478588104248, 34.77522611618042 ], [ 114.364392757415771, 34.77522611618042 ], [ 114.364392757415771, 34.775301218032837 ], [ 114.364478588104248, 34.775301218032837 ], [ 114.364478588104248, 34.77522611618042 ] ] ] ] } },
{ "type": "Feature", "properties": { "Id": 1885, "GRIDCODE": 9 }, "geometry": { "type": "MultiPolygon", "coordinates": [ [ [ [ 114.364639520645142, 34.775054454803467 ], [ 114.364553689956665, 34.775054454803467 ], [ 114.364553689956665, 34.775140285491943 ], [ 114.364639520645142, 34.775140285491943 ], [ 114.364639520645142, 34.775054454803467 ] ] ] ] } },
{ "type": "Feature", "properties": { "Id": 1886, "GRIDCODE": 9 }, "geometry": { "type": "MultiPolygon", "coordinates": [ [ [ [ 114.364961385726929, 34.774882793426514 ], [ 114.364800453186035, 34.774882793426514 ], [ 114.364800453186035, 34.77496862411499 ], [ 114.364736080169678, 34.77496862411499 ], [ 114.364736080169678, 34.775054454803467 ], [ 114.365057945251465, 34.775054454803467 ], [ 114.365057945251465, 34.77496862411499 ], [ 114.364961385726929, 34.77496862411499 ], [ 114.364961385726929, 34.774882793426514 ] ] ] ] } },
{ "type": "Feature", "properties": { "Id": 1887, "GRIDCODE": 9 }, "geometry": { "type": "MultiPolygon", "coordinates": [ [ [ [ 114.283304214477539, 34.774636030197144 ], [ 114.283229112625122, 34.774636030197144 ], [ 114.283229112625122, 34.77472186088562 ], [ 114.283132553100586, 34.77472186088562 ], [ 114.283132553100586, 34.774882793426514 ], [ 114.283046722412109, 34.774882793426514 ], [ 114.283046722412109, 34.77496862411499 ], [ 114.283229112625122, 34.77496862411499 ], [ 114.283229112625122, 34.774882793426514 ], [ 114.283304214477539, 34.774882793426514 ], [ 114.283304214477539, 34.774636030197144 ] ] ] ] } },
{ "type": "Feature", "properties": { "Id": 1888, "GRIDCODE": 9 }, "geometry": { "type": "MultiPolygon", "coordinates": [ [ [ [ 114.365304708480835, 34.774636030197144 ], [ 114.365218877792358, 34.774636030197144 ], [ 114.365218877792358, 34.77472186088562 ], [ 114.365304708480835, 34.77472186088562 ], [ 114.365304708480835, 34.774636030197144 ] ] ] ] } },
{ "type": "Feature", "properties": { "Id": 1889, "GRIDCODE": 9 }, "geometry": { "type": "MultiPolygon", "coordinates": [ [ [ [ 114.365723133087158, 34.774389266967773 ], [ 114.365648031234741, 34.774389266967773 ], [ 114.365648031234741, 34.77447509765625 ], [ 114.365465641021729, 34.77447509765625 ], [ 114.365465641021729, 34.774636030197144 ], [ 114.365562200546265, 34.774636030197144 ], [ 114.365562200546265, 34.774550199508667 ], [ 114.365723133087158, 34.774550199508667 ], [ 114.365723133087158, 34.774389266967773 ] ] ] ] } },
{ "type": "Feature", "properties": { "Id": 1891, "GRIDCODE": 9 }, "geometry": { "type": "MultiPolygon", "coordinates": [ [ [ [ 114.365884065628052, 34.77421760559082 ], [ 114.365808963775635, 34.77421760559082 ], [ 114.365808963775635, 34.774389266967773 ], [ 114.365884065628052, 34.774389266967773 ], [ 114.365884065628052, 34.77421760559082 ] ] ] ] } },
{ "type": "Feature", "properties": { "Id": 1893, "GRIDCODE": 9 }, "geometry": { "type": "MultiPolygon", "coordinates": [ [ [ [ 114.366066455841064, 34.774142503738403 ], [ 114.365969896316528, 34.774142503738403 ], [ 114.365969896316528, 34.774303436279297 ], [ 114.366066455841064, 34.774303436279297 ], [ 114.366066455841064, 34.774142503738403 ] ] ] ] } },
{ "type": "Feature", "properties": { "Id": 1899, "GRIDCODE": 9 }, "geometry": { "type": "MultiPolygon", "coordinates": [ [ [ [ 114.366978406906128, 34.773638248443604 ], [ 114.366731643676758, 34.773638248443604 ], [ 114.366731643676758, 34.77372407913208 ], [ 114.366978406906128, 34.77372407913208 ], [ 114.366978406906128, 34.773638248443604 ] ] ] ] } },
{ "type": "Feature", "properties": { "Id": 1953, "GRIDCODE": 9 }, "geometry": { "type": "MultiPolygon", "coordinates": [ [ [ [ 114.288733005523682, 34.768059253692627 ], [ 114.288636445999146, 34.768059253692627 ], [ 114.288636445999146, 34.768134355545044 ], [ 114.288733005523682, 34.768134355545044 ], [ 114.288733005523682, 34.768059253692627 ] ] ] ] } },
{ "type": "Feature", "properties": { "Id": 1977, "GRIDCODE": 9 }, "geometry": { "type": "MultiPolygon", "coordinates": [ [ [ [ 114.289966821670532, 34.76622462272644 ], [ 114.289805889129639, 34.76622462272644 ], [ 114.289805889129639, 34.766310453414917 ], [ 114.289966821670532, 34.766310453414917 ], [ 114.289966821670532, 34.76622462272644 ] ] ] ] } },
{ "type": "Feature", "properties": { "Id": 2008, "GRIDCODE": 9 }, "geometry": { "type": "MultiPolygon", "coordinates": [ [ [ [ 114.380893707275391, 34.763638973236084 ], [ 114.380732774734497, 34.763638973236084 ], [ 114.380732774734497, 34.763885736465454 ], [ 114.380797147750854, 34.763885736465454 ], [ 114.380797147750854, 34.763799905776978 ], [ 114.380893707275391, 34.763799905776978 ], [ 114.380893707275391, 34.763638973236084 ] ] ] ] } },
{ "type": "Feature", "properties": { "Id": 2025, "GRIDCODE": 9 }, "geometry": { "type": "MultiPolygon", "coordinates": [ [ [ [ 114.38440203666687, 34.762222766876221 ], [ 114.384305477142334, 34.762222766876221 ], [ 114.384305477142334, 34.762308597564697 ], [ 114.38440203666687, 34.762308597564697 ], [ 114.38440203666687, 34.762222766876221 ] ] ] ] } },
{ "type": "Feature", "properties": { "Id": 2029, "GRIDCODE": 9 }, "geometry": { "type": "MultiPolygon", "coordinates": [ [ [ [ 114.385635852813721, 34.761804342269897 ], [ 114.385474920272827, 34.761804342269897 ], [ 114.385474920272827, 34.761890172958374 ], [ 114.385313987731934, 34.761890172958374 ], [ 114.385313987731934, 34.761976003646851 ], [ 114.385560750961304, 34.761976003646851 ], [ 114.385560750961304, 34.761890172958374 ], [ 114.385635852813721, 34.761890172958374 ], [ 114.385635852813721, 34.761804342269897 ] ] ] ] } },
{ "type": "Feature", "properties": { "Id": 2030, "GRIDCODE": 9 }, "geometry": { "type": "MultiPolygon", "coordinates": [ [ [ [ 114.385635852813721, 34.761804342269897 ], [ 114.385732412338257, 34.761804342269897 ], [ 114.385732412338257, 34.761718511581421 ], [ 114.385635852813721, 34.761718511581421 ], [ 114.385635852813721, 34.761804342269897 ] ] ] ] } },
{ "type": "Feature", "properties": { "Id": 2047, "GRIDCODE": 9 }, "geometry": { "type": "MultiPolygon", "coordinates": [ [ [ [ 114.388135671615601, 34.760055541992188 ], [ 114.38788890838623, 34.760055541992188 ], [ 114.38788890838623, 34.760141372680664 ], [ 114.387813806533813, 34.760141372680664 ], [ 114.387813806533813, 34.760227203369141 ], [ 114.387974739074707, 34.760227203369141 ], [ 114.387974739074707, 34.760141372680664 ], [ 114.388135671615601, 34.760141372680664 ], [ 114.388135671615601, 34.760055541992188 ] ] ] ] } },
{ "type": "Feature", "properties": { "Id": 2054, "GRIDCODE": 9 }, "geometry": { "type": "MultiPolygon", "coordinates": [ [ [ [ 114.38939094543457, 34.759637117385864 ], [ 114.389305114746094, 34.759637117385864 ], [ 114.389305114746094, 34.759722948074341 ], [ 114.38939094543457, 34.759722948074341 ], [ 114.38939094543457, 34.759637117385864 ] ] ] ] } },
{ "type": "Feature", "properties": { "Id": 2056, "GRIDCODE": 9 }, "geometry": { "type": "MultiPolygon", "coordinates": [ [ [ [ 114.390056133270264, 34.759390354156494 ], [ 114.389970302581787, 34.759390354156494 ], [ 114.389970302581787, 34.759476184844971 ], [ 114.390056133270264, 34.759476184844971 ], [ 114.390056133270264, 34.759390354156494 ] ] ] ] } },
{ "type": "Feature", "properties": { "Id": 2059, "GRIDCODE": 9 }, "geometry": { "type": "MultiPolygon", "coordinates": [ [ [ [ 114.390217065811157, 34.759304523468018 ], [ 114.390131235122681, 34.759304523468018 ], [ 114.390131235122681, 34.759390354156494 ], [ 114.390217065811157, 34.759390354156494 ], [ 114.390217065811157, 34.759304523468018 ] ] ] ] } },
{ "type": "Feature", "properties": { "Id": 2060, "GRIDCODE": 9 }, "geometry": { "type": "MultiPolygon", "coordinates": [ [ [ [ 114.45955753326416, 34.759304523468018 ], [ 114.459482431411743, 34.759304523468018 ], [ 114.459482431411743, 34.759390354156494 ], [ 114.45955753326416, 34.759390354156494 ], [ 114.45955753326416, 34.759304523468018 ] ] ] ] } },
{ "type": "Feature", "properties": { "Id": 2070, "GRIDCODE": 9 }, "geometry": { "type": "MultiPolygon", "coordinates": [ [ [ [ 114.275890588760376, 34.758381843566895 ], [ 114.275804758071899, 34.758381843566895 ], [ 114.275804758071899, 34.758467674255371 ], [ 114.275890588760376, 34.758467674255371 ], [ 114.275890588760376, 34.758381843566895 ] ] ] ] } },
{ "type": "Feature", "properties": { "Id": 2078, "GRIDCODE": 9 }, "geometry": { "type": "MultiPolygon", "coordinates": [ [ [ [ 114.278647899627686, 34.757974147796631 ], [ 114.278304576873779, 34.757974147796631 ], [ 114.278304576873779, 34.758049249649048 ], [ 114.277982711791992, 34.758049249649048 ], [ 114.277982711791992, 34.758135080337524 ], [ 114.277317523956299, 34.758135080337524 ], [ 114.277317523956299, 34.758306741714478 ], [ 114.27754282951355, 34.758306741714478 ], [ 114.27754282951355, 34.758220911026001 ], [ 114.277886152267456, 34.758220911026001 ], [ 114.277886152267456, 34.758381843566895 ], [ 114.277982711791992, 34.758381843566895 ], [ 114.277982711791992, 34.758306741714478 ], [ 114.27804708480835, 34.758306741714478 ], [ 114.27804708480835, 34.758135080337524 ], [ 114.278143644332886, 34.758135080337524 ], [ 114.278143644332886, 34.758220911026001 ], [ 114.278551340103149, 34.758220911026001 ], [ 114.278551340103149, 34.758135080337524 ], [ 114.278647899627686, 34.758135080337524 ], [ 114.278647899627686, 34.757974147796631 ] ] ] ] } },
{ "type": "Feature", "properties": { "Id": 2082, "GRIDCODE": 9 }, "geometry": { "type": "MultiPolygon", "coordinates": [ [ [ [ 114.281394481658936, 34.757555723190308 ], [ 114.281308650970459, 34.757555723190308 ], [ 114.281308650970459, 34.757716655731201 ], [ 114.281394481658936, 34.757716655731201 ], [ 114.281394481658936, 34.757555723190308 ] ] ] ] } },
{ "type": "Feature", "properties": { "Id": 2101, "GRIDCODE": 9 }, "geometry": { "type": "MultiPolygon", "coordinates": [ [ [ [ 114.45955753326416, 34.759304523468018 ], [ 114.459718465805054, 34.759304523468018 ], [ 114.459718465805054, 34.759476184844971 ], [ 114.459482431411743, 34.759476184844971 ], [ 114.459482431411743, 34.759390354156494 ], [ 114.459396600723267, 34.759390354156494 ], [ 114.459396600723267, 34.759476184844971 ], [ 114.459235668182373, 34.759476184844971 ], [ 114.459235668182373, 34.759562015533447 ], [ 114.459139108657837, 34.759562015533447 ], [ 114.459139108657837, 34.759637117385864 ], [ 114.458892345428467, 34.759637117385864 ], [ 114.458892345428467, 34.759722948074341 ], [ 114.458795785903931, 34.759722948074341 ], [ 114.458795785903931, 34.759808778762817 ], [ 114.458731412887573, 34.759808778762817 ], [ 114.458731412887573, 34.759894609451294 ], [ 114.45857048034668, 34.759894609451294 ], [ 114.45857048034668, 34.759969711303711 ], [ 114.458388090133667, 34.759969711303711 ], [ 114.458388090133667, 34.760055541992188 ], [ 114.458227157592773, 34.760055541992188 ], [ 114.458227157592773, 34.760473966598511 ], [ 114.45831298828125, 34.760473966598511 ], [ 114.45831298828125, 34.760559797286987 ], [ 114.458227157592773, 34.760559797286987 ], [ 114.458227157592773, 34.760645627975464 ], [ 114.45831298828125, 34.760645627975464 ], [ 114.45831298828125, 34.760720729827881 ], [ 114.458388090133667, 34.760720729827881 ], [ 114.458388090133667, 34.760806560516357 ], [ 114.458473920822144, 34.760806560516357 ], [ 114.458473920822144, 34.760978221893311 ], [ 114.458388090133667, 34.760978221893311 ], [ 114.458388090133667, 34.761053323745728 ], [ 114.458473920822144, 34.761053323745728 ], [ 114.458473920822144, 34.761139154434204 ], [ 114.45857048034668, 34.761139154434204 ], [ 114.45857048034668, 34.761385917663574 ], [ 114.460405111312866, 34.761385917663574 ], [ 114.460405111312866, 34.760055541992188 ], [ 114.460469484329224, 34.760055541992188 ], [ 114.460469484329224, 34.759390354156494 ], [ 114.46056604385376, 34.759390354156494 ], [ 114.46056604385376, 34.758135080337524 ], [ 114.460630416870117, 34.758135080337524 ], [ 114.460630416870117, 34.756386280059814 ], [ 114.460726976394653, 34.756386280059814 ], [ 114.460726976394653, 34.756300449371338 ], [ 114.460630416870117, 34.756300449371338 ], [ 114.460630416870117, 34.756225347518921 ], [ 114.460469484329224, 34.756225347518921 ], [ 114.460469484329224, 34.756386280059814 ], [ 114.460405111312866, 34.756386280059814 ], [ 114.460405111312866, 34.757137298583984 ], [ 114.46030855178833, 34.757137298583984 ], [ 114.46030855178833, 34.758135080337524 ], [ 114.460405111312866, 34.758135080337524 ], [ 114.460405111312866, 34.758306741714478 ], [ 114.460222721099854, 34.758306741714478 ], [ 114.460222721099854, 34.758971929550171 ], [ 114.460147619247437, 34.758971929550171 ], [ 114.460147619247437, 34.759047031402588 ], [ 114.45980429649353, 34.759047031402588 ], [ 114.45980429649353, 34.759143590927124 ], [ 114.459718465805054, 34.759143590927124 ], [ 114.459718465805054, 34.759229421615601 ], [ 114.45955753326416, 34.759229421615601 ], [ 114.45955753326416, 34.759304523468018 ] ], [ [ 114.459139108657837, 34.759722948074341 ], [ 114.459139108657837, 34.759808778762817 ], [ 114.459235668182373, 34.759808778762817 ], [ 114.459235668182373, 34.759894609451294 ], [ 114.459139108657837, 34.759894609451294 ], [ 114.459139108657837, 34.760227203369141 ], [ 114.459235668182373, 34.760227203369141 ], [ 114.459235668182373, 34.760302305221558 ], [ 114.459396600723267, 34.760302305221558 ], [ 114.459396600723267, 34.760388135910034 ], [ 114.45980429649353, 34.760388135910034 ], [ 114.45980429649353, 34.760302305221558 ], [ 114.459965229034424, 34.760302305221558 ], [ 114.459965229034424, 34.760141372680664 ], [ 114.460147619247437, 34.760141372680664 ], [ 114.460147619247437, 34.760227203369141 ], [ 114.460222721099854, 34.760227203369141 ], [ 114.460222721099854, 34.760302305221558 ], [ 114.46030855178833, 34.760302305221558 ], [ 114.46030855178833, 34.760388135910034 ], [ 114.460222721099854, 34.760388135910034 ], [ 114.460222721099854, 34.760645627975464 ], [ 114.46030855178833, 34.760645627975464 ], [ 114.46030855178833, 34.760892391204834 ], [ 114.460222721099854, 34.760892391204834 ], [ 114.460222721099854, 34.761053323745728 ], [ 114.460147619247437, 34.761053323745728 ], [ 114.460147619247437, 34.761139154434204 ], [ 114.459900856018066, 34.761139154434204 ], [ 114.459900856018066, 34.761224985122681 ], [ 114.459482431411743, 34.761224985122681 ], [ 114.459482431411743, 34.761139154434204 ], [ 114.45905327796936, 34.761139154434204 ], [ 114.45905327796936, 34.761224985122681 ], [ 114.458892345428467, 34.761224985122681 ], [ 114.458892345428467, 34.761053323745728 ], [ 114.458731412887573, 34.761053323745728 ], [ 114.458731412887573, 34.760978221893311 ], [ 114.458634853363037, 34.760978221893311 ], [ 114.458634853363037, 34.760892391204834 ], [ 114.45857048034668, 34.760892391204834 ], [ 114.45857048034668, 34.760559797286987 ], [ 114.458473920822144, 34.760559797286987 ], [ 114.458473920822144, 34.760227203369141 ], [ 114.45857048034668, 34.760227203369141 ], [ 114.45857048034668, 34.760141372680664 ], [ 114.458731412887573, 34.760141372680664 ], [ 114.458731412887573, 34.759969711303711 ], [ 114.458795785903931, 34.759969711303711 ], [ 114.458795785903931, 34.759894609451294 ], [ 114.458892345428467, 34.759894609451294 ], [ 114.458892345428467, 34.759808778762817 ], [ 114.45905327796936, 34.759808778762817 ], [ 114.45905327796936, 34.759722948074341 ], [ 114.459139108657837, 34.759722948074341 ] ], [ [ 114.45930004119873, 34.759637117385864 ], [ 114.45930004119873, 34.759722948074341 ], [ 114.459235668182373, 34.759722948074341 ], [ 114.459235668182373, 34.759637117385864 ], [ 114.45930004119873, 34.759637117385864 ] ] ] ] } },
{ "type": "Feature", "properties": { "Id": 2105, "GRIDCODE": 9 }, "geometry": { "type": "MultiPolygon", "coordinates": [ [ [ [ 114.285793304443359, 34.755806922912598 ], [ 114.285567998886108, 34.755806922912598 ], [ 114.285567998886108, 34.755892753601074 ], [ 114.285793304443359, 34.755892753601074 ], [ 114.285793304443359, 34.755806922912598 ] ] ] ] } },
{ "type": "Feature", "properties": { "Id": 2107, "GRIDCODE": 9 }, "geometry": { "type": "MultiPolygon", "coordinates": [ [ [ [ 114.286898374557495, 34.755721092224121 ], [ 114.286394119262695, 34.755721092224121 ], [ 114.286394119262695, 34.755806922912598 ], [ 114.286715984344482, 34.755806922912598 ], [ 114.286715984344482, 34.755892753601074 ], [ 114.286898374557495, 34.755892753601074 ], [ 114.286898374557495, 34.755721092224121 ] ] ] ] } },
{ "type": "Feature", "properties": { "Id": 2108, "GRIDCODE": 9 }, "geometry": { "type": "MultiPolygon", "coordinates": [ [ [ [ 114.287059307098389, 34.755721092224121 ], [ 114.287059307098389, 34.755806922912598 ], [ 114.287145137786865, 34.755806922912598 ], [ 114.287145137786865, 34.755721092224121 ], [ 114.287059307098389, 34.755721092224121 ] ] ] ] } },
{ "type": "Feature", "properties": { "Id": 2110, "GRIDCODE": 9 }, "geometry": { "type": "MultiPolygon", "coordinates": [ [ [ [ 114.286898374557495, 34.755721092224121 ], [ 114.287059307098389, 34.755721092224121 ], [ 114.287059307098389, 34.755635261535645 ], [ 114.286898374557495, 34.755635261535645 ], [ 114.286898374557495, 34.755721092224121 ] ] ] ] } },
{ "type": "Feature", "properties": { "Id": 2113, "GRIDCODE": 9 }, "geometry": { "type": "MultiPolygon", "coordinates": [ [ [ [ 114.287724494934082, 34.755474328994751 ], [ 114.287627935409546, 34.755474328994751 ], [ 114.287627935409546, 34.755635261535645 ], [ 114.287810325622559, 34.755635261535645 ], [ 114.287810325622559, 34.755560159683228 ], [ 114.287724494934082, 34.755560159683228 ], [ 114.287724494934082, 34.755474328994751 ] ] ] ] } },
{ "type": "Feature", "properties": { "Id": 2117, "GRIDCODE": 9 }, "geometry": { "type": "MultiPolygon", "coordinates": [ [ [ [ 114.289054870605469, 34.755141735076904 ], [ 114.288893938064575, 34.755141735076904 ], [ 114.288893938064575, 34.755302667617798 ], [ 114.289140701293945, 34.755302667617798 ], [ 114.289140701293945, 34.755227565765381 ], [ 114.289054870605469, 34.755227565765381 ], [ 114.289054870605469, 34.755141735076904 ] ] ] ] } },
{ "type": "Feature", "properties": { "Id": 2119, "GRIDCODE": 9 }, "geometry": { "type": "MultiPolygon", "coordinates": [ [ [ [ 114.40388560295105, 34.755055904388428 ], [ 114.403810501098633, 34.755055904388428 ], [ 114.403810501098633, 34.755141735076904 ], [ 114.40388560295105, 34.755141735076904 ], [ 114.40388560295105, 34.755055904388428 ] ] ] ] } },
{ "type": "Feature", "properties": { "Id": 2122, "GRIDCODE": 9 }, "geometry": { "type": "MultiPolygon", "coordinates": [ [ [ [ 114.40438985824585, 34.754894971847534 ], [ 114.404314756393433, 34.754894971847534 ], [ 114.404314756393433, 34.754970073699951 ], [ 114.40438985824585, 34.754970073699951 ], [ 114.40438985824585, 34.754894971847534 ] ] ] ] } },
{ "type": "Feature", "properties": { "Id": 2130, "GRIDCODE": 9 }, "geometry": { "type": "MultiPolygon", "coordinates": [ [ [ [ 114.307637214660645, 34.754390716552734 ], [ 114.307476282119751, 34.754390716552734 ], [ 114.307476282119751, 34.754476547241211 ], [ 114.307637214660645, 34.754476547241211 ], [ 114.307637214660645, 34.754390716552734 ] ] ] ] } },
{ "type": "Feature", "properties": { "Id": 2132, "GRIDCODE": 9 }, "geometry": { "type": "MultiPolygon", "coordinates": [ [ [ [ 114.307980537414551, 34.754304885864258 ], [ 114.307894706726074, 34.754304885864258 ], [ 114.307894706726074, 34.754390716552734 ], [ 114.307980537414551, 34.754390716552734 ], [ 114.307980537414551, 34.754304885864258 ] ] ] ] } },
{ "type": "Feature", "properties": { "Id": 2134, "GRIDCODE": 9 }, "geometry": { "type": "MultiPolygon", "coordinates": [ [ [ [ 114.292649030685425, 34.754219055175781 ], [ 114.292649030685425, 34.754304885864258 ], [ 114.292724132537842, 34.754304885864258 ], [ 114.292724132537842, 34.754219055175781 ], [ 114.292649030685425, 34.754219055175781 ] ] ] ] } },
{ "type": "Feature", "properties": { "Id": 2136, "GRIDCODE": 9 }, "geometry": { "type": "MultiPolygon", "coordinates": [ [ [ [ 114.292649030685425, 34.754219055175781 ], [ 114.292649030685425, 34.754143953323364 ], [ 114.292391538619995, 34.754143953323364 ], [ 114.292391538619995, 34.754219055175781 ], [ 114.292649030685425, 34.754219055175781 ] ] ] ] } },
{ "type": "Feature", "properties": { "Id": 2137, "GRIDCODE": 9 }, "geometry": { "type": "MultiPolygon", "coordinates": [ [ [ [ 114.46107029914856, 34.754143953323364 ], [ 114.460973739624023, 34.754143953323364 ], [ 114.460973739624023, 34.754390716552734 ], [ 114.46081280708313, 34.754390716552734 ], [ 114.46081280708313, 34.754562377929688 ], [ 114.460726976394653, 34.754562377929688 ], [ 114.460726976394653, 34.754723310470581 ], [ 114.46081280708313, 34.754723310470581 ], [ 114.46081280708313, 34.754809141159058 ], [ 114.460726976394653, 34.754809141159058 ], [ 114.460726976394653, 34.754894971847534 ], [ 114.460630416870117, 34.754894971847534 ], [ 114.460630416870117, 34.754970073699951 ], [ 114.460726976394653, 34.754970073699951 ], [ 114.460726976394653, 34.755388498306274 ], [ 114.46056604385376, 34.755388498306274 ], [ 114.46056604385376, 34.755892753601074 ], [ 114.46081280708313, 34.755892753601074 ], [ 114.46081280708313, 34.755721092224121 ], [ 114.460887908935547, 34.755721092224121 ], [ 114.460887908935547, 34.755635261535645 ], [ 114.46081280708313, 34.755635261535645 ], [ 114.46081280708313, 34.755474328994751 ], [ 114.460887908935547, 34.755474328994751 ], [ 114.460887908935547, 34.755141735076904 ], [ 114.46107029914856, 34.755141735076904 ], [ 114.46107029914856, 34.754143953323364 ] ] ] ] } },
{ "type": "Feature", "properties": { "Id": 2139, "GRIDCODE": 9 }, "geometry": { "type": "MultiPolygon", "coordinates": [ [ [ [ 114.308645725250244, 34.754058122634888 ], [ 114.308559894561768, 34.754058122634888 ], [ 114.308559894561768, 34.754143953323364 ], [ 114.308645725250244, 34.754143953323364 ], [ 114.308645725250244, 34.754058122634888 ] ] ] ] } },
{ "type": "Feature", "properties": { "Id": 2140, "GRIDCODE": 9 }, "geometry": { "type": "MultiPolygon", "coordinates": [ [ [ [ 114.293389320373535, 34.753972291946411 ], [ 114.293314218521118, 34.753972291946411 ], [ 114.293314218521118, 34.754219055175781 ], [ 114.293389320373535, 34.754219055175781 ], [ 114.293389320373535, 34.754143953323364 ], [ 114.293475151062012, 34.754143953323364 ], [ 114.293475151062012, 34.754058122634888 ], [ 114.293389320373535, 34.754058122634888 ], [ 114.293389320373535, 34.753972291946411 ] ] ] ] } },
{ "type": "Feature", "properties": { "Id": 2142, "GRIDCODE": 9 }, "geometry": { "type": "MultiPolygon", "coordinates": [ [ [ [ 114.294548034667969, 34.753886461257935 ], [ 114.294483661651611, 34.753886461257935 ], [ 114.294483661651611, 34.753972291946411 ], [ 114.294548034667969, 34.753972291946411 ], [ 114.294548034667969, 34.753886461257935 ] ] ] ] } },
{ "type": "Feature", "properties": { "Id": 2144, "GRIDCODE": 9 }, "geometry": { "type": "MultiPolygon", "coordinates": [ [ [ [ 114.294140338897705, 34.753811359405518 ], [ 114.294054508209229, 34.753811359405518 ], [ 114.294054508209229, 34.753972291946411 ], [ 114.293882846832275, 34.753972291946411 ], [ 114.293882846832275, 34.753886461257935 ], [ 114.293721914291382, 34.753886461257935 ], [ 114.293721914291382, 34.754143953323364 ], [ 114.293797016143799, 34.754143953323364 ], [ 114.293797016143799, 34.754058122634888 ], [ 114.294301271438599, 34.754058122634888 ], [ 114.294301271438599, 34.753886461257935 ], [ 114.294140338897705, 34.753886461257935 ], [ 114.294140338897705, 34.753811359405518 ] ] ] ] } },
{ "type": "Feature", "properties": { "Id": 2145, "GRIDCODE": 9 }, "geometry": { "type": "MultiPolygon", "coordinates": [ [ [ [ 114.461134672164917, 34.753811359405518 ], [ 114.46107029914856, 34.753811359405518 ], [ 114.46107029914856, 34.754143953323364 ], [ 114.461134672164917, 34.754143953323364 ], [ 114.461134672164917, 34.754058122634888 ], [ 114.461231231689453, 34.754058122634888 ], [ 114.461231231689453, 34.754143953323364 ], [ 114.46131706237793, 34.754143953323364 ], [ 114.46131706237793, 34.753972291946411 ], [ 114.461134672164917, 34.753972291946411 ], [ 114.461134672164917, 34.753811359405518 ] ] ] ] } },
{ "type": "Feature", "properties": { "Id": 2147, "GRIDCODE": 9 }, "geometry": { "type": "MultiPolygon", "coordinates": [ [ [ [ 114.461134672164917, 34.753811359405518 ], [ 114.46131706237793, 34.753811359405518 ], [ 114.46131706237793, 34.753725528717041 ], [ 114.461134672164917, 34.753725528717041 ], [ 114.461134672164917, 34.753811359405518 ] ] ] ] } },
{ "type": "Feature", "properties": { "Id": 2149, "GRIDCODE": 9 }, "geometry": { "type": "MultiPolygon", "coordinates": [ [ [ [ 114.294805526733398, 34.753639698028564 ], [ 114.294719696044922, 34.753639698028564 ], [ 114.294719696044922, 34.753811359405518 ], [ 114.294966459274292, 34.753811359405518 ], [ 114.294966459274292, 34.753886461257935 ], [ 114.295052289962769, 34.753886461257935 ], [ 114.295052289962769, 34.753811359405518 ], [ 114.295148849487305, 34.753811359405518 ], [ 114.295148849487305, 34.753725528717041 ], [ 114.294805526733398, 34.753725528717041 ], [ 114.294805526733398, 34.753639698028564 ] ] ] ] } },
{ "type": "Feature", "properties": { "Id": 2150, "GRIDCODE": 9 }, "geometry": { "type": "MultiPolygon", "coordinates": [ [ [ [ 114.303721189498901, 34.753639698028564 ], [ 114.303635358810425, 34.753639698028564 ], [ 114.303635358810425, 34.753725528717041 ], [ 114.303560256958008, 34.753725528717041 ], [ 114.303560256958008, 34.753811359405518 ], [ 114.303807020187378, 34.753811359405518 ], [ 114.303807020187378, 34.753886461257935 ], [ 114.304064512252808, 34.753886461257935 ], [ 114.304064512252808, 34.753811359405518 ], [ 114.303882122039795, 34.753811359405518 ], [ 114.303882122039795, 34.753725528717041 ], [ 114.303721189498901, 34.753725528717041 ], [ 114.303721189498901, 34.753639698028564 ] ] ] ] } },
{ "type": "Feature", "properties": { "Id": 2151, "GRIDCODE": 9 }, "geometry": { "type": "MultiPolygon", "coordinates": [ [ [ [ 114.303463697433472, 34.753553867340088 ], [ 114.303399324417114, 34.753553867340088 ], [ 114.303399324417114, 34.753725528717041 ], [ 114.303463697433472, 34.753725528717041 ], [ 114.303463697433472, 34.753553867340088 ] ] ] ] } },
{ "type": "Feature", "properties": { "Id": 2152, "GRIDCODE": 9 }, "geometry": { "type": "MultiPolygon", "coordinates": [ [ [ [ 114.408895969390869, 34.753553867340088 ], [ 114.408724308013916, 34.753553867340088 ], [ 114.408724308013916, 34.753725528717041 ], [ 114.408971071243286, 34.753725528717041 ], [ 114.408971071243286, 34.753639698028564 ], [ 114.408895969390869, 34.753639698028564 ], [ 114.408895969390869, 34.753553867340088 ] ] ] ] } },
{ "type": "Feature", "properties": { "Id": 2154, "GRIDCODE": 9 }, "geometry": { "type": "MultiPolygon", "coordinates": [ [ [ [ 114.311553239822388, 34.753468036651611 ], [ 114.311467409133911, 34.753468036651611 ], [ 114.311467409133911, 34.753553867340088 ], [ 114.311553239822388, 34.753553867340088 ], [ 114.311553239822388, 34.753468036651611 ] ] ] ] } },
{ "type": "Feature", "properties": { "Id": 2156, "GRIDCODE": 9 }, "geometry": { "type": "MultiPolygon", "coordinates": [ [ [ [ 114.302970170974731, 34.753382205963135 ], [ 114.302970170974731, 34.753468036651611 ], [ 114.303056001663208, 34.753468036651611 ], [ 114.303056001663208, 34.753382205963135 ], [ 114.302970170974731, 34.753382205963135 ] ] ] ] } },
{ "type": "Feature", "properties": { "Id": 2158, "GRIDCODE": 9 }, "geometry": { "type": "MultiPolygon", "coordinates": [ [ [ [ 114.302970170974731, 34.753382205963135 ], [ 114.302970170974731, 34.753307104110718 ], [ 114.302895069122314, 34.753307104110718 ], [ 114.302895069122314, 34.753382205963135 ], [ 114.302970170974731, 34.753382205963135 ] ] ] ] } },
{ "type": "Feature", "properties": { "Id": 2160, "GRIDCODE": 9 }, "geometry": { "type": "MultiPolygon", "coordinates": [ [ [ [ 114.437230825424194, 34.753221273422241 ], [ 114.436812400817871, 34.753221273422241 ], [ 114.436812400817871, 34.753382205963135 ], [ 114.437230825424194, 34.753382205963135 ], [ 114.437230825424194, 34.753221273422241 ] ] ] ] } },
{ "type": "Feature", "properties": { "Id": 2162, "GRIDCODE": 9 }, "geometry": { "type": "MultiPolygon", "coordinates": [ [ [ [ 114.296479225158691, 34.753135442733765 ], [ 114.296318292617798, 34.753135442733765 ], [ 114.296318292617798, 34.753221273422241 ], [ 114.296060800552368, 34.753221273422241 ], [ 114.296060800552368, 34.753307104110718 ], [ 114.295814037322998, 34.753307104110718 ], [ 114.295814037322998, 34.753468036651611 ], [ 114.295717477798462, 34.753468036651611 ], [ 114.295717477798462, 34.753382205963135 ], [ 114.295631647109985, 34.753382205963135 ], [ 114.295631647109985, 34.753553867340088 ], [ 114.295395612716675, 34.753553867340088 ], [ 114.295395612716675, 34.753639698028564 ], [ 114.295309782028198, 34.753639698028564 ], [ 114.295309782028198, 34.753725528717041 ], [ 114.295470714569092, 34.753725528717041 ], [ 114.295470714569092, 34.753639698028564 ], [ 114.295717477798462, 34.753639698028564 ], [ 114.295717477798462, 34.753553867340088 ], [ 114.295878410339355, 34.753553867340088 ], [ 114.295878410339355, 34.753468036651611 ], [ 114.296135902404785, 34.753468036651611 ], [ 114.296135902404785, 34.753382205963135 ], [ 114.296382665634155, 34.753382205963135 ], [ 114.296382665634155, 34.753307104110718 ], [ 114.296543598175049, 34.753307104110718 ], [ 114.296543598175049, 34.753221273422241 ], [ 114.296479225158691, 34.753221273422241 ], [ 114.296479225158691, 34.753135442733765 ] ] ] ] } },
{ "type": "Feature", "properties": { "Id": 2163, "GRIDCODE": 9 }, "geometry": { "type": "MultiPolygon", "coordinates": [ [ [ [ 114.312636852264404, 34.753135442733765 ], [ 114.312390089035034, 34.753135442733765 ], [ 114.312390089035034, 34.753221273422241 ], [ 114.312218427658081, 34.753221273422241 ], [ 114.312218427658081, 34.753307104110718 ], [ 114.312057495117188, 34.753307104110718 ], [ 114.312057495117188, 34.753382205963135 ], [ 114.311971664428711, 34.753382205963135 ], [ 114.311971664428711, 34.753639698028564 ], [ 114.312057495117188, 34.753639698028564 ], [ 114.312057495117188, 34.753553867340088 ], [ 114.312218427658081, 34.753553867340088 ], [ 114.312218427658081, 34.753468036651611 ], [ 114.312475919723511, 34.753468036651611 ], [ 114.312475919723511, 34.753553867340088 ], [ 114.312561750411987, 34.753553867340088 ], [ 114.312561750411987, 34.753468036651611 ], [ 114.312636852264404, 34.753468036651611 ], [ 114.312636852264404, 34.753382205963135 ], [ 114.312722682952881, 34.753382205963135 ], [ 114.312722682952881, 34.753221273422241 ], [ 114.312636852264404, 34.753221273422241 ], [ 114.312636852264404, 34.753135442733765 ] ] ] ] } },
{ "type": "Feature", "properties": { "Id": 2164, "GRIDCODE": 9 }, "geometry": { "type": "MultiPolygon", "coordinates": [ [ [ [ 114.410301446914673, 34.753135442733765 ], [ 114.410140514373779, 34.753135442733765 ], [ 114.410140514373779, 34.753221273422241 ], [ 114.410301446914673, 34.753221273422241 ], [ 114.410301446914673, 34.753135442733765 ] ] ] ] } },
{ "type": "Feature", "properties": { "Id": 2166, "GRIDCODE": 9 }, "geometry": { "type": "MultiPolygon", "coordinates": [ [ [ [ 114.296801090240479, 34.753049612045288 ], [ 114.296725988388062, 34.753049612045288 ], [ 114.296725988388062, 34.753221273422241 ], [ 114.296801090240479, 34.753221273422241 ], [ 114.296801090240479, 34.753049612045288 ] ] ] ] } },
{ "type": "Feature", "properties": { "Id": 2168, "GRIDCODE": 9 }, "geometry": { "type": "MultiPolygon", "coordinates": [ [ [ [ 114.296801090240479, 34.753049612045288 ], [ 114.296983480453491, 34.753049612045288 ], [ 114.296983480453491, 34.753135442733765 ], [ 114.297047853469849, 34.753135442733765 ], [ 114.297047853469849, 34.752963781356812 ], [ 114.296801090240479, 34.752963781356812 ], [ 114.296801090240479, 34.753049612045288 ] ] ] ] } },
{ "type": "Feature", "properties": { "Id": 2173, "GRIDCODE": 9 }, "geometry": { "type": "MultiPolygon", "coordinates": [ [ [ [ 114.297648668289185, 34.752631187438965 ], [ 114.297552108764648, 34.752631187438965 ], [ 114.297552108764648, 34.752717018127441 ], [ 114.297391176223755, 34.752717018127441 ], [ 114.297391176223755, 34.752802848815918 ], [ 114.297144412994385, 34.752802848815918 ], [ 114.297144412994385, 34.752963781356812 ], [ 114.297230243682861, 34.752963781356812 ], [ 114.297230243682861, 34.752888679504395 ], [ 114.297466278076172, 34.752888679504395 ], [ 114.297466278076172, 34.752802848815918 ], [ 114.297713041305542, 34.752802848815918 ], [ 114.297713041305542, 34.752717018127441 ], [ 114.297648668289185, 34.752717018127441 ], [ 114.297648668289185, 34.752631187438965 ] ] ] ] } },
{ "type": "Feature", "properties": { "Id": 2175, "GRIDCODE": 9 }, "geometry": { "type": "MultiPolygon", "coordinates": [ [ [ [ 114.298474788665771, 34.752556085586548 ], [ 114.298313856124878, 34.752556085586548 ], [ 114.298313856124878, 34.752631187438965 ], [ 114.298474788665771, 34.752631187438965 ], [ 114.298474788665771, 34.752556085586548 ] ] ] ] } },
{ "type": "Feature", "properties": { "Id": 2176, "GRIDCODE": 9 }, "geometry": { "type": "MultiPolygon", "coordinates": [ [ [ [ 114.461982250213623, 34.752470254898071 ], [ 114.461896419525146, 34.752470254898071 ], [ 114.461896419525146, 34.752556085586548 ], [ 114.461735486984253, 34.752556085586548 ], [ 114.461735486984253, 34.752888679504395 ], [ 114.461638927459717, 34.752888679504395 ], [ 114.461638927459717, 34.752963781356812 ], [ 114.461982250213623, 34.752963781356812 ], [ 114.461982250213623, 34.752802848815918 ], [ 114.46205735206604, 34.752802848815918 ], [ 114.46205735206604, 34.752556085586548 ], [ 114.461982250213623, 34.752556085586548 ], [ 114.461982250213623, 34.752470254898071 ] ] ] ] } },
{ "type": "Feature", "properties": { "Id": 2186, "GRIDCODE": 9 }, "geometry": { "type": "MultiPolygon", "coordinates": [ [ [ [ 114.413809776306152, 34.751965999603271 ], [ 114.413487911224365, 34.751965999603271 ], [ 114.413487911224365, 34.752051830291748 ], [ 114.413305521011353, 34.752051830291748 ], [ 114.413305521011353, 34.752137660980225 ], [ 114.413144588470459, 34.752137660980225 ], [ 114.413144588470459, 34.752298593521118 ], [ 114.413230419158936, 34.752298593521118 ], [ 114.413230419158936, 34.752384424209595 ], [ 114.413305521011353, 34.752384424209595 ], [ 114.413305521011353, 34.752298593521118 ], [ 114.413391351699829, 34.752298593521118 ], [ 114.413391351699829, 34.752223491668701 ], [ 114.413487911224365, 34.752223491668701 ], [ 114.413487911224365, 34.752137660980225 ], [ 114.413648843765259, 34.752137660980225 ], [ 114.413648843765259, 34.752051830291748 ], [ 114.413809776306152, 34.752051830291748 ], [ 114.413809776306152, 34.751965999603271 ] ] ] ] } },
{ "type": "Feature", "properties": { "Id": 2188, "GRIDCODE": 9 }, "geometry": { "type": "MultiPolygon", "coordinates": [ [ [ [ 114.413809776306152, 34.751965999603271 ], [ 114.413895606994629, 34.751965999603271 ], [ 114.413895606994629, 34.751890897750854 ], [ 114.413809776306152, 34.751890897750854 ], [ 114.413809776306152, 34.751965999603271 ] ] ] ] } },
{ "type": "Feature", "properties": { "Id": 2221, "GRIDCODE": 9 }, "geometry": { "type": "MultiPolygon", "coordinates": [ [ [ [ 114.421641826629639, 34.747974872589111 ], [ 114.421555995941162, 34.747974872589111 ], [ 114.421555995941162, 34.748060703277588 ], [ 114.421641826629639, 34.748060703277588 ], [ 114.421641826629639, 34.747974872589111 ] ] ] ] } },
{ "type": "Feature", "properties": { "Id": 2254, "GRIDCODE": 9 }, "geometry": { "type": "MultiPolygon", "coordinates": [ [ [ [ 114.382063150405884, 34.745550155639648 ], [ 114.381805658340454, 34.745550155639648 ], [ 114.381805658340454, 34.745635986328125 ], [ 114.382063150405884, 34.745635986328125 ], [ 114.382063150405884, 34.745550155639648 ] ] ] ] } },
{ "type": "Feature", "properties": { "Id": 2255, "GRIDCODE": 9 }, "geometry": { "type": "MultiPolygon", "coordinates": [ [ [ [ 114.381644725799561, 34.745475053787231 ], [ 114.381558895111084, 34.745475053787231 ], [ 114.381558895111084, 34.745550155639648 ], [ 114.381644725799561, 34.745550155639648 ], [ 114.381644725799561, 34.745475053787231 ] ] ] ] } },
{ "type": "Feature", "properties": { "Id": 2256, "GRIDCODE": 9 }, "geometry": { "type": "MultiPolygon", "coordinates": [ [ [ [ 114.376881122589111, 34.745389223098755 ], [ 114.376816749572754, 34.745389223098755 ], [ 114.376816749572754, 34.745475053787231 ], [ 114.376881122589111, 34.745475053787231 ], [ 114.376881122589111, 34.745389223098755 ] ] ] ] } },
{ "type": "Feature", "properties": { "Id": 2257, "GRIDCODE": 9 }, "geometry": { "type": "MultiPolygon", "coordinates": [ [ [ [ 114.377889633178711, 34.745389223098755 ], [ 114.377803802490234, 34.745389223098755 ], [ 114.377803802490234, 34.745475053787231 ], [ 114.377889633178711, 34.745475053787231 ], [ 114.377889633178711, 34.745389223098755 ] ] ] ] } },
{ "type": "Feature", "properties": { "Id": 2258, "GRIDCODE": 9 }, "geometry": { "type": "MultiPolygon", "coordinates": [ [ [ [ 114.379059076309204, 34.745389223098755 ], [ 114.378715753555298, 34.745389223098755 ], [ 114.378715753555298, 34.745550155639648 ], [ 114.378801584243774, 34.745550155639648 ], [ 114.378801584243774, 34.745635986328125 ], [ 114.378973245620728, 34.745635986328125 ], [ 114.378973245620728, 34.745550155639648 ], [ 114.379144906997681, 34.745550155639648 ], [ 114.379144906997681, 34.745475053787231 ], [ 114.379059076309204, 34.745475053787231 ], [ 114.379059076309204, 34.745389223098755 ] ] ] ] } },
{ "type": "Feature", "properties": { "Id": 2260, "GRIDCODE": 9 }, "geometry": { "type": "MultiPolygon", "coordinates": [ [ [ [ 114.376634359359741, 34.745303392410278 ], [ 114.376473426818848, 34.745303392410278 ], [ 114.376473426818848, 34.745389223098755 ], [ 114.376634359359741, 34.745389223098755 ], [ 114.376634359359741, 34.745303392410278 ] ] ] ] } },
{ "type": "Feature", "properties": { "Id": 2261, "GRIDCODE": 9 }, "geometry": { "type": "MultiPolygon", "coordinates": [ [ [ [ 114.380550384521484, 34.745303392410278 ], [ 114.380303621292114, 34.745303392410278 ], [ 114.380303621292114, 34.745389223098755 ], [ 114.379380941390991, 34.745389223098755 ], [ 114.379380941390991, 34.745475053787231 ], [ 114.379466772079468, 34.745475053787231 ], [ 114.379466772079468, 34.745550155639648 ], [ 114.380131959915161, 34.745550155639648 ], [ 114.380131959915161, 34.745475053787231 ], [ 114.380228519439697, 34.745475053787231 ], [ 114.380228519439697, 34.745550155639648 ], [ 114.380303621292114, 34.745550155639648 ], [ 114.380303621292114, 34.745475053787231 ], [ 114.380636215209961, 34.745475053787231 ], [ 114.380636215209961, 34.745389223098755 ], [ 114.380550384521484, 34.745389223098755 ], [ 114.380550384521484, 34.745303392410278 ] ] ] ] } },
{ "type": "Feature", "properties": { "Id": 2264, "GRIDCODE": 9 }, "geometry": { "type": "MultiPolygon", "coordinates": [ [ [ [ 114.375711679458618, 34.745142459869385 ], [ 114.375711679458618, 34.745217561721802 ], [ 114.375808238983154, 34.745217561721802 ], [ 114.375808238983154, 34.745142459869385 ], [ 114.375711679458618, 34.745142459869385 ] ] ] ] } },
{ "type": "Feature", "properties": { "Id": 2266, "GRIDCODE": 9 }, "geometry": { "type": "MultiPolygon", "coordinates": [ [ [ [ 114.375647306442261, 34.745056629180908 ], [ 114.375647306442261, 34.745142459869385 ], [ 114.375711679458618, 34.745142459869385 ], [ 114.375711679458618, 34.745056629180908 ], [ 114.375647306442261, 34.745056629180908 ] ] ] ] } },
{ "type": "Feature", "properties": { "Id": 2267, "GRIDCODE": 9 }, "geometry": { "type": "MultiPolygon", "coordinates": [ [ [ [ 114.375647306442261, 34.745056629180908 ], [ 114.375647306442261, 34.744970798492432 ], [ 114.375550746917725, 34.744970798492432 ], [ 114.375550746917725, 34.745056629180908 ], [ 114.375647306442261, 34.745056629180908 ] ] ] ] } },
{ "type": "Feature", "properties": { "Id": 2269, "GRIDCODE": 9 }, "geometry": { "type": "MultiPolygon", "coordinates": [ [ [ [ 114.337044954299927, 34.744724035263062 ], [ 114.336980581283569, 34.744724035263062 ], [ 114.336980581283569, 34.744809865951538 ], [ 114.337044954299927, 34.744809865951538 ], [ 114.337044954299927, 34.744724035263062 ] ] ] ] } },
{ "type": "Feature", "properties": { "Id": 2270, "GRIDCODE": 9 }, "geometry": { "type": "MultiPolygon", "coordinates": [ [ [ [ 114.345799684524536, 34.744552373886108 ], [ 114.345391988754272, 34.744552373886108 ], [ 114.345391988754272, 34.744638204574585 ], [ 114.345295429229736, 34.744638204574585 ], [ 114.345295429229736, 34.744724035263062 ], [ 114.345391988754272, 34.744724035263062 ], [ 114.345391988754272, 34.744809865951538 ], [ 114.345477819442749, 34.744809865951538 ], [ 114.345477819442749, 34.744724035263062 ], [ 114.345552921295166, 34.744724035263062 ], [ 114.345552921295166, 34.744638204574585 ], [ 114.345799684524536, 34.744638204574585 ], [ 114.345799684524536, 34.744552373886108 ] ] ] ] } },
{ "type": "Feature", "properties": { "Id": 2271, "GRIDCODE": 9 }, "geometry": { "type": "MultiPolygon", "coordinates": [ [ [ [ 114.344630241394043, 34.744466543197632 ], [ 114.34396505355835, 34.744466543197632 ], [ 114.34396505355835, 34.744638204574585 ], [ 114.344061613082886, 34.744638204574585 ], [ 114.344061613082886, 34.744724035263062 ], [ 114.344383478164673, 34.744724035263062 ], [ 114.344383478164673, 34.744809865951538 ], [ 114.344565868377686, 34.744809865951538 ], [ 114.344565868377686, 34.744724035263062 ], [ 114.344469308853149, 34.744724035263062 ], [ 114.344469308853149, 34.744552373886108 ], [ 114.344630241394043, 34.744552373886108 ], [ 114.344630241394043, 34.744466543197632 ] ] ] ] } },
{ "type": "Feature", "properties": { "Id": 2272, "GRIDCODE": 9 }, "geometry": { "type": "MultiPolygon", "coordinates": [ [ [ [ 114.346722364425659, 34.744466543197632 ], [ 114.346464872360229, 34.744466543197632 ], [ 114.346464872360229, 34.744552373886108 ], [ 114.346303939819336, 34.744552373886108 ], [ 114.346303939819336, 34.744466543197632 ], [ 114.345896244049072, 34.744466543197632 ], [ 114.345896244049072, 34.744552373886108 ], [ 114.346143007278442, 34.744552373886108 ], [ 114.346143007278442, 34.744638204574585 ], [ 114.346647262573242, 34.744638204574585 ], [ 114.346647262573242, 34.744552373886108 ], [ 114.346722364425659, 34.744552373886108 ], [ 114.346722364425659, 34.744466543197632 ] ] ] ] } },
{ "type": "Feature", "properties": { "Id": 2274, "GRIDCODE": 9 }, "geometry": { "type": "MultiPolygon", "coordinates": [ [ [ [ 114.386805295944214, 34.744391441345215 ], [ 114.386719465255737, 34.744391441345215 ], [ 114.386719465255737, 34.744466543197632 ], [ 114.38664436340332, 34.744466543197632 ], [ 114.38664436340332, 34.744724035263062 ], [ 114.386719465255737, 34.744724035263062 ], [ 114.386719465255737, 34.744638204574585 ], [ 114.38689112663269, 34.744638204574585 ], [ 114.38689112663269, 34.744466543197632 ], [ 114.386805295944214, 34.744466543197632 ], [ 114.386805295944214, 34.744391441345215 ] ] ] ] } },
{ "type": "Feature", "properties": { "Id": 2275, "GRIDCODE": 9 }, "geometry": { "type": "MultiPolygon", "coordinates": [ [ [ [ 114.373898506164551, 34.744305610656738 ], [ 114.373898506164551, 34.744391441345215 ], [ 114.373973608016968, 34.744391441345215 ], [ 114.373973608016968, 34.744305610656738 ], [ 114.373898506164551, 34.744305610656738 ] ] ] ] } },
{ "type": "Feature", "properties": { "Id": 2276, "GRIDCODE": 9 }, "geometry": { "type": "MultiPolygon", "coordinates": [ [ [ [ 114.393221139907837, 34.744305610656738 ], [ 114.392813444137573, 34.744305610656738 ], [ 114.392813444137573, 34.744466543197632 ], [ 114.392877817153931, 34.744466543197632 ], [ 114.392877817153931, 34.744391441345215 ], [ 114.393221139907837, 34.744391441345215 ], [ 114.393221139907837, 34.744305610656738 ] ] ] ] } },
{ "type": "Feature", "properties": { "Id": 2278, "GRIDCODE": 9 }, "geometry": { "type": "MultiPolygon", "coordinates": [ [ [ [ 114.373812675476074, 34.744219779968262 ], [ 114.373812675476074, 34.744305610656738 ], [ 114.373898506164551, 34.744305610656738 ], [ 114.373898506164551, 34.744219779968262 ], [ 114.373812675476074, 34.744219779968262 ] ] ] ] } },
{ "type": "Feature", "properties": { "Id": 2279, "GRIDCODE": 9 }, "geometry": { "type": "MultiPolygon", "coordinates": [ [ [ [ 114.39138650894165, 34.744219779968262 ], [ 114.391300678253174, 34.744219779968262 ], [ 114.391300678253174, 34.744305610656738 ], [ 114.39138650894165, 34.744305610656738 ], [ 114.39138650894165, 34.744219779968262 ] ] ] ] } },
{ "type": "Feature", "properties": { "Id": 2280, "GRIDCODE": 9 }, "geometry": { "type": "MultiPolygon", "coordinates": [ [ [ [ 114.373716115951538, 34.744133949279785 ], [ 114.373716115951538, 34.744219779968262 ], [ 114.373812675476074, 34.744219779968262 ], [ 114.373812675476074, 34.744133949279785 ], [ 114.373716115951538, 34.744133949279785 ] ] ] ] } },
{ "type": "Feature", "properties": { "Id": 2281, "GRIDCODE": 9 }, "geometry": { "type": "MultiPolygon", "coordinates": [ [ [ [ 114.391053915023804, 34.744133949279785 ], [ 114.390882253646851, 34.744133949279785 ], [ 114.390882253646851, 34.744219779968262 ], [ 114.390978813171387, 34.744219779968262 ], [ 114.390978813171387, 34.744305610656738 ], [ 114.391053915023804, 34.744305610656738 ], [ 114.391053915023804, 34.744133949279785 ] ] ] ] } },
{ "type": "Feature", "properties": { "Id": 2282, "GRIDCODE": 9 }, "geometry": { "type": "MultiPolygon", "coordinates": [ [ [ [ 114.348224401473999, 34.744058847427368 ], [ 114.348138570785522, 34.744058847427368 ], [ 114.348138570785522, 34.744133949279785 ], [ 114.348224401473999, 34.744133949279785 ], [ 114.348224401473999, 34.744058847427368 ] ] ] ] } },
{ "type": "Feature", "properties": { "Id": 2283, "GRIDCODE": 9 }, "geometry": { "type": "MultiPolygon", "coordinates": [ [ [ [ 114.373716115951538, 34.744133949279785 ], [ 114.373716115951538, 34.744058847427368 ], [ 114.373555183410645, 34.744058847427368 ], [ 114.373555183410645, 34.744133949279785 ], [ 114.373716115951538, 34.744133949279785 ] ] ] ] } },
{ "type": "Feature", "properties": { "Id": 2284, "GRIDCODE": 9 }, "geometry": { "type": "MultiPolygon", "coordinates": [ [ [ [ 114.348556995391846, 34.743973016738892 ], [ 114.348481893539429, 34.743973016738892 ], [ 114.348481893539429, 34.744058847427368 ], [ 114.348556995391846, 34.744058847427368 ], [ 114.348556995391846, 34.743973016738892 ] ] ] ] } },
{ "type": "Feature", "properties": { "Id": 2287, "GRIDCODE": 9 }, "geometry": { "type": "MultiPolygon", "coordinates": [ [ [ [ 114.349308013916016, 34.743801355361938 ], [ 114.349147081375122, 34.743801355361938 ], [ 114.349147081375122, 34.743887186050415 ], [ 114.349222183227539, 34.743887186050415 ], [ 114.349222183227539, 34.743973016738892 ], [ 114.349308013916016, 34.743973016738892 ], [ 114.349308013916016, 34.743801355361938 ] ] ] ] } },
{ "type": "Feature", "properties": { "Id": 2292, "GRIDCODE": 9 }, "geometry": { "type": "MultiPolygon", "coordinates": [ [ [ [ 114.350134134292603, 34.743468761444092 ], [ 114.350059032440186, 34.743468761444092 ], [ 114.350059032440186, 34.743554592132568 ], [ 114.349973201751709, 34.743554592132568 ], [ 114.349973201751709, 34.743640422821045 ], [ 114.349887371063232, 34.743640422821045 ], [ 114.349887371063232, 34.743726253509521 ], [ 114.349812269210815, 34.743726253509521 ], [ 114.349812269210815, 34.743801355361938 ], [ 114.350059032440186, 34.743801355361938 ], [ 114.350059032440186, 34.743726253509521 ], [ 114.350134134292603, 34.743726253509521 ], [ 114.350134134292603, 34.743801355361938 ], [ 114.350219964981079, 34.743801355361938 ], [ 114.350219964981079, 34.743726253509521 ], [ 114.350316524505615, 34.743726253509521 ], [ 114.350316524505615, 34.743640422821045 ], [ 114.350219964981079, 34.743640422821045 ], [ 114.350219964981079, 34.743554592132568 ], [ 114.350134134292603, 34.743554592132568 ], [ 114.350134134292603, 34.743468761444092 ] ] ] ] } },
{ "type": "Feature", "properties": { "Id": 2294, "GRIDCODE": 9 }, "geometry": { "type": "MultiPolygon", "coordinates": [ [ [ [ 114.32597279548645, 34.743393659591675 ], [ 114.325886964797974, 34.743393659591675 ], [ 114.325886964797974, 34.743468761444092 ], [ 114.32597279548645, 34.743468761444092 ], [ 114.32597279548645, 34.743393659591675 ] ] ] ] } },
{ "type": "Feature", "properties": { "Id": 2295, "GRIDCODE": 9 }, "geometry": { "type": "MultiPolygon", "coordinates": [ [ [ [ 114.351228475570679, 34.743393659591675 ], [ 114.350638389587402, 34.743393659591675 ], [ 114.350638389587402, 34.743468761444092 ], [ 114.351228475570679, 34.743468761444092 ], [ 114.351228475570679, 34.743393659591675 ] ] ] ] } },
{ "type": "Feature", "properties": { "Id": 2296, "GRIDCODE": 9 }, "geometry": { "type": "MultiPolygon", "coordinates": [ [ [ [ 114.351722002029419, 34.743307828903198 ], [ 114.351646900177002, 34.743307828903198 ], [ 114.351646900177002, 34.743393659591675 ], [ 114.351722002029419, 34.743393659591675 ], [ 114.351722002029419, 34.743307828903198 ] ] ] ] } },
{ "type": "Feature", "properties": { "Id": 2297, "GRIDCODE": 9 }, "geometry": { "type": "MultiPolygon", "coordinates": [ [ [ [ 114.33246374130249, 34.743136167526245 ], [ 114.33246374130249, 34.743221998214722 ], [ 114.332549571990967, 34.743221998214722 ], [ 114.332549571990967, 34.743136167526245 ], [ 114.33246374130249, 34.743136167526245 ] ] ] ] } },
{ "type": "Feature", "properties": { "Id": 2298, "GRIDCODE": 9 }, "geometry": { "type": "MultiPolygon", "coordinates": [ [ [ [ 114.33246374130249, 34.743136167526245 ], [ 114.33246374130249, 34.743061065673828 ], [ 114.332388639450073, 34.743061065673828 ], [ 114.332388639450073, 34.743136167526245 ], [ 114.33246374130249, 34.743136167526245 ] ] ] ] } },
{ "type": "Feature", "properties": { "Id": 2299, "GRIDCODE": 9 }, "geometry": { "type": "MultiPolygon", "coordinates": [ [ [ [ 114.352151155471802, 34.743061065673828 ], [ 114.352054595947266, 34.743061065673828 ], [ 114.352054595947266, 34.743136167526245 ], [ 114.351968765258789, 34.743136167526245 ], [ 114.351968765258789, 34.743393659591675 ], [ 114.352054595947266, 34.743393659591675 ], [ 114.352054595947266, 34.743307828903198 ], [ 114.352151155471802, 34.743307828903198 ], [ 114.352151155471802, 34.743221998214722 ], [ 114.352215528488159, 34.743221998214722 ], [ 114.352215528488159, 34.743136167526245 ], [ 114.352151155471802, 34.743136167526245 ], [ 114.352151155471802, 34.743061065673828 ] ] ] ] } },
{ "type": "Feature", "properties": { "Id": 2301, "GRIDCODE": 9 }, "geometry": { "type": "MultiPolygon", "coordinates": [ [ [ [ 114.356142282485962, 34.742642641067505 ], [ 114.356045722961426, 34.742642641067505 ], [ 114.356045722961426, 34.742728471755981 ], [ 114.355981349945068, 34.742728471755981 ], [ 114.355981349945068, 34.742803573608398 ], [ 114.356045722961426, 34.742803573608398 ], [ 114.356045722961426, 34.742889404296875 ], [ 114.356142282485962, 34.742889404296875 ], [ 114.356142282485962, 34.742803573608398 ], [ 114.356228113174438, 34.742803573608398 ], [ 114.356228113174438, 34.742728471755981 ], [ 114.356142282485962, 34.742728471755981 ], [ 114.356142282485962, 34.742642641067505 ] ] ] ] } },
{ "type": "Feature", "properties": { "Id": 2302, "GRIDCODE": 9 }, "geometry": { "type": "MultiPolygon", "coordinates": [ [ [ [ 114.356732368469238, 34.742642641067505 ], [ 114.356549978256226, 34.742642641067505 ], [ 114.356549978256226, 34.742728471755981 ], [ 114.356732368469238, 34.742728471755981 ], [ 114.356732368469238, 34.742642641067505 ] ] ] ] } },
{ "type": "Feature", "properties": { "Id": 2303, "GRIDCODE": 9 }, "geometry": { "type": "MultiPolygon", "coordinates": [ [ [ [ 114.331551790237427, 34.742556810379028 ], [ 114.331551790237427, 34.742642641067505 ], [ 114.331637620925903, 34.742642641067505 ], [ 114.331637620925903, 34.742728471755981 ], [ 114.33172345161438, 34.742728471755981 ], [ 114.33172345161438, 34.742803573608398 ], [ 114.331798553466797, 34.742803573608398 ], [ 114.331798553466797, 34.742889404296875 ], [ 114.331884384155273, 34.742889404296875 ], [ 114.331884384155273, 34.742975234985352 ], [ 114.33198094367981, 34.742975234985352 ], [ 114.33198094367981, 34.743061065673828 ], [ 114.332056045532227, 34.743061065673828 ], [ 114.332056045532227, 34.742975234985352 ], [ 114.33222770690918, 34.742975234985352 ], [ 114.33222770690918, 34.742889404296875 ], [ 114.332141876220703, 34.742889404296875 ], [ 114.332141876220703, 34.742803573608398 ], [ 114.332056045532227, 34.742803573608398 ], [ 114.332056045532227, 34.742728471755981 ], [ 114.331884384155273, 34.742728471755981 ], [ 114.331884384155273, 34.742556810379028 ], [ 114.331551790237427, 34.742556810379028 ] ] ] ] } },
{ "type": "Feature", "properties": { "Id": 2304, "GRIDCODE": 9 }, "geometry": { "type": "MultiPolygon", "coordinates": [ [ [ [ 114.33147668838501, 34.742470979690552 ], [ 114.33147668838501, 34.742556810379028 ], [ 114.331551790237427, 34.742556810379028 ], [ 114.331551790237427, 34.742470979690552 ], [ 114.33147668838501, 34.742470979690552 ] ] ] ] } },
{ "type": "Feature", "properties": { "Id": 2305, "GRIDCODE": 9 }, "geometry": { "type": "MultiPolygon", "coordinates": [ [ [ [ 114.358309507369995, 34.742395877838135 ], [ 114.357880353927612, 34.742395877838135 ], [ 114.357880353927612, 34.742470979690552 ], [ 114.357472658157349, 34.742470979690552 ], [ 114.357472658157349, 34.742556810379028 ], [ 114.356968402862549, 34.742556810379028 ], [ 114.356968402862549, 34.742642641067505 ], [ 114.356893301010132, 34.742642641067505 ], [ 114.356893301010132, 34.742728471755981 ], [ 114.357150793075562, 34.742728471755981 ], [ 114.357150793075562, 34.742803573608398 ], [ 114.357215166091919, 34.742803573608398 ], [ 114.357215166091919, 34.742728471755981 ], [ 114.357311725616455, 34.742728471755981 ], [ 114.357311725616455, 34.742642641067505 ], [ 114.357472658157349, 34.742642641067505 ], [ 114.357472658157349, 34.742728471755981 ], [ 114.357558488845825, 34.742728471755981 ], [ 114.357558488845825, 34.742642641067505 ], [ 114.358062744140625, 34.742642641067505 ], [ 114.358062744140625, 34.742556810379028 ], [ 114.358309507369995, 34.742556810379028 ], [ 114.358309507369995, 34.742395877838135 ] ] ] ] } },
{ "type": "Feature", "properties": { "Id": 2307, "GRIDCODE": 9 }, "geometry": { "type": "MultiPolygon", "coordinates": [ [ [ [ 114.33147668838501, 34.742470979690552 ], [ 114.33147668838501, 34.742395877838135 ], [ 114.331390857696533, 34.742395877838135 ], [ 114.331390857696533, 34.742310047149658 ], [ 114.33121919631958, 34.742310047149658 ], [ 114.33121919631958, 34.742470979690552 ], [ 114.33147668838501, 34.742470979690552 ] ] ] ] } },
{ "type": "Feature", "properties": { "Id": 2308, "GRIDCODE": 9 }, "geometry": { "type": "MultiPolygon", "coordinates": [ [ [ [ 114.358803033828735, 34.742224216461182 ], [ 114.358727931976318, 34.742224216461182 ], [ 114.358727931976318, 34.742310047149658 ], [ 114.358803033828735, 34.742310047149658 ], [ 114.358803033828735, 34.742224216461182 ] ] ] ] } },
{ "type": "Feature", "properties": { "Id": 2309, "GRIDCODE": 9 }, "geometry": { "type": "MultiPolygon", "coordinates": [ [ [ [ 114.359135627746582, 34.742224216461182 ], [ 114.358974695205688, 34.742224216461182 ], [ 114.358974695205688, 34.742310047149658 ], [ 114.359135627746582, 34.742310047149658 ], [ 114.359135627746582, 34.742224216461182 ] ] ] ] } },
{ "type": "Feature", "properties": { "Id": 2311, "GRIDCODE": 9 }, "geometry": { "type": "MultiPolygon", "coordinates": [ [ [ [ 114.359714984893799, 34.742138385772705 ], [ 114.359554052352905, 34.742138385772705 ], [ 114.359554052352905, 34.742224216461182 ], [ 114.359714984893799, 34.742224216461182 ], [ 114.359714984893799, 34.742138385772705 ] ] ] ] } },
{ "type": "Feature", "properties": { "Id": 2312, "GRIDCODE": 9 }, "geometry": { "type": "MultiPolygon", "coordinates": [ [ [ [ 114.397233724594116, 34.742138385772705 ], [ 114.397051334381104, 34.742138385772705 ], [ 114.397051334381104, 34.742224216461182 ], [ 114.397233724594116, 34.742224216461182 ], [ 114.397233724594116, 34.742138385772705 ] ] ] ] } },
{ "type": "Feature", "properties": { "Id": 2313, "GRIDCODE": 9 }, "geometry": { "type": "MultiPolygon", "coordinates": [ [ [ [ 114.33046817779541, 34.742052555084229 ], [ 114.33046817779541, 34.742138385772705 ], [ 114.330650568008423, 34.742138385772705 ], [ 114.330650568008423, 34.742052555084229 ], [ 114.33046817779541, 34.742052555084229 ] ] ] ] } },
{ "type": "Feature", "properties": { "Id": 2315, "GRIDCODE": 9 }, "geometry": { "type": "MultiPolygon", "coordinates": [ [ [ [ 114.370390176773071, 34.741966724395752 ], [ 114.370304346084595, 34.741966724395752 ], [ 114.370304346084595, 34.742052555084229 ], [ 114.370390176773071, 34.742052555084229 ], [ 114.370390176773071, 34.741966724395752 ] ] ] ] } },
{ "type": "Feature", "properties": { "Id": 2317, "GRIDCODE": 9 }, "geometry": { "type": "MultiPolygon", "coordinates": [ [ [ [ 114.39739465713501, 34.741880893707275 ], [ 114.397308826446533, 34.741880893707275 ], [ 114.397308826446533, 34.741966724395752 ], [ 114.39739465713501, 34.741966724395752 ], [ 114.39739465713501, 34.741880893707275 ] ] ] ] } },
{ "type": "Feature", "properties": { "Id": 2318, "GRIDCODE": 9 }, "geometry": { "type": "MultiPolygon", "coordinates": [ [ [ [ 114.33046817779541, 34.742052555084229 ], [ 114.33046817779541, 34.741880893707275 ], [ 114.330393075942993, 34.741880893707275 ], [ 114.330393075942993, 34.741805791854858 ], [ 114.32996392250061, 34.741805791854858 ], [ 114.32996392250061, 34.741880893707275 ], [ 114.33022141456604, 34.741880893707275 ], [ 114.33022141456604, 34.742052555084229 ], [ 114.33046817779541, 34.742052555084229 ] ] ] ] } },
{ "type": "Feature", "properties": { "Id": 2319, "GRIDCODE": 9 }, "geometry": { "type": "MultiPolygon", "coordinates": [ [ [ [ 114.361635446548462, 34.741805791854858 ], [ 114.361474514007568, 34.741805791854858 ], [ 114.361474514007568, 34.741880893707275 ], [ 114.361635446548462, 34.741880893707275 ], [ 114.361635446548462, 34.741805791854858 ] ] ] ] } },
{ "type": "Feature", "properties": { "Id": 2320, "GRIDCODE": 9 }, "geometry": { "type": "MultiPolygon", "coordinates": [ [ [ [ 114.39739465713501, 34.741880893707275 ], [ 114.397469758987427, 34.741880893707275 ], [ 114.397469758987427, 34.741805791854858 ], [ 114.39739465713501, 34.741805791854858 ], [ 114.39739465713501, 34.741880893707275 ] ] ] ] } },
{ "type": "Feature", "properties": { "Id": 2321, "GRIDCODE": 9 }, "geometry": { "type": "MultiPolygon", "coordinates": [ [ [ [ 114.361892938613892, 34.741719961166382 ], [ 114.361892938613892, 34.741805791854858 ], [ 114.361978769302368, 34.741805791854858 ], [ 114.361978769302368, 34.741719961166382 ], [ 114.361892938613892, 34.741719961166382 ] ] ] ] } },
{ "type": "Feature", "properties": { "Id": 2322, "GRIDCODE": 9 }, "geometry": { "type": "MultiPolygon", "coordinates": [ [ [ [ 114.39764142036438, 34.741719961166382 ], [ 114.397555589675903, 34.741719961166382 ], [ 114.397555589675903, 34.741805791854858 ], [ 114.39764142036438, 34.741805791854858 ], [ 114.39764142036438, 34.741719961166382 ] ] ] ] } },
{ "type": "Feature", "properties": { "Id": 2323, "GRIDCODE": 9 }, "geometry": { "type": "MultiPolygon", "coordinates": [ [ [ [ 114.472485780715942, 34.741719961166382 ], [ 114.472228288650513, 34.741719961166382 ], [ 114.472228288650513, 34.741805791854858 ], [ 114.472389221191406, 34.741805791854858 ], [ 114.472389221191406, 34.741880893707275 ], [ 114.472485780715942, 34.741880893707275 ], [ 114.472485780715942, 34.742138385772705 ], [ 114.4725501537323, 34.742138385772705 ], [ 114.4725501537323, 34.742310047149658 ], [ 114.47230339050293, 34.742310047149658 ], [ 114.47230339050293, 34.742470979690552 ], [ 114.472228288650513, 34.742470979690552 ], [ 114.472228288650513, 34.742556810379028 ], [ 114.471981525421143, 34.742556810379028 ], [ 114.471981525421143, 34.742470979690552 ], [ 114.471884965896606, 34.742470979690552 ], [ 114.471884965896606, 34.742310047149658 ], [ 114.471724033355713, 34.742310047149658 ], [ 114.471724033355713, 34.742224216461182 ], [ 114.471563100814819, 34.742224216461182 ], [ 114.471563100814819, 34.742310047149658 ], [ 114.471477270126343, 34.742310047149658 ], [ 114.471477270126343, 34.742395877838135 ], [ 114.471316337585449, 34.742395877838135 ], [ 114.471316337585449, 34.742556810379028 ], [ 114.471380710601807, 34.742556810379028 ], [ 114.471380710601807, 34.742642641067505 ], [ 114.471477270126343, 34.742642641067505 ], [ 114.471477270126343, 34.742975234985352 ], [ 114.471563100814819, 34.742975234985352 ], [ 114.471563100814819, 34.743061065673828 ], [ 114.471724033355713, 34.743061065673828 ], [ 114.471724033355713, 34.742975234985352 ], [ 114.47230339050293, 34.742975234985352 ], [ 114.47230339050293, 34.743221998214722 ], [ 114.472142457962036, 34.743221998214722 ], [ 114.472142457962036, 34.743136167526245 ], [ 114.472067356109619, 34.743136167526245 ], [ 114.472067356109619, 34.743307828903198 ], [ 114.472142457962036, 34.743307828903198 ], [ 114.472142457962036, 34.743393659591675 ], [ 114.472228288650513, 34.743393659591675 ], [ 114.472228288650513, 34.743640422821045 ], [ 114.472142457962036, 34.743640422821045 ], [ 114.472142457962036, 34.744638204574585 ], [ 114.472228288650513, 34.744638204574585 ], [ 114.472228288650513, 34.744724035263062 ], [ 114.472389221191406, 34.744724035263062 ], [ 114.472389221191406, 34.744809865951538 ], [ 114.472485780715942, 34.744809865951538 ], [ 114.472485780715942, 34.744884967803955 ], [ 114.472389221191406, 34.744884967803955 ], [ 114.472389221191406, 34.745056629180908 ], [ 114.472228288650513, 34.745056629180908 ], [ 114.472228288650513, 34.746140241622925 ], [ 114.47230339050293, 34.746140241622925 ], [ 114.47230339050293, 34.746215343475342 ], [ 114.472485780715942, 34.746215343475342 ], [ 114.472485780715942, 34.746301174163818 ], [ 114.472732543945312, 34.746301174163818 ], [ 114.472732543945312, 34.746215343475342 ], [ 114.472979307174683, 34.746215343475342 ], [ 114.472979307174683, 34.746054410934448 ], [ 114.4730544090271, 34.746054410934448 ], [ 114.4730544090271, 34.745968580245972 ], [ 114.473215341567993, 34.745968580245972 ], [ 114.473215341567993, 34.745807647705078 ], [ 114.473558664321899, 34.745807647705078 ], [ 114.473558664321899, 34.745721817016602 ], [ 114.473719596862793, 34.745721817016602 ], [ 114.473719596862793, 34.745550155639648 ], [ 114.473901987075806, 34.745550155639648 ], [ 114.473901987075806, 34.745389223098755 ], [ 114.473977088928223, 34.745389223098755 ], [ 114.473977088928223, 34.745721817016602 ], [ 114.474223852157593, 34.745721817016602 ], [ 114.474223852157593, 34.745807647705078 ], [ 114.474728107452393, 34.745807647705078 ], [ 114.474728107452393, 34.745721817016602 ], [ 114.475307464599609, 34.745721817016602 ], [ 114.475307464599609, 34.745550155639648 ], [ 114.475232362747192, 34.745550155639648 ], [ 114.475232362747192, 34.745475053787231 ], [ 114.475135803222656, 34.745475053787231 ], [ 114.475135803222656, 34.745389223098755 ], [ 114.47504997253418, 34.745389223098755 ], [ 114.47504997253418, 34.744724035263062 ], [ 114.475307464599609, 34.744724035263062 ], [ 114.475307464599609, 34.744638204574585 ], [ 114.475554227828979, 34.744638204574585 ], [ 114.475554227828979, 34.744466543197632 ], [ 114.475640058517456, 34.744466543197632 ], [ 114.475640058517456, 34.744133949279785 ], [ 114.475554227828979, 34.744133949279785 ], [ 114.475554227828979, 34.743887186050415 ], [ 114.475479125976562, 34.743887186050415 ], [ 114.475479125976562, 34.743640422821045 ], [ 114.475393295288086, 34.743640422821045 ], [ 114.475393295288086, 34.743554592132568 ], [ 114.475135803222656, 34.743554592132568 ], [ 114.475135803222656, 34.743468761444092 ], [ 114.474728107452393, 34.743468761444092 ], [ 114.474728107452393, 34.743393659591675 ], [ 114.474470615386963, 34.743393659591675 ], [ 114.474470615386963, 34.743307828903198 ], [ 114.474309682846069, 34.743307828903198 ], [ 114.474309682846069, 34.743393659591675 ], [ 114.473977088928223, 34.743393659591675 ], [ 114.473977088928223, 34.743307828903198 ], [ 114.47380542755127, 34.743307828903198 ], [ 114.47380542755127, 34.743393659591675 ], [ 114.473644495010376, 34.743393659591675 ], [ 114.473644495010376, 34.743221998214722 ], [ 114.473977088928223, 34.743221998214722 ], [ 114.473977088928223, 34.743061065673828 ], [ 114.473719596862793, 34.743061065673828 ], [ 114.473719596862793, 34.742975234985352 ], [ 114.473644495010376, 34.742975234985352 ], [ 114.473644495010376, 34.742889404296875 ], [ 114.473558664321899, 34.742889404296875 ], [ 114.473558664321899, 34.742728471755981 ], [ 114.473472833633423, 34.742728471755981 ], [ 114.473472833633423, 34.742642641067505 ], [ 114.473311901092529, 34.742642641067505 ], [ 114.473311901092529, 34.742470979690552 ], [ 114.473215341567993, 34.742470979690552 ], [ 114.473215341567993, 34.742395877838135 ], [ 114.472979307174683, 34.742395877838135 ], [ 114.472979307174683, 34.742310047149658 ], [ 114.472807645797729, 34.742310047149658 ], [ 114.472807645797729, 34.741966724395752 ], [ 114.472732543945312, 34.741966724395752 ], [ 114.472732543945312, 34.741880893707275 ], [ 114.4725501537323, 34.741880893707275 ], [ 114.4725501537323, 34.741805791854858 ], [ 114.472485780715942, 34.741805791854858 ], [ 114.472485780715942, 34.741719961166382 ] ] ] ] } },
{ "type": "Feature", "properties": { "Id": 2324, "GRIDCODE": 9 }, "geometry": { "type": "MultiPolygon", "coordinates": [ [ [ [ 114.361892938613892, 34.741719961166382 ], [ 114.361892938613892, 34.741634130477905 ], [ 114.361796379089355, 34.741634130477905 ], [ 114.361796379089355, 34.741719961166382 ], [ 114.361892938613892, 34.741719961166382 ] ] ] ] } },
{ "type": "Feature", "properties": { "Id": 2326, "GRIDCODE": 9 }, "geometry": { "type": "MultiPolygon", "coordinates": [ [ [ [ 114.347891807556152, 34.741473197937012 ], [ 114.347634315490723, 34.741473197937012 ], [ 114.347634315490723, 34.741719961166382 ], [ 114.347977638244629, 34.741719961166382 ], [ 114.347977638244629, 34.741548299789429 ], [ 114.347891807556152, 34.741548299789429 ], [ 114.347891807556152, 34.741473197937012 ] ] ] ] } },
{ "type": "Feature", "properties": { "Id": 2327, "GRIDCODE": 9 }, "geometry": { "type": "MultiPolygon", "coordinates": [ [ [ [ 114.364049434661865, 34.741473197937012 ], [ 114.363888502120972, 34.741473197937012 ], [ 114.363888502120972, 34.741548299789429 ], [ 114.364049434661865, 34.741548299789429 ], [ 114.364049434661865, 34.741473197937012 ] ] ] ] } },
{ "type": "Feature", "properties": { "Id": 2329, "GRIDCODE": 9 }, "geometry": { "type": "MultiPolygon", "coordinates": [ [ [ [ 114.365057945251465, 34.741387367248535 ], [ 114.365057945251465, 34.741473197937012 ], [ 114.365143775939941, 34.741473197937012 ], [ 114.365143775939941, 34.741387367248535 ], [ 114.365057945251465, 34.741387367248535 ] ] ] ] } },
{ "type": "Feature", "properties": { "Id": 2331, "GRIDCODE": 9 }, "geometry": { "type": "MultiPolygon", "coordinates": [ [ [ [ 114.365057945251465, 34.741387367248535 ], [ 114.365057945251465, 34.741301536560059 ], [ 114.364800453186035, 34.741301536560059 ], [ 114.364800453186035, 34.741387367248535 ], [ 114.365057945251465, 34.741387367248535 ] ] ] ] } },
{ "type": "Feature", "properties": { "Id": 2332, "GRIDCODE": 9 }, "geometry": { "type": "MultiPolygon", "coordinates": [ [ [ [ 114.368394613265991, 34.741140604019165 ], [ 114.368308782577515, 34.741140604019165 ], [ 114.368308782577515, 34.741215705871582 ], [ 114.368394613265991, 34.741215705871582 ], [ 114.368394613265991, 34.741140604019165 ] ] ] ] } },
{ "type": "Feature", "properties": { "Id": 2335, "GRIDCODE": 9 }, "geometry": { "type": "MultiPolygon", "coordinates": [ [ [ [ 114.367804527282715, 34.740968942642212 ], [ 114.367225170135498, 34.740968942642212 ], [ 114.367225170135498, 34.741054773330688 ], [ 114.366635084152222, 34.741054773330688 ], [ 114.366635084152222, 34.741140604019165 ], [ 114.367643594741821, 34.741140604019165 ], [ 114.367643594741821, 34.741054773330688 ], [ 114.367804527282715, 34.741054773330688 ], [ 114.367804527282715, 34.740968942642212 ] ] ] ] } },
{ "type": "Feature", "properties": { "Id": 2336, "GRIDCODE": 9 }, "geometry": { "type": "MultiPolygon", "coordinates": [ [ [ [ 114.400967359542847, 34.740968942642212 ], [ 114.400806427001953, 34.740968942642212 ], [ 114.400806427001953, 34.741054773330688 ], [ 114.400967359542847, 34.741054773330688 ], [ 114.400967359542847, 34.740968942642212 ] ] ] ] } },
{ "type": "Feature", "properties": { "Id": 2340, "GRIDCODE": 9 }, "geometry": { "type": "MultiPolygon", "coordinates": [ [ [ [ 114.429302215576172, 34.740550518035889 ], [ 114.429227113723755, 34.740550518035889 ], [ 114.429227113723755, 34.740636348724365 ], [ 114.429302215576172, 34.740636348724365 ], [ 114.429302215576172, 34.740550518035889 ] ] ] ] } },
{ "type": "Feature", "properties": { "Id": 2356, "GRIDCODE": 9 }, "geometry": { "type": "MultiPolygon", "coordinates": [ [ [ [ 114.406149387359619, 34.737557172775269 ], [ 114.406063556671143, 34.737557172775269 ], [ 114.406063556671143, 34.737643003463745 ], [ 114.405966997146606, 34.737643003463745 ], [ 114.405966997146606, 34.737718105316162 ], [ 114.406224489212036, 34.737718105316162 ], [ 114.406224489212036, 34.737643003463745 ], [ 114.406149387359619, 34.737643003463745 ], [ 114.406149387359619, 34.737557172775269 ] ] ] ] } },
{ "type": "Feature", "properties": { "Id": 2362, "GRIDCODE": 9 }, "geometry": { "type": "MultiPolygon", "coordinates": [ [ [ [ 114.408144950866699, 34.736645221710205 ], [ 114.408059120178223, 34.736645221710205 ], [ 114.408059120178223, 34.736720323562622 ], [ 114.408144950866699, 34.736720323562622 ], [ 114.408144950866699, 34.736645221710205 ] ] ] ] } },
{ "type": "Feature", "properties": { "Id": 2363, "GRIDCODE": 9 }, "geometry": { "type": "MultiPolygon", "coordinates": [ [ [ [ 114.408305883407593, 34.736548662185669 ], [ 114.408220052719116, 34.736548662185669 ], [ 114.408220052719116, 34.736645221710205 ], [ 114.408305883407593, 34.736645221710205 ], [ 114.408305883407593, 34.736548662185669 ] ] ] ] } },
{ "type": "Feature", "properties": { "Id": 2365, "GRIDCODE": 9 }, "geometry": { "type": "MultiPolygon", "coordinates": [ [ [ [ 114.408391714096069, 34.736462831497192 ], [ 114.408305883407593, 34.736462831497192 ], [ 114.408305883407593, 34.736548662185669 ], [ 114.408391714096069, 34.736548662185669 ], [ 114.408391714096069, 34.736462831497192 ] ] ] ] } },
{ "type": "Feature", "properties": { "Id": 2367, "GRIDCODE": 9 }, "geometry": { "type": "MultiPolygon", "coordinates": [ [ [ [ 114.408391714096069, 34.736462831497192 ], [ 114.408466815948486, 34.736462831497192 ], [ 114.408466815948486, 34.736387729644775 ], [ 114.408391714096069, 34.736387729644775 ], [ 114.408391714096069, 34.736462831497192 ] ] ] ] } },
{ "type": "Feature", "properties": { "Id": 2368, "GRIDCODE": 9 }, "geometry": { "type": "MultiPolygon", "coordinates": [ [ [ [ 114.408724308013916, 34.736130237579346 ], [ 114.408649206161499, 34.736130237579346 ], [ 114.408649206161499, 34.736216068267822 ], [ 114.408724308013916, 34.736216068267822 ], [ 114.408724308013916, 34.736130237579346 ] ] ] ] } },
{ "type": "Feature", "properties": { "Id": 2369, "GRIDCODE": 9 }, "geometry": { "type": "MultiPolygon", "coordinates": [ [ [ [ 114.408724308013916, 34.736130237579346 ], [ 114.408810138702393, 34.736130237579346 ], [ 114.408810138702393, 34.736055135726929 ], [ 114.408724308013916, 34.736055135726929 ], [ 114.408724308013916, 34.736130237579346 ] ] ] ] } },
{ "type": "Feature", "properties": { "Id": 2373, "GRIDCODE": 9 }, "geometry": { "type": "MultiPolygon", "coordinates": [ [ [ [ 114.425514936447144, 34.735862016677856 ], [ 114.425501860678196, 34.735865683760494 ], [ 114.425511248409748, 34.735875092446804 ], [ 114.425514936447144, 34.735862016677856 ] ] ] ] } },
{ "type": "Feature", "properties": { "Id": 2375, "GRIDCODE": 9 }, "geometry": { "type": "MultiPolygon", "coordinates": [ [ [ [ 114.347312450408936, 34.735389947891235 ], [ 114.346883296966553, 34.735389947891235 ], [ 114.346883296966553, 34.735465049743652 ], [ 114.346303939819336, 34.735465049743652 ], [ 114.346303939819336, 34.735389947891235 ], [ 114.345896244049072, 34.735389947891235 ], [ 114.345896244049072, 34.735722541809082 ], [ 114.345799684524536, 34.735722541809082 ], [ 114.345799684524536, 34.735797643661499 ], [ 114.345896244049072, 34.735797643661499 ], [ 114.345896244049072, 34.735969305038452 ], [ 114.345982074737549, 34.735969305038452 ], [ 114.345982074737549, 34.736055135726929 ], [ 114.346057176589966, 34.736055135726929 ], [ 114.346057176589966, 34.735969305038452 ], [ 114.346400499343872, 34.735969305038452 ], [ 114.346400499343872, 34.735883474349976 ], [ 114.346561431884766, 34.735883474349976 ], [ 114.346561431884766, 34.735969305038452 ], [ 114.346647262573242, 34.735969305038452 ], [ 114.346647262573242, 34.735883474349976 ], [ 114.346722364425659, 34.735883474349976 ], [ 114.346722364425659, 34.735969305038452 ], [ 114.346808195114136, 34.735969305038452 ], [ 114.346808195114136, 34.735883474349976 ], [ 114.346883296966553, 34.735883474349976 ], [ 114.346883296966553, 34.735969305038452 ], [ 114.346969127655029, 34.735969305038452 ], [ 114.346969127655029, 34.735883474349976 ], [ 114.347065687179565, 34.735883474349976 ], [ 114.347065687179565, 34.735797643661499 ], [ 114.347226619720459, 34.735797643661499 ], [ 114.347226619720459, 34.735722541809082 ], [ 114.346969127655029, 34.735722541809082 ], [ 114.346969127655029, 34.735636711120605 ], [ 114.346883296966553, 34.735636711120605 ], [ 114.346883296966553, 34.735550880432129 ], [ 114.347226619720459, 34.735550880432129 ], [ 114.347226619720459, 34.735636711120605 ], [ 114.347387552261353, 34.735636711120605 ], [ 114.347387552261353, 34.735465049743652 ], [ 114.347312450408936, 34.735465049743652 ], [ 114.347312450408936, 34.735389947891235 ] ] ] ] } },
{ "type": "Feature", "properties": { "Id": 2381, "GRIDCODE": 9 }, "geometry": { "type": "MultiPolygon", "coordinates": [ [ [ [ 114.348299503326416, 34.734553098678589 ], [ 114.348299503326416, 34.734467267990112 ], [ 114.348481893539429, 34.734467267990112 ], [ 114.348481893539429, 34.734553098678589 ], [ 114.348299503326416, 34.734553098678589 ], [ 114.348299503326416, 34.734638929367065 ], [ 114.347891807556152, 34.734638929367065 ], [ 114.347891807556152, 34.734724760055542 ], [ 114.347559213638306, 34.734724760055542 ], [ 114.347559213638306, 34.735304117202759 ], [ 114.347634315490723, 34.735304117202759 ], [ 114.347634315490723, 34.735218286514282 ], [ 114.347730875015259, 34.735218286514282 ], [ 114.347730875015259, 34.735389947891235 ], [ 114.347473382949829, 34.735389947891235 ], [ 114.347473382949829, 34.735465049743652 ], [ 114.347559213638306, 34.735465049743652 ], [ 114.347559213638306, 34.735636711120605 ], [ 114.347634315490723, 34.735636711120605 ], [ 114.347634315490723, 34.735797643661499 ], [ 114.348138570785522, 34.735797643661499 ], [ 114.348138570785522, 34.735722541809082 ], [ 114.348803758621216, 34.735722541809082 ], [ 114.348803758621216, 34.735636711120605 ], [ 114.348889589309692, 34.735636711120605 ], [ 114.348889589309692, 34.735465049743652 ], [ 114.349061250686646, 34.735465049743652 ], [ 114.349061250686646, 34.735304117202759 ], [ 114.348964691162109, 34.735304117202759 ], [ 114.348964691162109, 34.735218286514282 ], [ 114.348396062850952, 34.735218286514282 ], [ 114.348396062850952, 34.735132455825806 ], [ 114.349061250686646, 34.735132455825806 ], [ 114.349061250686646, 34.734638929367065 ], [ 114.348964691162109, 34.734638929367065 ], [ 114.348964691162109, 34.734553098678589 ], [ 114.348717927932739, 34.734553098678589 ], [ 114.348717927932739, 34.734467267990112 ], [ 114.348964691162109, 34.734467267990112 ], [ 114.348964691162109, 34.734048843383789 ], [ 114.348889589309692, 34.734048843383789 ], [ 114.348889589309692, 34.733973741531372 ], [ 114.348138570785522, 34.733973741531372 ], [ 114.348138570785522, 34.734048843383789 ], [ 114.347891807556152, 34.734048843383789 ], [ 114.347891807556152, 34.734134674072266 ], [ 114.347795248031616, 34.734134674072266 ], [ 114.347795248031616, 34.734306335449219 ], [ 114.347891807556152, 34.734306335449219 ], [ 114.347891807556152, 34.734381437301636 ], [ 114.347977638244629, 34.734381437301636 ], [ 114.347977638244629, 34.734467267990112 ], [ 114.348224401473999, 34.734467267990112 ], [ 114.348224401473999, 34.734553098678589 ], [ 114.348299503326416, 34.734553098678589 ] ], [ [ 114.348224401473999, 34.735218286514282 ], [ 114.348224401473999, 34.735304117202759 ], [ 114.347795248031616, 34.735304117202759 ], [ 114.347795248031616, 34.735218286514282 ], [ 114.348224401473999, 34.735218286514282 ] ], [ [ 114.348642826080322, 34.734467267990112 ], [ 114.348642826080322, 34.734553098678589 ], [ 114.348556995391846, 34.734553098678589 ], [ 114.348556995391846, 34.734467267990112 ], [ 114.348642826080322, 34.734467267990112 ] ] ] ] } },
{ "type": "Feature", "properties": { "Id": 2382, "GRIDCODE": 9 }, "geometry": { "type": "MultiPolygon", "coordinates": [ [ [ [ 114.349554777145386, 34.733973741531372 ], [ 114.349222183227539, 34.733973741531372 ], [ 114.349222183227539, 34.734048843383789 ], [ 114.349061250686646, 34.734048843383789 ], [ 114.349061250686646, 34.734134674072266 ], [ 114.349147081375122, 34.734134674072266 ], [ 114.349147081375122, 34.734220504760742 ], [ 114.349222183227539, 34.734220504760742 ], [ 114.349222183227539, 34.734381437301636 ], [ 114.349147081375122, 34.734381437301636 ], [ 114.349147081375122, 34.734799861907959 ], [ 114.349222183227539, 34.734799861907959 ], [ 114.349222183227539, 34.734885692596436 ], [ 114.349308013916016, 34.734885692596436 ], [ 114.349308013916016, 34.734799861907959 ], [ 114.349629878997803, 34.734799861907959 ], [ 114.349629878997803, 34.734885692596436 ], [ 114.349726438522339, 34.734885692596436 ], [ 114.349726438522339, 34.734799861907959 ], [ 114.349812269210815, 34.734799861907959 ], [ 114.349812269210815, 34.734220504760742 ], [ 114.349726438522339, 34.734220504760742 ], [ 114.349726438522339, 34.734134674072266 ], [ 114.349629878997803, 34.734134674072266 ], [ 114.349629878997803, 34.734048843383789 ], [ 114.349554777145386, 34.734048843383789 ], [ 114.349554777145386, 34.733973741531372 ] ], [ [ 114.349554777145386, 34.734220504760742 ], [ 114.349554777145386, 34.734306335449219 ], [ 114.349468946456909, 34.734306335449219 ], [ 114.349468946456909, 34.734220504760742 ], [ 114.349554777145386, 34.734220504760742 ] ] ] ] } },
{ "type": "Feature", "properties": { "Id": 2386, "GRIDCODE": 9 }, "geometry": { "type": "MultiPolygon", "coordinates": [ [ [ [ 114.433819055557251, 34.733051061630249 ], [ 114.433722496032715, 34.733051061630249 ], [ 114.433722496032715, 34.733308553695679 ], [ 114.433819055557251, 34.733308553695679 ], [ 114.433819055557251, 34.733051061630249 ] ] ] ] } },
{ "type": "Feature", "properties": { "Id": 2387, "GRIDCODE": 9 }, "geometry": { "type": "MultiPolygon", "coordinates": [ [ [ [ 114.433979988098145, 34.732890129089355 ], [ 114.433883428573608, 34.732890129089355 ], [ 114.433883428573608, 34.732975959777832 ], [ 114.433979988098145, 34.732975959777832 ], [ 114.433979988098145, 34.732890129089355 ] ] ] ] } },
{ "type": "Feature", "properties": { "Id": 2388, "GRIDCODE": 9 }, "geometry": { "type": "MultiPolygon", "coordinates": [ [ [ [ 114.433979988098145, 34.732718467712402 ], [ 114.433819055557251, 34.732718467712402 ], [ 114.433819055557251, 34.732804298400879 ], [ 114.433979988098145, 34.732804298400879 ], [ 114.433979988098145, 34.732718467712402 ] ] ] ] } },
{ "type": "Feature", "properties": { "Id": 2391, "GRIDCODE": 9 }, "geometry": { "type": "MultiPolygon", "coordinates": [ [ [ [ 114.412983655929565, 34.732139110565186 ], [ 114.412887096405029, 34.732139110565186 ], [ 114.412887096405029, 34.732310771942139 ], [ 114.413048028945923, 34.732310771942139 ], [ 114.413048028945923, 34.732224941253662 ], [ 114.412983655929565, 34.732224941253662 ], [ 114.412983655929565, 34.732139110565186 ] ] ] ] } },
{ "type": "Feature", "properties": { "Id": 2393, "GRIDCODE": 9 }, "geometry": { "type": "MultiPolygon", "coordinates": [ [ [ [ 114.434387683868408, 34.731388092041016 ], [ 114.434301853179932, 34.731388092041016 ], [ 114.434301853179932, 34.731473922729492 ], [ 114.434387683868408, 34.731473922729492 ], [ 114.434387683868408, 34.731388092041016 ] ] ] ] } },
{ "type": "Feature", "properties": { "Id": 2396, "GRIDCODE": 9 }, "geometry": { "type": "MultiPolygon", "coordinates": [ [ [ [ 114.435138702392578, 34.730465412139893 ], [ 114.435052871704102, 34.730465412139893 ], [ 114.435052871704102, 34.730551242828369 ], [ 114.435138702392578, 34.730551242828369 ], [ 114.435138702392578, 34.730465412139893 ] ] ] ] } },
{ "type": "Feature", "properties": { "Id": 2412, "GRIDCODE": 9 }, "geometry": { "type": "MultiPolygon", "coordinates": [ [ [ [ 114.418069124221802, 34.726141691207886 ], [ 114.417972564697266, 34.726141691207886 ], [ 114.417972564697266, 34.726227521896362 ], [ 114.418069124221802, 34.726227521896362 ], [ 114.418069124221802, 34.726141691207886 ] ] ] ] } },
{ "type": "Feature", "properties": { "Id": 2414, "GRIDCODE": 9 }, "geometry": { "type": "MultiPolygon", "coordinates": [ [ [ [ 114.418390989303589, 34.725884199142456 ], [ 114.418305158615112, 34.725884199142456 ], [ 114.418305158615112, 34.725970029830933 ], [ 114.418390989303589, 34.725970029830933 ], [ 114.418390989303589, 34.725884199142456 ] ] ] ] } },
{ "type": "Feature", "properties": { "Id": 2417, "GRIDCODE": 9 }, "geometry": { "type": "MultiPolygon", "coordinates": [ [ [ [ 114.419721364974976, 34.725133180618286 ], [ 114.419646263122559, 34.725133180618286 ], [ 114.419646263122559, 34.725219011306763 ], [ 114.419721364974976, 34.725219011306763 ], [ 114.419721364974976, 34.725133180618286 ] ] ] ] } },
{ "type": "Feature", "properties": { "Id": 2420, "GRIDCODE": 9 }, "geometry": { "type": "MultiPolygon", "coordinates": [ [ [ [ 114.420386552810669, 34.724714756011963 ], [ 114.420225620269775, 34.724714756011963 ], [ 114.420225620269775, 34.724886417388916 ], [ 114.420311450958252, 34.724886417388916 ], [ 114.420311450958252, 34.724800586700439 ], [ 114.420386552810669, 34.724800586700439 ], [ 114.420386552810669, 34.724714756011963 ] ] ] ] } },
{ "type": "Feature", "properties": { "Id": 2422, "GRIDCODE": 9 }, "geometry": { "type": "MultiPolygon", "coordinates": [ [ [ [ 114.420386552810669, 34.724714756011963 ], [ 114.420472383499146, 34.724714756011963 ], [ 114.420472383499146, 34.724628925323486 ], [ 114.420386552810669, 34.724628925323486 ], [ 114.420386552810669, 34.724714756011963 ] ] ] ] } },
{ "type": "Feature", "properties": { "Id": 2423, "GRIDCODE": 9 }, "geometry": { "type": "MultiPolygon", "coordinates": [ [ [ [ 114.420633316040039, 34.724467992782593 ], [ 114.420568943023682, 34.724467992782593 ], [ 114.420568943023682, 34.724553823471069 ], [ 114.420633316040039, 34.724553823471069 ], [ 114.420633316040039, 34.724467992782593 ] ] ] ] } },
{ "type": "Feature", "properties": { "Id": 2432, "GRIDCODE": 9 }, "geometry": { "type": "MultiPolygon", "coordinates": [ [ [ [ 114.434301853179932, 34.722890853881836 ], [ 114.434140920639038, 34.722890853881836 ], [ 114.434140920639038, 34.722965955734253 ], [ 114.434301853179932, 34.722965955734253 ], [ 114.434301853179932, 34.722890853881836 ] ] ] ] } },
{ "type": "Feature", "properties": { "Id": 2436, "GRIDCODE": 9 }, "geometry": { "type": "MultiPolygon", "coordinates": [ [ [ [ 114.435557126998901, 34.722386598587036 ], [ 114.435396194458008, 34.722386598587036 ], [ 114.435396194458008, 34.722472429275513 ], [ 114.435138702392578, 34.722472429275513 ], [ 114.435138702392578, 34.722558259963989 ], [ 114.435052871704102, 34.722558259963989 ], [ 114.435052871704102, 34.722633361816406 ], [ 114.435396194458008, 34.722633361816406 ], [ 114.435396194458008, 34.722558259963989 ], [ 114.435557126998901, 34.722558259963989 ], [ 114.435557126998901, 34.722386598587036 ] ] ] ] } },
{ "type": "Feature", "properties": { "Id": 2442, "GRIDCODE": 9 }, "geometry": { "type": "MultiPolygon", "coordinates": [ [ [ [ 114.440138339996338, 34.721807241439819 ], [ 114.440052509307861, 34.721807241439819 ], [ 114.440052509307861, 34.721968173980713 ], [ 114.440138339996338, 34.721968173980713 ], [ 114.440138339996338, 34.721807241439819 ] ] ] ] } },
{ "type": "Feature", "properties": { "Id": 2452, "GRIDCODE": 9 }, "geometry": { "type": "MultiPolygon", "coordinates": [ [ [ [ 114.440234899520874, 34.720884561538696 ], [ 114.440138339996338, 34.720884561538696 ], [ 114.440138339996338, 34.720970392227173 ], [ 114.440234899520874, 34.720970392227173 ], [ 114.440234899520874, 34.720884561538696 ] ] ] ] } },
{ "type": "Feature", "properties": { "Id": 2468, "GRIDCODE": 9 }, "geometry": { "type": "MultiPolygon", "coordinates": [ [ [ [ 114.445728063583374, 34.71829891204834 ], [ 114.445642232894897, 34.71829891204834 ], [ 114.445642232894897, 34.718384742736816 ], [ 114.445728063583374, 34.718384742736816 ], [ 114.445728063583374, 34.71829891204834 ] ] ] ] } },
{ "type": "Feature", "properties": { "Id": 2472, "GRIDCODE": 9 }, "geometry": { "type": "MultiPolygon", "coordinates": [ [ [ [ 114.446146488189697, 34.71805214881897 ], [ 114.445985555648804, 34.71805214881897 ], [ 114.445985555648804, 34.718213081359863 ], [ 114.446146488189697, 34.718213081359863 ], [ 114.446146488189697, 34.71805214881897 ] ] ] ] } },
{ "type": "Feature", "properties": { "Id": 2474, "GRIDCODE": 9 }, "geometry": { "type": "MultiPolygon", "coordinates": [ [ [ [ 114.446393251419067, 34.717880487442017 ], [ 114.446221590042114, 34.717880487442017 ], [ 114.446221590042114, 34.717966318130493 ], [ 114.446393251419067, 34.717966318130493 ], [ 114.446393251419067, 34.717880487442017 ] ] ] ] } },
{ "type": "Feature", "properties": { "Id": 2476, "GRIDCODE": 9 }, "geometry": { "type": "MultiPolygon", "coordinates": [ [ [ [ 114.447133541107178, 34.717472791671753 ], [ 114.446972608566284, 34.717472791671753 ], [ 114.446972608566284, 34.71754789352417 ], [ 114.446897506713867, 34.71754789352417 ], [ 114.446897506713867, 34.717633724212646 ], [ 114.447133541107178, 34.717633724212646 ], [ 114.447133541107178, 34.717472791671753 ] ] ] ] } },
{ "type": "Feature", "properties": { "Id": 2478, "GRIDCODE": 9 }, "geometry": { "type": "MultiPolygon", "coordinates": [ [ [ [ 114.447723627090454, 34.7173011302948 ], [ 114.447476863861084, 34.7173011302948 ], [ 114.447476863861084, 34.717386960983276 ], [ 114.447219371795654, 34.717386960983276 ], [ 114.447219371795654, 34.717472791671753 ], [ 114.447637796401978, 34.717472791671753 ], [ 114.447637796401978, 34.717386960983276 ], [ 114.447723627090454, 34.717386960983276 ], [ 114.447723627090454, 34.7173011302948 ] ] ] ] } },
{ "type": "Feature", "properties": { "Id": 2480, "GRIDCODE": 9 }, "geometry": { "type": "MultiPolygon", "coordinates": [ [ [ [ 114.448485374450684, 34.717140197753906 ], [ 114.448302984237671, 34.717140197753906 ], [ 114.448302984237671, 34.717215299606323 ], [ 114.448485374450684, 34.717215299606323 ], [ 114.448485374450684, 34.717140197753906 ] ] ] ] } },
{ "type": "Feature", "properties": { "Id": 2482, "GRIDCODE": 9 }, "geometry": { "type": "MultiPolygon", "coordinates": [ [ [ [ 114.448968172073364, 34.716968536376953 ], [ 114.448893070220947, 34.716968536376953 ], [ 114.448893070220947, 34.71705436706543 ], [ 114.448968172073364, 34.71705436706543 ], [ 114.448968172073364, 34.716968536376953 ] ] ] ] } },
{ "type": "Feature", "properties": { "Id": 2483, "GRIDCODE": 9 }, "geometry": { "type": "MultiPolygon", "coordinates": [ [ [ [ 114.449150562286377, 34.716882705688477 ], [ 114.449054002761841, 34.716882705688477 ], [ 114.449054002761841, 34.716968536376953 ], [ 114.449150562286377, 34.716968536376953 ], [ 114.449150562286377, 34.716882705688477 ] ] ] ] } },
{ "type": "Feature", "properties": { "Id": 2485, "GRIDCODE": 9 }, "geometry": { "type": "MultiPolygon", "coordinates": [ [ [ [ 114.45032000541687, 34.716635942459106 ], [ 114.449976682662964, 34.716635942459106 ], [ 114.449976682662964, 34.716721773147583 ], [ 114.45032000541687, 34.716721773147583 ], [ 114.45032000541687, 34.716635942459106 ] ] ] ] } },
{ "type": "Feature", "properties": { "Id": 2486, "GRIDCODE": 9 }, "geometry": { "type": "MultiPolygon", "coordinates": [ [ [ [ 114.450888633728027, 34.716475009918213 ], [ 114.450802803039551, 34.716475009918213 ], [ 114.450802803039551, 34.71655011177063 ], [ 114.450888633728027, 34.71655011177063 ], [ 114.450888633728027, 34.716475009918213 ] ] ] ] } },
{ "type": "Feature", "properties": { "Id": 2487, "GRIDCODE": 9 }, "geometry": { "type": "MultiPolygon", "coordinates": [ [ [ [ 114.451231956481934, 34.71630334854126 ], [ 114.451146125793457, 34.71630334854126 ], [ 114.451146125793457, 34.716389179229736 ], [ 114.451231956481934, 34.716389179229736 ], [ 114.451231956481934, 34.71630334854126 ] ] ] ] } },
{ "type": "Feature", "properties": { "Id": 2488, "GRIDCODE": 9 }, "geometry": { "type": "MultiPolygon", "coordinates": [ [ [ [ 114.451392889022827, 34.716217517852783 ], [ 114.451307058334351, 34.716217517852783 ], [ 114.451307058334351, 34.71630334854126 ], [ 114.451392889022827, 34.71630334854126 ], [ 114.451392889022827, 34.716217517852783 ] ] ] ] } },
{ "type": "Feature", "properties": { "Id": 2489, "GRIDCODE": 9 }, "geometry": { "type": "MultiPolygon", "coordinates": [ [ [ [ 114.451714754104614, 34.716131687164307 ], [ 114.451467990875244, 34.716131687164307 ], [ 114.451467990875244, 34.716217517852783 ], [ 114.451714754104614, 34.716217517852783 ], [ 114.451714754104614, 34.716131687164307 ] ] ] ] } },
{ "type": "Feature", "properties": { "Id": 2490, "GRIDCODE": 9 }, "geometry": { "type": "MultiPolygon", "coordinates": [ [ [ [ 114.451714754104614, 34.716131687164307 ], [ 114.451897144317627, 34.716131687164307 ], [ 114.451897144317627, 34.71605658531189 ], [ 114.451714754104614, 34.71605658531189 ], [ 114.451714754104614, 34.716131687164307 ] ] ] ] } },
{ "type": "Feature", "properties": { "Id": 2491, "GRIDCODE": 9 }, "geometry": { "type": "MultiPolygon", "coordinates": [ [ [ [ 114.452637434005737, 34.71579909324646 ], [ 114.452379941940308, 34.71579909324646 ], [ 114.452379941940308, 34.715884923934937 ], [ 114.452154636383057, 34.715884923934937 ], [ 114.452154636383057, 34.715970754623413 ], [ 114.452058076858521, 34.715970754623413 ], [ 114.452058076858521, 34.71605658531189 ], [ 114.45231556892395, 34.71605658531189 ], [ 114.45231556892395, 34.715970754623413 ], [ 114.452476501464844, 34.715970754623413 ], [ 114.452476501464844, 34.715884923934937 ], [ 114.452637434005737, 34.715884923934937 ], [ 114.452637434005737, 34.71579909324646 ] ] ] ] } },
{ "type": "Feature", "properties": { "Id": 2492, "GRIDCODE": 9 }, "geometry": { "type": "MultiPolygon", "coordinates": [ [ [ [ 114.529488086700439, 34.71579909324646 ], [ 114.529488086700439, 34.715884923934937 ], [ 114.529552459716797, 34.715884923934937 ], [ 114.529552459716797, 34.71579909324646 ], [ 114.529488086700439, 34.71579909324646 ] ] ] ] } },
{ "type": "Feature", "properties": { "Id": 2493, "GRIDCODE": 9 }, "geometry": { "type": "MultiPolygon", "coordinates": [ [ [ [ 114.452637434005737, 34.71579909324646 ], [ 114.452884197235107, 34.71579909324646 ], [ 114.452884197235107, 34.715723991394043 ], [ 114.452637434005737, 34.715723991394043 ], [ 114.452637434005737, 34.71579909324646 ] ] ] ] } },
{ "type": "Feature", "properties": { "Id": 2494, "GRIDCODE": 9 }, "geometry": { "type": "MultiPolygon", "coordinates": [ [ [ [ 114.529488086700439, 34.71579909324646 ], [ 114.529488086700439, 34.715723991394043 ], [ 114.529391527175903, 34.715723991394043 ], [ 114.529391527175903, 34.71579909324646 ], [ 114.529488086700439, 34.71579909324646 ] ] ] ] } },
{ "type": "Feature", "properties": { "Id": 2495, "GRIDCODE": 9 }, "geometry": { "type": "MultiPolygon", "coordinates": [ [ [ [ 114.454214572906494, 34.71505880355835 ], [ 114.453978538513184, 34.71505880355835 ], [ 114.453978538513184, 34.715133905410767 ], [ 114.45380687713623, 34.715133905410767 ], [ 114.45380687713623, 34.715219736099243 ], [ 114.453645944595337, 34.715219736099243 ], [ 114.453645944595337, 34.71530556678772 ], [ 114.453485012054443, 34.71530556678772 ], [ 114.453485012054443, 34.715391397476196 ], [ 114.453388452529907, 34.715391397476196 ], [ 114.453388452529907, 34.715466499328613 ], [ 114.453302621841431, 34.715466499328613 ], [ 114.453302621841431, 34.715638160705566 ], [ 114.453388452529907, 34.715638160705566 ], [ 114.453388452529907, 34.71555233001709 ], [ 114.453485012054443, 34.71555233001709 ], [ 114.453485012054443, 34.715466499328613 ], [ 114.453645944595337, 34.715466499328613 ], [ 114.453645944595337, 34.715391397476196 ], [ 114.45380687713623, 34.715391397476196 ], [ 114.45380687713623, 34.71530556678772 ], [ 114.454053640365601, 34.71530556678772 ], [ 114.454053640365601, 34.715219736099243 ], [ 114.45431113243103, 34.715219736099243 ], [ 114.45431113243103, 34.715133905410767 ], [ 114.454214572906494, 34.715133905410767 ], [ 114.454214572906494, 34.71505880355835 ] ] ] ] } },
{ "type": "Feature", "properties": { "Id": 2497, "GRIDCODE": 9 }, "geometry": { "type": "MultiPolygon", "coordinates": [ [ [ [ 114.454643726348877, 34.714887142181396 ], [ 114.454472064971924, 34.714887142181396 ], [ 114.454472064971924, 34.71480131149292 ], [ 114.454396963119507, 34.71480131149292 ], [ 114.454396963119507, 34.714972972869873 ], [ 114.45431113243103, 34.714972972869873 ], [ 114.45431113243103, 34.71505880355835 ], [ 114.454472064971924, 34.71505880355835 ], [ 114.454472064971924, 34.714972972869873 ], [ 114.454643726348877, 34.714972972869873 ], [ 114.454643726348877, 34.714887142181396 ] ] ] ] } },
{ "type": "Feature", "properties": { "Id": 2498, "GRIDCODE": 9 }, "geometry": { "type": "MultiPolygon", "coordinates": [ [ [ [ 114.454718828201294, 34.714726209640503 ], [ 114.454643726348877, 34.714726209640503 ], [ 114.454643726348877, 34.714887142181396 ], [ 114.454718828201294, 34.714887142181396 ], [ 114.454718828201294, 34.714726209640503 ] ] ] ] } },
{ "type": "Feature", "properties": { "Id": 2499, "GRIDCODE": 9 }, "geometry": { "type": "MultiPolygon", "coordinates": [ [ [ [ 114.454804658889771, 34.714640378952026 ], [ 114.454718828201294, 34.714640378952026 ], [ 114.454718828201294, 34.714726209640503 ], [ 114.454804658889771, 34.714726209640503 ], [ 114.454804658889771, 34.714640378952026 ] ] ] ] } },
{ "type": "Feature", "properties": { "Id": 2502, "GRIDCODE": 9 }, "geometry": { "type": "MultiPolygon", "coordinates": [ [ [ [ 114.454804658889771, 34.714640378952026 ], [ 114.454976320266724, 34.714640378952026 ], [ 114.454976320266724, 34.71455454826355 ], [ 114.455137252807617, 34.71455454826355 ], [ 114.455137252807617, 34.714468717575073 ], [ 114.45530891418457, 34.714468717575073 ], [ 114.45530891418457, 34.714393615722656 ], [ 114.455384016036987, 34.714393615722656 ], [ 114.455384016036987, 34.71430778503418 ], [ 114.455469846725464, 34.71430778503418 ], [ 114.455469846725464, 34.714221954345703 ], [ 114.45556640625, 34.714221954345703 ], [ 114.45556640625, 34.714136123657227 ], [ 114.455384016036987, 34.714136123657227 ], [ 114.455384016036987, 34.714221954345703 ], [ 114.45530891418457, 34.714221954345703 ], [ 114.45530891418457, 34.71430778503418 ], [ 114.4550621509552, 34.71430778503418 ], [ 114.4550621509552, 34.714393615722656 ], [ 114.454976320266724, 34.714393615722656 ], [ 114.454976320266724, 34.714468717575073 ], [ 114.454804658889771, 34.714468717575073 ], [ 114.454804658889771, 34.714640378952026 ] ] ] ] } },
{ "type": "Feature", "properties": { "Id": 2503, "GRIDCODE": 9 }, "geometry": { "type": "MultiPolygon", "coordinates": [ [ [ [ 114.45581316947937, 34.71406102180481 ], [ 114.455727338790894, 34.71406102180481 ], [ 114.455727338790894, 34.714136123657227 ], [ 114.45581316947937, 34.714136123657227 ], [ 114.45581316947937, 34.71406102180481 ] ] ] ] } },
{ "type": "Feature", "properties": { "Id": 2504, "GRIDCODE": 9 }, "geometry": { "type": "MultiPolygon", "coordinates": [ [ [ [ 114.45581316947937, 34.71406102180481 ], [ 114.455888271331787, 34.71406102180481 ], [ 114.455888271331787, 34.713964462280273 ], [ 114.45581316947937, 34.713964462280273 ], [ 114.45581316947937, 34.71406102180481 ] ] ] ] } },
{ "type": "Feature", "properties": { "Id": 2506, "GRIDCODE": 9 }, "geometry": { "type": "MultiPolygon", "coordinates": [ [ [ [ 114.45655345916748, 34.713631868362427 ], [ 114.456478357315063, 34.713631868362427 ], [ 114.456478357315063, 34.713717699050903 ], [ 114.45655345916748, 34.713717699050903 ], [ 114.45655345916748, 34.713631868362427 ] ] ] ] } },
{ "type": "Feature", "properties": { "Id": 2507, "GRIDCODE": 9 }, "geometry": { "type": "MultiPolygon", "coordinates": [ [ [ [ 114.457647800445557, 34.713213443756104 ], [ 114.457465410232544, 34.713213443756104 ], [ 114.457465410232544, 34.71329927444458 ], [ 114.45756196975708, 34.71329927444458 ], [ 114.45756196975708, 34.713385105133057 ], [ 114.457647800445557, 34.713385105133057 ], [ 114.457647800445557, 34.713213443756104 ] ] ] ] } },
{ "type": "Feature", "properties": { "Id": 2512, "GRIDCODE": 9 }, "geometry": { "type": "MultiPolygon", "coordinates": [ [ [ [ 114.46081280708313, 34.71179723739624 ], [ 114.460469484329224, 34.71179723739624 ], [ 114.460469484329224, 34.711883068084717 ], [ 114.460405111312866, 34.711883068084717 ], [ 114.460405111312866, 34.711968898773193 ], [ 114.460222721099854, 34.711968898773193 ], [ 114.460222721099854, 34.71205472946167 ], [ 114.460147619247437, 34.71205472946167 ], [ 114.460147619247437, 34.712129831314087 ], [ 114.45980429649353, 34.712129831314087 ], [ 114.45980429649353, 34.712215662002563 ], [ 114.459643363952637, 34.712215662002563 ], [ 114.459643363952637, 34.71230149269104 ], [ 114.459482431411743, 34.71230149269104 ], [ 114.459482431411743, 34.712387323379517 ], [ 114.45930004119873, 34.712387323379517 ], [ 114.45930004119873, 34.71254825592041 ], [ 114.459235668182373, 34.71254825592041 ], [ 114.459235668182373, 34.712462425231934 ], [ 114.45905327796936, 34.712462425231934 ], [ 114.45905327796936, 34.712634086608887 ], [ 114.458978176116943, 34.712634086608887 ], [ 114.458978176116943, 34.71254825592041 ], [ 114.458795785903931, 34.71254825592041 ], [ 114.458795785903931, 34.712719917297363 ], [ 114.458634853363037, 34.712719917297363 ], [ 114.458634853363037, 34.71280574798584 ], [ 114.458388090133667, 34.71280574798584 ], [ 114.458388090133667, 34.712880849838257 ], [ 114.458130598068237, 34.712880849838257 ], [ 114.458130598068237, 34.712966680526733 ], [ 114.45806622505188, 34.712966680526733 ], [ 114.45806622505188, 34.71305251121521 ], [ 114.457969665527344, 34.71305251121521 ], [ 114.457969665527344, 34.713213443756104 ], [ 114.45806622505188, 34.713213443756104 ], [ 114.45806622505188, 34.713138341903687 ], [ 114.458388090133667, 34.713138341903687 ], [ 114.458388090133667, 34.71305251121521 ], [ 114.458473920822144, 34.71305251121521 ], [ 114.458473920822144, 34.712966680526733 ], [ 114.45857048034668, 34.712966680526733 ], [ 114.45857048034668, 34.712880849838257 ], [ 114.458795785903931, 34.712880849838257 ], [ 114.458795785903931, 34.71280574798584 ], [ 114.45905327796936, 34.71280574798584 ], [ 114.45905327796936, 34.712719917297363 ], [ 114.459235668182373, 34.712719917297363 ], [ 114.459235668182373, 34.712634086608887 ], [ 114.459482431411743, 34.712634086608887 ], [ 114.459482431411743, 34.71254825592041 ], [ 114.459718465805054, 34.71254825592041 ], [ 114.459718465805054, 34.712462425231934 ], [ 114.45980429649353, 34.712462425231934 ], [ 114.45980429649353, 34.71230149269104 ], [ 114.459900856018066, 34.71230149269104 ], [ 114.459900856018066, 34.712387323379517 ], [ 114.46006178855896, 34.712387323379517 ], [ 114.46006178855896, 34.712215662002563 ], [ 114.460222721099854, 34.712215662002563 ], [ 114.460222721099854, 34.712129831314087 ], [ 114.460469484329224, 34.712129831314087 ], [ 114.460469484329224, 34.71205472946167 ], [ 114.46056604385376, 34.71205472946167 ], [ 114.46056604385376, 34.711968898773193 ], [ 114.460630416870117, 34.711968898773193 ], [ 114.460630416870117, 34.71205472946167 ], [ 114.460726976394653, 34.71205472946167 ], [ 114.460726976394653, 34.711968898773193 ], [ 114.46081280708313, 34.711968898773193 ], [ 114.46081280708313, 34.71179723739624 ] ] ] ] } },
{ "type": "Feature", "properties": { "Id": 2513, "GRIDCODE": 9 }, "geometry": { "type": "MultiPolygon", "coordinates": [ [ [ [ 114.46107029914856, 34.711722135543823 ], [ 114.460887908935547, 34.711722135543823 ], [ 114.460887908935547, 34.71179723739624 ], [ 114.46107029914856, 34.71179723739624 ], [ 114.46107029914856, 34.711722135543823 ] ] ] ] } },
{ "type": "Feature", "properties": { "Id": 2515, "GRIDCODE": 9 }, "geometry": { "type": "MultiPolygon", "coordinates": [ [ [ [ 114.461392164230347, 34.71155047416687 ], [ 114.461134672164917, 34.71155047416687 ], [ 114.461134672164917, 34.711636304855347 ], [ 114.46107029914856, 34.711636304855347 ], [ 114.46107029914856, 34.711722135543823 ], [ 114.461231231689453, 34.711722135543823 ], [ 114.461231231689453, 34.711636304855347 ], [ 114.461392164230347, 34.711636304855347 ], [ 114.461392164230347, 34.71155047416687 ] ] ] ] } },
{ "type": "Feature", "properties": { "Id": 2518, "GRIDCODE": 9 }, "geometry": { "type": "MultiPolygon", "coordinates": [ [ [ [ 114.461392164230347, 34.71155047416687 ], [ 114.46155309677124, 34.71155047416687 ], [ 114.46155309677124, 34.711464643478394 ], [ 114.461735486984253, 34.711464643478394 ], [ 114.461735486984253, 34.711389541625977 ], [ 114.461896419525146, 34.711389541625977 ], [ 114.461896419525146, 34.7113037109375 ], [ 114.46205735206604, 34.7113037109375 ], [ 114.46205735206604, 34.711217880249023 ], [ 114.462229013442993, 34.711217880249023 ], [ 114.462229013442993, 34.711132049560547 ], [ 114.462400674819946, 34.711132049560547 ], [ 114.462400674819946, 34.71105694770813 ], [ 114.462465047836304, 34.71105694770813 ], [ 114.462465047836304, 34.710971117019653 ], [ 114.46256160736084, 34.710971117019653 ], [ 114.46256160736084, 34.710885286331177 ], [ 114.462722539901733, 34.710885286331177 ], [ 114.462722539901733, 34.7107994556427 ], [ 114.462647438049316, 34.7107994556427 ], [ 114.462647438049316, 34.710724353790283 ], [ 114.46256160736084, 34.710724353790283 ], [ 114.46256160736084, 34.7107994556427 ], [ 114.462400674819946, 34.7107994556427 ], [ 114.462400674819946, 34.710885286331177 ], [ 114.462229013442993, 34.710885286331177 ], [ 114.462229013442993, 34.710971117019653 ], [ 114.462143182754517, 34.710971117019653 ], [ 114.462143182754517, 34.71105694770813 ], [ 114.461896419525146, 34.71105694770813 ], [ 114.461896419525146, 34.711132049560547 ], [ 114.46179986000061, 34.711132049560547 ], [ 114.46179986000061, 34.711217880249023 ], [ 114.461735486984253, 34.711217880249023 ], [ 114.461735486984253, 34.7113037109375 ], [ 114.46155309677124, 34.7113037109375 ], [ 114.46155309677124, 34.711389541625977 ], [ 114.461477994918823, 34.711389541625977 ], [ 114.461477994918823, 34.711464643478394 ], [ 114.461392164230347, 34.711464643478394 ], [ 114.461392164230347, 34.71155047416687 ] ] ] ] } },
{ "type": "Feature", "properties": { "Id": 2519, "GRIDCODE": 9 }, "geometry": { "type": "MultiPolygon", "coordinates": [ [ [ [ 114.46405291557312, 34.709887504577637 ], [ 114.463891983032227, 34.709887504577637 ], [ 114.463891983032227, 34.709973335266113 ], [ 114.46381688117981, 34.709973335266113 ], [ 114.46381688117981, 34.71004843711853 ], [ 114.46355938911438, 34.71004843711853 ], [ 114.46355938911438, 34.710134267807007 ], [ 114.463473558425903, 34.710134267807007 ], [ 114.463473558425903, 34.710220098495483 ], [ 114.463226795196533, 34.710220098495483 ], [ 114.463226795196533, 34.71030592918396 ], [ 114.463130235671997, 34.71030592918396 ], [ 114.463130235671997, 34.710466861724854 ], [ 114.46306586265564, 34.710466861724854 ], [ 114.46306586265564, 34.71055269241333 ], [ 114.46280837059021, 34.71055269241333 ], [ 114.46280837059021, 34.710638523101807 ], [ 114.462722539901733, 34.710638523101807 ], [ 114.462722539901733, 34.710724353790283 ], [ 114.46280837059021, 34.710724353790283 ], [ 114.46280837059021, 34.7107994556427 ], [ 114.462894201278687, 34.7107994556427 ], [ 114.462894201278687, 34.710724353790283 ], [ 114.46306586265564, 34.710724353790283 ], [ 114.46306586265564, 34.710638523101807 ], [ 114.463130235671997, 34.710638523101807 ], [ 114.463130235671997, 34.71055269241333 ], [ 114.463226795196533, 34.71055269241333 ], [ 114.463226795196533, 34.710466861724854 ], [ 114.463387727737427, 34.710466861724854 ], [ 114.463387727737427, 34.710391759872437 ], [ 114.46355938911438, 34.710391759872437 ], [ 114.46355938911438, 34.710220098495483 ], [ 114.463731050491333, 34.710220098495483 ], [ 114.463731050491333, 34.710134267807007 ], [ 114.463891983032227, 34.710134267807007 ], [ 114.463891983032227, 34.71004843711853 ], [ 114.46405291557312, 34.71004843711853 ], [ 114.46405291557312, 34.709887504577637 ] ] ] ] } },
{ "type": "Feature", "properties": { "Id": 2520, "GRIDCODE": 9 }, "geometry": { "type": "MultiPolygon", "coordinates": [ [ [ [ 114.464964866638184, 34.709383249282837 ], [ 114.464889764785767, 34.709383249282837 ], [ 114.464889764785767, 34.709469079971313 ], [ 114.464964866638184, 34.709469079971313 ], [ 114.464964866638184, 34.709383249282837 ] ] ] ] } },
{ "type": "Feature", "properties": { "Id": 2522, "GRIDCODE": 9 }, "geometry": { "type": "MultiPolygon", "coordinates": [ [ [ [ 114.466316699981689, 34.708642959594727 ], [ 114.466220140457153, 34.708642959594727 ], [ 114.466220140457153, 34.708718061447144 ], [ 114.466316699981689, 34.708718061447144 ], [ 114.466316699981689, 34.708642959594727 ] ] ] ] } },
{ "type": "Feature", "properties": { "Id": 2525, "GRIDCODE": 9 }, "geometry": { "type": "MultiPolygon", "coordinates": [ [ [ [ 114.46831226348877, 34.707462787628174 ], [ 114.468215703964233, 34.707462787628174 ], [ 114.468215703964233, 34.70754861831665 ], [ 114.46831226348877, 34.70754861831665 ], [ 114.46831226348877, 34.707462787628174 ] ] ] ] } },
{ "type": "Feature", "properties": { "Id": 2527, "GRIDCODE": 9 }, "geometry": { "type": "MultiPolygon", "coordinates": [ [ [ [ 114.469385147094727, 34.70679759979248 ], [ 114.469224214553833, 34.70679759979248 ], [ 114.469224214553833, 34.706969261169434 ], [ 114.469385147094727, 34.706969261169434 ], [ 114.469385147094727, 34.70679759979248 ] ] ] ] } },
{ "type": "Feature", "properties": { "Id": 2529, "GRIDCODE": 9 }, "geometry": { "type": "MultiPolygon", "coordinates": [ [ [ [ 114.470232725143433, 34.706046581268311 ], [ 114.470146894454956, 34.706046581268311 ], [ 114.470146894454956, 34.706132411956787 ], [ 114.470232725143433, 34.706132411956787 ], [ 114.470232725143433, 34.706046581268311 ] ] ] ] } },
{ "type": "Feature", "properties": { "Id": 2533, "GRIDCODE": 9 }, "geometry": { "type": "MultiPolygon", "coordinates": [ [ [ [ 114.47055459022522, 34.70579981803894 ], [ 114.470468759536743, 34.70579981803894 ], [ 114.470468759536743, 34.705885648727417 ], [ 114.47055459022522, 34.705885648727417 ], [ 114.47055459022522, 34.70579981803894 ] ] ] ] } },
{ "type": "Feature", "properties": { "Id": 2536, "GRIDCODE": 9 }, "geometry": { "type": "MultiPolygon", "coordinates": [ [ [ [ 114.471219778060913, 34.7053062915802 ], [ 114.471155405044556, 34.7053062915802 ], [ 114.471155405044556, 34.705381393432617 ], [ 114.471219778060913, 34.705381393432617 ], [ 114.471219778060913, 34.7053062915802 ] ] ] ] } },
{ "type": "Feature", "properties": { "Id": 2539, "GRIDCODE": 9 }, "geometry": { "type": "MultiPolygon", "coordinates": [ [ [ [ 114.47230339050293, 34.704383611679077 ], [ 114.472142457962036, 34.704383611679077 ], [ 114.472142457962036, 34.704469442367554 ], [ 114.47230339050293, 34.704469442367554 ], [ 114.47230339050293, 34.704383611679077 ] ] ] ] } },
{ "type": "Feature", "properties": { "Id": 2543, "GRIDCODE": 9 }, "geometry": { "type": "MultiPolygon", "coordinates": [ [ [ [ 114.473719596862793, 34.703471660614014 ], [ 114.473472833633423, 34.703471660614014 ], [ 114.473472833633423, 34.70355749130249 ], [ 114.473311901092529, 34.70355749130249 ], [ 114.473311901092529, 34.703632593154907 ], [ 114.473140239715576, 34.703632593154907 ], [ 114.473140239715576, 34.703718423843384 ], [ 114.4730544090271, 34.703718423843384 ], [ 114.4730544090271, 34.70380425453186 ], [ 114.472979307174683, 34.70380425453186 ], [ 114.472979307174683, 34.703890085220337 ], [ 114.472807645797729, 34.703890085220337 ], [ 114.472807645797729, 34.703965187072754 ], [ 114.472732543945312, 34.703965187072754 ], [ 114.472732543945312, 34.70405101776123 ], [ 114.472646713256836, 34.70405101776123 ], [ 114.472646713256836, 34.704136848449707 ], [ 114.472485780715942, 34.704136848449707 ], [ 114.472485780715942, 34.704222679138184 ], [ 114.472389221191406, 34.704222679138184 ], [ 114.472389221191406, 34.70430850982666 ], [ 114.47230339050293, 34.70430850982666 ], [ 114.47230339050293, 34.704383611679077 ], [ 114.472485780715942, 34.704383611679077 ], [ 114.472485780715942, 34.70430850982666 ], [ 114.472646713256836, 34.70430850982666 ], [ 114.472646713256836, 34.704222679138184 ], [ 114.472732543945312, 34.704222679138184 ], [ 114.472732543945312, 34.704136848449707 ], [ 114.472807645797729, 34.704136848449707 ], [ 114.472807645797729, 34.70405101776123 ], [ 114.472979307174683, 34.70405101776123 ], [ 114.472979307174683, 34.703965187072754 ], [ 114.4730544090271, 34.703965187072754 ], [ 114.4730544090271, 34.703890085220337 ], [ 114.473140239715576, 34.703890085220337 ], [ 114.473140239715576, 34.70380425453186 ], [ 114.473397731781006, 34.70380425453186 ], [ 114.473397731781006, 34.703718423843384 ], [ 114.473644495010376, 34.703718423843384 ], [ 114.473644495010376, 34.70355749130249 ], [ 114.473719596862793, 34.70355749130249 ], [ 114.473719596862793, 34.703471660614014 ] ] ] ] } },
{ "type": "Feature", "properties": { "Id": 2545, "GRIDCODE": 9 }, "geometry": { "type": "MultiPolygon", "coordinates": [ [ [ [ 114.474138021469116, 34.703139066696167 ], [ 114.473977088928223, 34.703139066696167 ], [ 114.473977088928223, 34.703299999237061 ], [ 114.473901987075806, 34.703299999237061 ], [ 114.473901987075806, 34.703224897384644 ], [ 114.47380542755127, 34.703224897384644 ], [ 114.47380542755127, 34.703385829925537 ], [ 114.473719596862793, 34.703385829925537 ], [ 114.473719596862793, 34.703471660614014 ], [ 114.473977088928223, 34.703471660614014 ], [ 114.473977088928223, 34.703385829925537 ], [ 114.474062919616699, 34.703385829925537 ], [ 114.474062919616699, 34.703299999237061 ], [ 114.474138021469116, 34.703299999237061 ], [ 114.474138021469116, 34.703139066696167 ] ] ] ] } },
{ "type": "Feature", "properties": { "Id": 2546, "GRIDCODE": 9 }, "geometry": { "type": "MultiPolygon", "coordinates": [ [ [ [ 114.474309682846069, 34.70305323600769 ], [ 114.474138021469116, 34.70305323600769 ], [ 114.474138021469116, 34.703139066696167 ], [ 114.474223852157593, 34.703139066696167 ], [ 114.474223852157593, 34.703224897384644 ], [ 114.474309682846069, 34.703224897384644 ], [ 114.474309682846069, 34.70305323600769 ] ] ] ] } },
{ "type": "Feature", "properties": { "Id": 2547, "GRIDCODE": 9 }, "geometry": { "type": "MultiPolygon", "coordinates": [ [ [ [ 114.474384784698486, 34.702967405319214 ], [ 114.474309682846069, 34.702967405319214 ], [ 114.474309682846069, 34.70305323600769 ], [ 114.474384784698486, 34.70305323600769 ], [ 114.474384784698486, 34.702967405319214 ] ] ] ] } },
{ "type": "Feature", "properties": { "Id": 2548, "GRIDCODE": 9 }, "geometry": { "type": "MultiPolygon", "coordinates": [ [ [ [ 114.474384784698486, 34.702967405319214 ], [ 114.474470615386963, 34.702967405319214 ], [ 114.474470615386963, 34.702892303466797 ], [ 114.474384784698486, 34.702892303466797 ], [ 114.474384784698486, 34.702967405319214 ] ] ] ] } },
{ "type": "Feature", "properties": { "Id": 2550, "GRIDCODE": 9 }, "geometry": { "type": "MultiPolygon", "coordinates": [ [ [ [ 114.474642276763916, 34.70280647277832 ], [ 114.474567174911499, 34.70280647277832 ], [ 114.474567174911499, 34.702892303466797 ], [ 114.474642276763916, 34.702892303466797 ], [ 114.474642276763916, 34.70280647277832 ] ] ] ] } },
{ "type": "Feature", "properties": { "Id": 2551, "GRIDCODE": 9 }, "geometry": { "type": "MultiPolygon", "coordinates": [ [ [ [ 114.47504997253418, 34.702548980712891 ], [ 114.474974870681763, 34.702548980712891 ], [ 114.474974870681763, 34.702634811401367 ], [ 114.47504997253418, 34.702634811401367 ], [ 114.47504997253418, 34.702548980712891 ] ] ] ] } },
{ "type": "Feature", "properties": { "Id": 2552, "GRIDCODE": 9 }, "geometry": { "type": "MultiPolygon", "coordinates": [ [ [ [ 114.47504997253418, 34.702548980712891 ], [ 114.475135803222656, 34.702548980712891 ], [ 114.475135803222656, 34.702463150024414 ], [ 114.47504997253418, 34.702463150024414 ], [ 114.47504997253418, 34.702548980712891 ] ] ] ] } },
{ "type": "Feature", "properties": { "Id": 2554, "GRIDCODE": 9 }, "geometry": { "type": "MultiPolygon", "coordinates": [ [ [ [ 114.47580099105835, 34.702044725418091 ], [ 114.475640058517456, 34.702044725418091 ], [ 114.475640058517456, 34.702130556106567 ], [ 114.475554227828979, 34.702130556106567 ], [ 114.475554227828979, 34.702216386795044 ], [ 114.475736618041992, 34.702216386795044 ], [ 114.475736618041992, 34.702130556106567 ], [ 114.47580099105835, 34.702130556106567 ], [ 114.47580099105835, 34.702044725418091 ] ] ] ] } },
{ "type": "Feature", "properties": { "Id": 2555, "GRIDCODE": 9 }, "geometry": { "type": "MultiPolygon", "coordinates": [ [ [ [ 114.476058483123779, 34.701883792877197 ], [ 114.475972652435303, 34.701883792877197 ], [ 114.475972652435303, 34.701969623565674 ], [ 114.476058483123779, 34.701969623565674 ], [ 114.476058483123779, 34.701883792877197 ] ] ] ] } },
{ "type": "Feature", "properties": { "Id": 2556, "GRIDCODE": 9 }, "geometry": { "type": "MultiPolygon", "coordinates": [ [ [ [ 114.476058483123779, 34.701883792877197 ], [ 114.476144313812256, 34.701883792877197 ], [ 114.476144313812256, 34.701797962188721 ], [ 114.476058483123779, 34.701797962188721 ], [ 114.476058483123779, 34.701883792877197 ] ] ] ] } },
{ "type": "Feature", "properties": { "Id": 2557, "GRIDCODE": 9 }, "geometry": { "type": "MultiPolygon", "coordinates": [ [ [ [ 114.476466178894043, 34.701637029647827 ], [ 114.476401805877686, 34.701637029647827 ], [ 114.476401805877686, 34.701712131500244 ], [ 114.476466178894043, 34.701712131500244 ], [ 114.476466178894043, 34.701637029647827 ] ] ] ] } },
{ "type": "Feature", "properties": { "Id": 2558, "GRIDCODE": 9 }, "geometry": { "type": "MultiPolygon", "coordinates": [ [ [ [ 114.476809501647949, 34.701379537582397 ], [ 114.476809501647949, 34.701465368270874 ], [ 114.476884603500366, 34.701465368270874 ], [ 114.476884603500366, 34.701379537582397 ], [ 114.476809501647949, 34.701379537582397 ] ] ] ] } },
{ "type": "Feature", "properties": { "Id": 2559, "GRIDCODE": 9 }, "geometry": { "type": "MultiPolygon", "coordinates": [ [ [ [ 114.476809501647949, 34.701379537582397 ], [ 114.476809501647949, 34.70130443572998 ], [ 114.476648569107056, 34.70130443572998 ], [ 114.476648569107056, 34.701379537582397 ], [ 114.476562738418579, 34.701379537582397 ], [ 114.476562738418579, 34.701465368270874 ], [ 114.476648569107056, 34.701465368270874 ], [ 114.476648569107056, 34.701551198959351 ], [ 114.476723670959473, 34.701551198959351 ], [ 114.476723670959473, 34.701379537582397 ], [ 114.476809501647949, 34.701379537582397 ] ] ] ] } },
{ "type": "Feature", "properties": { "Id": 2561, "GRIDCODE": 9 }, "geometry": { "type": "MultiPolygon", "coordinates": [ [ [ [ 114.476970434188843, 34.701132774353027 ], [ 114.476884603500366, 34.701132774353027 ], [ 114.476884603500366, 34.701218605041504 ], [ 114.476970434188843, 34.701218605041504 ], [ 114.476970434188843, 34.701132774353027 ] ] ] ] } },
{ "type": "Feature", "properties": { "Id": 2562, "GRIDCODE": 9 }, "geometry": { "type": "MultiPolygon", "coordinates": [ [ [ [ 114.477066993713379, 34.701046943664551 ], [ 114.476970434188843, 34.701046943664551 ], [ 114.476970434188843, 34.701132774353027 ], [ 114.477066993713379, 34.701132774353027 ], [ 114.477066993713379, 34.701046943664551 ] ] ] ] } },
{ "type": "Feature", "properties": { "Id": 2563, "GRIDCODE": 9 }, "geometry": { "type": "MultiPolygon", "coordinates": [ [ [ [ 114.477066993713379, 34.701046943664551 ], [ 114.477131366729736, 34.701046943664551 ], [ 114.477131366729736, 34.700971841812134 ], [ 114.477066993713379, 34.700971841812134 ], [ 114.477066993713379, 34.701046943664551 ] ] ] ] } },
{ "type": "Feature", "properties": { "Id": 2564, "GRIDCODE": 9 }, "geometry": { "type": "MultiPolygon", "coordinates": [ [ [ [ 114.477388858795166, 34.700800180435181 ], [ 114.477227926254272, 34.700800180435181 ], [ 114.477227926254272, 34.700886011123657 ], [ 114.477388858795166, 34.700886011123657 ], [ 114.477388858795166, 34.700800180435181 ] ] ] ] } },
{ "type": "Feature", "properties": { "Id": 2565, "GRIDCODE": 9 }, "geometry": { "type": "MultiPolygon", "coordinates": [ [ [ [ 114.477474689483643, 34.700639247894287 ], [ 114.477388858795166, 34.700639247894287 ], [ 114.477388858795166, 34.700714349746704 ], [ 114.477474689483643, 34.700714349746704 ], [ 114.477474689483643, 34.700639247894287 ] ] ] ] } },
{ "type": "Feature", "properties": { "Id": 2566, "GRIDCODE": 9 }, "geometry": { "type": "MultiPolygon", "coordinates": [ [ [ [ 114.477474689483643, 34.700639247894287 ], [ 114.477635622024536, 34.700639247894287 ], [ 114.477635622024536, 34.700553417205811 ], [ 114.477474689483643, 34.700553417205811 ], [ 114.477474689483643, 34.700639247894287 ] ] ] ] } },
{ "type": "Feature", "properties": { "Id": 2569, "GRIDCODE": 9 }, "geometry": { "type": "MultiPolygon", "coordinates": [ [ [ [ 114.477893114089966, 34.699963331222534 ], [ 114.47779655456543, 34.699963331222534 ], [ 114.47779655456543, 34.700049161911011 ], [ 114.477732181549072, 34.700049161911011 ], [ 114.477732181549072, 34.700220823287964 ], [ 114.477893114089966, 34.700220823287964 ], [ 114.477893114089966, 34.699963331222534 ] ] ] ] } },
{ "type": "Feature", "properties": { "Id": 2570, "GRIDCODE": 9 }, "geometry": { "type": "MultiPolygon", "coordinates": [ [ [ [ 114.477893114089966, 34.699963331222534 ], [ 114.477978944778442, 34.699963331222534 ], [ 114.477978944778442, 34.699888229370117 ], [ 114.477893114089966, 34.699888229370117 ], [ 114.477893114089966, 34.699963331222534 ] ] ] ] } },
{ "type": "Feature", "properties": { "Id": 2572, "GRIDCODE": 9 }, "geometry": { "type": "MultiPolygon", "coordinates": [ [ [ [ 114.478054046630859, 34.699555635452271 ], [ 114.477978944778442, 34.699555635452271 ], [ 114.477978944778442, 34.699630737304688 ], [ 114.477893114089966, 34.699630737304688 ], [ 114.477893114089966, 34.699716567993164 ], [ 114.478139877319336, 34.699716567993164 ], [ 114.478139877319336, 34.699630737304688 ], [ 114.478054046630859, 34.699630737304688 ], [ 114.478054046630859, 34.699555635452271 ] ] ] ] } },
{ "type": "Feature", "properties": { "Id": 2593, "GRIDCODE": 9 }, "geometry": { "type": "MultiPolygon", "coordinates": [ [ [ [ 114.478054046630859, 34.699555635452271 ], [ 114.478236436843872, 34.699555635452271 ], [ 114.478236436843872, 34.699469804763794 ], [ 114.478300809860229, 34.699469804763794 ], [ 114.478300809860229, 34.699223041534424 ], [ 114.478461742401123, 34.699223041534424 ], [ 114.478461742401123, 34.699051380157471 ], [ 114.478558301925659, 34.699051380157471 ], [ 114.478558301925659, 34.698718786239624 ], [ 114.478644132614136, 34.698718786239624 ], [ 114.478644132614136, 34.698632955551147 ], [ 114.478719234466553, 34.698632955551147 ], [ 114.478719234466553, 34.69855785369873 ], [ 114.478805065155029, 34.69855785369873 ], [ 114.478805065155029, 34.698300361633301 ], [ 114.478901624679565, 34.698300361633301 ], [ 114.478901624679565, 34.698053598403931 ], [ 114.479062557220459, 34.698053598403931 ], [ 114.479062557220459, 34.697806835174561 ], [ 114.479148387908936, 34.697806835174561 ], [ 114.479148387908936, 34.697635173797607 ], [ 114.479223489761353, 34.697635173797607 ], [ 114.479223489761353, 34.697388410568237 ], [ 114.479384422302246, 34.697388410568237 ], [ 114.479384422302246, 34.697216749191284 ], [ 114.479470252990723, 34.697216749191284 ], [ 114.479470252990723, 34.696969985961914 ], [ 114.479631185531616, 34.696969985961914 ], [ 114.479631185531616, 34.696798324584961 ], [ 114.479727745056152, 34.696798324584961 ], [ 114.479727745056152, 34.696637392044067 ], [ 114.479813575744629, 34.696637392044067 ], [ 114.479813575744629, 34.696379899978638 ], [ 114.479974508285522, 34.696379899978638 ], [ 114.479974508285522, 34.696047306060791 ], [ 114.480071067810059, 34.696047306060791 ], [ 114.480071067810059, 34.695800542831421 ], [ 114.480232000350952, 34.695800542831421 ], [ 114.480232000350952, 34.695553779602051 ], [ 114.48029637336731, 34.695553779602051 ], [ 114.48029637336731, 34.695221185684204 ], [ 114.480392932891846, 34.695221185684204 ], [ 114.480392932891846, 34.694963693618774 ], [ 114.480478763580322, 34.694963693618774 ], [ 114.480478763580322, 34.695049524307251 ], [ 114.480553865432739, 34.695049524307251 ], [ 114.480553865432739, 34.694716930389404 ], [ 114.480639696121216, 34.694716930389404 ], [ 114.480639696121216, 34.694470167160034 ], [ 114.480800628662109, 34.694470167160034 ], [ 114.480800628662109, 34.694137573242188 ], [ 114.480897188186646, 34.694137573242188 ], [ 114.480897188186646, 34.693880081176758 ], [ 114.480983018875122, 34.693880081176758 ], [ 114.480983018875122, 34.693719148635864 ], [ 114.481058120727539, 34.693719148635864 ], [ 114.481058120727539, 34.693547487258911 ], [ 114.481143951416016, 34.693547487258911 ], [ 114.481143951416016, 34.693300724029541 ], [ 114.481219053268433, 34.693300724029541 ], [ 114.481219053268433, 34.693053960800171 ], [ 114.481143951416016, 34.693053960800171 ], [ 114.481143951416016, 34.693214893341064 ], [ 114.481058120727539, 34.693214893341064 ], [ 114.481058120727539, 34.693472385406494 ], [ 114.480897188186646, 34.693472385406494 ], [ 114.480897188186646, 34.693719148635864 ], [ 114.480800628662109, 34.693719148635864 ], [ 114.480800628662109, 34.693965911865234 ], [ 114.480639696121216, 34.693965911865234 ], [ 114.480639696121216, 34.694223403930664 ], [ 114.480553865432739, 34.694223403930664 ], [ 114.480553865432739, 34.694470167160034 ], [ 114.480478763580322, 34.694470167160034 ], [ 114.480478763580322, 34.694716930389404 ], [ 114.48029637336731, 34.694716930389404 ], [ 114.48029637336731, 34.694963693618774 ], [ 114.480232000350952, 34.694963693618774 ], [ 114.480232000350952, 34.695296287536621 ], [ 114.480071067810059, 34.695296287536621 ], [ 114.480071067810059, 34.695553779602051 ], [ 114.479974508285522, 34.695553779602051 ], [ 114.479974508285522, 34.695714712142944 ], [ 114.479888677597046, 34.695714712142944 ], [ 114.479888677597046, 34.695800542831421 ], [ 114.479813575744629, 34.695800542831421 ], [ 114.479813575744629, 34.695886373519897 ], [ 114.479888677597046, 34.695886373519897 ], [ 114.479888677597046, 34.696047306060791 ], [ 114.479727745056152, 34.696047306060791 ], [ 114.479727745056152, 34.696379899978638 ], [ 114.479631185531616, 34.696379899978638 ], [ 114.479631185531616, 34.696551561355591 ], [ 114.479470252990723, 34.696551561355591 ], [ 114.479470252990723, 34.696798324584961 ], [ 114.479384422302246, 34.696798324584961 ], [ 114.479384422302246, 34.696969985961914 ], [ 114.479309320449829, 34.696969985961914 ], [ 114.479309320449829, 34.697216749191284 ], [ 114.479148387908936, 34.697216749191284 ], [ 114.479148387908936, 34.697388410568237 ], [ 114.479062557220459, 34.697388410568237 ], [ 114.479062557220459, 34.697635173797607 ], [ 114.478901624679565, 34.697635173797607 ], [ 114.478901624679565, 34.697881937026978 ], [ 114.478805065155029, 34.697881937026978 ], [ 114.478805065155029, 34.698053598403931 ], [ 114.478719234466553, 34.698053598403931 ], [ 114.478719234466553, 34.698225259780884 ], [ 114.478558301925659, 34.698225259780884 ], [ 114.478558301925659, 34.69855785369873 ], [ 114.478461742401123, 34.69855785369873 ], [ 114.478461742401123, 34.698718786239624 ], [ 114.478397369384766, 34.698718786239624 ], [ 114.478397369384766, 34.698890447616577 ], [ 114.478300809860229, 34.698890447616577 ], [ 114.478300809860229, 34.698965549468994 ], [ 114.478236436843872, 34.698965549468994 ], [ 114.478236436843872, 34.699137210845947 ], [ 114.478139877319336, 34.699137210845947 ], [ 114.478139877319336, 34.699469804763794 ], [ 114.478054046630859, 34.699469804763794 ], [ 114.478054046630859, 34.699555635452271 ] ] ] ] } },
{ "type": "Feature", "properties": { "Id": 2603, "GRIDCODE": 9 }, "geometry": { "type": "MultiPolygon", "coordinates": [ [ [ [ 114.482560157775879, 34.690210819244385 ], [ 114.482388496398926, 34.690210819244385 ], [ 114.482388496398926, 34.690296649932861 ], [ 114.482313394546509, 34.690296649932861 ], [ 114.482313394546509, 34.690468311309814 ], [ 114.482227563858032, 34.690468311309814 ], [ 114.482227563858032, 34.690715074539185 ], [ 114.482066631317139, 34.690715074539185 ], [ 114.482066631317139, 34.690961837768555 ], [ 114.481970071792603, 34.690961837768555 ], [ 114.481970071792603, 34.691219329833984 ], [ 114.481894969940186, 34.691219329833984 ], [ 114.481894969940186, 34.691380262374878 ], [ 114.481809139251709, 34.691380262374878 ], [ 114.481809139251709, 34.691551923751831 ], [ 114.481723308563232, 34.691551923751831 ], [ 114.481723308563232, 34.691809415817261 ], [ 114.481648206710815, 34.691809415817261 ], [ 114.481648206710815, 34.692056179046631 ], [ 114.481465816497803, 34.692056179046631 ], [ 114.481465816497803, 34.692217111587524 ], [ 114.481401443481445, 34.692217111587524 ], [ 114.481401443481445, 34.692721366882324 ], [ 114.481219053268433, 34.692721366882324 ], [ 114.481219053268433, 34.692968130111694 ], [ 114.481401443481445, 34.692968130111694 ], [ 114.481401443481445, 34.692807197570801 ], [ 114.481465816497803, 34.692807197570801 ], [ 114.481465816497803, 34.692635536193848 ], [ 114.481562376022339, 34.692635536193848 ], [ 114.481562376022339, 34.692474603652954 ], [ 114.481648206710815, 34.692474603652954 ], [ 114.481648206710815, 34.692302942276001 ], [ 114.481723308563232, 34.692302942276001 ], [ 114.481723308563232, 34.692056179046631 ], [ 114.481809139251709, 34.692056179046631 ], [ 114.481809139251709, 34.691809415817261 ], [ 114.481970071792603, 34.691809415817261 ], [ 114.481970071792603, 34.691466093063354 ], [ 114.482066631317139, 34.691466093063354 ], [ 114.482066631317139, 34.691133499145508 ], [ 114.482227563858032, 34.691133499145508 ], [ 114.482227563858032, 34.690886735916138 ], [ 114.482313394546509, 34.690886735916138 ], [ 114.482313394546509, 34.690715074539185 ], [ 114.482388496398926, 34.690715074539185 ], [ 114.482388496398926, 34.690468311309814 ], [ 114.482560157775879, 34.690468311309814 ], [ 114.482560157775879, 34.690210819244385 ] ] ] ] } },
{ "type": "Feature", "properties": { "Id": 2628, "GRIDCODE": 9 }, "geometry": { "type": "MultiPolygon", "coordinates": [ [ [ [ 114.52898383140564, 34.683301448822021 ], [ 114.528887271881104, 34.683301448822021 ], [ 114.528887271881104, 34.683387279510498 ], [ 114.52898383140564, 34.683387279510498 ], [ 114.52898383140564, 34.683301448822021 ] ] ] ] } },
{ "type": "Feature", "properties": { "Id": 2636, "GRIDCODE": 9 }, "geometry": { "type": "MultiPolygon", "coordinates": [ [ [ [ 114.482560157775879, 34.690210819244385 ], [ 114.482635259628296, 34.690210819244385 ], [ 114.482635259628296, 34.689803123474121 ], [ 114.482817649841309, 34.689803123474121 ], [ 114.482817649841309, 34.688880443572998 ], [ 114.482731819152832, 34.688880443572998 ], [ 114.482731819152832, 34.688054323196411 ], [ 114.482635259628296, 34.688054323196411 ], [ 114.482635259628296, 34.686970710754395 ], [ 114.482731819152832, 34.686970710754395 ], [ 114.482731819152832, 34.686391353607178 ], [ 114.482892751693726, 34.686391353607178 ], [ 114.482892751693726, 34.685715436935425 ], [ 114.482978582382202, 34.685715436935425 ], [ 114.482978582382202, 34.685297012329102 ], [ 114.483053684234619, 34.685297012329102 ], [ 114.483053684234619, 34.685050249099731 ], [ 114.483139514923096, 34.685050249099731 ], [ 114.483139514923096, 34.684545993804932 ], [ 114.483225345611572, 34.684545993804932 ], [ 114.483225345611572, 34.684299230575562 ], [ 114.483300447463989, 34.684299230575562 ], [ 114.483300447463989, 34.684052467346191 ], [ 114.483397006988525, 34.684052467346191 ], [ 114.483397006988525, 34.683880805969238 ], [ 114.483482837677002, 34.683880805969238 ], [ 114.483482837677002, 34.683719873428345 ], [ 114.483643770217896, 34.683719873428345 ], [ 114.483643770217896, 34.683634042739868 ], [ 114.483729600906372, 34.683634042739868 ], [ 114.483729600906372, 34.683462381362915 ], [ 114.483804702758789, 34.683462381362915 ], [ 114.483804702758789, 34.683387279510498 ], [ 114.483965635299683, 34.683387279510498 ], [ 114.483965635299683, 34.683301448822021 ], [ 114.484148025512695, 34.683301448822021 ], [ 114.484148025512695, 34.683215618133545 ], [ 114.484308958053589, 34.683215618133545 ], [ 114.484308958053589, 34.683129787445068 ], [ 114.484394788742065, 34.683129787445068 ], [ 114.484394788742065, 34.683054685592651 ], [ 114.484469890594482, 34.683054685592651 ], [ 114.484469890594482, 34.682797193527222 ], [ 114.484652280807495, 34.682797193527222 ], [ 114.484652280807495, 34.682722091674805 ], [ 114.484727382659912, 34.682722091674805 ], [ 114.484727382659912, 34.682636260986328 ], [ 114.484813213348389, 34.682636260986328 ], [ 114.484813213348389, 34.682550430297852 ], [ 114.484974145889282, 34.682550430297852 ], [ 114.484974145889282, 34.682464599609375 ], [ 114.485059976577759, 34.682464599609375 ], [ 114.485059976577759, 34.682389497756958 ], [ 114.485135078430176, 34.682389497756958 ], [ 114.485135078430176, 34.682217836380005 ], [ 114.485317468643188, 34.682217836380005 ], [ 114.485317468643188, 34.682132005691528 ], [ 114.485392570495605, 34.682132005691528 ], [ 114.485392570495605, 34.682056903839111 ], [ 114.485564231872559, 34.682056903839111 ], [ 114.485564231872559, 34.681971073150635 ], [ 114.485639333724976, 34.681971073150635 ], [ 114.485639333724976, 34.681885242462158 ], [ 114.485725164413452, 34.681885242462158 ], [ 114.485725164413452, 34.681713581085205 ], [ 114.485886096954346, 34.681713581085205 ], [ 114.485886096954346, 34.681380987167358 ], [ 114.485800266265869, 34.681380987167358 ], [ 114.485800266265869, 34.681305885314941 ], [ 114.485725164413452, 34.681305885314941 ], [ 114.485725164413452, 34.681380987167358 ], [ 114.485639333724976, 34.681380987167358 ], [ 114.485639333724976, 34.681466817855835 ], [ 114.485564231872559, 34.681466817855835 ], [ 114.485564231872559, 34.681552648544312 ], [ 114.485392570495605, 34.681552648544312 ], [ 114.485392570495605, 34.681799411773682 ], [ 114.485317468643188, 34.681799411773682 ], [ 114.485317468643188, 34.681885242462158 ], [ 114.485220909118652, 34.681885242462158 ], [ 114.485220909118652, 34.681971073150635 ], [ 114.485059976577759, 34.681971073150635 ], [ 114.485059976577759, 34.682132005691528 ], [ 114.484974145889282, 34.682132005691528 ], [ 114.484974145889282, 34.682217836380005 ], [ 114.484888315200806, 34.682217836380005 ], [ 114.484888315200806, 34.682303667068481 ], [ 114.484727382659912, 34.682303667068481 ], [ 114.484727382659912, 34.682389497756958 ], [ 114.484652280807495, 34.682389497756958 ], [ 114.484652280807495, 34.682550430297852 ], [ 114.484555721282959, 34.682550430297852 ], [ 114.484555721282959, 34.682636260986328 ], [ 114.484394788742065, 34.682636260986328 ], [ 114.484394788742065, 34.682722091674805 ], [ 114.484223127365112, 34.682722091674805 ], [ 114.484223127365112, 34.682797193527222 ], [ 114.484148025512695, 34.682797193527222 ], [ 114.484148025512695, 34.682883024215698 ], [ 114.484062194824219, 34.682883024215698 ], [ 114.484062194824219, 34.682968854904175 ], [ 114.483965635299683, 34.682968854904175 ], [ 114.483965635299683, 34.683054685592651 ], [ 114.483804702758789, 34.683054685592651 ], [ 114.483804702758789, 34.683301448822021 ], [ 114.483729600906372, 34.683301448822021 ], [ 114.483729600906372, 34.683387279510498 ], [ 114.483643770217896, 34.683387279510498 ], [ 114.483643770217896, 34.683462381362915 ], [ 114.483482837677002, 34.683462381362915 ], [ 114.483482837677002, 34.683548212051392 ], [ 114.483397006988525, 34.683548212051392 ], [ 114.483397006988525, 34.683719873428345 ], [ 114.483300447463989, 34.683719873428345 ], [ 114.483300447463989, 34.683794975280762 ], [ 114.483139514923096, 34.683794975280762 ], [ 114.483139514923096, 34.683880805969238 ], [ 114.483053684234619, 34.683880805969238 ], [ 114.483053684234619, 34.684299230575562 ], [ 114.482978582382202, 34.684299230575562 ], [ 114.482978582382202, 34.684470891952515 ], [ 114.482892751693726, 34.684470891952515 ], [ 114.482892751693726, 34.684631824493408 ], [ 114.482817649841309, 34.684631824493408 ], [ 114.482817649841309, 34.685468673706055 ], [ 114.482731819152832, 34.685468673706055 ], [ 114.482731819152832, 34.685543775558472 ], [ 114.482635259628296, 34.685543775558472 ], [ 114.482635259628296, 34.686305522918701 ], [ 114.482560157775879, 34.686305522918701 ], [ 114.482560157775879, 34.687056541442871 ], [ 114.482388496398926, 34.687056541442871 ], [ 114.482388496398926, 34.687721729278564 ], [ 114.482474327087402, 34.687721729278564 ], [ 114.482474327087402, 34.688215255737305 ], [ 114.482560157775879, 34.688215255737305 ], [ 114.482560157775879, 34.688880443572998 ], [ 114.482635259628296, 34.688880443572998 ], [ 114.482635259628296, 34.689052104949951 ], [ 114.482731819152832, 34.689052104949951 ], [ 114.482731819152832, 34.689137935638428 ], [ 114.482635259628296, 34.689137935638428 ], [ 114.482635259628296, 34.689545631408691 ], [ 114.482560157775879, 34.689545631408691 ], [ 114.482560157775879, 34.689964056015015 ], [ 114.482474327087402, 34.689964056015015 ], [ 114.482474327087402, 34.690049886703491 ], [ 114.482560157775879, 34.690049886703491 ], [ 114.482560157775879, 34.690210819244385 ] ] ] ] } },
{ "type": "Feature", "properties": { "Id": 2638, "GRIDCODE": 9 }, "geometry": { "type": "MultiPolygon", "coordinates": [ [ [ [ 114.486808776855469, 34.680801630020142 ], [ 114.486712217330933, 34.680801630020142 ], [ 114.486712217330933, 34.680887460708618 ], [ 114.486808776855469, 34.680887460708618 ], [ 114.486808776855469, 34.680801630020142 ] ] ] ] } },
{ "type": "Feature", "properties": { "Id": 2644, "GRIDCODE": 9 }, "geometry": { "type": "MultiPolygon", "coordinates": [ [ [ [ 114.488643407821655, 34.679878950119019 ], [ 114.488385915756226, 34.679878950119019 ], [ 114.488385915756226, 34.679964780807495 ], [ 114.488224983215332, 34.679964780807495 ], [ 114.488224983215332, 34.680050611495972 ], [ 114.487978219985962, 34.680050611495972 ], [ 114.487978219985962, 34.680136442184448 ], [ 114.487720727920532, 34.680136442184448 ], [ 114.487720727920532, 34.680222272872925 ], [ 114.487559795379639, 34.680222272872925 ], [ 114.487559795379639, 34.680308103561401 ], [ 114.487398862838745, 34.680308103561401 ], [ 114.487398862838745, 34.680383205413818 ], [ 114.487216472625732, 34.680383205413818 ], [ 114.487216472625732, 34.680469036102295 ], [ 114.487055540084839, 34.680469036102295 ], [ 114.487055540084839, 34.680640697479248 ], [ 114.487216472625732, 34.680640697479248 ], [ 114.487216472625732, 34.680554866790771 ], [ 114.487398862838745, 34.680554866790771 ], [ 114.487398862838745, 34.680469036102295 ], [ 114.487634897232056, 34.680469036102295 ], [ 114.487634897232056, 34.680383205413818 ], [ 114.487881660461426, 34.680383205413818 ], [ 114.487881660461426, 34.680308103561401 ], [ 114.488064050674438, 34.680308103561401 ], [ 114.488064050674438, 34.680222272872925 ], [ 114.488224983215332, 34.680222272872925 ], [ 114.488224983215332, 34.680136442184448 ], [ 114.488385915756226, 34.680136442184448 ], [ 114.488385915756226, 34.680050611495972 ], [ 114.488643407821655, 34.680050611495972 ], [ 114.488643407821655, 34.679878950119019 ] ] ] ] } },
{ "type": "Feature", "properties": { "Id": 2646, "GRIDCODE": 9 }, "geometry": { "type": "MultiPolygon", "coordinates": [ [ [ [ 114.527653455734253, 34.679052829742432 ], [ 114.52747106552124, 34.679052829742432 ], [ 114.52747106552124, 34.679127931594849 ], [ 114.527653455734253, 34.679127931594849 ], [ 114.527653455734253, 34.679052829742432 ] ] ] ] } },
{ "type": "Feature", "properties": { "Id": 2647, "GRIDCODE": 9 }, "geometry": { "type": "MultiPolygon", "coordinates": [ [ [ [ 114.526387453079224, 34.678634405136108 ], [ 114.526301622390747, 34.678634405136108 ], [ 114.526301622390747, 34.678720235824585 ], [ 114.526387453079224, 34.678720235824585 ], [ 114.526387453079224, 34.678634405136108 ] ] ] ] } },
{ "type": "Feature", "properties": { "Id": 2654, "GRIDCODE": 9 }, "geometry": { "type": "MultiPolygon", "coordinates": [ [ [ [ 114.521559476852417, 34.677379131317139 ], [ 114.521484375, 34.677379131317139 ], [ 114.521484375, 34.677464962005615 ], [ 114.521559476852417, 34.677464962005615 ], [ 114.521559476852417, 34.677379131317139 ] ] ] ] } },
{ "type": "Feature", "properties": { "Id": 2657, "GRIDCODE": 9 }, "geometry": { "type": "MultiPolygon", "coordinates": [ [ [ [ 114.521055221557617, 34.677304029464722 ], [ 114.520819187164307, 34.677304029464722 ], [ 114.520819187164307, 34.677379131317139 ], [ 114.521055221557617, 34.677379131317139 ], [ 114.521055221557617, 34.677304029464722 ] ] ] ] } },
{ "type": "Feature", "properties": { "Id": 2662, "GRIDCODE": 9 }, "geometry": { "type": "MultiPolygon", "coordinates": [ [ [ [ 114.51898455619812, 34.676885604858398 ], [ 114.518802165985107, 34.676885604858398 ], [ 114.518802165985107, 34.676971435546875 ], [ 114.51898455619812, 34.676971435546875 ], [ 114.51898455619812, 34.676885604858398 ] ] ] ] } },
{ "type": "Feature", "properties": { "Id": 2669, "GRIDCODE": 9 }, "geometry": { "type": "MultiPolygon", "coordinates": [ [ [ [ 114.517632722854614, 34.676553010940552 ], [ 114.517471790313721, 34.676553010940552 ], [ 114.517471790313721, 34.676638841629028 ], [ 114.517632722854614, 34.676638841629028 ], [ 114.517632722854614, 34.676553010940552 ] ] ] ] } },
{ "type": "Feature", "properties": { "Id": 2671, "GRIDCODE": 9 }, "geometry": { "type": "MultiPolygon", "coordinates": [ [ [ [ 114.516720771789551, 34.676467180252075 ], [ 114.516720771789551, 34.676553010940552 ], [ 114.517225027084351, 34.676553010940552 ], [ 114.517225027084351, 34.676467180252075 ], [ 114.516720771789551, 34.676467180252075 ] ] ] ] } },
{ "type": "Feature", "properties": { "Id": 2673, "GRIDCODE": 9 }, "geometry": { "type": "MultiPolygon", "coordinates": [ [ [ [ 114.516720771789551, 34.676467180252075 ], [ 114.516720771789551, 34.676381349563599 ], [ 114.516398906707764, 34.676381349563599 ], [ 114.516398906707764, 34.676467180252075 ], [ 114.516720771789551, 34.676467180252075 ] ] ] ] } },
{ "type": "Feature", "properties": { "Id": 2674, "GRIDCODE": 9 }, "geometry": { "type": "MultiPolygon", "coordinates": [ [ [ [ 114.516141414642334, 34.676306247711182 ], [ 114.516055583953857, 34.676306247711182 ], [ 114.516055583953857, 34.676381349563599 ], [ 114.516141414642334, 34.676381349563599 ], [ 114.516141414642334, 34.676306247711182 ] ] ] ] } },
{ "type": "Feature", "properties": { "Id": 2675, "GRIDCODE": 9 }, "geometry": { "type": "MultiPolygon", "coordinates": [ [ [ [ 114.515637159347534, 34.676220417022705 ], [ 114.515476226806641, 34.676220417022705 ], [ 114.515476226806641, 34.676467180252075 ], [ 114.515551328659058, 34.676467180252075 ], [ 114.515551328659058, 34.676381349563599 ], [ 114.51573371887207, 34.676381349563599 ], [ 114.51573371887207, 34.676306247711182 ], [ 114.515637159347534, 34.676306247711182 ], [ 114.515637159347534, 34.676220417022705 ] ] ] ] } },
{ "type": "Feature", "properties": { "Id": 2676, "GRIDCODE": 9 }, "geometry": { "type": "MultiPolygon", "coordinates": [ [ [ [ 114.514564275741577, 34.676048755645752 ], [ 114.514467716217041, 34.676048755645752 ], [ 114.514467716217041, 34.676134586334229 ], [ 114.514564275741577, 34.676134586334229 ], [ 114.514564275741577, 34.676048755645752 ] ] ] ] } },
{ "type": "Feature", "properties": { "Id": 2677, "GRIDCODE": 9 }, "geometry": { "type": "MultiPolygon", "coordinates": [ [ [ [ 114.499737024307251, 34.675973653793335 ], [ 114.499479532241821, 34.675973653793335 ], [ 114.499479532241821, 34.676048755645752 ], [ 114.499232769012451, 34.676048755645752 ], [ 114.499232769012451, 34.676134586334229 ], [ 114.498889446258545, 34.676134586334229 ], [ 114.498889446258545, 34.676220417022705 ], [ 114.498471021652222, 34.676220417022705 ], [ 114.498471021652222, 34.676306247711182 ], [ 114.498149156570435, 34.676306247711182 ], [ 114.498149156570435, 34.676220417022705 ], [ 114.498063325881958, 34.676220417022705 ], [ 114.498063325881958, 34.676381349563599 ], [ 114.497805833816528, 34.676381349563599 ], [ 114.497805833816528, 34.676467180252075 ], [ 114.497462511062622, 34.676467180252075 ], [ 114.497462511062622, 34.676381349563599 ], [ 114.497054815292358, 34.676381349563599 ], [ 114.497054815292358, 34.676467180252075 ], [ 114.496475458145142, 34.676467180252075 ], [ 114.496475458145142, 34.676553010940552 ], [ 114.495971202850342, 34.676553010940552 ], [ 114.495971202850342, 34.676638841629028 ], [ 114.495638608932495, 34.676638841629028 ], [ 114.495638608932495, 34.676713943481445 ], [ 114.495306015014648, 34.676713943481445 ], [ 114.495306015014648, 34.676799774169922 ], [ 114.495059251785278, 34.676799774169922 ], [ 114.495059251785278, 34.676885604858398 ], [ 114.494715929031372, 34.676885604858398 ], [ 114.494715929031372, 34.676971435546875 ], [ 114.494479894638062, 34.676971435546875 ], [ 114.494479894638062, 34.677046537399292 ], [ 114.494308233261108, 34.677046537399292 ], [ 114.494308233261108, 34.677132368087769 ], [ 114.493975639343262, 34.677132368087769 ], [ 114.493975639343262, 34.677218198776245 ], [ 114.493803977966309, 34.677218198776245 ], [ 114.493803977966309, 34.677304029464722 ], [ 114.493643045425415, 34.677304029464722 ], [ 114.493643045425415, 34.677464962005615 ], [ 114.493471384048462, 34.677464962005615 ], [ 114.493471384048462, 34.677379131317139 ], [ 114.493385553359985, 34.677379131317139 ], [ 114.493385553359985, 34.677550792694092 ], [ 114.493310451507568, 34.677550792694092 ], [ 114.493310451507568, 34.677636623382568 ], [ 114.493138790130615, 34.677636623382568 ], [ 114.493138790130615, 34.677711725234985 ], [ 114.492977857589722, 34.677711725234985 ], [ 114.492977857589722, 34.677797555923462 ], [ 114.492720365524292, 34.677797555923462 ], [ 114.492720365524292, 34.677883386611938 ], [ 114.492473602294922, 34.677883386611938 ], [ 114.492473602294922, 34.677969217300415 ], [ 114.492398500442505, 34.677969217300415 ], [ 114.492398500442505, 34.678044319152832 ], [ 114.492216110229492, 34.678044319152832 ], [ 114.492216110229492, 34.678130149841309 ], [ 114.492055177688599, 34.678130149841309 ], [ 114.492055177688599, 34.678215980529785 ], [ 114.491894245147705, 34.678215980529785 ], [ 114.491894245147705, 34.678301811218262 ], [ 114.491733312606812, 34.678301811218262 ], [ 114.491733312606812, 34.678387641906738 ], [ 114.491550922393799, 34.678387641906738 ], [ 114.491550922393799, 34.678462743759155 ], [ 114.491389989852905, 34.678462743759155 ], [ 114.491389989852905, 34.678548574447632 ], [ 114.491229057312012, 34.678548574447632 ], [ 114.491229057312012, 34.678634405136108 ], [ 114.491068124771118, 34.678634405136108 ], [ 114.491068124771118, 34.678720235824585 ], [ 114.490885734558105, 34.678720235824585 ], [ 114.490885734558105, 34.678795337677002 ], [ 114.490724802017212, 34.678795337677002 ], [ 114.490724802017212, 34.678881168365479 ], [ 114.490638971328735, 34.678881168365479 ], [ 114.490638971328735, 34.678966999053955 ], [ 114.490317106246948, 34.678966999053955 ], [ 114.490317106246948, 34.679052829742432 ], [ 114.490220546722412, 34.679052829742432 ], [ 114.490220546722412, 34.679127931594849 ], [ 114.489973783493042, 34.679127931594849 ], [ 114.489973783493042, 34.679213762283325 ], [ 114.489898681640625, 34.679213762283325 ], [ 114.489898681640625, 34.679299592971802 ], [ 114.489555358886719, 34.679299592971802 ], [ 114.489555358886719, 34.679385423660278 ], [ 114.489394426345825, 34.679385423660278 ], [ 114.489394426345825, 34.679460525512695 ], [ 114.489308595657349, 34.679460525512695 ], [ 114.489308595657349, 34.679632186889648 ], [ 114.489233493804932, 34.679632186889648 ], [ 114.489233493804932, 34.679546356201172 ], [ 114.488986730575562, 34.679546356201172 ], [ 114.488986730575562, 34.679718017578125 ], [ 114.488890171051025, 34.679718017578125 ], [ 114.488890171051025, 34.679793119430542 ], [ 114.488729238510132, 34.679793119430542 ], [ 114.488729238510132, 34.679878950119019 ], [ 114.489051103591919, 34.679878950119019 ], [ 114.489051103591919, 34.679793119430542 ], [ 114.489308595657349, 34.679793119430542 ], [ 114.489308595657349, 34.679718017578125 ], [ 114.489555358886719, 34.679718017578125 ], [ 114.489555358886719, 34.679632186889648 ], [ 114.489716291427612, 34.679632186889648 ], [ 114.489716291427612, 34.679546356201172 ], [ 114.489812850952148, 34.679546356201172 ], [ 114.489812850952148, 34.679460525512695 ], [ 114.490059614181519, 34.679460525512695 ], [ 114.490059614181519, 34.679299592971802 ], [ 114.490220546722412, 34.679299592971802 ], [ 114.490220546722412, 34.679213762283325 ], [ 114.490381479263306, 34.679213762283325 ], [ 114.490381479263306, 34.679127931594849 ], [ 114.490563869476318, 34.679127931594849 ], [ 114.490563869476318, 34.679052829742432 ], [ 114.490724802017212, 34.679052829742432 ], [ 114.490724802017212, 34.678966999053955 ], [ 114.490982294082642, 34.678966999053955 ], [ 114.490982294082642, 34.678881168365479 ], [ 114.491068124771118, 34.678881168365479 ], [ 114.491068124771118, 34.678795337677002 ], [ 114.491304159164429, 34.678795337677002 ], [ 114.491304159164429, 34.678720235824585 ], [ 114.491389989852905, 34.678720235824585 ], [ 114.491389989852905, 34.678634405136108 ], [ 114.491647481918335, 34.678634405136108 ], [ 114.491647481918335, 34.678548574447632 ], [ 114.491733312606812, 34.678548574447632 ], [ 114.491733312606812, 34.678462743759155 ], [ 114.491980075836182, 34.678462743759155 ], [ 114.491980075836182, 34.678387641906738 ], [ 114.492055177688599, 34.678387641906738 ], [ 114.492055177688599, 34.678301811218262 ], [ 114.492312669754028, 34.678301811218262 ], [ 114.492312669754028, 34.678215980529785 ], [ 114.492473602294922, 34.678215980529785 ], [ 114.492473602294922, 34.678130149841309 ], [ 114.492720365524292, 34.678130149841309 ], [ 114.492720365524292, 34.677969217300415 ], [ 114.492977857589722, 34.677969217300415 ], [ 114.492977857589722, 34.677883386611938 ], [ 114.493063688278198, 34.677883386611938 ], [ 114.493063688278198, 34.677797555923462 ], [ 114.493385553359985, 34.677797555923462 ], [ 114.493385553359985, 34.677711725234985 ], [ 114.493471384048462, 34.677711725234985 ], [ 114.493471384048462, 34.677636623382568 ], [ 114.493728876113892, 34.677636623382568 ], [ 114.493728876113892, 34.677550792694092 ], [ 114.493803977966309, 34.677550792694092 ], [ 114.493803977966309, 34.677464962005615 ], [ 114.494050741195679, 34.677464962005615 ], [ 114.494050741195679, 34.677379131317139 ], [ 114.494308233261108, 34.677379131317139 ], [ 114.494308233261108, 34.677304029464722 ], [ 114.494479894638062, 34.677304029464722 ], [ 114.494479894638062, 34.677218198776245 ], [ 114.494715929031372, 34.677218198776245 ], [ 114.494715929031372, 34.677046537399292 ], [ 114.494801759719849, 34.677046537399292 ], [ 114.494801759719849, 34.677132368087769 ], [ 114.494973421096802, 34.677132368087769 ], [ 114.494973421096802, 34.676971435546875 ], [ 114.495145082473755, 34.676971435546875 ], [ 114.495145082473755, 34.677046537399292 ], [ 114.495306015014648, 34.677046537399292 ], [ 114.495306015014648, 34.676885604858398 ], [ 114.495466947555542, 34.676885604858398 ], [ 114.495466947555542, 34.676799774169922 ], [ 114.495810270309448, 34.676799774169922 ], [ 114.495810270309448, 34.676885604858398 ], [ 114.495885372161865, 34.676885604858398 ], [ 114.495885372161865, 34.676799774169922 ], [ 114.495971202850342, 34.676799774169922 ], [ 114.495971202850342, 34.676713943481445 ], [ 114.496132135391235, 34.676713943481445 ], [ 114.496132135391235, 34.676799774169922 ], [ 114.496228694915771, 34.676799774169922 ], [ 114.496228694915771, 34.676638841629028 ], [ 114.496475458145142, 34.676638841629028 ], [ 114.496475458145142, 34.676713943481445 ], [ 114.496732950210571, 34.676713943481445 ], [ 114.496732950210571, 34.676553010940552 ], [ 114.496797323226929, 34.676553010940552 ], [ 114.496797323226929, 34.676638841629028 ], [ 114.497398138046265, 34.676638841629028 ], [ 114.497398138046265, 34.676553010940552 ], [ 114.497902393341064, 34.676553010940552 ], [ 114.497902393341064, 34.676467180252075 ], [ 114.498471021652222, 34.676467180252075 ], [ 114.498471021652222, 34.676381349563599 ], [ 114.498889446258545, 34.676381349563599 ], [ 114.498889446258545, 34.676306247711182 ], [ 114.499297142028809, 34.676306247711182 ], [ 114.499297142028809, 34.676220417022705 ], [ 114.499554634094238, 34.676220417022705 ], [ 114.499554634094238, 34.676134586334229 ], [ 114.499801397323608, 34.676134586334229 ], [ 114.499801397323608, 34.676048755645752 ], [ 114.499737024307251, 34.676048755645752 ], [ 114.499737024307251, 34.675973653793335 ] ] ] ] } },
{ "type": "Feature", "properties": { "Id": 2680, "GRIDCODE": 9 }, "geometry": { "type": "MultiPolygon", "coordinates": [ [ [ [ 114.501389265060425, 34.675716161727905 ], [ 114.500724077224731, 34.675716161727905 ], [ 114.500724077224731, 34.675801992416382 ], [ 114.500466585159302, 34.675801992416382 ], [ 114.500466585159302, 34.675973653793335 ], [ 114.500648975372314, 34.675973653793335 ], [ 114.500648975372314, 34.675887823104858 ], [ 114.500809907913208, 34.675887823104858 ], [ 114.500809907913208, 34.675973653793335 ], [ 114.500895738601685, 34.675973653793335 ], [ 114.500895738601685, 34.675887823104858 ], [ 114.500970840454102, 34.675887823104858 ], [ 114.500970840454102, 34.675973653793335 ], [ 114.501067399978638, 34.675973653793335 ], [ 114.501067399978638, 34.675887823104858 ], [ 114.501314163208008, 34.675887823104858 ], [ 114.501314163208008, 34.675801992416382 ], [ 114.501389265060425, 34.675801992416382 ], [ 114.501389265060425, 34.675716161727905 ] ] ] ] } },
{ "type": "Feature", "properties": { "Id": 2682, "GRIDCODE": 9 }, "geometry": { "type": "MultiPolygon", "coordinates": [ [ [ [ 114.501389265060425, 34.675716161727905 ], [ 114.501560926437378, 34.675716161727905 ], [ 114.501560926437378, 34.675630331039429 ], [ 114.501389265060425, 34.675630331039429 ], [ 114.501389265060425, 34.675716161727905 ] ] ] ] } },
{ "type": "Feature", "properties": { "Id": 2683, "GRIDCODE": 9 }, "geometry": { "type": "MultiPolygon", "coordinates": [ [ [ [ 114.502966403961182, 34.675555229187012 ], [ 114.502397775650024, 34.675555229187012 ], [ 114.502397775650024, 34.675630331039429 ], [ 114.502966403961182, 34.675630331039429 ], [ 114.502966403961182, 34.675555229187012 ] ] ] ] } },
{ "type": "Feature", "properties": { "Id": 2685, "GRIDCODE": 9 }, "geometry": { "type": "MultiPolygon", "coordinates": [ [ [ [ 114.503974914550781, 34.675469398498535 ], [ 114.503813982009888, 34.675469398498535 ], [ 114.503813982009888, 34.675555229187012 ], [ 114.503974914550781, 34.675555229187012 ], [ 114.503974914550781, 34.675469398498535 ] ] ] ] } },
{ "type": "Feature", "properties": { "Id": 2686, "GRIDCODE": 9 }, "geometry": { "type": "MultiPolygon", "coordinates": [ [ [ [ 114.505552053451538, 34.675469398498535 ], [ 114.505058526992798, 34.675469398498535 ], [ 114.505058526992798, 34.675555229187012 ], [ 114.505230188369751, 34.675555229187012 ], [ 114.505230188369751, 34.675630331039429 ], [ 114.506882429122925, 34.675630331039429 ], [ 114.506882429122925, 34.675555229187012 ], [ 114.505552053451538, 34.675555229187012 ], [ 114.505552053451538, 34.675469398498535 ] ] ] ] } },
{ "type": "Feature", "properties": { "Id": 2687, "GRIDCODE": 9 }, "geometry": { "type": "MultiPolygon", "coordinates": [ [ [ [ 114.507890939712524, 34.675469398498535 ], [ 114.507300853729248, 34.675469398498535 ], [ 114.507300853729248, 34.675555229187012 ], [ 114.507644176483154, 34.675555229187012 ], [ 114.507644176483154, 34.675630331039429 ], [ 114.507730007171631, 34.675630331039429 ], [ 114.507730007171631, 34.675555229187012 ], [ 114.507890939712524, 34.675555229187012 ], [ 114.507890939712524, 34.675469398498535 ] ] ] ] } },
{ "type": "Feature", "properties": { "Id": 2688, "GRIDCODE": 9 }, "geometry": { "type": "MultiPolygon", "coordinates": [ [ [ [ 114.508212804794312, 34.675469398498535 ], [ 114.508051872253418, 34.675469398498535 ], [ 114.508051872253418, 34.675555229187012 ], [ 114.508212804794312, 34.675555229187012 ], [ 114.508212804794312, 34.675469398498535 ] ] ] ] } },
{ "type": "Feature", "properties": { "Id": 2689, "GRIDCODE": 9 }, "geometry": { "type": "MultiPolygon", "coordinates": [ [ [ [ 114.509221315383911, 34.675469398498535 ], [ 114.508395195007324, 34.675469398498535 ], [ 114.508395195007324, 34.675555229187012 ], [ 114.509221315383911, 34.675555229187012 ], [ 114.509221315383911, 34.675469398498535 ] ] ] ] } }
]
}
